Date,Open,High,Low,Close,Adj Close,Volume,Symbol,Return,Cumulative_Return,MA20,MA50,MA200,Volatility_20,Running_Max,Drawdown
2020-01-01,279.5,279.5,279.5,279.5,263.93035888671875,0,CDR.WA,,,,,,,,
2020-01-02,282.0,286.79998779296875,281.0,286.79998779296875,270.8236999511719,167487,CDR.WA,0.026118024304002674,1.0261180243040027,,,,,1.0261180243040027,0.0
2020-01-03,287.0,289.79998779296875,281.1000061035156,286.0,270.06829833984375,243976,CDR.WA,-0.0027893578347926162,1.0232558139534884,,,,,1.0261180243040027,-0.0027893578347926162
2020-01-06,286.0,286.0,286.0,286.0,270.06829833984375,0,CDR.WA,0.0,1.0232558139534884,,,,,1.0261180243040027,-0.0027893578347926162
2020-01-07,287.1000061035156,288.3999938964844,282.8999938964844,283.79998779296875,267.9908142089844,212866,CDR.WA,-0.007692350374235102,1.0153845717100851,,,,,1.0261180243040027,-0.0104602514912433
2020-01-08,283.5,283.79998779296875,277.29998779296875,281.1000061035156,265.44122314453125,224466,CDR.WA,-0.009513677961898837,1.0057245298873547,,,,,1.0261180243040027,-0.019874413989053985
2020-01-09,284.0,288.6000061035156,283.0,288.6000061035156,272.5234069824219,194898,CDR.WA,0.026680895898800294,1.032558161372149,,,,,1.032558161372149,0.0
2020-01-10,289.5,292.70001220703125,284.5,285.0,269.1239929199219,264610,CDR.WA,-0.012474033358905623,1.0196779964221827,,,,,1.032558161372149,-0.012474033358905512
2020-01-13,287.79998779296875,290.6000061035156,284.20001220703125,290.6000061035156,274.4120178222656,209116,CDR.WA,0.019649144222861903,1.0397137964347611,,,,,1.0397137964347611,0.0
2020-01-14,290.5,291.79998779296875,286.20001220703125,288.5,272.42901611328125,269718,CDR.WA,-0.007226448931207385,1.0322003577817536,,,,,1.0397137964347611,-0.007226448931207385
2020-01-15,289.3999938964844,289.6000061035156,282.70001220703125,283.20001220703125,267.4242248535156,262715,CDR.WA,-0.018370841570082286,1.0132379685403627,,,,,1.0397137964347611,-0.02546453455286013
2020-01-16,282.5,286.0,279.20001220703125,282.29998779296875,266.5743713378906,248310,CDR.WA,-0.0031780521725561783,1.0100178454131266,,,,,1.0397137964347611,-0.02856165910605757
2020-01-17,253.8000030517578,268.0,243.0,266.5,251.65451049804688,2794383,CDR.WA,-0.055968786667309534,0.9534883720930236,,,,,1.0397137964347611,-0.08293188436799581
2020-01-20,268.70001220703125,282.6000061035156,267.1000061035156,281.5,265.8189392089844,763165,CDR.WA,0.05628517823639778,1.0071556350626123,,,,,1.0397137964347611,-0.03131454202473094
2020-01-21,281.70001220703125,285.70001220703125,273.6000061035156,278.79998779296875,263.2693176269531,442059,CDR.WA,-0.009591517609347289,0.9974954840535559,,,,,1.0397137964347611,-0.04060570565281929
2020-01-22,281.8999938964844,284.0,274.3999938964844,275.6000061035156,260.2475891113281,497118,CDR.WA,-0.011477696662703485,0.9860465334651727,,,,,1.0397137964347611,-0.05161734234326465
2020-01-23,274.0,278.5,272.79998779296875,274.0,258.7367248535156,455065,CDR.WA,-0.005805537257189575,0.980322003577818,,,,,1.0397137964347611,-0.057123213196363376
2020-01-24,273.0,277.5,271.20001220703125,276.0,260.6253356933594,329149,CDR.WA,0.007299270072992803,0.9874776386404299,,,,,1.0397137964347611,-0.05024090088392785
2020-01-27,277.1000061035156,279.29998779296875,268.29998779296875,271.0,255.9038543701172,262715,CDR.WA,-0.018115942028985477,0.9695885509839004,,,,,1.0397137964347611,-0.0674466816650161
2020-01-28,271.5,276.29998779296875,271.5,276.29998779296875,260.9085998535156,245633,CDR.WA,0.01955715052756002,0.9885509402252913,281.05499877929685,,,,1.0397137964347611,-0.04920859604336325
2020-01-29,277.0,277.8999938964844,274.20001220703125,277.29998779296875,261.8528747558594,399482,CDR.WA,0.003619254593486554,0.9921287577565971,280.9449981689453,,,0.36103231029647964,1.0397137964347611,-0.04576743988714571
2020-01-30,277.0,278.3999938964844,274.0,277.8999938964844,262.4194641113281,335483,CDR.WA,0.0021637437069186305,0.9942754701126459,280.49999847412107,,,0.3476826945306614,1.0397137964347611,-0.043702725190264746
2020-01-31,278.0,281.6000061035156,274.5,281.6000061035156,265.91339111328125,555265,CDR.WA,0.013314185996022188,1.007513438653008,280.2799987792969,,,0.35147520044139424,1.0397137964347611,-0.030970405405958856
2020-02-03,280.6000061035156,293.5,279.5,293.5,277.15045166015625,590142,CDR.WA,0.04225850013692822,1.0500894454382832,280.6549987792969,,,0.38294066947147853,1.0500894454382832,0.0
2020-02-04,293.5,305.0,290.29998779296875,305.0,288.0098571777344,665747,CDR.WA,0.03918228279386704,1.091234347048301,281.7149993896484,,,0.4034984327623376,1.091234347048301,0.0
2020-02-05,303.0,320.6000061035156,302.29998779296875,308.0,290.8427429199219,787824,CDR.WA,0.009836065573770592,1.1019677996422188,283.0599990844727,,,0.4007945589185136,1.1019677996422188,0.0
2020-02-06,309.5,314.5,305.70001220703125,313.70001220703125,296.2252197265625,331441,CDR.WA,0.018506533139711845,1.122361403245193,284.31499938964845,,,0.39591842477329053,1.122361403245193,0.0
2020-02-07,313.29998779296875,316.79998779296875,307.3999938964844,308.79998779296875,291.5981750488281,234342,CDR.WA,-0.015620096344875711,1.104830009992733,285.5049987792969,,,0.3978572722214774,1.122361403245193,-0.015620096344875822
2020-02-10,310.8999938964844,313.3999938964844,310.0,310.70001220703125,293.3923645019531,122257,CDR.WA,0.0061529290452444485,1.1116279506512752,286.50999908447267,,,0.3938223797347532,1.122361403245193,-0.009563276644121155
2020-02-11,313.0,317.0,310.5,310.5,293.2035217285156,216763,CDR.WA,-0.0006437470201898776,1.1109123434704837,287.60999908447263,,,0.39210257620176947,1.122361403245193,-0.010200867333468033
2020-02-12,311.0,315.79998779296875,308.3999938964844,313.20001220703125,295.75311279296875,234320,CDR.WA,0.008695691488023405,1.12057249447954,289.10999908447263,,,0.383320854031506,1.122361403245193,-0.0015938794406867851
2020-02-13,313.1000061035156,318.70001220703125,312.20001220703125,318.70001220703125,300.9466857910156,253247,CDR.WA,0.017560663427957923,1.1402504909017226,290.9300003051758,,,0.38428790427537446,1.1402504909017226,0.0
2020-02-14,319.29998779296875,326.79998779296875,317.5,326.0,307.8400573730469,397178,CDR.WA,0.022905514632445723,1.1663685152057255,293.9050003051758,,,0.30928277137594706,1.1663685152057255,0.0
2020-02-17,327.6000061035156,336.0,323.6000061035156,326.0,307.8400573730469,171203,CDR.WA,0.0,1.1663685152057255,296.13000030517577,,,0.2586917407033339,1.1663685152057255,0.0
2020-02-18,325.3999938964844,330.79998779296875,323.0,329.0,310.6729431152344,114450,CDR.WA,0.009202453987730008,1.177101967799643,298.64000091552737,,,0.25071147229821483,1.177101967799643,0.0
2020-02-19,330.0,331.8999938964844,325.70001220703125,330.79998779296875,312.3726806640625,306093,CDR.WA,0.005471087516622397,1.1835419956814632,301.4,,,0.23984506337991568,1.1835419956814632,0.0
2020-02-20,330.6000061035156,331.8999938964844,326.6000061035156,328.5,310.2007751464844,197254,CDR.WA,-0.006952804951154357,1.17531305903399,304.125,,,0.24083447108213674,1.1835419956814632,-0.006952804951154468
2020-02-21,328.0,334.0,326.6000061035156,331.0,312.5614929199219,202845,CDR.WA,0.007610350076103556,1.184257602862255,306.875,,,0.24080410145702924,1.184257602862255,0.0
2020-02-24,327.6000061035156,330.0,319.0,320.20001220703125,302.3631286621094,400033,CDR.WA,-0.03262836191229235,1.1456172171986814,309.3350006103516,,,0.2667759842871916,1.184257602862255,-0.03262836191229246
2020-02-25,316.20001220703125,321.70001220703125,305.29998779296875,307.29998779296875,290.1817321777344,615225,CDR.WA,-0.04028739513514368,1.0994632836957743,310.88500061035154,,,0.3142564917368944,1.184257602862255,-0.07160124533846324
2020-02-26,301.6000061035156,316.6000061035156,297.0,307.79998779296875,290.65386962890625,527802,CDR.WA,0.00162707458464606,1.1012521924614271,312.4100006103516,,,0.3144955549307813,1.184257602862255,-0.07009067132033642
2020-02-27,308.0,311.0,290.70001220703125,292.5,276.2061767578125,458097,CDR.WA,-0.04970756465156123,1.0465116279069773,313.14000091552737,,,0.37052229061079256,1.184257602862255,-0.11631419939577059
2020-02-28,276.0,286.0,261.6000061035156,278.5,262.9860534667969,1106623,CDR.WA,-0.047863247863247915,0.9964221824686945,312.98500061035156,,,0.4091713451565065,1.184257602862255,-0.15861027190332355
2020-03-02,287.8999938964844,298.0,272.0,284.3999938964844,268.5574035644531,677207,CDR.WA,0.021184897294378446,1.0175312840661341,312.5300003051758,,,0.386345562130502,1.184257602862255,-0.1407855169290505
2020-03-03,295.0,306.8999938964844,290.20001220703125,305.79998779296875,288.76531982421875,745525,CDR.WA,0.07524611236199075,1.0940965573988153,312.5699996948242,,,0.4520689447699955,1.184257602862255,-0.07613296739284392
2020-03-04,300.29998779296875,304.3999938964844,292.5,295.6000061035156,279.1335144042969,412457,CDR.WA,-0.03335507552851402,1.0576028840912906,311.95,,,0.46603854922324495,1.184257602862255,-0.10694862204375988
2020-03-05,303.0,305.5,294.20001220703125,297.6000061035156,281.0220642089844,303548,CDR.WA,0.006765899724980429,1.0647585191539024,311.1449996948242,,,0.4611430523963167,1.184257602862255,-0.10090632597125226
2020-03-06,294.6000061035156,294.8999938964844,283.0,293.20001220703125,276.8671569824219,363928,CDR.WA,-0.014784925424208173,1.0490161438534216,310.36500091552733,,,0.4608308784845363,1.184257602862255,-0.11419935889114463
2020-03-09,266.0,284.0,259.5,270.0,254.9595489501953,706198,CDR.WA,-0.0791269141921096,0.9660107334525941,308.33000030517576,,,0.5339732371547076,1.184257602862255,-0.18429003021148083
2020-03-10,275.0,280.0,268.0,270.29998779296875,255.2427978515625,454369,CDR.WA,0.0011110658998843004,0.9670840350374555,306.3199996948242,294.68999938964845,,0.5342627430081095,1.184257602862255,-0.18338372267985315
2020-03-11,271.0,271.70001220703125,242.0,251.0,237.0179443359375,797219,CDR.WA,-0.07140210382751189,0.898032200357782,303.20999908447266,294.11999938964846,,0.5781624385459355,1.184257602862255,-0.24169184290030243
2020-03-12,228.0,235.0,205.1999969482422,216.10000610351562,204.0620574951172,1333242,CDR.WA,-0.1390438003843999,0.7731663903524711,298.0799987792969,292.70599975585935,,0.7261222844253854,1.184257602862255,-0.34712989092593494
2020-03-13,230.0,253.0,223.8000030517578,243.89999389648438,230.31346130371094,1236428,CDR.WA,0.12864408610730016,0.8726296740482449,293.9749984741211,291.86399963378904,,0.8851150166557853,1.184257602862255,-0.2631420123973285
2020-03-16,235.89999389648438,272.0,222.0,252.0,237.9622344970703,982178,CDR.WA,0.03321035795906346,0.901610017889088,290.2749984741211,291.1839996337891,,0.8992788532407223,1.184257602862255,-0.23867069486404857
2020-03-17,262.0,272.79998779296875,255.1999969482422,268.6000061035156,253.63755798339844,861016,CDR.WA,0.06587304009331607,0.9610018107460313,287.2549987792969,290.88,,0.9380401753672105,1.184257602862255,-0.1885196190226116
2020-03-18,269.5,281.20001220703125,255.3000030517578,258.29998779296875,243.9113006591797,715112,CDR.WA,-0.038347051662304676,0.9241502246617849,283.6299987792969,290.42399963378904,,0.9423190445378967,1.184257602862255,-0.21963749911489827
2020-03-19,258.29998779296875,273.5,256.5,273.5,258.26458740234375,511952,CDR.WA,0.05884635278889094,0.9785330948121651,280.8799987792969,290.12199951171874,,0.9741164466836619,1.184257602862255,-0.1737160120845923
2020-03-20,281.0,283.29998779296875,256.3999938964844,266.5,251.65451049804688,934660,CDR.WA,-0.025594149908592323,0.9534883720930237,277.6549987792969,289.75199951171874,,0.9744963284520521,1.184257602862255,-0.1948640483383688
2020-03-23,257.1000061035156,272.0,250.0,265.20001220703125,250.42697143554688,439015,CDR.WA,-0.004878002975492457,0.9488372529768565,274.9049987792969,289.2439996337891,,0.9705356205305947,1.184257602862255,-0.1987915039062501
2020-03-24,277.1000061035156,280.6000061035156,268.29998779296875,276.6000061035156,261.1919250488281,433759,CDR.WA,0.04298640034595791,0.9896243509964786,273.36999969482423,289.00599975585936,,0.9783131285256111,1.184257602862255,-0.16435043473258137
2020-03-25,284.0,287.70001220703125,272.0,277.6000061035156,262.13623046875,382919,CDR.WA,0.0036153289151619195,0.9932021685277845,271.86000061035156,288.89399963378906,,0.9784748962519949,1.184257602862255,-0.16132928669632762
2020-03-26,275.8999938964844,281.79998779296875,273.5,281.1000061035156,265.44122314453125,294820,CDR.WA,0.012608068887054902,1.0057245298873552,271.29000091552734,288.87,,0.9641997772723896,1.184257602862255,-0.15075526856943944
2020-03-27,282.5,283.79998779296875,274.6000061035156,279.0,263.45819091796875,284034,CDR.WA,-0.007470672564632741,0.9982110912343476,271.3150009155273,289.12,,0.9482539622629085,1.184257602862255,-0.1570996978851965
2020-03-30,280.0,280.8999938964844,273.20001220703125,280.8999938964844,265.2523498535156,279021,CDR.WA,0.0068100139658937575,1.0050089227065635,271.14000091552737,289.1079998779297,,0.9457268074535754,1.184257602862255,-0.1513595350559387
2020-03-31,283.0,289.8999938964844,281.20001220703125,289.1000061035156,272.9955749511719,355097,CDR.WA,0.029191927323619193,1.0343470701378024,270.3050018310547,289.31400024414063,,0.9113318472163359,1.184257602862255,-0.1265860842794092
2020-04-01,283.5,287.8999938964844,279.0,282.1000061035156,266.3855285644531,268501,CDR.WA,-0.024213074549343183,1.009302347418661,269.6300018310547,289.4440002441406,,0.9076261335729818,1.184257602862255,-0.14773412053318558
2020-04-02,282.1000061035156,287.79998779296875,276.5,287.79998779296875,271.7679748535156,289435,CDR.WA,0.020205535505595007,1.0296958418353093,269.14000091552737,289.72,,0.9103537987849433,1.184257602862255,-0.13051363204541166
2020-04-03,289.0,297.79998779296875,285.1000061035156,297.0,280.4554748535156,414091,CDR.WA,0.03196668727327867,1.062611806797854,269.33000030517576,290.14,,0.9154548438949084,1.184257602862255,-0.10271903323262843
2020-04-06,305.0,318.70001220703125,304.29998779296875,318.20001220703125,300.47454833984375,399014,CDR.WA,0.07138051248158672,1.1384615821360697,271.74000091552733,291.0840002441406,,0.8936388878128669,1.184257602862255,-0.03867065798479985
2020-04-07,329.0,331.6000061035156,302.70001220703125,302.70001220703125,285.8380126953125,566762,CDR.WA,-0.04871150033116656,1.0830054104008282,273.3600021362305,291.61200073242185,,0.9172337002014098,1.184257602862255,-0.08549845254673338
2020-04-08,295.0,311.79998779296875,293.0,308.8999938964844,291.692626953125,303777,CDR.WA,0.020482264418320018,1.1051878135831292,276.2550018310547,292.2440008544922,,0.8694311508642804,1.184257602862255,-0.06676739004083265
2020-04-09,331.0,333.8999938964844,319.70001220703125,329.0,310.6729431152344,688443,CDR.WA,0.06506962285745899,1.177101967799643,281.9000015258789,293.2660009765625,,0.6809604996955442,1.184257602862255,-0.006042296072507614
2020-04-10,329.0,329.0,329.0,329.0,310.6729431152344,0,CDR.WA,0.0,1.177101967799643,286.1550018310547,294.2140008544922,,0.5555144576368436,1.184257602862255,-0.006042296072507614
2020-04-13,329.0,329.0,329.0,329.0,310.6729431152344,0,CDR.WA,0.0,1.177101967799643,290.0050018310547,294.9240008544922,,0.5540982119250687,1.184257602862255,-0.006042296072507614
2020-04-14,331.0,342.79998779296875,324.6000061035156,342.0,322.9487609863281,414126,CDR.WA,0.03951367781155013,1.2236135957066199,293.6750015258789,295.6640008544922,,0.5286802086031721,1.2236135957066199,0.0
2020-04-15,343.70001220703125,344.8999938964844,338.29998779296875,342.20001220703125,323.13763427734375,571736,CDR.WA,0.0005848310147111846,1.2243292028874113,297.87000274658203,296.34800109863284,,0.49589411940435785,1.2243292028874113,0.0
2020-04-16,342.79998779296875,344.6000061035156,332.70001220703125,334.20001220703125,315.5832824707031,416488,CDR.WA,-0.02337814060380572,1.1957066626369641,300.9050033569336,296.7580010986328,,0.4843909212786589,1.2243292028874113,-0.02337814060380561
2020-04-17,338.29998779296875,344.20001220703125,337.0,339.5,320.5880432128906,233059,CDR.WA,0.01585873009988248,1.214669051878355,304.5550033569336,297.37200134277344,,0.4653896320659672,1.2243292028874113,-0.007890158125996027
2020-04-20,339.0,346.0,335.0,345.20001220703125,325.97052001953125,224055,CDR.WA,0.016789432126748993,1.235062655481329,308.5550033569336,298.06200134277344,,0.4609427053159766,1.235062655481329,0.0
2020-04-21,342.6000061035156,344.20001220703125,336.0,336.0,317.2829895019531,187420,CDR.WA,-0.026651251105731744,1.2021466905187843,311.52500305175784,298.57200134277343,,0.4684082754846483,1.235062655481329,-0.026651251105731744
2020-04-22,336.0,347.0,334.0,347.0,327.67022705078125,259665,CDR.WA,0.032738095238095344,1.2415026833631495,314.99500274658203,299.2480010986328,,0.47436217604292596,1.2415026833631495,0.0
2020-04-23,343.0,354.70001220703125,342.0,354.70001220703125,334.9413146972656,303812,CDR.WA,0.02219023690787103,1.2690519220287353,318.6750030517578,299.96800109863284,,0.47583901091418096,1.2690519220287353,0.0
2020-04-24,351.6000061035156,373.3999938964844,344.0,363.3999938964844,343.1566467285156,446099,CDR.WA,0.024527717479680078,1.300178869039301,322.895002746582,300.7160009765625,,0.4719079814453696,1.300178869039301,0.0
2020-04-27,367.5,374.0,366.1000061035156,368.0,347.5004577636719,327997,CDR.WA,0.01265824485628908,1.3166368515205735,327.2500030517578,301.5560009765625,,0.4712286835313565,1.3166368515205735,0.0
2020-04-28,368.29998779296875,372.3999938964844,358.29998779296875,359.1000061035156,339.09625244140625,328814,CDR.WA,-0.024184766023055415,1.2847942973292161,330.7500030517578,302.15800109863284,,0.4862706335731986,1.3166368515205735,-0.024184766023055415
2020-04-29,359.1000061035156,365.1000061035156,353.3999938964844,361.20001220703125,341.0792236328125,256529,CDR.WA,0.00584797011367999,1.292307735982224,334.7050033569336,302.76600158691406,,0.4685017842372207,1.3166368515205735,-0.018478227698284555
2020-04-30,362.70001220703125,367.5,351.3999938964844,357.6000061035156,337.6797790527344,326043,CDR.WA,-0.00996679396968625,1.2794275710322573,338.19500427246095,303.3480017089844,,0.4744186012888663,1.3166368515205735,-0.028260852979577034
2020-05-01,357.6000061035156,357.6000061035156,357.6000061035156,357.6000061035156,337.6797790527344,0,CDR.WA,0.0,1.2794275710322573,341.2250045776367,303.8800018310547,,0.4695257252047173,1.3166368515205735,-0.028260852979577034
2020-05-04,351.0,365.0,348.6000061035156,357.8999938964844,337.9630432128906,245954,CDR.WA,0.0008388920241850784,1.2805008726171188,343.2100036621094,304.6340014648438,,0.40964184187924707,1.3166368515205735,-0.027445668759553232
2020-05-05,360.29998779296875,361.0,351.20001220703125,357.5,337.5853576660156,205543,CDR.WA,-0.0011176135884485294,1.2790697674418616,345.9500030517578,305.63800170898435,,0.3563837158376029,1.3166368515205735,-0.028532608695652106
2020-05-06,361.5,363.6000061035156,356.29998779296875,360.0,339.94610595703125,432837,CDR.WA,0.006993006993007089,1.2880143112701266,348.50500335693357,306.682001953125,,0.3536195365991178,1.3166368515205735,-0.021739130434782372
2020-05-07,360.0,363.20001220703125,354.1000061035156,355.6000061035156,335.79119873046875,197347,CDR.WA,-0.012222205268012099,1.272271935969646,349.8350036621094,307.9440020751953,,0.28833742351310043,1.3166368515205735,-0.03369563558827238
2020-05-08,359.20001220703125,359.70001220703125,352.5,354.8999938964844,335.1301574707031,192114,CDR.WA,-0.001968538231204242,1.2697674200232014,351.13000335693357,309.472001953125,,0.2887885595948818,1.3166368515205735,-0.03559784267259647
2020-05-11,358.0,363.6000061035156,354.1000061035156,363.0,342.7789611816406,237309,CDR.WA,0.022823348105996955,1.2987477638640446,352.8300033569336,311.0440020751953,,0.29592105667104057,1.3166368515205735,-0.013586956521738691
2020-05-12,360.79998779296875,375.8999938964844,360.5,372.79998779296875,352.03302001953125,422044,CDR.WA,0.026997211550878086,1.333810331996312,354.37000274658203,312.3840020751953,,0.2794910594128519,1.333810331996312,0.0
2020-05-13,371.0,379.6000061035156,370.3999938964844,379.5,358.35980224609375,275912,CDR.WA,0.01797213633695738,1.357781753130592,356.2350021362305,314.062001953125,,0.2830786127702694,1.357781753130592,0.0
2020-05-14,377.1000061035156,378.6000061035156,364.20001220703125,370.0,349.3890075683594,341333,CDR.WA,-0.025032938076416378,1.3237924865831858,358.0250015258789,315.5100018310547,,0.28535677221367867,1.357781753130592,-0.025032938076416378
2020-05-15,370.1000061035156,374.6000061035156,366.29998779296875,371.1000061035156,350.4277648925781,240329,CDR.WA,0.0029729894689611847,1.3277281077048875,359.60500183105466,317.06800170898435,,0.2826587896029263,1.357781753130592,-0.022134371268733632
2020-05-18,375.3999938964844,385.20001220703125,371.0,385.20001220703125,363.7423095703125,244895,CDR.WA,0.03799516537755743,1.378175356733566,361.60500183105466,319.372001953125,,0.30399490985977184,1.378175356733566,0.0
2020-05-19,388.1000061035156,389.0,377.70001220703125,379.70001220703125,358.5486755371094,247629,CDR.WA,-0.01427829653609658,1.3584973603113835,363.7900024414063,321.56000244140625,,0.2893674791598778,1.378175356733566,-0.01427829653609658
2020-05-20,381.79998779296875,397.3999938964844,380.20001220703125,395.0,372.99639892578125,326271,CDR.WA,0.040294936268336023,1.4132379248658333,366.19000244140625,324.44000244140625,,0.29959120537483225,1.4132379248658333,0.0
2020-05-21,394.79998779296875,400.20001220703125,391.3999938964844,392.6000061035156,370.7301025390625,323010,CDR.WA,-0.006075933915150267,1.4046511846279643,368.08500213623046,327.9700024414062,,0.29695578335226386,1.4132379248658333,-0.006075933915150378
2020-05-22,390.0,396.8999938964844,388.79998779296875,393.3999938964844,371.4855041503906,224817,CDR.WA,0.002037666277462602,1.4075133949784786,369.58500213623046,330.96000244140623,,0.2881968160514328,1.4132379248658333,-0.004050648363330689
2020-05-25,395.3999938964844,403.1000061035156,395.3999938964844,397.5,375.3571472167969,114837,CDR.WA,0.010421978055735526,1.422182468694098,371.0600021362305,333.87000244140626,,0.28742733892607947,1.422182468694098,0.0
2020-05-26,400.0,417.70001220703125,398.0,413.0,389.9936828613281,431807,CDR.WA,0.03899371069182389,1.4776386404293396,373.7550018310547,336.75800231933596,,0.29264964956597644,1.4776386404293396,0.0
2020-05-27,413.0,413.5,381.0,381.5,360.2484130859375,708638,CDR.WA,-0.07627118644067798,1.3649373881932034,374.77000122070314,339.22200256347656,,0.41654078135488304,1.4776386404293396,-0.07627118644067798
2020-05-28,389.1000061035156,399.70001220703125,385.29998779296875,399.0,376.7735900878906,375602,CDR.WA,0.04587155963302747,1.4275491949910568,376.84000091552736,341.73200256347656,,0.4398653932807702,1.4776386404293396,-0.03389830508474578
2020-05-29,411.0,412.8999938964844,393.1000061035156,403.79998779296875,381.3061218261719,844539,CDR.WA,0.012030044593906553,1.4447226754667946,379.15,344.4780023193359,,0.43981169617979754,1.4776386404293396,-0.022276058612666683
2020-06-01,405.0,407.70001220703125,394.70001220703125,396.8999938964844,374.79052734375,211412,CDR.WA,-0.017087652563333,1.420035756338049,381.1,347.112001953125,,0.44739050114524215,1.4776386404293396,-0.038983065625946
2020-06-02,396.0,397.3999938964844,385.5,388.20001220703125,366.5752258300781,483494,CDR.WA,-0.021919833265913735,1.3889088093274833,382.63500061035154,349.3440020751953,,0.4574926869653876,1.4776386404293396,-0.06004839659314476
2020-06-03,390.0,398.0,386.0,388.1000061035156,366.4807434082031,273641,CDR.WA,-0.00025761489018782946,1.3885510057370876,384.04000091552734,351.5540020751953,,0.4576983023020429,1.4776386404293396,-0.06029054212223828
2020-06-04,386.6000061035156,394.29998779296875,386.0,392.6000061035156,370.7301025390625,290667,CDR.WA,0.011594949572867996,1.4046511846279641,385.89000091552737,353.7840020751953,,0.45418294826423333,1.4776386404293396,-0.049394658344998565
2020-06-05,394.5,396.0,388.5,390.6000061035156,368.84149169921875,382035,CDR.WA,-0.005094243425642353,1.3974955495653523,387.6750015258789,356.0160021972656,,0.45498629592928924,1.4776386404293396,-0.054237273357105154
2020-06-08,386.1000061035156,388.5,370.79998779296875,370.79998779296875,350.14447021484375,464852,CDR.WA,-0.05069129032552944,1.3266546969336996,388.0650009155273,357.81400207519533,,0.49065264534428654,1.4776386404293396,-0.1021792063124245
2020-06-09,372.0,385.8999938964844,352.20001220703125,385.8999938964844,364.4032897949219,389151,CDR.WA,0.040722779397572406,1.380679763493684,388.7200012207031,359.7500018310547,,0.5023827009843137,1.4776386404293396,-0.0656174481925319
2020-06-10,388.5,393.20001220703125,381.0,393.20001220703125,371.296630859375,279795,CDR.WA,0.018916865576590558,1.406797896984013,389.4050018310547,361.972001953125,,0.5027868607396494,1.4776386404293396,-0.0479418590628784
2020-06-11,393.20001220703125,393.20001220703125,393.20001220703125,393.20001220703125,371.296630859375,0,CDR.WA,0.0,1.406797896984013,390.56500244140625,364.08000244140624,,0.4925128311194511,1.4776386404293396,-0.0479418590628784
2020-06-12,378.1000061035156,388.70001220703125,371.8999938964844,379.29998779296875,358.1709899902344,332987,CDR.WA,-0.03535102742251117,1.3570661459498001,390.9750015258789,365.72600219726564,,0.51148765644073,1.4776386404293396,-0.0815980925109715
2020-06-15,375.0,381.79998779296875,373.0,373.1000061035156,352.31634521484375,299781,CDR.WA,-0.0163458525942195,1.334883742767499,390.3700012207031,366.8240020751953,,0.49634029655699385,1.4776386404293396,-0.09661015471303724
2020-06-16,377.79998779296875,385.5,375.3999938964844,379.29998779296875,358.1709899902344,153016,CDR.WA,0.01661747946402592,1.3570661459498001,390.35,368.3560015869141,,0.4975949503703164,1.4776386404293396,-0.0815980925109715
2020-06-17,383.79998779296875,391.3999938964844,377.5,387.3999938964844,365.8197326660156,271985,CDR.WA,0.021355144645922808,1.386046489790643,389.9699996948242,369.9260015869141,,0.4817545572436661,1.4776386404293396,-0.06198548693345196
2020-06-18,387.3999938964844,396.5,386.20001220703125,387.29998779296875,365.7253112792969,185354,CDR.WA,-0.0002581468897553396,1.3856886862002473,389.7049987792969,371.0920013427734,,0.4813081411654721,1.4776386404293396,-0.06222763246254537
2020-06-19,373.3999938964844,393.8999938964844,373.29998779296875,392.70001220703125,370.8244934082031,861534,CDR.WA,0.013942743568969851,1.40500898821836,389.66999969482424,372.3660015869141,,0.48390212893960804,1.4776386404293396,-0.049152512815904936
2020-06-22,390.0,409.0,388.0,407.1000061035156,384.4223327636719,458160,CDR.WA,0.03666919645750544,1.4565295388319,390.15,373.92800170898437,,0.4998475004105072,1.4776386404293396,-0.014285699507226024
2020-06-23,407.29998779296875,412.0,400.20001220703125,404.0,381.4950256347656,240157,CDR.WA,-0.0076148515279741424,1.4454382826475864,389.7,375.1680017089844,,0.48070392468723566,1.4776386404293396,-0.021791767554479424
2020-06-24,410.0,412.8999938964844,405.0,407.6000061035156,384.89447021484375,192029,CDR.WA,0.00891090619682089,1.458318447597553,391.00500030517577,376.47600158691404,,0.38942251018408724,1.4776386404293396,-0.013075045754199377
2020-06-25,408.0,412.6000061035156,405.0,412.6000061035156,389.615966796875,226136,CDR.WA,0.012266928177449898,1.4762075352540824,391.68500061035155,378.04400146484375,,0.35804753810553164,1.4776386404293396,-0.0009685082239331289
2020-06-26,415.0,416.5,395.0,395.29998779296875,373.2796936035156,534525,CDR.WA,-0.04192927303594496,1.4143112264506947,391.26000061035154,379.1600012207031,,0.38783222707068193,1.4776386404293396,-0.04285717241411913
2020-06-29,394.0,402.8999938964844,390.0,401.6000061035156,379.22869873046875,293128,CDR.WA,0.015937309651136156,1.4368515424097177,391.4950012207031,380.28800109863283,,0.38712779900291766,1.4776386404293396,-0.02760289079051892
2020-06-30,400.0,405.20001220703125,393.79998779296875,394.8999938964844,372.90191650390625,293413,CDR.WA,-0.01668329707471239,1.4128801212754376,391.83000030517576,381.4660009765625,,0.38346746299698903,1.4776386404293396,-0.043825680638052256
2020-07-01,395.5,404.1000061035156,390.0,403.20001220703125,380.7395935058594,225748,CDR.WA,0.02101802592765445,1.4425760722970724,392.5850006103516,382.59000122070313,,0.3898262866251366,1.4776386404293396,-0.02372878400234546
2020-07-02,404.8999938964844,408.6000061035156,400.8999938964844,404.8999938964844,382.34490966796875,213800,CDR.WA,0.004216224300559457,1.4486582965884969,393.2,383.5940008544922,,0.3883445863327597,1.4776386404293396,-0.019612605577519426
2020-07-03,407.0,409.79998779296875,403.79998779296875,406.0,383.3836364746094,108266,CDR.WA,0.0027167352929051702,1.4525939177101987,393.9699996948242,384.4460009765625,,0.3874861598504866,1.4776386404293396,-0.016949152542372503
2020-07-06,409.79998779296875,410.5,403.8999938964844,405.0,382.4393310546875,161782,CDR.WA,-0.0024630541871921707,1.4490161001788928,395.6800003051758,385.1860009765625,,0.3343071305291454,1.4776386404293396,-0.019370460048425797
2020-07-07,405.0,407.3999938964844,400.3999938964844,404.3999938964844,381.8727722167969,188402,CDR.WA,-0.0014814965518904488,1.446869387822844,396.6050003051758,386.09200073242187,,0.30626813040446205,1.4776386404293396,-0.020823259330545962
2020-07-08,404.3999938964844,405.1000061035156,396.8999938964844,399.1000061035156,376.8680114746094,182174,CDR.WA,-0.013105805818398264,1.427906998581453,396.9,386.8500006103516,,0.3046216805769415,1.4776386404293396,-0.03365615955565204
2020-07-09,399.20001220703125,400.8999938964844,385.8999938964844,385.8999938964844,364.4032897949219,439101,CDR.WA,-0.03307444751982169,1.3806797634936847,396.53499908447264,387.41600036621094,,0.3276975574691233,1.4776386404293396,-0.06561744819253146
2020-07-10,381.29998779296875,386.0,379.0,380.0,358.83197021484375,390769,CDR.WA,-0.015288919382743016,1.359570661896245,396.5699996948242,387.86400024414064,,0.30664986711776154,1.4776386404293396,-0.07990314769975759
2020-07-13,383.0,385.3999938964844,368.70001220703125,369.5,348.9168395996094,454143,CDR.WA,-0.02763157894736845,1.322003577817533,396.38999938964844,388.09600036621094,,0.31719603235616534,1.4776386404293396,-0.10532687651331696
2020-07-14,366.8999938964844,367.8999938964844,351.1000061035156,353.8999938964844,334.18585205078125,624805,CDR.WA,-0.04221923167392594,1.2661896024918955,395.11999969482423,388.0240002441406,,0.34327447182741105,1.4776386404293396,-0.1430992883862362
2020-07-15,357.3999938964844,379.20001220703125,357.3999938964844,365.0,344.66754150390625,564238,CDR.WA,0.03136481010158576,1.3059033989266562,394.0,388.12400024414063,,0.354442080110324,1.4776386404293396,-0.11622276029055678
2020-07-16,366.0,370.5,361.6000061035156,368.29998779296875,347.7837219238281,216848,CDR.WA,0.009041062446489834,1.3177101531054354,393.05,388.3779998779297,,0.3568330710913557,1.4776386404293396,-0.10823247507755729
2020-07-17,369.3999938964844,371.6000061035156,366.20001220703125,371.0,350.3332824707031,219457,CDR.WA,0.0073310135664435006,1.3273703041144918,391.9649993896484,388.7,,0.353605867619916,1.4776386404293396,-0.10169491525423713
2020-07-20,372.0,393.29998779296875,371.8999938964844,393.1000061035156,371.2022399902344,311464,CDR.WA,0.05956874960516334,1.4064400933936174,391.26499938964844,389.3020001220703,,0.394333271051717,1.4776386404293396,-0.048184004591971696
2020-07-21,397.0,398.0,380.0,381.0,359.7762451171875,409221,CDR.WA,-0.03078098681160868,1.3631484794275508,390.11499938964846,389.46600036621095,,0.4074867508456501,1.4776386404293396,-0.07748184019370441
2020-07-22,381.29998779296875,386.0,375.0,383.0,361.66485595703125,300839,CDR.WA,0.005249343832020914,1.3703041144901624,388.88499908447267,389.53600036621094,,0.4063187932733695,1.4776386404293396,-0.07263922518159804
2020-07-23,385.1000061035156,389.70001220703125,382.1000061035156,387.5,365.9141540527344,328465,CDR.WA,0.011749347258485532,1.3864042933810388,387.6299987792969,389.88600036621096,,0.4060683579642992,1.4776386404293396,-0.06174334140435844
2020-07-24,382.1000061035156,388.79998779296875,379.20001220703125,388.0,366.38629150390625,429776,CDR.WA,0.001290322580645098,1.3881932021466916,387.26499938964844,390.2240002441406,,0.3789381741113896,1.4776386404293396,-0.06053268765133191
2020-07-27,388.0,401.20001220703125,383.1000061035156,399.20001220703125,376.96240234375,503004,CDR.WA,0.028866010842864,1.428264802171848,387.1449996948242,390.5040002441406,,0.3890926544869039,1.4776386404293396,-0.03341401402655897
2020-07-28,397.6000061035156,398.0,390.20001220703125,395.20001220703125,373.18524169921875,287328,CDR.WA,-0.010020039773760203,1.4139535320466243,387.1600006103516,390.81400024414063,,0.3860136313780648,1.4776386404293396,-0.043099244050772145
2020-07-29,393.5,403.6000061035156,391.20001220703125,401.0,378.6621398925781,573524,CDR.WA,0.014676082018768577,1.434704830053668,387.05,390.93400024414063,,0.3821398295965366,1.4776386404293396,-0.02905569007263964
2020-07-30,406.0,410.79998779296875,397.8999938964844,398.5,376.3013916015625,629451,CDR.WA,-0.006234413965087282,1.4257602862254033,386.7300003051758,391.0520001220703,,0.3824110584044484,1.4776386404293396,-0.035108958837772763
2020-07-31,399.6000061035156,404.79998779296875,398.1000061035156,402.0,379.6064453125,237486,CDR.WA,0.008782936010037545,1.438282647584974,386.5300003051758,391.2240002441406,,0.38369661497067714,1.4776386404293396,-0.026634382566586456
2020-08-03,400.0,418.79998779296875,399.3999938964844,417.0,393.7708740234375,681050,CDR.WA,0.03731343283582089,1.4919499105545626,387.13000030517577,391.61400024414064,,0.4059441854592506,1.4919499105545626,0.0
2020-08-04,419.0,423.0,414.20001220703125,417.5,394.2430114746094,710091,CDR.WA,0.0011990407673860837,1.4937388193202155,387.7850006103516,391.7040002441406,,0.4057709117694949,1.4937388193202155,0.0
2020-08-05,416.79998779296875,419.5,408.3999938964844,410.0,387.1607666015625,342348,CDR.WA,-0.017964071856287456,1.4669051878354211,388.33000030517576,392.2740002441406,,0.4085116259934355,1.4937388193202155,-0.017964071856287456
2020-08-06,411.5,417.6000061035156,407.6000061035156,412.5,389.5215148925781,235949,CDR.WA,0.0060975609756097615,1.4758497316636858,389.6600006103516,392.54400024414065,,0.3874566136415215,1.4937388193202155,-0.011976047904191711
2020-08-07,412.0,431.6000061035156,410.20001220703125,427.0,403.21380615234375,339692,CDR.WA,0.035151515151515156,1.5277280858676214,392.01000061035154,393.00800048828125,,0.39608148585343755,1.5277280858676214,0.0
2020-08-10,427.0,435.0,424.20001220703125,425.3999938964844,401.7029113769531,271458,CDR.WA,-0.0037470868934792456,1.5220035559802667,394.8050003051758,393.57800048828125,,0.3777180109802026,1.5277280858676214,-0.0037470868934792456
2020-08-11,427.20001220703125,429.6000061035156,412.20001220703125,416.6000061035156,393.3931579589844,224346,CDR.WA,-0.020686384389347445,1.4905188053793053,397.9400009155273,394.14600036621096,,0.34671007790091196,1.5277280858676214,-0.024355957603007905
2020-08-12,416.6000061035156,420.3999938964844,410.0,418.0,394.71514892578125,229809,CDR.WA,0.0033605229860138586,1.4955277280858683,400.59000091552736,394.74400024414064,,0.3362128814234857,1.5277280858676214,-0.021077283372365363
2020-08-13,418.0,419.8999938964844,410.70001220703125,410.70001220703125,387.82177734375,308820,CDR.WA,-0.017464085629111836,1.4694097037818656,402.71000213623046,395.10600036621094,,0.3470798579157598,1.5277280858676214,-0.03817327351983313
2020-08-14,409.79998779296875,415.8999938964844,407.0,410.70001220703125,387.82177734375,169427,CDR.WA,0.0,1.4694097037818656,404.695002746582,395.50800048828125,,0.34759442577289845,1.5277280858676214,-0.03817327351983313
2020-08-17,410.70001220703125,415.0,407.3999938964844,408.0,385.2721862792969,321626,CDR.WA,-0.006574171236377269,1.4597495527728093,405.44000244140625,396.2520007324219,,0.2841921560755057,1.5277280858676214,-0.04449648711943788
2020-08-18,408.0,409.6000061035156,401.3999938964844,406.29998779296875,383.6668701171875,245034,CDR.WA,-0.004166696585860885,1.4536672192950588,406.7050018310547,396.6600006103516,,0.25794956655566836,1.5277280858676214,-0.048477780344335475
2020-08-19,406.0,415.0,404.0,415.0,391.88226318359375,189910,CDR.WA,0.021412779887811206,1.4847942754919505,408.3050018310547,397.09600036621094,,0.2657945807356011,1.5277280858676214,-0.02810304449648715
2020-08-20,414.0,414.0,404.6000061035156,408.6000061035156,385.83880615234375,139003,CDR.WA,-0.015421672039721335,1.461896265128858,409.3600021362305,397.4040002441406,,0.27289781493515974,1.5277280858676214,-0.043091320600665894
2020-08-21,413.5,415.3999938964844,409.0,409.20001220703125,386.4053649902344,178876,CDR.WA,0.0014684436968990244,1.4640429774849069,410.42000274658204,398.0020007324219,,0.27288553355965245,1.5277280858676214,-0.04168615408189391
2020-08-24,414.20001220703125,419.1000061035156,411.79998779296875,414.6000061035156,391.5045471191406,187027,CDR.WA,0.013196465629019327,1.4833631703166936,411.19000244140625,398.8320007324219,,0.258315327198273,1.5277280858676214,-0.02903979835242232
2020-08-25,414.0,416.0,407.0,408.0,385.2721862792969,252312,CDR.WA,-0.015918972518943364,1.4597495527728095,411.8300018310547,399.4060009765625,,0.26277193360800044,1.5277280858676214,-0.044496487119437766
2020-08-26,409.5,437.70001220703125,407.79998779296875,437.0,412.6567687988281,251762,CDR.WA,0.07107843137254899,1.5635062611806807,413.6300018310547,400.3980010986328,,0.3584838144120453,1.5635062611806807,0.0
2020-08-27,435.0,462.0,433.1000061035156,460.79998779296875,435.1309814453125,635392,CDR.WA,0.054462214629219075,1.6486582747512308,416.7450012207031,401.8680010986328,,0.3969583147015471,1.6486582747512308,0.0
2020-08-28,455.29998779296875,458.29998779296875,443.79998779296875,446.0,421.1553955078125,352899,CDR.WA,-0.03211802991543955,1.5957066189624338,418.94500122070315,402.9340008544922,,0.4211271820672931,1.6486582747512308,-0.03211802991543955
2020-08-31,446.0,449.8999938964844,435.0,438.5,414.0732116699219,335642,CDR.WA,-0.01681614349775784,1.5688729874776395,420.02000122070314,403.5620007324219,,0.41065244107958865,1.6486582747512308,-0.04839407201327417
2020-09-01,438.5,447.79998779296875,436.3999938964844,440.70001220703125,416.150634765625,279982,CDR.WA,0.005017131600983493,1.576744229721043,421.1800018310547,404.2960009765625,,0.41067527247789565,1.6486582747512308,-0.04361973984028866
2020-09-02,439.1000061035156,451.0,438.1000061035156,439.8999938964844,415.3952331542969,167363,CDR.WA,-0.0018153353491876523,1.5738819101842028,422.6750015258789,404.9420007324219,,0.40367294478972154,1.6486582747512308,-0.045355890733821846
2020-09-03,443.3999938964844,446.79998779296875,429.79998779296875,430.6000061035156,406.61328125,302440,CDR.WA,-0.021141140991143503,1.5406082508175882,423.5800018310547,405.3020007324219,,0.4131088852581076,1.6486582747512308,-0.0655381564441827
2020-09-04,419.79998779296875,435.8999938964844,411.6000061035156,428.0,404.1580810546875,813825,CDR.WA,-0.006038100479939579,1.5313059033989276,423.6300018310547,405.9560009765625,,0.3953746690107703,1.6486582747512308,-0.07118053095024246
2020-09-07,430.1000061035156,439.1000061035156,425.70001220703125,436.6000061035156,412.279052734375,152475,CDR.WA,0.02009347220447566,1.5620751560054233,424.19000244140625,406.6560009765625,,0.4010700743284303,1.6486582747512308,-0.052517322765915364
2020-09-08,440.0,440.29998779296875,428.20001220703125,433.3999938964844,409.2572937011719,388166,CDR.WA,-0.007329391118406359,1.550626096230714,425.0300018310547,407.4260009765625,,0.3939671235874854,1.6486582747512308,-0.059461793885278724
2020-09-09,433.0,434.29998779296875,426.6000061035156,432.0,407.9352722167969,419624,CDR.WA,-0.003230258228427152,1.5456171735241508,425.73000183105466,408.0020007324219,,0.3944182603780772,1.6486582747512308,-0.062499975164730937
2020-09-10,431.29998779296875,433.29998779296875,427.79998779296875,429.0,405.1023864746094,460988,CDR.WA,-0.00694444444444442,1.534883720930233,426.64500122070314,408.4840008544922,,0.3892902820299754,1.6486582747512308,-0.06901039200386472
2020-09-11,430.0,433.0,427.1000061035156,430.20001220703125,406.2355651855469,423621,CDR.WA,0.002797231251821186,1.5391771456423307,427.6200012207031,408.96800109863284,,0.3891823810577708,1.6486582747512308,-0.06640619877725717
2020-09-14,433.0,434.5,417.29998779296875,417.29998779296875,394.0541687011719,609769,CDR.WA,-0.029986108898236052,1.4930232121394236,428.0850006103516,409.2140008544922,,0.40505190755812504,1.6486582747512308,-0.09440104416744055
2020-09-15,417.20001220703125,417.20001220703125,400.5,403.0,380.5507507324219,449657,CDR.WA,-0.03426788452259255,1.4418604651162796,427.9200012207031,409.1860009765625,,0.4242080674987202,1.6486582747512308,-0.125434004609691
2020-09-16,405.6000061035156,412.8999938964844,401.5,405.29998779296875,382.72259521484375,343710,CDR.WA,0.005707165739376574,1.450089401763753,427.43500061035155,409.31000061035155,,0.41726296756337256,1.6486582747512308,-0.12044271152397568
2020-09-17,402.0,406.20001220703125,396.79998779296875,404.0,381.4950256347656,328478,CDR.WA,-0.003207470594923323,1.4454382826475858,427.20500030517576,409.67200073242185,,0.4138481602488255,1.6486582747512308,-0.12326386566331293
2020-09-18,405.0,411.29998779296875,402.1000061035156,402.1000061035156,379.7008972167969,687672,CDR.WA,-0.004702955189317737,1.4386404511753699,426.85,410.1140008544922,,0.4140880679735809,1.6486582747512308,-0.12738711641595402
2020-09-21,402.0,409.20001220703125,385.29998779296875,385.29998779296875,363.8367004394531,421148,CDR.WA,-0.041780696482312196,1.378533051137635,425.38499908447267,410.43000061035156,,0.4353082490911762,1.6486582747512308,-0.1638454904515343
2020-09-22,391.29998779296875,407.8999938964844,390.20001220703125,400.8999938964844,378.5677185058594,558150,CDR.WA,0.04048794860564042,1.4343470264632723,425.0299987792969,411.37000061035155,,0.45903421762247104,1.6486582747512308,-0.12999130964256156
2020-09-23,400.8999938964844,409.3999938964844,400.8999938964844,407.0,384.3279113769531,321576,CDR.WA,0.015215779985994882,1.4561717352415033,423.5299987792969,412.2100006103516,,0.3794535741569498,1.6486582747512308,-0.11675344882417926
2020-09-24,404.0,409.3999938964844,398.29998779296875,402.6000061035156,380.1730041503906,534190,CDR.WA,-0.010810795814457874,1.4404293599410227,420.61999969482423,412.8960009765625,,0.3125547990140641,1.6486582747512308,-0.12630204694276514
2020-09-25,404.6000061035156,410.0,400.1000061035156,410.0,387.1607666015625,280907,CDR.WA,0.018380511138347266,1.4669051878354211,418.8199996948242,413.6760009765625,,0.30913376617892213,1.6486582747512308,-0.11024303198504537
2020-09-28,414.0,429.6000061035156,413.29998779296875,429.6000061035156,405.6689758300781,315506,CDR.WA,0.04780489293540402,1.537030433286282,418.375,414.4060009765625,,0.3553064827085776,1.6486582747512308,-0.06770829539056089
2020-09-29,429.8999938964844,434.70001220703125,424.5,431.3999938964844,407.3686828613281,311730,CDR.WA,0.004189915659672971,1.5434704611681023,417.90999908447264,415.4140008544922,,0.3551393348928829,1.6486582747512308,-0.06380207177803454
2020-09-30,425.0,430.3999938964844,418.3999938964844,418.3999938964844,395.0928649902344,428692,CDR.WA,-0.030134446416147598,1.4969588332611254,416.83499908447266,416.1220007324219,,0.37009433869089925,1.6486582747512308,-0.09201387808094774
2020-10-01,416.8999938964844,416.8999938964844,377.0,382.6000061035156,361.2871398925781,1170664,CDR.WA,-0.08556402560996679,1.3688730093149044,414.4349990844727,416.0240008544922,,0.4706969573160896,1.6486582747512308,-0.16970482587032398
2020-10-02,390.1000061035156,400.5,384.1000061035156,397.20001220703125,375.0738220214844,758118,CDR.WA,0.03815997352484479,1.4211091671092357,412.8949996948242,416.2080010986328,,0.49547813978135025,1.6486582747512308,-0.1380207840077292
2020-10-05,403.0,410.5,395.1000061035156,398.70001220703125,376.4902648925781,388529,CDR.WA,0.0037764349292570554,1.4264758934061945,411.0,416.1980010986328,,0.48861731025062,1.6486582747512308,-0.13476557558816238
2020-10-06,400.0,400.79998779296875,373.0,374.79998779296875,353.9216003417969,793733,CDR.WA,-0.059944880065998185,1.3409659670589227,408.0699996948242,415.79000061035157,355.7135006713867,0.5274229864222783,1.6486582747512308,-0.1866319493885028
2020-10-07,375.29998779296875,379.79998779296875,365.70001220703125,377.1000061035156,356.093505859375,529453,CDR.WA,0.006136655244016076,1.349195012892722,405.325,415.3120007324219,356.2015007019043,0.5292856665759189,1.6486582747512308,-0.18164059007540267
2020-10-08,381.20001220703125,388.8999938964844,379.8999938964844,388.8999938964844,367.23614501953125,363144,CDR.WA,0.03129140175545264,1.3914132160876012,403.3199996948242,415.12000061035155,356.71200073242187,0.5457509106435949,1.6486582747512308,-0.1560329769990969
2020-10-09,389.8999938964844,389.8999938964844,373.5,378.20001220703125,357.1322326660156,367450,CDR.WA,-0.027513452963183083,1.3531306340144236,400.7199996948242,414.64400085449216,357.17300079345705,0.5510858485565653,1.6486582747512308,-0.17925342398890998
2020-10-12,378.0,382.70001220703125,371.0,371.0,350.3332824707031,430801,CDR.WA,-0.019037577934000405,1.3273703041144906,398.4050003051758,413.7240008544922,357.598000793457,0.5460703372820742,1.6486582747512308,-0.19487845089378508
2020-10-13,371.0,384.20001220703125,367.0,383.0,361.66485595703125,283063,CDR.WA,0.032345013477088846,1.3703041144901613,397.4050003051758,413.0340008544922,358.0940008544922,0.5503634628548651,1.6486582747512308,-0.16883678353724996
2020-10-14,383.0,397.70001220703125,380.1000061035156,389.0,367.3305969238281,424438,CDR.WA,0.015665796344647598,1.3917710196779969,396.59000091552736,412.6140008544922,358.6335008239746,0.5533307768177278,1.6486582747512308,-0.15581594985898228
2020-10-15,386.3999938964844,387.5,373.29998779296875,375.0,354.1104736328125,311455,CDR.WA,-0.03598971722365041,1.3416815742397141,395.14000091552737,411.8640008544922,359.06550079345703,0.5667747559652871,1.6486582747512308,-0.18619789510827345
2020-10-16,378.0,390.0,378.0,378.6000061035156,357.50994873046875,627822,CDR.WA,0.009600016276041679,1.3545617391896807,393.96500091552736,410.8960009765625,359.53350082397463,0.5685099462726018,1.6486582747512308,-0.17838538165583584
2020-10-19,381.6000061035156,384.0,372.0,372.0,351.277587890625,310368,CDR.WA,-0.017432662432950607,1.3309481216457966,393.3000015258789,409.8280010986328,359.94050079345703,0.5524758950360434,1.6486582747512308,-0.19270831194740712
2020-10-20,372.0,378.0,362.20001220703125,367.8999938964844,347.4059753417969,485651,CDR.WA,-0.011021521783644128,1.3162790479301771,391.6500015258789,408.8540008544922,360.33750076293944,0.5307941956355952,1.6486582747512308,-0.2016058948730337
2020-10-21,367.20001220703125,369.3999938964844,354.70001220703125,365.79998779296875,345.4229431152344,686253,CDR.WA,-0.005708089530728544,1.3087656092771696,389.59000091552736,407.81000061035155,360.7505006408691,0.5260565382906988,1.6486582747512308,-0.20616319990590426
2020-10-22,360.0,376.5,358.0,366.6000061035156,346.17840576171875,333209,CDR.WA,0.002187037553975202,1.31162792881401,387.79000091552734,406.92800048828127,361.17200073242185,0.5261068398529541,1.6486582747512308,-0.20442704901237096
2020-10-23,367.3999938964844,370.1000061035156,352.70001220703125,353.5,333.80816650390625,782009,CDR.WA,-0.03573378583037068,1.2647584973166375,384.96500091552736,405.7840002441406,361.60700073242185,0.5304318494703986,1.6486582747512308,-0.2328558824553989
2020-10-26,354.5,365.6000061035156,354.0,360.0,339.94610595703125,374905,CDR.WA,0.018387553041018467,1.2880143112701259,381.48500061035156,404.8240002441406,361.9995007324219,0.49961553714268386,1.6486582747512308,-0.21874997930394224
2020-10-27,363.20001220703125,380.0,362.6000061035156,364.1000061035156,343.8176574707031,686229,CDR.WA,0.011388905843098929,1.3026833849857453,378.1200012207031,403.98000061035157,362.4260008239746,0.5026500208121641,1.6486582747512308,-0.20985239637831576
2020-10-28,349.0,353.8999938964844,320.0,331.0,312.5614929199219,1568707,CDR.WA,-0.09090910614844949,1.1842576028622547,373.75000152587893,402.30000061035156,362.703000793457,0.5787474905771761,1.6486582747512308,-0.2816840087489024
2020-10-29,336.0,356.5,334.0,354.0,334.2803039550781,764403,CDR.WA,0.06948640483383683,1.2665474060822905,372.32000122070315,401.20800048828124,363.10300079345706,0.5754717879185243,1.6486582747512308,-0.2317708129822098
2020-10-30,351.70001220703125,352.0,333.29998779296875,335.3999938964844,316.7164001464844,582121,CDR.WA,-0.0525423901229255,1.1999999781627355,369.2300003051758,399.7320001220703,363.40000076293944,0.5789738734189948,1.6486582747512308,-0.27213541063031643
2020-11-02,343.6000061035156,348.79998779296875,341.3999938964844,342.70001220703125,323.60980224609375,463670,CDR.WA,0.021765111638015977,1.2261181116530642,366.4300003051758,398.29400024414065,363.7585008239746,0.587198151874582,1.6486582747512308,-0.2562933565853267
2020-11-03,347.5,366.5,343.0,365.0,344.66754150390625,585150,CDR.WA,0.06507145316206442,1.3059033989266553,365.9400009155273,397.43400024414063,364.20200088500974,0.6047724585864452,1.6486582747512308,-0.20789928457205265
2020-11-04,365.0,386.8999938964844,359.79998779296875,381.20001220703125,359.9651184082031,754994,CDR.WA,0.04438359508775691,1.3638640866083414,366.14500122070314,396.31800048828126,364.72150100708006,0.6253355884646123,1.6486582747512308,-0.1727430071497762
2020-11-05,387.8999938964844,396.20001220703125,370.0,371.1000061035156,350.4277648925781,764027,CDR.WA,-0.02649529323212685,1.3277281077048866,365.2550018310547,394.5240008544922,365.18750106811524,0.6221918681598009,1.6486582747512308,-0.19466142375367024
2020-11-06,373.0,389.0,371.5,383.1000061035156,361.7593078613281,378072,CDR.WA,0.03233629696209883,1.3706619180805573,365.50000152587893,393.2660009765625,365.69500106811523,0.6253990359704166,1.6486582747512308,-0.1686197563971351
2020-11-09,389.0,401.1000061035156,369.1000061035156,371.3999938964844,350.7110290527344,973131,CDR.WA,-0.030540360273108025,1.3288014092897478,365.52000122070314,391.9240008544922,366.08450103759765,0.6316829083521164,1.6486582747512308,-0.19401040856071095
2020-11-10,375.0,378.70001220703125,353.5,365.70001220703125,345.32855224609375,808745,CDR.WA,-0.015347285361134944,1.3084079148730998,364.6550018310547,390.4240008544922,366.3880010986328,0.6227282853871886,1.6486582747512308,-0.2063801608186342
2020-11-11,365.70001220703125,365.70001220703125,365.70001220703125,365.70001220703125,345.32855224609375,0,CDR.WA,0.0,1.3084079148730998,363.49000244140626,388.94000122070315,366.67650115966796,0.6194508369909559,1.6486582747512308,-0.2063801608186342
2020-11-12,371.0,378.3999938964844,367.20001220703125,372.3999938964844,351.6553649902344,443935,CDR.WA,0.01832097748375272,1.3323792268210537,363.3600021362305,387.7760009765625,366.9700010681152,0.6102701577160266,1.6486582747512308,-0.19184026961433298
2020-11-13,372.5,372.5,363.1000061035156,363.3999938964844,343.1566467285156,286437,CDR.WA,-0.02416756215764526,1.3001788690393006,362.6000015258789,386.4840008544922,367.2430010986328,0.6152398815145911,1.6486582747512308,-0.21137152013173433
2020-11-16,370.0,371.8999938964844,360.3999938964844,360.3999938964844,340.32379150390625,308156,CDR.WA,-0.008255366126545871,1.2894454164453828,362.02000122070314,384.9600006103516,367.4915010070801,0.612911847176274,1.6486582747512308,-0.21788193697086822
2020-11-17,360.0,371.0,359.20001220703125,369.6000061035156,349.01129150390625,293779,CDR.WA,0.025527226311978568,1.3223613814079276,362.10500183105466,383.6840008544922,367.78700103759763,0.6185870147899614,1.6486582747512308,-0.19791663217323718
2020-11-18,371.0,378.79998779296875,370.0,374.5,353.6383361816406,309337,CDR.WA,0.013257559024801635,1.3398926654740615,362.5400024414063,382.5340008544922,368.0935009765625,0.6195389778211862,1.6486582747512308,-0.1872829645814622
2020-11-19,374.0,374.0,365.5,368.0,347.5004577636719,338478,CDR.WA,-0.01735647530040052,1.316636851520573,362.6100021362305,381.3140008544922,368.34000091552736,0.6232940169323119,1.6486582747512308,-0.20138886773291886
2020-11-20,368.1000061035156,376.1000061035156,368.0,372.20001220703125,351.46649169921875,295547,CDR.WA,0.011413076649541498,1.3316637288265885,363.54500274658204,380.1540008544922,368.5710009765625,0.6088115737534598,1.6486582747512308,-0.19227425766717743
2020-11-23,377.5,389.0,372.0,372.6000061035156,351.8441467285156,325867,CDR.WA,0.0010746745926002443,1.3330948340018456,364.1750030517578,379.26000122070315,368.8040010070801,0.6062119769604423,1.6486582747512308,-0.1914062153341033
2020-11-24,375.0,377.0,365.5,371.1000061035156,350.4277648925781,278353,CDR.WA,-0.004025764829384548,1.3277281077048868,364.52500305175784,378.62200134277344,369.01450103759765,0.6056564797736819,1.6486582747512308,-0.19466142375367013
2020-11-25,372.20001220703125,373.5,363.1000061035156,364.0,343.7232971191406,346767,CDR.WA,-0.0191323254829997,1.3023255813953496,366.1750030517578,377.7960015869141,369.1805010986328,0.5054740423484482,1.6486582747512308,-0.2100694235184305
2020-11-26,369.0,377.5,358.0,358.8999938964844,338.9073486328125,496367,CDR.WA,-0.01401100577888903,1.2840786901484242,366.42000274658204,376.89400146484377,369.3325010681152,0.44838375047832246,1.6486582747512308,-0.22113714539043494
2020-11-27,359.0,364.0,352.6000061035156,362.70001220703125,342.4956359863281,382787,CDR.WA,0.010587958693704769,1.2976744622791823,367.7850036621094,376.1060015869141,369.4910011291504,0.4018641201878568,1.6486582747512308,-0.21289057765776787
2020-11-30,366.0,391.20001220703125,366.0,389.5,367.8027648925781,1054873,CDR.WA,0.07389023129580474,1.3935599284436502,370.1250030517578,376.1900018310547,369.8375010681152,0.46902908322811654,1.6486582747512308,-0.15473088038579308
2020-12-01,392.3999938964844,418.20001220703125,392.3999938964844,406.0,383.3836364746094,938472,CDR.WA,0.042362002567394086,1.4525939177101976,372.1750030517578,376.292001953125,370.33100112915037,0.4374925645151033,1.6486582747512308,-0.11892358777055712
2020-12-02,411.20001220703125,426.0,404.70001220703125,425.0,401.3252258300781,565809,CDR.WA,0.046798029556650356,1.52057245080501,374.36500244140626,376.652001953125,370.91700119018554,0.4403990197941376,1.6486582747512308,-0.07769094778937613
2020-12-03,426.0,428.0,418.0,421.0,397.5480651855469,482448,CDR.WA,-0.009411764705882342,1.5062611806797863,376.8600021362305,377.0200018310547,371.55950119018553,0.42777116904025353,1.6486582747512308,-0.08637150357488799
2020-12-04,422.79998779296875,443.5,422.5,443.0,418.3225402832031,471516,CDR.WA,0.052256532066508266,1.5849731663685163,379.85500183105466,377.6800018310547,372.3820011901855,0.4489459895803862,1.6486582747512308,-0.03862844675457333
2020-12-07,446.5,464.20001220703125,401.8999938964844,425.1000061035156,401.419677734375,1427636,CDR.WA,-0.040406306764073086,1.5209302543954057,382.5400024414063,377.5900018310547,373.0855012512207,0.46127733999808734,1.6486582747512308,-0.0774739206492614
2020-12-08,400.0,410.3999938964844,385.0,395.0,372.99639892578125,1871186,CDR.WA,-0.07080688231320797,1.4132379248658329,384.0050018310547,376.862001953125,373.53150131225584,0.5335312707179024,1.6486582747512308,-0.14279511618071428
2020-12-09,399.70001220703125,412.1000061035156,383.20001220703125,395.79998779296875,373.75177001953125,1413456,CDR.WA,0.002025285551819689,1.4161001352163474,385.51000061035154,376.4100018310547,374.0325012207031,0.5333583647992461,1.6486582747512308,-0.14105903151456578
2020-12-10,391.5,401.1000061035156,358.29998779296875,362.0,341.83465576171875,2046291,CDR.WA,-0.08539663677465426,1.2951699463327382,384.99000091552733,375.99800170898436,374.35450119018554,0.6180457280267565,1.6486582747512308,-0.2144097014111861
2020-12-11,358.79998779296875,358.79998779296875,308.29998779296875,320.5,302.64642333984375,3966471,CDR.WA,-0.11464088397790051,1.1466905187835432,382.8450012207031,374.46400146484376,374.4910011291504,0.7358423061655734,1.6486582747512308,-0.3044704676858705
2020-12-14,265.0,298.0,238.5,296.1000061035156,279.6056213378906,5364891,CDR.WA,-0.07613102619807921,1.0593917928569443,379.6300018310547,372.41200134277346,374.62150115966796,0.7778123191807129,1.6486582747512308,-0.3574218447320152
2020-12-15,303.79998779296875,316.79998779296875,294.0,300.0,283.2883605957031,2655726,CDR.WA,0.013171205052663781,1.0733452593917723,376.1500015258789,370.91600158691404,374.77000122070314,0.7718342170104042,1.6486582747512308,-0.3489583160866182
2020-12-16,299.29998779296875,304.0,290.0,300.0,283.2883605957031,1120401,CDR.WA,0.0,1.0733452593917723,372.4250015258789,369.37400146484373,375.01500122070314,0.7681382963002384,1.6486582747512308,-0.3489583160866182
2020-12-17,305.0,313.8999938964844,305.0,309.20001220703125,291.9759216308594,1073399,CDR.WA,0.030666707356770795,1.106261224354317,369.4850021362305,367.7800018310547,375.4805012512207,0.7807558482250399,1.6486582747512308,-0.32899301128898717
2020-12-18,260.0,272.6000061035156,242.5,271.3999938964844,256.2815856933594,5437869,CDR.WA,-0.1222510246385019,0.9710196561591582,364.44500122070315,365.64400146484377,375.6180012512207,0.8761758570889365,1.6486582747512308,-0.41102430319850414
2020-12-21,260.0,265.29998779296875,248.0,256.0,241.7394256591797,2711140,CDR.WA,-0.056742793820246495,0.9159212880143124,358.61500091552733,363.34400146484376,375.6380012512207,0.8868061240176465,1.6486582747512308,-0.4444444297272475
2020-12-22,262.6000061035156,275.8999938964844,262.0,267.70001220703125,252.7876739501953,1494473,CDR.WA,0.04570317268371582,0.9577817968051219,353.44500122070315,361.0380017089844,375.6335012817383,0.9136619611600245,1.6486582747512308,-0.4190537775636717
2020-12-23,275.0,275.6000061035156,252.0,269.0,254.01522827148438,1448707,CDR.WA,0.00485613647250549,0.9624329159212891,348.69500122070315,358.63800170898435,375.68700134277344,0.9160392407878382,1.6486582747512308,-0.4162326234243343
2020-12-28,265.0,274.0,257.1000061035156,274.0,258.7367248535156,1032496,CDR.WA,0.018587360594795488,0.9803220035778186,344.4500015258789,356.61800170898437,375.68950134277344,0.923020336968036,1.6486582747512308,-0.4053819286924446
2020-12-29,279.5,285.20001220703125,274.3999938964844,280.5,264.8746643066406,690382,CDR.WA,0.02372262773722622,1.003577817531307,340.34000091552736,354.65600158691404,375.75950134277343,0.9283970654042037,1.6486582747512308,-0.39127602554098795
2020-12-30,280.5,280.5,270.3999938964844,274.70001220703125,259.3977355957031,650137,CDR.WA,-0.020677318335004413,0.9828265195242633,334.6000015258789,352.7100018310547,375.80700134277345,0.872602058218366,1.6486582747512308,-0.40386280493902604
2021-01-04,276.5,279.0,268.1000061035156,276.3999938964844,261.0030212402344,694603,CDR.WA,0.0061885024168544245,0.9889087438156878,328.1200012207031,350.8800018310547,375.8060012817383,0.8497630602529612,1.6486582747512308,-0.4001736084666144
2021-01-05,275.6000061035156,275.6000061035156,263.6000061035156,265.70001220703125,250.89907836914062,907149,CDR.WA,-0.03871194618571672,0.9506261617425102,320.1550018310547,348.87800231933596,375.7465013122559,0.8173742494213602,1.6486582747512308,-0.4233940554564274
2021-01-07,267.0,267.1000061035156,248.0,248.0,234.18507385253906,1523326,CDR.WA,-0.06661652763959813,0.8872987477638652,311.5050018310547,346.5060021972656,375.5810012817383,0.8308927381051319,1.6486582747512308,-0.4618055412982709
2021-01-08,250.1999969482422,253.39999389648438,234.1999969482422,239.89999389648438,226.53627014160156,1521292,CDR.WA,-0.03266131493353075,0.8583184039230222,301.3500015258789,344.2340020751953,375.3855012512207,0.7795878712948978,1.6486582747512308,-0.47938368000940923
2021-01-11,240.0,257.0,240.0,246.0,232.29647827148438,795943,CDR.WA,0.02542728744773437,0.8801431127012534,292.39500122070314,341.9540020751953,375.2110012817383,0.8015347544172552,1.6486582747512308,-0.4661458191910268
2021-01-12,246.0,252.89999389648438,243.0,248.5,234.65721130371094,656346,CDR.WA,0.010162601626016343,0.8890876565295183,285.07000122070315,339.642001953125,375.0080012512207,0.7925993075217749,1.6486582747512308,-0.4607204718250819
2021-01-13,248.5,253.5,247.10000610351562,249.89999389648438,235.97923278808594,654826,CDR.WA,0.00563377825547029,0.8940965792360813,277.7750015258789,338.0200018310547,374.84700119018555,0.7941318864878093,1.6486582747512308,-0.4576822905456297
2021-01-14,253.39999389648438,277.1000061035156,251.3000030517578,265.0,250.238037109375,1285147,CDR.WA,0.06042419556748957,0.9481216457960657,272.9250015258789,336.2400018310547,374.7330012512207,0.8070652316843568,1.6486582747512308,-0.42491317920984595
2021-01-15,265.0,267.20001220703125,251.10000610351562,256.20001220703125,241.9282989501953,760614,CDR.WA,-0.03320750110554249,0.9166368951951042,269.71000213623046,334.65600219726565,374.52900131225584,0.7196754731356392,1.6486582747512308,-0.4440103754470178
2021-01-18,257.0,258.20001220703125,249.3000030517578,253.5,239.37869262695312,480233,CDR.WA,-0.010538688830543097,0.9069767441860478,267.5800018310547,332.872001953125,374.2055012512207,0.6762345827718372,1.6486582747512308,-0.4498697770931922
2021-01-19,255.3000030517578,257.0,242.8000030517578,248.1999969482422,234.37391662597656,752443,CDR.WA,-0.02090730986886713,0.8880143003514939,264.9900016784668,330.53600189208987,373.93300117492674,0.6736717376901991,1.6486582747512308,-0.46137152013173377
2021-01-20,247.0,255.6999969482422,239.0,252.6999969482422,238.6232452392578,741544,CDR.WA,0.018130540110112836,0.9041144792423704,262.62500152587893,327.96600158691405,373.65200119018556,0.6797691159343996,1.6486582747512308,-0.45160589487303304
2021-01-21,255.0,260.5,251.60000610351562,253.1999969482422,239.0953826904297,901494,CDR.WA,0.0019786308113902695,0.9059033880080235,259.82500076293945,325.6080014038086,373.2730011749268,0.6658111616906033,1.6486582747512308,-0.45052082539984406
2021-01-22,252.0,257.0,249.89999389648438,250.10000610351562,236.1680908203125,519925,CDR.WA,-0.012243249929265398,0.894812186416873,258.760001373291,322.9480014038086,372.8785012054443,0.5152930508814559,1.6486582747512308,-0.45724823626540023
2021-01-25,252.0,276.6000061035156,250.3000030517578,275.70001220703125,260.342041015625,1607105,CDR.WA,0.10235907828374802,0.9864043370555694,259.74500198364257,321.03400177001953,372.61200126647947,0.6000712241234893,1.6486582747512308,-0.40169266599264797
2021-01-26,273.1000061035156,300.0,273.1000061035156,300.0,283.2883605957031,2679833,CDR.WA,0.0881392336490765,1.0733452593917727,261.360001373291,319.7200015258789,372.4020012664795,0.655203467600135,1.6486582747512308,-0.34895831608661787
2021-01-27,308.0,345.0,308.0,315.79998779296875,298.208251953125,5869312,CDR.WA,0.052666625976562464,1.1298747327118757,263.70000076293945,318.72200103759764,372.2700011444092,0.6752817731372917,1.6486582747512308,-0.31467014722480036
2021-01-28,311.20001220703125,376.5,299.1000061035156,365.0,344.66754150390625,6857539,CDR.WA,0.15579485151622507,1.3059033989266569,268.25000076293946,318.57400115966794,372.42400108337404,0.8535198060285769,1.6486582747512308,-0.20789928457205176
2021-01-29,354.0,358.0,297.70001220703125,305.20001220703125,288.19873046875,2947173,CDR.WA,-0.1638355829944349,1.091949954229094,269.485001373291,317.4100015258789,372.25250114440917,1.063997274000984,1.6486582747512308,-0.3376735670744986
2021-02-01,305.5,316.0,291.29998779296875,305.79998779296875,288.76531982421875,1008657,CDR.WA,0.0019658439119933924,1.0940965573988168,271.0400001525879,316.3180014038086,372.0555010223389,1.05938732668303,1.6486582747512308,-0.33637153668857955
2021-02-02,305.5,305.8999938964844,282.3999938964844,283.29998779296875,267.5186462402344,1379193,CDR.WA,-0.07357750457214818,1.0135956629444338,271.38499984741213,314.59200103759764,371.7920009613037,1.0978439014425698,1.6486582747512308,-0.3851996629820833
2021-02-03,284.0,295.6000061035156,283.3999938964844,288.0,271.95684814453125,690037,CDR.WA,0.01659023088439371,1.030411449016102,272.49999923706054,312.8620010375977,371.4970009613037,1.08712682827861,1.6486582747512308,-0.374999983443153
2021-02-04,288.1000061035156,298.79998779296875,288.1000061035156,291.0,274.78973388671875,403339,CDR.WA,0.01041666666666674,1.0411449016100198,274.64999923706057,311.32200103759766,371.17850090026855,1.0524488562547754,1.6486582747512308,-0.3684895666040192
2021-02-05,293.20001220703125,297.8999938964844,288.20001220703125,293.3999938964844,277.0560607910156,434366,CDR.WA,0.008247401706131807,1.0497316418478888,277.3249992370605,309.7460006713867,370.8285009002686,1.040333236691637,1.6486582747512308,-0.36328124637818904
2021-02-08,297.0,297.79998779296875,286.29998779296875,286.29998779296875,270.3515625,484611,CDR.WA,-0.02419906697755625,1.0243291155383516,279.33999862670896,308.02000030517576,370.4200008392334,1.0468463153089038,1.6486582747512308,-0.3786892461429494
2021-02-09,287.0,288.20001220703125,268.3999938964844,270.0,254.9595489501953,1125810,CDR.WA,-0.056933246552408945,0.9660107334525957,280.414998626709,305.9980001831055,369.97450080871585,1.0732135303114656,1.6486582747512308,-0.4140624844779559
2021-02-10,268.8999938964844,275.5,264.3999938964844,269.5,254.48739624023438,655249,CDR.WA,-0.0018518518518518823,0.9642218246869427,281.39499893188474,304.10800018310545,369.51600074768066,1.0736082115177388,1.6486582747512308,-0.4151475539511449
2021-02-11,268.5,271.3999938964844,268.0,270.5,255.43170166015625,350845,CDR.WA,0.0037105751391466324,0.9677996422182487,281.6699989318848,302.3400003051758,369.0805007171631,1.0541546584047485,1.6486582747512308,-0.4129774150047669
2021-02-12,269.1000061035156,269.70001220703125,260.29998779296875,263.0,248.3494873046875,366961,CDR.WA,-0.027726432532347522,0.9409660107334543,282.0099983215332,300.34600006103517,368.6075006866455,1.0518253676694977,1.6486582747512308,-0.42925345710260154
2021-02-15,260.0,270.6000061035156,258.29998779296875,270.0,254.9595489501953,270924,CDR.WA,0.026615969581748944,0.9660107334525956,282.8349983215332,297.9560000610352,368.16800071716307,1.05355762367804,1.6486582747512308,-0.414062484477956
2021-02-16,271.0,273.20001220703125,266.70001220703125,270.1000061035156,255.0540008544922,326736,CDR.WA,0.00037039297598373544,0.9663685370429913,283.92999877929685,295.23800018310544,367.73100074768064,1.0492449091413287,1.6486582747512308,-0.4138454573378413
2021-02-17,272.1000061035156,272.5,268.1000061035156,271.29998779296875,256.1871032714844,294253,CDR.WA,0.004442731071221173,0.9706618525687628,284.8599983215332,292.1639999389648,367.2875006866455,1.0483278537076806,1.6486582747512308,-0.41124133033861865
2021-02-18,271.29998779296875,283.5,269.20001220703125,275.0,259.6809997558594,498948,CDR.WA,0.013638084679365114,0.983899821109125,285.9499984741211,289.24399993896486,366.88450065612795,1.048603710501438,1.6486582747512308,-0.4032117897460664
2021-02-19,275.0,278.8999938964844,264.70001220703125,265.3999938964844,250.6157684326172,429130,CDR.WA,-0.03490911310369316,0.9495527509713231,286.71499786376955,285.6919998168945,366.4370006561279,1.0569529296668572,1.6486582747512308,-0.4240451368767716
2021-02-22,266.3999938964844,268.20001220703125,258.0,258.1000061035156,243.72244262695312,467362,CDR.WA,-0.027505606483985146,0.9234347266673203,285.8349975585937,282.35199981689453,365.9125006866455,0.997292507781273,1.6486582747512308,-0.43988712469437663
2021-02-23,259.0,261.1000061035156,250.10000610351562,257.70001220703125,243.34474182128906,556188,CDR.WA,-0.00154976321978062,0.9220036214920632,283.7199981689453,279.60600006103516,365.3370008087158,0.9396440337337528,1.6486582747512308,-0.4407551670274509
2021-02-24,258.20001220703125,262.29998779296875,256.0,258.20001220703125,243.81687927246094,341058,CDR.WA,0.0019402404979256271,0.9237925302577161,280.8399993896484,276.8540005493164,364.730500869751,0.9146428027374813,1.6486582747512308,-0.4396700975542619
2021-02-25,255.0,256.0,249.10000610351562,251.60000610351562,237.5845489501953,767659,CDR.WA,-0.025561602600636446,0.900178912713832,275.16999969482424,274.64600067138673,364.1385009002686,0.6789748603028362,1.6486582747512308,-0.4539930278458332
2021-02-26,249.60000610351562,249.89999389648438,234.1999969482422,236.60000610351562,223.4201202392578,1478281,CDR.WA,-0.059618440525111005,0.8465116497442433,271.73999938964846,272.968000793457,363.46600090026857,0.43962942014995854,1.6486582747512308,-0.4865451120415023
2021-03-01,237.39999389648438,241.0,225.1999969482422,240.3000030517578,226.9139862060547,1089101,CDR.WA,0.015638194644100656,0.8597495636914425,268.4650001525879,271.85200073242186,362.7415008544922,0.4481005613030333,1.6486582747512308,-0.4785156045626424
2021-03-02,240.89999389648438,245.89999389648438,236.0,241.3000030517578,227.8582763671875,674141,CDR.WA,0.0041614647827723505,0.8633273812227483,266.36500091552733,270.67800079345704,362.04950080871583,0.3861558957557177,1.6486582747512308,-0.47634546561626456
2021-03-03,241.8000030517578,245.3000030517578,227.0,228.3000030517578,215.58245849609375,836642,CDR.WA,-0.05387484391043107,0.8168157533157715,263.38000106811523,269.2440008544922,361.2160008239746,0.4077608793538697,1.6486582747512308,-0.5045572719191778
2021-03-04,228.3000030517578,237.5,226.0,235.0,221.90924072265625,531892,CDR.WA,0.029347336218489728,0.8407871198568884,260.5800010681152,267.76000061035154,360.42800079345704,0.426207942740048,1.6486582747512308,-0.4900173476011842
2021-03-05,233.5,237.8000030517578,228.8000030517578,232.0,219.07635498046875,458449,CDR.WA,-0.012765957446808529,0.8300536672629706,257.510001373291,266.97200073242186,359.6210008239746,0.4205818458866709,1.6486582747512308,-0.496527764440318
2021-03-08,234.89999389648438,237.5,232.0,232.0,219.07635498046875,407552,CDR.WA,0.0,0.8300536672629706,254.79500198364258,266.4920007324219,358.7935008239746,0.41953279644349156,1.6486582747512308,-0.496527764440318
2021-03-09,231.5,233.6999969482422,223.0,223.0,210.57769775390625,1020824,CDR.WA,-0.03879310344827591,0.7978533094812174,252.44500198364258,265.59800048828123,357.84350082397464,0.39702472189285287,1.6486582747512308,-0.5160590149577196
2021-03-10,223.0,226.6999969482422,210.1999969482422,210.1999969482422,198.49073791503906,1263988,CDR.WA,-0.0573991168240261,0.7520572341618691,249.4800018310547,264.4220004272461,356.98700080871583,0.4308795498358262,1.6486582747512308,-0.5438368000940956
2021-03-11,210.5,223.60000610351562,206.60000610351562,221.0,208.68910217285156,1199773,CDR.WA,0.05137965370388242,0.7906976744186055,247.0050018310547,263.3620004272461,356.09700080871585,0.4838845844881625,1.6486582747512308,-0.5203992928504755
2021-03-12,223.0,235.10000610351562,220.3000030517578,226.5,213.8827362060547,846781,CDR.WA,0.02488687782805421,0.8103756708407879,245.18000183105468,262.2820004272461,355.210500869751,0.49369732039568326,1.6486582747512308,-0.5084635286453969
2021-03-15,231.0,234.60000610351562,225.5,229.89999389648438,217.0933380126953,523875,CDR.WA,0.015011010580505024,0.8225402286099628,243.1750015258789,261.38600006103513,354.37550086975097,0.48486342619547385,1.6486582747512308,-0.5010850694731888
2021-03-16,233.0,236.10000610351562,226.5,229.5,216.71560668945312,418635,CDR.WA,-0.0017398604049745359,0.8211091234347057,241.14500122070314,260.4480001831055,353.5820008087158,0.4844634537415841,1.6486582747512308,-0.501953111806263
2021-03-17,230.0,232.0,223.10000610351562,231.0,218.13204956054688,535624,CDR.WA,0.006535947712418277,0.8264758497316645,239.1300018310547,259.75399993896485,352.79650077819826,0.4852136159200365,1.6486582747512308,-0.49869790338669606
2021-03-18,231.0,231.6999969482422,220.6999969482422,220.6999969482422,208.4058074951172,634370,CDR.WA,-0.04458875779981741,0.7896243182405811,236.4150016784668,259.2079998779297,351.9370007324219,0.4953898878837756,1.6486582747512308,-0.5210503411571272
2021-03-19,220.6999969482422,227.0,217.89999389648438,223.1999969482422,210.76657104492188,961059,CDR.WA,0.01132759417566409,0.7985688620688458,234.30500183105468,258.87399993896486,351.1000006866455,0.49231479370414155,1.6486582747512308,-0.5156249937911825
2021-03-22,221.0,221.0,216.8000030517578,217.0,204.9119415283203,536426,CDR.WA,-0.027777764484826162,0.7763864042933818,232.2500015258789,258.2939999389648,350.33100074768066,0.49245757518235417,1.6486582747512308,-0.5290798486359872
2021-03-23,218.0,221.0,211.39999389648438,220.6999969482422,208.4058074951172,589239,CDR.WA,0.017050677180839635,0.7896243182405811,230.40000076293944,257.73799987792967,349.50500076293946,0.5001411870988496,1.6486582747512308,-0.5210503411571272
2021-03-24,219.39999389648438,222.39999389648438,215.10000610351562,217.10000610351562,205.00636291503906,480745,CDR.WA,-0.0163116941300675,0.7767442078837776,228.34500045776366,257.0820001220703,348.6245007324219,0.49989301980209894,1.6486582747512308,-0.5288628214958724
2021-03-25,219.89999389648438,221.89999389648438,208.10000610351562,208.10000610351562,196.50770568847656,740462,CDR.WA,-0.04145554927211148,0.7445438501020245,226.17000045776368,255.94400024414062,347.6990007019043,0.5103086645025513,1.6486582747512308,-0.5483940720132738
2021-03-26,210.0,216.89999389648438,209.5,212.0,200.19044494628906,437112,CDR.WA,0.018740960029306253,0.7584973166368524,224.94000015258788,255.06,346.8625007629395,0.482142361023744,1.6486582747512308,-0.5399305433678768
2021-03-29,218.0,243.5,216.0,239.6999969482422,226.34742736816406,2085034,CDR.WA,0.13066036296340644,0.8576028513353934,224.9099998474121,254.78399993896485,346.1955007171631,0.6798717821756277,1.6486582747512308,-0.47981770117594646
2021-03-30,250.0,251.60000610351562,216.8000030517578,217.89999389648438,205.7617950439453,1652983,CDR.WA,-0.09094703099418489,0.779606418234292,223.73999938964843,254.1779998779297,345.38850074768067,0.7533375942274534,1.6486582747512308,-0.527126736829724
2021-03-31,199.8000030517578,203.6999969482422,181.5,190.5,179.88812255859375,3528905,CDR.WA,-0.12574573044504544,0.6815742397137754,221.84999923706056,252.93399993896483,344.4040007781982,0.8530057282819969,1.6486582747512308,-0.5865885307150025
2021-04-01,190.8000030517578,197.77999877929688,185.05999755859375,194.5800018310547,183.7408447265625,1055635,CDR.WA,0.021417332446481252,0.696171741792683,219.8289993286133,251.7616000366211,343.44040084838866,0.8489010349442588,1.6486582747512308,-0.5777343598401374
2021-04-06,198.97999572753906,201.0,194.02000427246094,197.0800018310547,186.10159301757812,734970,CDR.WA,0.0128481857152547,0.7051162856209477,218.082999420166,250.70119995117187,342.46230079650877,0.8518678725389071,1.6486582747512308,-0.5723090124741926
2021-04-07,198.22000122070312,198.83999633789062,191.0,191.75999450683594,181.07791137695312,522394,CDR.WA,-0.026994150978237208,0.686082270149682,216.0709991455078,249.02239959716798,341.3856007385254,0.8544182227292656,1.6486582747512308,-0.5838541675634956
2021-04-08,191.77999877929688,191.77999877929688,182.10000610351562,183.0,172.80592346191406,1176280,CDR.WA,-0.04568207529085877,0.654740608228981,214.0709991455078,246.68239959716797,340.2806007385254,0.8580432767134166,1.6486582747512308,-0.6028645728128372
2021-04-09,183.52000427246094,192.0,181.60000610351562,184.3800048828125,174.10903930664062,1061406,CDR.WA,0.0075410102885928865,0.6596780138919952,212.77999954223634,244.05399993896484,339.16450073242186,0.8396640504052428,1.6486582747512308,-0.5998697704704541
2021-04-12,185.6999969482422,188.10000610351562,183.3800048828125,186.5,176.11094665527344,391286,CDR.WA,0.011497966487932887,0.6672629695885515,211.05499954223632,240.48399993896484,338.0340007019043,0.8156154231328855,1.6486582747512308,-0.5952690865005145
2021-04-13,187.1999969482422,190.5,185.97999572753906,186.5,176.11094665527344,361855,CDR.WA,0.0,0.6672629695885515,209.05499954223632,238.1099996948242,336.9900007629395,0.8073779272293478,1.6486582747512308,-0.5952690865005145
2021-04-14,188.5,190.3000030517578,184.1999969482422,185.75999450683594,175.41217041015625,547448,CDR.WA,-0.003967857872193337,0.6646153649618465,206.8479995727539,235.70919982910155,335.91080070495605,0.8028674762467476,1.6486582747512308,-0.5968750012417634
2021-04-15,186.0,188.8000030517578,185.02000427246094,187.4199981689453,176.97970581054688,325032,CDR.WA,0.008936281821693814,0.6705545551661735,204.74399948120117,233.7916000366211,334.8734007263184,0.8051061264746805,1.6486582747512308,-0.5932725626434898
2021-04-16,190.0,192.5,175.0,176.75999450683594,166.9134979248047,1703454,CDR.WA,-0.056877621205076334,0.6324150071800934,202.03199920654296,231.56679992675782,333.74120063781737,0.8203597269755176,1.6486582747512308,-0.6164062517591649
2021-04-19,178.94000244140625,185.10000610351562,177.10000610351562,177.5,167.6123046875,685110,CDR.WA,0.0041864987336568404,0.6350626118067983,199.87199935913085,229.2967999267578,332.60420066833495,0.812910063879801,1.6486582747512308,-0.6148003370179158
2021-04-20,178.5,181.1999969482422,172.22000122070312,173.0,163.36297607421875,571326,CDR.WA,-0.025352112676056304,0.6189624329159218,197.36199951171875,226.88880004882813,331.43920066833493,0.8108233534573178,1.6486582747512308,-0.6245659622766166
2021-04-21,173.0,179.9600067138672,167.3000030517578,172.60000610351562,162.98526000976562,735255,CDR.WA,-0.002312103447886571,0.6175313277406647,195.14199981689453,224.61480041503907,330.27720069885254,0.809042711594035,1.6486582747512308,-0.6254340046096908
2021-04-22,175.6999969482422,176.6999969482422,172.3000030517578,173.5,163.83511352539062,302258,CDR.WA,0.005214332935449706,0.6207513416815748,192.78199996948243,222.68480041503906,329.12270072937014,0.804847003199948,1.6486582747512308,-0.6234808928034277
2021-04-23,176.97999572753906,179.0,167.5,171.13999938964844,161.60658264160156,708623,CDR.WA,-0.013602308993380774,0.6123076901239662,190.48399963378907,220.71760040283203,327.98290069580077,0.804655234623796,1.6486582747512308,-0.6286024220414272
2021-04-26,173.47999572753906,173.89999389648438,165.10000610351562,168.97999572753906,159.56689453125,689756,CDR.WA,-0.01262126720703971,0.6045795911539864,188.52799911499022,218.6872003173828,326.89830070495606,0.7964555338876667,1.6486582747512308,-0.6332899301128898
2021-04-27,166.0,173.33999633789062,166.0,168.3000030517578,158.92477416992188,614501,CDR.WA,-0.004024101627258081,0.6021467014374167,186.34299926757814,216.79320037841796,325.83980072021484,0.7899537629878993,1.6486582747512308,-0.6347656087018544
2021-04-28,170.0,174.6999969482422,168.60000610351562,172.5,162.89080810546875,666274,CDR.WA,0.024955418134784857,0.6171735241502688,182.982999420166,214.84320037841798,324.8548007202148,0.6079395586234495,1.6486582747512308,-0.6256510317498056
2021-04-29,175.0,177.0,170.60000610351562,175.24000549316406,165.4781951904297,524519,CDR.WA,0.015884089815443758,0.6269767638395857,180.85,212.94600036621094,323.96150077819823,0.5475445904300718,1.6486582747512308,-0.6197048391158008
2021-04-30,175.75999450683594,179.74000549316406,174.0,174.1199951171875,164.4205780029297,480142,CDR.WA,-0.006391293887629157,0.6229695710811722,180.03099975585937,211.00240051269532,323.0071007537842,0.3370267401827491,1.6486582747512308,-0.6221354172530549
2021-05-04,175.22000122070312,175.8000030517578,167.6999969482422,168.9199981689453,159.51022338867188,591802,CDR.WA,-0.029864444601795714,0.6043649308370141,178.7479995727539,208.88080047607423,322.01020080566406,0.3343406689227982,1.6486582747512308,-0.6334201331514817
2021-05-05,168.0,168.4199981689453,156.3000030517578,161.5,152.50357055664062,772183,CDR.WA,-0.04392610850921397,0.5778175313059039,176.96899948120117,206.80280059814453,320.96270080566404,0.35037122610904675,1.6486582747512308,-0.6495225601599629
2021-05-06,160.5,161.27999877929688,154.6199951171875,156.52000427246094,147.80101013183594,773761,CDR.WA,-0.03083588685782701,0.5600000152860861,175.2069999694824,204.77120056152344,319.77980079650877,0.3531450316877623,1.6486582747512308,-0.6603298428410911
2021-05-07,157.0,161.4600067138672,156.13999938964844,161.4600067138672,152.4658203125,449907,CDR.WA,0.031561476530546084,0.5776744426256434,174.13000030517577,202.84640045166014,318.6821008300781,0.35566198540084343,1.6486582747512308,-0.6496093511477934
2021-05-10,163.0,165.39999389648438,156.60000610351562,156.66000366210938,147.93319702148438,468415,CDR.WA,-0.02972874304572637,0.5605009075567424,172.74400024414064,200.8156002807617,317.5504008483887,0.3614005274050598,1.6486582747512308,-0.660026024713146
2021-05-11,156.9600067138672,157.0800018310547,151.0800018310547,154.25999450683594,145.6668701171875,771292,CDR.WA,-0.015319858924871976,0.5519141127257104,171.13199996948242,198.86880004882812,316.38420082092284,0.3548224389717788,1.6486582747512308,-0.6652343780526684
2021-05-12,155.25999450683594,170.77999877929688,151.77999877929688,161.0,152.0314483642578,963645,CDR.WA,0.04369250442871886,0.576028622540251,169.85699996948242,197.35679992675782,315.24920082092285,0.4007749685342639,1.6486582747512308,-0.6506076296331518
2021-05-13,162.1999969482422,164.1199951171875,155.74000549316406,157.9199981689453,149.1230010986328,604194,CDR.WA,-0.019130446155619207,0.5650089379926492,168.4650001525879,195.70919982910155,314.0428007507324,0.4028522194448256,1.6486582747512308,-0.657291661561639
2021-05-14,159.47999572753906,166.75999450683594,155.10000610351562,164.8800048828125,155.69529724121094,614872,CDR.WA,0.04407299135364262,0.58991057203153,167.33800048828124,194.18079986572266,312.89120071411133,0.439799985412873,1.6486582747512308,-0.642187479924824
2021-05-17,167.0,178.0,165.5,171.72000122070312,162.15426635742188,927411,CDR.WA,0.04148469271790778,0.6143828308433031,167.08600082397462,193.04919982910155,311.74480072021487,0.42735949960967723,1.6486582747512308,-0.627343737478885
2021-05-18,174.5,176.66000366210938,167.24000549316406,170.0,160.53009033203125,935851,CDR.WA,-0.010016312651270565,0.6082289803220039,166.71100082397462,191.74919982910157,310.6023007202148,0.4280012444993339,1.6486582747512308,-0.6310763791157505
2021-05-19,169.0,170.3000030517578,166.0,169.05999755859375,159.6424560546875,578879,CDR.WA,-0.005529426125919112,0.6048658231076702,166.5140007019043,190.49039978027344,309.43760070800784,0.4192358270752471,1.6486582747512308,-0.6331163150235366
2021-05-20,169.22000122070312,176.32000732421875,169.1999969482422,175.5,165.72372436523438,681645,CDR.WA,0.038092999730313215,0.6279069767441864,166.65900039672852,189.36039978027344,308.2301007080078,0.44128429396463675,1.6486582747512308,-0.6191406149106718
2021-05-21,175.5,176.36000061035156,171.4600067138672,173.0,163.36297607421875,659440,CDR.WA,-0.014245014245014231,0.6189624329159217,166.6340003967285,188.36039978027344,307.0076007080078,0.4443310326325954,1.6486582747512308,-0.6245659622766166
2021-05-24,172.0,172.0,168.10000610351562,168.22000122070312,158.8492431640625,463011,CDR.WA,-0.027630050747380785,0.6018604694837325,166.48800048828124,187.52079986572267,305.7987007141113,0.4528298041067197,1.6486582747512308,-0.6349392237912078
2021-05-25,169.22000122070312,173.66000366210938,162.10000610351562,164.89999389648438,155.71417236328125,641936,CDR.WA,-0.019736103317838705,0.5899820890750787,166.28400039672852,186.39879974365235,304.5607006835937,0.45605355742792636,1.6486582747512308,-0.6421441009877549
2021-05-26,165.0,168.17999267578125,161.60000610351562,161.60000610351562,152.59800720214844,392376,CDR.WA,-0.020012055276607876,0.5781753348962996,165.9490005493164,185.10079986572265,303.2337007141113,0.46104175778912593,1.6486582747512308,-0.6493055330198482
2021-05-27,165.60000610351562,175.5,165.5,175.5,165.72372436523438,1112344,CDR.WA,0.0860148104671512,0.6279069767441865,166.0990005493164,184.01279998779296,301.9842007446289,0.5500882483622803,1.6486582747512308,-0.6191406149106717
2021-05-28,177.6999969482422,182.9600067138672,174.0,178.5800018310547,168.63214111328125,598754,CDR.WA,0.01754986798321756,0.6389266612917882,166.26600036621093,182.99440002441406,300.7941007232666,0.5507005395359973,1.6486582747512308,-0.6124565829821846
2021-05-31,175.0,175.0,168.27999877929688,168.74000549316406,163.93011474609375,525989,CDR.WA,-0.055101334063148544,0.6037209498860973,165.99700088500975,181.74920013427734,299.54780075073245,0.5859775751138935,1.6486582747512308,-0.6338107422672574
2021-06-01,156.1199951171875,158.0,152.60000610351562,153.3800048828125,149.00794982910156,1833059,CDR.WA,-0.09102761710514362,0.548765670421512,165.22000122070312,180.40280029296875,298.26120071411134,0.6613994074695759,1.6486582747512308,-0.6671440778081702
2021-06-02,154.0,161.77999877929688,152.8000030517578,161.5800018310547,156.97421264648438,1247488,CDR.WA,0.05346196823052174,0.5781037632595879,165.22400131225587,179.170400390625,297.01560066223146,0.6736322011748856,1.6486582747512308,-0.6493489450706096
2021-06-04,164.82000732421875,171.1999969482422,161.82000732421875,171.1999969482422,166.31997680664062,516368,CDR.WA,0.05953704052588149,0.6125223504409386,165.95800094604493,178.25440032958986,295.8316006469727,0.6932924552083307,1.6486582747512308,-0.6284722190028353
2021-06-07,170.66000366210938,173.67999267578125,167.1199951171875,169.75999450683594,164.9210205078125,454673,CDR.WA,-0.008411229363757489,0.607370284460952,166.37300033569335,177.23560028076173,294.648900680542,0.6877839098348785,1.6486582747512308,-0.6315972243838104
2021-06-08,169.27999877929688,172.1999969482422,168.0,171.0,166.1256866455078,418030,CDR.WA,0.0073044623779963125,0.6118067978533099,167.0900001525879,176.3136001586914,293.428900680542,0.676595886517801,1.6486582747512308,-0.6289062401693726
2021-06-09,173.0,178.8000030517578,170.8000030517578,176.5,171.46890258789062,879838,CDR.WA,0.032163742690058506,0.6314847942754924,168.2020004272461,175.6816000366211,292.26840065002443,0.6784384833236793,1.6486582747512308,-0.6169704759642938
2021-06-10,177.10000610351562,178.25999450683594,172.5800018310547,174.0,169.04017639160156,284215,CDR.WA,-0.014164305949008527,0.6225402504472276,168.85200042724608,174.9216000366211,291.0924005889893,0.6686591521667603,1.6486582747512308,-0.6223958233302387
2021-06-11,174.0,186.5,172.82000732421875,185.8000030517578,180.50379943847656,674704,CDR.WA,0.0678161094928611,0.6647585082352699,170.24600067138672,173.8436001586914,289.94840057373045,0.6980810791178641,1.6486582747512308,-0.5967881771402406
2021-06-14,186.1999969482422,187.89999389648438,182.66000366210938,186.77999877929688,181.45587158203125,406463,CDR.WA,0.005274465615945578,0.6682647541298642,171.34100036621095,173.22120025634766,288.842300567627,0.6857633989215575,1.6486582747512308,-0.5946614502446239
2021-06-15,191.5,204.6999969482422,190.89999389648438,198.97999572753906,193.30812072753906,1572918,CDR.WA,0.06531746990028608,0.7119141170931637,172.70400009155273,173.39080017089844,287.6522005462646,0.7064983938665613,1.6486582747512308,-0.5681857617215516
2021-06-16,207.0,211.64999389648438,186.0,186.13999938964844,180.83412170410156,1529527,CDR.WA,-0.06452908138299629,0.6659749530935549,173.51100006103516,173.2220001220703,286.27890060424807,0.7504106600939593,1.6486582747512308,-0.5960503378457582
2021-06-17,185.0,186.39999389648438,178.22000122070312,181.0,175.84063720703125,843200,CDR.WA,-0.02761362096541553,0.6475849731663691,174.10800018310547,172.9004000854492,284.953900604248,0.7588052307620126,1.6486582747512308,-0.607204850705593
2021-06-18,182.0,183.86000061035156,179.0,183.86000061035156,178.6190948486328,889324,CDR.WA,0.015801108344483783,0.6578175334896306,174.52600021362304,172.74240020751952,283.6807006072998,0.7497894728174829,1.6486582747512308,-0.6009982519944044
2021-06-21,183.86000061035156,184.6199951171875,179.4199981689453,183.3800048828125,178.1527862548828,256814,CDR.WA,-0.0026106587944394466,0.6561001963606894,175.04500045776368,172.75000030517577,282.3941005706787,0.7472936253283299,1.6486582747512308,-0.6020399094168319
2021-06-22,182.97999572753906,185.9600067138672,177.1199951171875,177.77999877929688,172.71241760253906,356451,CDR.WA,-0.03053771378779413,0.6360643963481112,175.52300033569335,172.61800018310547,281.0835005950928,0.7489937298438908,1.6486582747512308,-0.6141927007620254
2021-06-23,177.10000610351562,178.72000122070312,173.0399932861328,178.0,172.92616271972656,575110,CDR.WA,0.0012374914063095765,0.6368515205724514,176.17800064086913,172.44800018310548,279.8205005645752,0.7439261020164425,1.6486582747512308,-0.6137152675447268
2021-06-24,178.0,182.39999389648438,176.5399932861328,180.0399932861328,174.90798950195312,394299,CDR.WA,0.011460636438948457,0.6441502443153238,177.1,172.31880004882814,278.58070053100585,0.7383297837979185,1.6486582747512308,-0.6092881986641405
2021-06-25,180.0,184.10000610351562,179.0,179.72000122070312,174.5971221923828,511215,CDR.WA,-0.001777338798947481,0.6430053710937507,177.31100006103514,172.19800018310548,277.2963005065918,0.6759789987378962,1.6486582747512308,-0.6099826259078613
2021-06-28,179.6199951171875,187.60000610351562,178.05999755859375,185.5,180.2123565673828,504103,CDR.WA,0.03216113253971553,0.6636851520572458,177.65699996948243,172.15960021972657,276.0568005371094,0.6823797470439664,1.6486582747512308,-0.5974392254468923
2021-06-29,185.0,193.24000549316406,185.0,188.36000061035156,182.99082946777344,667808,CDR.WA,0.015417793047717288,0.6739177123805071,178.63799972534179,172.39160034179687,274.8386005401611,0.6480836984470364,1.6486582747512308,-0.5912326267357038
2021-06-30,187.3800048828125,190.0,182.60000610351562,185.02000427246094,179.74603271484375,506269,CDR.WA,-0.01773198304877832,0.6619678149283045,180.21999969482422,172.54200042724608,273.61870056152344,0.5463011366659524,1.6486582747512308,-0.5984808828693199
2021-07-01,185.10000610351562,190.9600067138672,185.10000610351562,188.75999450683594,183.3794403076172,365127,CDR.WA,0.020213977667341787,0.6753488175557643,181.5789993286133,172.85720031738282,272.41150047302244,0.523472601774048,1.6486582747512308,-0.5903645844026295
2021-07-02,189.67999267578125,192.8000030517578,188.8000030517578,190.1999969482422,184.7783966064453,264189,CDR.WA,0.007628748057386225,0.6805008835357509,182.52899932861328,173.20920013427735,271.2760005187988,0.48728479235888683,1.6486582747512308,-0.5872395790216545
2021-07-05,192.6199951171875,192.89999389648438,189.33999633789062,191.89999389648438,186.429931640625,146929,CDR.WA,0.00893794414047644,0.6865831624203383,183.6359992980957,173.57720001220704,270.22050048828123,0.48449476248231377,1.6486582747512308,-0.5835503494355505
2021-07-06,191.89999389648438,192.5,187.32000732421875,187.32000732421875,181.98048400878906,437746,CDR.WA,-0.02386652797256572,0.6701968061689407,184.45199966430664,173.90080017089844,269.1306005859375,0.4963725838601513,1.6486582747512308,-0.5934895566699121
2021-07-07,189.67999267578125,193.5,186.86000061035156,193.39999389648438,187.8871612548828,407522,CDR.WA,0.03245775322730049,0.6919498887172971,185.29699935913087,174.38920013427733,268.0776005554199,0.4965867979730433,1.6486582747512308,-0.5802951410159836
2021-07-08,192.0,193.89999389648438,186.82000732421875,187.47999572753906,182.13592529296875,319783,CDR.WA,-0.030610125934719234,0.6707692154831457,185.97099914550782,174.77279998779298,267.00450050354004,0.508316992876359,1.6486582747512308,-0.5931423596048979
2021-07-09,189.13999938964844,189.8800048828125,187.10000610351562,188.0,182.64109802246094,220831,CDR.WA,0.002773652039210983,0.6726296958855105,186.08099899291992,175.08279998779298,266.0180005645752,0.4494108720138822,1.6486582747512308,-0.5920138780809474
2021-07-12,190.1999969482422,202.0,190.10000610351562,201.85000610351562,196.0963134765625,1032701,CDR.WA,0.07367024523146615,0.7221824905313625,186.83449935913086,175.615,265.02275062561034,0.518383824423669,1.6486582747512308,-0.561957440428136
2021-07-13,202.5,206.14999389648438,201.3000030517578,203.4499969482422,197.65069580078125,417145,CDR.WA,0.007926632629904562,0.7279069658255541,187.05799942016603,176.2016000366211,264.00500061035154,0.4663352688858651,1.6486582747512308,-0.5584852379821468
2021-07-14,203.0,203.1999969482422,195.5,195.94000244140625,190.3547821044922,329109,CDR.WA,-0.03691322005154163,0.7010375758189855,187.5479995727539,176.74200012207032,262.97170059204103,0.42272138004490634,1.6486582747512308,-0.5747829695485158
2021-07-15,195.97999572753906,197.66000366210938,193.1199951171875,194.9199981689453,189.3638458251953,400152,CDR.WA,-0.005205696946778193,0.6973881866509678,188.24399948120117,177.41040008544923,261.8963005828857,0.40851188255973603,1.6486582747512308,-0.5769965205456552
2021-07-16,194.94000244140625,197.9600067138672,193.5,194.13999938964844,188.6060791015625,279128,CDR.WA,-0.004001635474164211,0.6945974933440022,188.75799942016602,178.16279998779297,260.71900054931643,0.40698326352947867,1.6486582747512308,-0.5786892262747346
2021-07-19,193.60000610351562,194.0,184.63999938964844,186.3000030517578,180.9895477294922,508610,CDR.WA,-0.0403832098616389,0.666547417000923,188.90399932861328,178.65959991455077,259.49350059509277,0.43504704766823227,1.6486582747512308,-0.5957031076670515
2021-07-20,186.86000061035156,188.8000030517578,185.13999938964844,187.60000610351562,182.2525177001953,399604,CDR.WA,0.006978008751812315,0.6711985907102533,189.3949996948242,179.27839996337892,258.33950065612794,0.4188942951880598,1.6486582747512308,-0.5928819204140217
2021-07-21,188.0,194.24000549316406,180.39999389648438,184.47999572753906,179.22142028808594,415891,CDR.WA,-0.016631184831918278,0.660035762889228,189.71899948120117,179.88279998779296,257.34890060424806,0.4246642924410034,1.6486582747512308,-0.5996527764440317
2021-07-22,187.3000030517578,191.0,185.24000549316406,186.0399932861328,180.73696899414062,254135,CDR.WA,0.008456188176075852,0.6656171495031592,190.01899948120118,180.38359985351562,256.2931005096436,0.4239215710979065,1.6486582747512308,-0.5962673649858728
2021-07-23,187.5,189.0800018310547,185.86000061035156,186.27999877929688,180.97012329101562,219461,CDR.WA,0.0012900747249271483,0.6664758453642112,190.34699935913085,180.95079986572264,255.2310004425049,0.4237012275783964,1.6486582747512308,-0.5957465197178129
2021-07-26,188.89999389648438,188.89999389648438,182.33999633789062,184.0,178.75514221191406,338742,CDR.WA,-0.012239632779889598,0.6583184257602868,190.27199935913086,181.3331997680664,254.27700050354005,0.41108459253127155,1.6486582747512308,-0.6006944338664593
2021-07-27,184.4199981689453,184.77999877929688,181.22000122070312,183.22000122070312,177.99734497070312,317100,CDR.WA,-0.00423912380052649,0.6555277324533212,190.01499938964844,181.5631997680664,253.30760047912597,0.40715121501352114,1.6486582747512308,-0.6023871395955387
2021-07-28,183.22000122070312,184.05999755859375,176.8000030517578,183.77999877929688,178.54139709472656,669129,CDR.WA,0.0030564215416590823,0.6575313015359464,189.95299911499023,181.83879974365234,252.28200050354005,0.40253158446180626,1.6486582747512308,-0.6011718670837578
2021-07-29,186.0,189.3000030517578,182.86000061035156,184.0,178.75514221191406,540016,CDR.WA,0.0011970901195146322,0.6583184257602867,189.71499938964843,182.13759979248047,251.31100044250488,0.39544126280615133,1.6486582747512308,-0.6006944338664593
2021-07-30,182.66000366210938,184.8000030517578,178.63999938964844,184.74000549316406,179.47402954101562,307103,CDR.WA,0.004021768984587393,0.6609660303869918,189.44199981689454,182.32239990234376,250.37970046997071,0.394605468325088,1.6486582747512308,-0.5990885191252104
2021-08-02,183.47999572753906,183.47999572753906,174.60000610351562,175.0,170.01165771484375,828778,CDR.WA,-0.052722773647013166,0.6261180679785335,188.5970001220703,182.36239990234375,249.3397004699707,0.43254193562000975,1.6486582747512308,-0.6202256843838607
2021-08-03,177.0,177.3800048828125,174.10000610351562,175.52000427246094,170.516845703125,411366,CDR.WA,0.002971452985491174,0.6279785483808983,188.00699996948242,182.5083999633789,248.272300491333,0.42685154226141875,1.6486582747512308,-0.6190972028599103
2021-08-04,175.52000427246094,178.0,172.66000366210938,175.10000610351562,170.10882568359375,244126,CDR.WA,-0.0023928792087615225,0.6264758715689294,187.09200057983398,182.71240020751952,247.2728005218506,0.40597066362650003,1.6486582747512308,-0.620008657243746
2021-08-05,175.8800048828125,179.77999877929688,174.74000549316406,178.24000549316406,173.1593017578125,290573,CDR.WA,0.01793260582636491,0.6377102164335033,186.63000106811523,183.0452001953125,246.27100051879881,0.40134129607672697,1.6486582747512308,-0.613194422276667
2021-08-06,178.3000030517578,178.33999633789062,173.5,174.1199951171875,169.15673828125,181795,CDR.WA,-0.02311495875786751,0.6229695710811721,185.9360008239746,183.01760009765624,245.28160049438478,0.40753947804139945,1.6486582747512308,-0.6221354172530549
2021-08-09,175.0,175.24000549316406,170.66000366210938,172.0,167.09718322753906,230117,CDR.WA,-0.012175483440375001,0.6153846153846158,184.44350051879883,182.88600006103516,244.30210052490236,0.2884007701866651,1.6486582747512308,-0.6267361012229946
2021-08-10,172.60000610351562,172.8000030517578,166.16000366210938,166.16000366210938,161.42364501953125,527025,CDR.WA,-0.033953467080759414,0.5944901741041484,182.5790008544922,182.83440002441407,243.30390060424804,0.2962989173454111,1.6486582747512308,-0.6394097047225555
2021-08-11,166.1999969482422,168.55999755859375,164.0800018310547,167.36000061035156,162.58944702148438,226485,CDR.WA,0.007221936216867286,0.5987835442230829,181.15000076293944,183.11399993896484,242.30770057678222,0.28410434080711194,1.6486582747512308,-0.6368055446096406
2021-08-12,167.0,168.0800018310547,164.74000549316406,166.86000061035156,162.1036834716797,175533,CDR.WA,-0.002987571690825308,0.5969946354574299,179.74700088500975,183.21959991455077,241.37450057983398,0.2844711554701767,1.6486582747512308,-0.6378906140828295
2021-08-13,167.60000610351562,172.8800048828125,166.47999572753906,168.89999389648438,164.08554077148438,197493,CDR.WA,0.012225777769811819,0.6042933592003022,178.48500061035156,183.1735998535156,240.4190005493164,0.2928900938944739,1.6486582747512308,-0.6334635452022432
2021-08-16,168.89999389648438,170.5,165.0,165.0,160.29672241210938,279203,CDR.WA,-0.023090550843208435,0.5903398926654745,177.42000045776368,183.0783999633789,239.42350051879882,0.27227884292924026,1.6486582747512308,-0.6419270738476401
2021-08-17,165.5,171.5399932861328,164.5,171.02000427246094,166.14511108398438,396754,CDR.WA,0.03648487437855108,0.6118783694900216,176.59100036621095,183.07880004882813,238.62360054016114,0.30853432744664316,1.6486582747512308,-0.628862828118611
2021-08-18,170.13999938964844,170.39999389648438,166.5,166.60000610351562,161.85110473632812,214894,CDR.WA,-0.025844919065161398,0.5960644225528291,175.69700088500977,182.88080017089842,237.6866005706787,0.3150302156258738,1.6486582747512308,-0.6384548382879585
2021-08-19,167.0800018310547,168.67999267578125,164.5800018310547,168.3000030517578,163.5026397705078,192913,CDR.WA,0.010204062940945668,0.6021467014374166,174.81000137329102,182.7668002319336,236.85110061645508,0.3160720827272205,1.6486582747512308,-0.6347656087018545
2021-08-20,168.27999877929688,168.3000030517578,164.3800048828125,165.74000549316406,161.015625,412701,CDR.WA,-0.015210918075898472,0.5929874972921795,173.7830017089844,182.36560028076173,235.96630058288574,0.31727470062568036,1.6486582747512308,-0.6403211591063913
2021-08-23,166.16000366210938,167.77999877929688,164.1999969482422,165.22000122070312,160.5104522705078,191400,CDR.WA,-0.0031374698638005905,0.5911270168898147,172.84400177001953,181.93440032958983,234.96740058898925,0.3164047127321792,1.6486582747512308,-0.6414496406303416
2021-08-24,166.22000122070312,166.8800048828125,165.02000427246094,165.77999877929688,161.0544891357422,178932,CDR.WA,0.0033894053653087397,0.5931305859724401,171.9720016479492,181.270400390625,233.89030052185058,0.31786022228904726,1.6486582747512308,-0.6402343681185607
2021-08-25,165.72000122070312,166.39999389648438,164.13999938964844,165.5800018310547,160.86016845703125,229919,CDR.WA,-0.0012063997449320851,0.5924150333848115,171.0620018005371,180.85920043945313,232.86270050048827,0.31682191240589963,1.6486582747512308,-0.6406683892850978
2021-08-26,164.97999572753906,170.89999389648438,163.1999969482422,168.0399932861328,163.25006103515625,460051,CDR.WA,0.014856815001053736,0.6012164339396527,170.26400146484374,180.60000030517577,231.78740043640136,0.32400002272021533,1.6486582747512308,-0.6353298660206759
2021-08-27,168.22000122070312,168.47999572753906,165.5,167.77999877929688,162.99746704101562,205621,CDR.WA,-0.0015472180268016889,0.6002862210350519,169.4160011291504,180.2784002685547,230.76930046081543,0.3226973045304933,1.6486582747512308,-0.6358940902258048
2021-08-30,167.8800048828125,169.8800048828125,164.39999389648438,167.6199951171875,162.84202575683594,440313,CDR.WA,-0.0009536515870395279,0.5997137571276838,169.04700088500977,179.96320007324218,229.77890037536622,0.26800088128620964,1.6486582747512308,-0.6362413204045114
2021-08-31,167.77999877929688,172.6199951171875,167.27999877929688,169.32000732421875,164.49359130859375,718032,CDR.WA,0.010142060950680376,0.6057960906054343,168.73700103759765,179.79400024414062,228.79700035095215,0.27096324148475337,1.6486582747512308,-0.632552057704715
2021-09-01,171.0,173.89999389648438,169.39999389648438,170.36000061035156,165.50392150878906,438621,CDR.WA,0.006142176004879429,0.6095169968170008,168.50000076293946,179.64120025634764,227.78680038452148,0.27234637881146634,1.6486582747512308,-0.6302951277705067
2021-09-02,180.0,192.9600067138672,179.60000610351562,189.97999572753906,184.56466674804688,1619048,CDR.WA,0.11516785070964208,0.6797137593114105,169.0870002746582,179.84000030517578,226.91970039367675,0.4926769772084518,1.6486582747512308,-0.587717012238953
2021-09-03,189.97999572753906,192.05999755859375,185.0,187.02000427246094,181.68902587890625,426207,CDR.WA,-0.015580542802639097,0.6691234499909163,169.73200073242188,179.98600036621093,226.05280044555664,0.4879554227460053,1.6486582747512308,-0.594140604976564
2021-09-06,187.33999633789062,189.1999969482422,185.02000427246094,188.0,182.64109802246094,298438,CDR.WA,0.005240058310079787,0.6726296958855105,170.53200073242186,180.03600036621094,225.14480041503907,0.4841963523211589,1.6486582747512308,-0.5920138780809474
2021-09-07,186.89999389648438,187.5800018310547,181.8000030517578,185.0,179.7266082763672,424729,CDR.WA,-0.015957446808510634,0.6618962432915928,171.4740005493164,179.96880035400392,224.19730041503905,0.46903064204627154,1.6486582747512308,-0.5985242949200813
2021-09-08,185.0,185.0,178.3000030517578,178.5,173.41189575195312,466063,CDR.WA,-0.03513513513513511,0.6386404293381044,172.03100051879883,179.8384002685547,223.24980041503906,0.4908902184132577,1.6486582747512308,-0.6126301980715378
2021-09-09,177.89999389648438,180.67999267578125,176.60000610351562,180.67999267578125,175.52975463867188,325655,CDR.WA,0.012212844122023725,0.6464400453516329,172.7220001220703,179.67680023193358,222.29220031738282,0.4911253101021422,1.6486582747512308,-0.6078993110630064
2021-09-10,180.6999969482422,183.86000061035156,179.17999267578125,181.4199981689453,176.24867248535156,307768,CDR.WA,0.004095669267000446,0.649087649978338,173.34800033569337,179.50120025634766,221.33630027770997,0.4902586288436073,1.6486582747512308,-0.6062933963217574
2021-09-13,182.25999450683594,188.6999969482422,181.5,187.94000244140625,182.5828094482422,489358,CDR.WA,0.03593872967846279,0.6724150355685382,174.49500045776367,179.4220004272461,220.4205002593994,0.4917491512660645,1.6486582747512308,-0.5921440811195393
2021-09-14,189.0,189.75999450683594,184.24000549316406,188.77999877929688,183.39886474609375,427519,CDR.WA,0.0044694920026540075,0.6754203891924762,175.38300018310548,179.45120025634765,219.5444002532959,0.47923096046609925,1.6486582747512308,-0.590321172351868
2021-09-15,187.39999389648438,191.60000610351562,186.63999938964844,190.86000061035156,185.41957092285156,350844,CDR.WA,0.011018126096538516,0.682862256208772,176.59599990844725,179.400400390625,218.70420028686524,0.46504476379905657,1.6486582747512308,-0.5858072793697588
2021-09-16,191.0,196.5,191.0,196.36000061035156,190.7628173828125,597918,CDR.WA,0.028816933786081522,0.7025402526309543,177.99899978637694,179.57800048828125,217.87250022888185,0.47128685082041594,1.6486582747512308,-0.5738715151646803
2021-09-17,197.0,199.4199981689453,192.27999877929688,195.0,189.4415740966797,1079275,CDR.WA,-0.006926057272989561,0.6976744186046517,179.46199951171874,179.71800048828126,216.90000022888182,0.4667384847778564,1.6486582747512308,-0.5768229054563019
2021-09-20,192.1199951171875,192.25999450683594,184.0,184.4199981689453,179.16314697265625,384305,CDR.WA,-0.05425641964643424,0.6598211025722557,180.42199935913087,179.36940032958984,215.79210021972656,0.5163543159348065,1.6486582747512308,-0.5997829794826237
2021-09-21,184.1999969482422,188.0,183.0,184.8000030517578,179.53231811523438,367099,CDR.WA,0.0020605405410771827,0.661180690703964,181.3729995727539,178.99640045166015,214.59110023498536,0.5164648339549375,1.6486582747512308,-0.5989583160866185
2021-09-22,186.1999969482422,192.67999267578125,185.8000030517578,190.10000610351562,184.68125915527344,443804,CDR.WA,0.028679669719883227,0.6801431345385179,182.59899978637696,178.87960052490234,213.43660026550293,0.5218548789810408,1.6486582747512308,-0.587456573048077
2021-09-23,191.0,196.5,190.4199981689453,193.0,187.4985809326172,256997,CDR.WA,0.01525509628287569,0.6905187835420399,183.8470001220703,178.84120056152344,212.18660026550293,0.5219320245608572,1.6486582747512308,-0.5811631833490578
2021-09-24,192.74000549316406,192.8000030517578,184.02000427246094,184.02000427246094,178.77455139160156,363197,CDR.WA,-0.046528475272223146,0.6583899973969984,184.65900039672852,178.63880065917968,210.98120025634765,0.5555494206663734,1.6486582747512308,-0.600651021815698
2021-09-27,185.39999389648438,186.13999938964844,177.1999969482422,181.17999267578125,176.01548767089844,295818,CDR.WA,-0.015433167757537669,0.6482289541172858,185.3370002746582,178.53640045166014,209.91210021972657,0.5600343588588639,1.6486582747512308,-0.6068142415898174
2021-09-28,180.3000030517578,185.0,179.0,183.82000732421875,178.58026123046875,230900,CDR.WA,0.01457122615719375,0.6576744448093699,186.0620002746582,178.4608004760742,208.85220031738282,0.5608493038594704,1.6486582747512308,-0.601085042982235
2021-09-29,184.0,186.89999389648438,183.0,184.10000610351562,178.85227966308594,137603,CDR.WA,0.0015232225445569458,0.6586762293506825,186.7490005493164,178.45320068359376,207.96270034790038,0.5609306076220747,1.6486582747512308,-0.6004774067263445
2021-09-30,186.10000610351562,191.8000030517578,184.47999572753906,191.8000030517578,186.33277893066406,364149,CDR.WA,0.04182507709376515,0.6862254134231053,186.84000091552736,178.56840087890626,207.31920036315918,0.4087053960236508,1.6486582747512308,-0.583767343461973
2021-10-01,190.5,195.39999389648438,186.52000427246094,189.5399932861328,184.13720703125,433807,CDR.WA,-0.011783158131729143,0.6781395108627296,186.96600036621095,178.63360076904297,206.78640029907226,0.40690579856010956,1.6486582747512308,-0.5886718786735503
2021-10-04,188.1199951171875,188.1199951171875,182.5,184.10000610351562,178.85227966308594,423246,CDR.WA,-0.02870099913111679,0.6586762293506825,186.77100067138673,178.63560089111328,206.20690032958984,0.4198284361944264,1.6486582747512308,-0.6004774067263445
2021-10-05,184.0,194.0,182.5,194.0,188.47006225585938,516587,CDR.WA,0.05377508728010483,0.6940966010733458,187.22100067138672,178.85120086669923,205.67690032958984,0.4575216943097014,1.6486582747512308,-0.5789930444026798
2021-10-06,192.6999969482422,193.77999877929688,188.0,193.13999938964844,187.63458251953125,375756,CDR.WA,-0.004432992836863714,0.6910196758126962,187.95300064086913,179.03840087890626,205.09660026550293,0.43626762837864747,1.6486582747512308,-0.5808593652211127
2021-10-07,190.0,197.3000030517578,189.67999267578125,194.10000610351562,188.56724548339844,494755,CDR.WA,0.004970522506476893,0.6944544046637415,188.62400131225587,179.24040100097656,204.71010032653808,0.43528371100917196,1.6486582747512308,-0.5787760172625651
2021-10-08,193.8800048828125,196.6999969482422,192.66000366210938,194.86000061035156,189.30555725097656,253153,CDR.WA,0.003915479046562309,0.6971735263339953,189.29600143432617,179.44280090332032,204.40440032958983,0.4352833641638727,1.6486582747512308,-0.5771267235842472
2021-10-11,194.75999450683594,197.89999389648438,192.8000030517578,195.1999969482422,189.6358642578125,272269,CDR.WA,0.0017448236519843618,0.6983899711922802,189.65900115966798,179.84680084228515,204.0419002532959,0.41854251489421085,1.6486582747512308,-0.5763888842897649
2021-10-12,195.16000366210938,204.8000030517578,195.16000366210938,203.89999389648438,198.08786010742188,618027,CDR.WA,0.04456965719394468,0.729516972796009,190.41500091552734,180.41440063476563,203.71640022277833,0.4447729895194825,1.6486582747512308,-0.5575086820790154
2021-10-13,203.0500030517578,209.39999389648438,200.8000030517578,208.85000610351562,202.89678955078125,402533,CDR.WA,0.02427666677392959,0.7472272132505036,191.31450119018555,181.08940063476564,203.3906502532959,0.4499157800069372,1.6486582747512308,-0.5467664678034907
2021-10-14,208.8000030517578,212.0,199.3000030517578,200.0,194.29904174804688,577646,CDR.WA,-0.042374938208664226,0.7155635062611811,191.49650115966796,181.52460052490235,202.98815025329588,0.4702245715687785,1.6486582747512308,-0.5659722107244123
2021-10-15,200.8000030517578,201.0,188.02000427246094,188.1199951171875,182.75767517089844,963877,CDR.WA,-0.05940002441406245,0.6730590165194549,191.15250091552736,181.80460052490236,202.55525016784668,0.517016940813918,1.6486582747512308,-0.5917534720037638
2021-10-18,188.8000030517578,191.5,186.10000610351562,189.05999755859375,183.67086791992188,334339,CDR.WA,0.004996823654076055,0.6764221737337884,191.38450088500977,182.1458004760742,202.11855018615722,0.4777959123197186,1.6486582747512308,-0.5897135360959778
2021-10-19,189.10000610351562,197.52000427246094,189.10000610351562,197.47999572753906,191.85086059570312,303807,CDR.WA,0.04453611698760218,0.7065473907962047,192.01850051879882,182.7722003173828,201.77745010375978,0.5014532471833169,1.6486582747512308,-0.5714409701411186
2021-10-20,197.0,197.5800018310547,193.5,193.60000610351562,188.0814971923828,209050,CDR.WA,-0.019647507129667008,0.6926654958980886,192.19350051879883,183.2970004272461,201.50545013427734,0.4989866258940568,1.6486582747512308,-0.5798610867357541
2021-10-21,183.4199981689453,184.4600067138672,175.75999450683594,181.0,175.84063720703125,1260413,CDR.WA,-0.06508267410269886,0.647584973166369,191.59350051879883,183.57980041503907,201.21095016479492,0.5484045401702586,1.6486582747512308,-0.6072048507055932
2021-10-22,181.0,184.97999572753906,181.0,184.27999877929688,179.02713012695312,289500,CDR.WA,0.018121540217109766,0.6593202103015993,191.60650024414062,183.8874005126953,200.9023501586914,0.5273849959407451,1.6486582747512308,-0.6000867976105689
2021-10-25,185.5,187.67999267578125,184.6999969482422,187.1999969482422,181.86390686035156,222791,CDR.WA,0.015845442740872073,0.669767430941833,191.90750045776366,184.33140045166016,200.5958501434326,0.5264604015287906,1.6486582747512308,-0.5937499958607884
2021-10-26,187.25999450683594,188.5,182.0,182.0,176.81214904785156,215290,CDR.WA,-0.027777761928489242,0.6511627906976749,191.81650009155274,184.55100036621093,200.25635017395018,0.5346197943697976,1.6486582747512308,-0.6050347117592152
2021-10-27,181.82000732421875,183.13999938964844,176.1999969482422,178.02000427246094,172.94558715820312,348705,CDR.WA,-0.02186810839307174,0.6369230922091631,191.5125,184.77940032958983,199.8214501953125,0.5401807714921336,1.6486582747512308,-0.6136718554939655
2021-10-28,178.97999572753906,180.52000427246094,172.82000732421875,172.82000732421875,167.89382934570312,370009,CDR.WA,-0.029210183257177946,0.618318451965005,190.56350021362306,184.86980041503907,199.40455017089843,0.5238748256231538,1.6486582747512308,-0.6249565713923922
2021-10-29,174.10000610351562,177.1999969482422,172.5800018310547,173.8800048828125,168.92359924316406,383668,CDR.WA,0.006133534970896859,0.6221109298132832,189.78050079345704,185.03260040283203,199.0064501953125,0.5245111095016088,1.6486582747512308,-0.6226562294074225
2021-11-02,176.1999969482422,176.1999969482422,170.66000366210938,173.4199981689453,168.47669982910156,323189,CDR.WA,-0.0026455411832845277,0.6204651097278907,189.24650039672852,185.19660034179688,198.63255020141602,0.5161801295337372,1.6486582747512308,-0.623654507892781
2021-11-03,173.82000732421875,177.32000732421875,173.0,173.60000610351562,168.6515655517578,406803,CDR.WA,0.001037988331628048,0.6211091452719706,188.22650070190429,185.35300048828125,198.23705024719237,0.4720083280170098,1.6486582747512308,-0.6232638656633128
2021-11-04,174.02000427246094,181.60000610351562,173.22000122070312,181.10000610351562,175.9377899169922,281405,CDR.WA,0.043202763458014104,0.6479427767567648,187.62450103759767,185.66340057373046,197.87655029296874,0.5022395535614269,1.6486582747512308,-0.6069878235654784
2021-11-05,182.0,183.1999969482422,177.4199981689453,178.82000732421875,173.7227783203125,206708,CDR.WA,-0.012589722266456715,0.6397853571528404,186.86050109863282,185.87900085449218,197.52015029907227,0.5025352459684497,1.6486582747512308,-0.6119357377141247
2021-11-08,178.82000732421875,181.8800048828125,178.22000122070312,179.0,173.89764404296875,85696,CDR.WA,0.001006557814612563,0.6404293381037572,186.06750106811523,186.10340087890626,197.0366502380371,0.5020632867130267,1.6486582747512308,-0.611545128598349
2021-11-09,178.39999389648438,182.86000061035156,178.24000549316406,181.6999969482422,176.5206756591797,194948,CDR.WA,0.01508378183375525,0.6500894345196506,185.39250106811522,186.38500091552734,196.44515022277832,0.506217235830925,1.6486582747512308,-0.6056857600658669
2021-11-10,182.25999450683594,182.5,178.36000061035156,180.74000549316406,175.5880584716797,148479,CDR.WA,-0.005283387293350317,0.6466547602617682,184.23450164794923,186.61340087890625,195.7698503112793,0.47386282981881256,1.6486582747512308,-0.6077690749107221
2021-11-12,182.5,187.27999877929688,182.0800018310547,184.8000030517578,179.53231811523438,305790,CDR.WA,0.022463192625870043,0.661180690703964,183.03200149536133,186.90220092773438,194.86885032653808,0.47238869315181486,1.6486582747512308,-0.5989583160866185
2021-11-15,184.72000122070312,189.86000061035156,183.32000732421875,183.32000732421875,178.09449768066406,257870,CDR.WA,-0.008008634757027289,0.6558855360437169,182.19800186157227,186.76900115966797,194.25945030212404,0.45229851989317404,1.6486582747512308,-0.602170112455424
2021-11-16,184.0,187.36000061035156,182.3800048828125,183.0,177.78363037109375,247348,CDR.WA,-0.0017456213802827802,0.6547406082289807,181.9420021057129,186.68860107421875,193.64545036315917,0.40207002395508507,1.6486582747512308,-0.6028645728128372
2021-11-17,184.5,184.5,179.22000122070312,179.94000244140625,174.8108673095703,198916,CDR.WA,-0.01672129813439205,0.6437924953180908,181.48600234985352,186.52740112304687,193.12865043640136,0.4051017400620169,1.6486582747512308,-0.609505192690563
2021-11-18,179.9199981689453,181.8800048828125,178.0,181.33999633789062,176.1709442138672,181267,CDR.WA,0.007780337209566612,0.6488014180246539,180.6790023803711,186.45420104980468,192.59535041809082,0.3682442409027183,1.6486582747512308,-0.6064670114111108
2021-11-19,180.0,189.60000610351562,178.5,189.0,183.6125946044922,463903,CDR.WA,0.04224111512518447,0.6762075134168162,180.44900207519532,186.6642010498047,192.08535041809083,0.39770395103025125,1.6486582747512308,-0.5898437391345697
2021-11-22,189.0,197.5,186.60000610351562,194.47999572753906,188.93637084960938,604454,CDR.WA,0.028994686389095525,0.6958139382022869,181.12300186157228,186.94020111083984,191.5907504272461,0.33093492300338456,1.6486582747512308,-0.5779513869802524
2021-11-23,194.0,201.0,190.39999389648438,201.0,195.27053833007812,959888,CDR.WA,0.03352532093632532,0.719141323792487,181.95900192260743,187.33180114746094,191.16425048828125,0.3440323062649754,1.6486582747512308,-0.5638020717780344
2021-11-24,199.8800048828125,201.0,186.5,186.5399932861328,181.2227020263672,556521,CDR.WA,-0.07194033190978699,0.6674060582688118,181.92600173950194,187.30380096435547,190.7469504547119,0.43498192524811524,1.6486582747512308,-0.5951822955126841
2021-11-25,189.0,190.97999572753906,185.17999267578125,187.0800018310547,181.747314453125,194865,CDR.WA,0.0028948673976501027,0.6693381103078884,182.18000183105468,187.26980102539062,190.33485046386718,0.42227118883294135,1.6486582747512308,-0.5940104019379722
2021-11-26,185.0,186.8000030517578,181.10000610351562,185.52000427246094,180.2318115234375,553810,CDR.WA,-0.008338665508473397,0.6637567236939572,182.55500183105468,187.1630010986328,189.9099504852295,0.4149153643124867,1.6486582747512308,-0.597395813396131
2021-11-29,187.0,198.8000030517578,186.94000244140625,191.52000427246094,186.06077575683594,538882,CDR.WA,0.032341525775237745,0.6852236288817927,183.4900016784668,187.066201171875,189.55255050659179,0.41023140225175375,1.6486582747512308,-0.5843749797178635
2021-11-30,180.0,186.5,175.3000030517578,182.75999450683594,177.5504608154297,1307219,CDR.WA,-0.04573939834067042,0.6538819123679286,183.93400115966796,186.82140106201172,189.11635047912597,0.4486458624244546,1.6486582747512308,-0.6033854180808973
2021-12-01,183.5399932861328,185.60000610351562,178.10000610351562,185.0,179.7266082763672,450969,CDR.WA,0.012256541696712864,0.6618962432915925,184.51300125122071,186.83300109863282,188.6908504486084,0.4493303750535855,1.6486582747512308,-0.5985242949200815
2021-12-02,182.5,183.6999969482422,177.5,180.0,174.86915588378906,361135,CDR.WA,-0.027027027027026973,0.6440071556350629,184.83300094604493,186.73700103759765,188.23435050964355,0.46232739035033915,1.6486582747512308,-0.6093749896519711
2021-12-03,181.5800018310547,183.5800018310547,179.9199981689453,181.4600067138672,176.28753662109375,621878,CDR.WA,0.008111148410373303,0.6492307932517614,184.8510009765625,186.5642010498047,187.7666505432129,0.43716531303704165,1.6486582747512308,-0.6062065722202347
2021-12-06,182.10000610351562,185.33999633789062,181.10000610351562,184.0,178.75514221191406,278651,CDR.WA,0.013997537706134766,0.6583184257602867,185.11000061035156,186.3842010498047,187.35965057373048,0.4368215344040546,1.6486582747512308,-0.6006944338664593
2021-12-07,184.89999389648438,189.67999267578125,183.39999389648438,185.5800018310547,180.29010009765625,364939,CDR.WA,0.008586966473123292,0.6639713840109296,185.4390007019043,186.41540100097657,186.99705055236817,0.43746842097734756,1.6486582747512308,-0.5972656103575391
2021-12-08,185.39999389648438,188.05999755859375,183.5399932861328,186.1999969482422,180.89242553710938,249958,CDR.WA,0.003340850905648285,0.6661896134105271,185.66400070190429,186.51580108642577,186.63955047607422,0.43485014154848217,1.6486582747512308,-0.5959201348071663
2021-12-09,184.0,186.75999450683594,178.5800018310547,180.13999938964844,175.00515747070312,319071,CDR.WA,-0.03254563726055404,0.6445080479057194,185.6340003967285,186.44220092773438,186.2492504119873,0.45102928207746507,1.6486582747512308,-0.6090711715240258
2021-12-10,179.77999877929688,181.3000030517578,178.05999755859375,178.5399932861328,173.45074462890625,147386,CDR.WA,-0.008882014593853516,0.6387835180183647,185.32099990844728,186.33100067138673,185.8839503479004,0.44420196400027007,1.6486582747512308,-0.6125434070837075
2021-12-13,178.66000366210938,183.5800018310547,178.66000366210938,182.6199951171875,177.41445922851562,266656,CDR.WA,0.02285203307090966,0.6533810200972724,185.2859992980957,186.1474005126953,185.61405029296876,0.45150801560364945,1.6486582747512308,-0.6036892362088424
2021-12-14,182.6199951171875,184.25999450683594,172.9199981689453,172.9199981689453,167.99093627929688,447537,CDR.WA,-0.05311574420981491,0.6186762009622377,184.78199920654296,185.81500061035158,185.2771502685547,0.48965248306126685,1.6486582747512308,-0.6247395773659699
2021-12-15,173.1999969482422,181.55999755859375,172.94000244140625,179.0,173.89764404296875,370788,CDR.WA,0.03516077894654179,0.6404293381037572,184.73499908447266,185.71300048828124,184.9656502532959,0.5039086084854476,1.6486582747512308,-0.611545128598349
2021-12-16,183.5,187.24000549316406,181.0,183.9600067138672,178.7162628173828,464350,CDR.WA,0.0277095347143419,0.6581753370800263,184.8659996032715,185.5122006225586,184.74395027160645,0.5127597046997328,1.6486582747512308,-0.6007812248542896
2021-12-17,182.72000122070312,189.05999755859375,182.10000610351562,188.9600067138672,183.57374572753906,752662,CDR.WA,0.027179820708405522,0.6760644247365558,184.86399993896484,185.42860076904296,184.5137503051758,0.4993920603411539,1.6486582747512308,-0.5899305301224
2021-12-20,184.24000549316406,193.0399932861328,184.05999755859375,193.0399932861328,187.5374298095703,408734,CDR.WA,0.021591799467089112,0.6906618722223005,184.79199981689453,185.40740051269532,184.31895027160644,0.49445035025920114,1.6486582747512308,-0.5810763923612273
2021-12-21,191.0,193.0,187.02000427246094,191.36000061035156,185.90533447265625,220562,CDR.WA,-0.008702821872207056,0.6846511649744248,184.30999984741212,185.33740051269533,184.1157502746582,0.47906765346474,1.6486582747512308,-0.5847222098965699
2021-12-22,191.39999389648438,197.83999633789062,191.0,197.83999633789062,192.20059204101562,334359,CDR.WA,0.03386285381934995,0.7078354072912014,184.875,185.39020050048828,183.98995025634767,0.41749187765913265,1.6486582747512308,-0.5706597187958747
2021-12-23,197.83999633789062,197.86000061035156,191.22000122070312,194.5800018310547,189.03353881835938,224342,CDR.WA,-0.016477934528810856,0.6961717417926828,185.25,185.20380065917968,183.9118502807617,0.4233492183203339,1.6486582747512308,-0.5777343598401377
2021-12-27,191.17999267578125,197.25999450683594,188.1999969482422,195.27999877929688,189.7135772705078,301036,CDR.WA,0.0035974763164507984,0.6986762031459643,185.7379997253418,184.93240051269532,183.7832502746582,0.42148392637945087,1.6486582747512308,-0.5762152692004114
2021-12-28,194.0,195.1999969482422,189.60000610351562,190.5,185.06983947753906,260010,CDR.WA,-0.024477666986772006,0.6815742397137752,185.68699951171874,184.74240051269533,183.6032502746582,0.4170849155203607,1.6486582747512308,-0.5865885307150027
2021-12-29,189.5,193.5,188.52000427246094,190.1199951171875,184.70066833496094,162686,CDR.WA,-0.001994776287729705,0.6802146515820667,186.05499954223632,184.78240051269532,183.40435028076172,0.3806857271473233,1.6486582747512308,-0.5874131941110079
2021-12-30,189.1999969482422,192.89999389648438,189.1999969482422,192.89999389648438,187.4014129638672,162817,CDR.WA,0.014622337737718372,0.6901609799516442,186.44999923706055,184.85920043945313,183.22135025024414,0.3816019386361628,1.6486582747512308,-0.5813802104891725
2022-01-03,192.8800048828125,201.89999389648438,192.36000061035156,200.60000610351562,194.88194274902344,650787,CDR.WA,0.03991712001382064,0.7177102186172301,187.47999954223633,184.92160064697265,183.0693502807617,0.38715036925058893,1.6486582747512308,-0.5646701141111086
2022-01-04,200.89999389648438,201.8000030517578,197.6999969482422,198.4600067138672,192.8029327392578,513845,CDR.WA,-0.010667992644746604,0.710053691283962,188.32999954223632,185.01880065917967,182.95815032958984,0.39132607044396006,1.6486582747512308,-0.5693142101318096
2022-01-05,198.0,204.0,197.1999969482422,204.0,198.1850128173828,348892,CDR.WA,0.02791491030291149,0.729874776386405,189.32999954223632,185.47880065917968,182.86215034484863,0.39872342216685563,1.6486582747512308,-0.5572916549389004
2022-01-07,200.39999389648438,201.5500030517578,195.8800048828125,198.63999938964844,192.97779846191406,530654,CDR.WA,-0.026274512795841032,0.7106976722348788,189.982999420166,185.7660006713867,182.77035034179687,0.41402216593567226,1.6486582747512308,-0.5689236010160339
2022-01-10,198.60000610351562,199.66000366210938,188.10000610351562,188.10000610351562,182.73826599121094,403340,CDR.WA,-0.05306077989588476,0.6729874994759062,190.0779998779297,185.78400085449218,182.60735038757323,0.4605211867983582,1.6486582747512308,-0.5917968509408327
2022-01-11,189.5,193.10000610351562,188.1999969482422,188.55999755859375,183.1851348876953,343540,CDR.WA,0.002445462201766224,0.6746332649681357,190.49899978637694,185.91520080566406,182.46465034484862,0.44323073834883425,1.6486582747512308,-0.5907986055691666
2022-01-12,189.3000030517578,196.66000366210938,186.0,196.0,190.41305541992188,523991,CDR.WA,0.03945695024255769,0.7012522361359577,191.37200012207032,186.27480072021484,182.40415031433105,0.4594513604490164,1.6486582747512308,-0.5746527665099239
2022-01-13,193.0,197.75999450683594,192.0,193.02000427246094,187.5180206298828,294449,CDR.WA,-0.015204059834382999,0.6905903551787517,191.892000579834,186.6788006591797,182.30925033569335,0.45978252164938876,1.6486582747512308,-0.5811197712982964
2022-01-14,192.9600067138672,195.33999633789062,189.6999969482422,191.0,185.55560302734375,256701,CDR.WA,-0.010465258666192745,0.6833631484794281,192.7960006713867,187.02120056152344,182.06575035095216,0.41308115150236957,1.6486582747512308,-0.5855034612418137
2022-01-17,191.5,191.82000732421875,188.6999969482422,191.0,185.55560302734375,113825,CDR.WA,0.0,0.6833631484794281,193.39600067138673,187.37280059814452,181.93125038146974,0.3979555952728818,1.6486582747512308,-0.5855034612418137
2022-01-18,190.0,208.10000610351562,186.4600067138672,194.0,188.47006225585938,1468991,CDR.WA,0.015706806282722585,0.6940966010733459,193.89800033569335,187.7808004760742,181.94875038146972,0.390501386263907,1.6486582747512308,-0.5789930444026798
2022-01-19,192.0,192.3800048828125,187.0,187.74000549316406,182.3885040283203,541809,CDR.WA,-0.03226801292183468,0.6716994829809096,193.8370002746582,187.9136004638672,181.91455039978027,0.3985086353938794,1.6486582747512308,-0.5925781022860764
2022-01-20,189.3000030517578,192.36000061035156,187.47999572753906,190.0,184.58409118652344,394610,CDR.WA,0.012037895177957836,0.6797853309481223,193.68500061035155,188.13720031738282,181.879150390625,0.3930409117947804,1.6486582747512308,-0.5876736001881916
2022-01-21,189.0,191.0,184.16000366210938,186.0,180.69810485839844,377091,CDR.WA,-0.021052631578947323,0.6654740608228987,193.417000579834,188.2772003173828,181.8503504180908,0.39886032823303563,1.6486582747512308,-0.5963541559737033
2022-01-24,185.0,187.5,176.0,178.0,172.92616271972656,492727,CDR.WA,-0.043010752688172005,0.6368515205724515,192.42500076293945,188.20320037841796,181.8253504180908,0.4027600431710466,1.6486582747512308,-0.6137152675447268
2022-01-25,178.0,180.8800048828125,172.39999389648438,172.82000732421875,167.89382934570312,515298,CDR.WA,-0.029101082448209303,0.6183184519650051,191.33700103759764,188.04480041503905,181.76755043029786,0.40997461747930386,1.6486582747512308,-0.6249565713923921
2022-01-26,173.5,177.1999969482422,172.02000427246094,173.1199951171875,168.18524169921875,316123,CDR.WA,0.001735839487646551,0.6193917535498664,190.2290008544922,187.81120025634766,181.70065040588378,0.40947400573887055,1.6486582747512308,-0.6243055561994328
2022-01-27,171.9600067138672,175.72000122070312,168.55999755859375,175.39999389648438,170.40025329589844,269912,CDR.WA,0.013170048773126997,0.6275491731537908,189.4740005493164,187.65279998779297,181.6451503753662,0.4083652662875578,1.6486582747512308,-0.6193576420507865
2022-01-28,175.0,176.89999389648438,166.10000610351562,166.22000122070312,161.48193359375,474339,CDR.WA,-0.052337474317125654,0.5947048344211208,188.27900085449218,187.31720001220702,181.54745040893556,0.4430333929979753,1.6486582747512308,-0.6392795016839636
2022-01-31,169.1999969482422,180.05999755859375,166.5,180.05999755859375,174.92742919921875,524308,CDR.WA,0.08326312258603696,0.6442218159520353,187.63700103759766,187.3195999145508,181.51065040588378,0.5420137935837784,1.6486582747512308,-0.6092447866133792
2022-02-01,181.27999877929688,185.89999389648438,177.82000732421875,180.94000244140625,175.7823486328125,888178,CDR.WA,0.0048872869862510715,0.6473703128493967,186.65400085449218,187.3116000366211,181.53155044555663,0.5190988626007139,1.6486582747512308,-0.6073350537441851
2022-02-02,182.0,186.60000610351562,180.94000244140625,185.83999633789062,180.5426788330078,372931,CDR.WA,0.02708076616762023,0.6649015969155304,186.02300033569335,187.24839996337892,181.57325042724608,0.5304558476692328,1.6486582747512308,-0.5967013861524101
2022-02-03,183.24000549316406,185.83999633789062,182.4600067138672,185.0,179.7266082763672,112530,CDR.WA,-0.0045199976024717925,0.6618962432915926,185.07300033569337,187.05880004882812,181.63325042724608,0.5179307091269901,1.6486582747512308,-0.5985242949200814
2022-02-04,183.0,187.33999633789062,177.8800048828125,177.8800048828125,172.80958557128906,360363,CDR.WA,-0.03848646009290535,0.6364221999385067,184.03500061035157,186.59640014648437,181.65965042114257,0.5265217885881002,1.6486582747512308,-0.6139756736219107
2022-02-07,178.02000427246094,181.32000732421875,176.0,179.55999755859375,174.44168090820312,407030,CDR.WA,0.009444527938303304,0.6424329071863824,183.60800018310547,186.45680023193358,181.68995040893554,0.49673212502078934,1.6486582747512308,-0.6103298560865682
2022-02-08,179.25999450683594,180.0,173.39999389648438,178.4600067138672,173.37303161621094,495046,CDR.WA,-0.006126035083998116,0.6384973406578437,183.10300064086914,186.28440032958986,181.72655044555665,0.4966783724144415,1.6486582747512308,-0.6127169890593684
2022-02-09,179.8000030517578,183.60000610351562,177.94000244140625,183.60000610351562,178.3665313720703,363955,CDR.WA,0.02880196792713119,0.6568873205850294,182.4830009460449,186.24600036621095,181.79965049743652,0.48612835574337926,1.6486582747512308,-0.6015624761995336
2022-02-10,183.8000030517578,184.0,178.16000366210938,181.47999572753906,176.30694580078125,197816,CDR.WA,-0.011546897088779429,0.64930231029531,181.90600051879883,186.0452001953125,181.86555046081543,0.48506506940373606,1.6486582747512308,-0.6061631932831657
2022-02-11,180.75999450683594,180.75999450683594,176.8000030517578,178.02000427246094,172.94558715820312,242564,CDR.WA,-0.01906541512306792,0.6369230922091629,181.2570007324219,185.950400390625,181.89315048217773,0.48785795798505505,1.6486582747512308,-0.6136718554939655
2022-02-14,173.67999267578125,180.77999877929688,172.89999389648438,178.8000030517578,173.70335388183594,466445,CDR.WA,0.004381523202881654,0.6397137855161285,180.64700088500976,185.82640045166016,181.91095046997071,0.4884710975058631,1.6486582747512308,-0.6119791497648862
2022-02-15,180.0,187.36000061035156,179.4199981689453,180.86000061035156,175.7046356201172,622285,CDR.WA,0.011521238945378709,0.6470840808957126,179.99000091552733,185.84360046386718,181.94465049743653,0.4865844278107297,1.6486582747512308,-0.6075086688335385
2022-02-16,187.5,188.0,180.1999969482422,181.8000030517578,176.61781311035156,334219,CDR.WA,0.005197403727933203,0.6504472381100461,179.69300079345703,185.850400390625,182.00905052185058,0.4747868228856903,1.6486582747512308,-0.6054687329257524
2022-02-17,182.0,183.8000030517578,178.60000610351562,180.0,174.86915588378906,346062,CDR.WA,-0.009901006719154726,0.6440071556350629,179.19300079345703,185.770400390625,182.10155052185058,0.4730657433616796,1.6486582747512308,-0.6093749896519711
2022-02-18,180.0,182.32000732421875,174.8000030517578,174.8000030517578,169.81736755371094,274160,CDR.WA,-0.028888871934678817,0.6254025153909049,178.63300094604492,185.55480041503907,182.19295051574707,0.47798165119920166,1.6486582747512308,-0.620659705550398
2022-02-21,176.55999755859375,177.1999969482422,168.3800048828125,169.0,164.1826934814453,322394,CDR.WA,-0.03318079491131609,0.6046511627906981,178.18300094604493,185.2108004760742,182.23065048217774,0.46815203204478845,1.6486582747512308,-0.6332465180621284
2022-02-22,166.0,171.10000610351562,159.1999969482422,171.10000610351562,166.22283935546875,403438,CDR.WA,0.012426071618435675,0.6121646014437057,178.09700088500978,185.03000061035155,182.30285049438476,0.45961255681066676,1.6486582747512308,-0.6286892130292578
2022-02-23,175.74000549316406,179.89999389648438,169.0,169.39999389648438,164.5712890625,418291,CDR.WA,-0.009935781101040653,0.6060822679659552,177.9110008239746,184.8472006225586,182.37855049133302,0.4608574159111414,1.6486582747512308,-0.6323784757290543
2022-02-24,160.0,164.0,150.1999969482422,159.86000061035156,155.30322265625,763166,CDR.WA,-0.056316373257737196,0.5719499127382885,177.13400115966797,184.39200073242188,182.37285049438478,0.49767305109210286,1.6486582747512308,-0.6530815867074751
2022-02-25,164.32000732421875,167.47999572753906,160.22000122070312,164.39999389648438,159.71380615234375,427057,CDR.WA,0.02839980776178508,0.5881931803094257,177.04300079345703,184.22160064697266,182.40525047302245,0.47606996899867715,1.6486582747512308,-0.6432291704609439
2022-02-28,161.4199981689453,170.0,159.0399932861328,168.39999389648438,163.59979248046875,653468,CDR.WA,0.024330901146618178,0.6025044504346493,176.46000061035156,184.00960052490234,182.42285041809083,0.37422002665684045,1.6486582747512308,-0.6345486146754322
2022-03-01,170.0,171.9600067138672,166.9199981689453,168.3000030517578,163.5026397705078,597472,CDR.WA,-0.0005937698833173854,0.6021467014374166,175.82800064086913,183.69640045166017,182.4057504272461,0.3731776127398333,1.6486582747512308,-0.6347656087018545
2022-03-02,167.0,175.0,165.97999572753906,172.52000427246094,167.6023712158203,581855,CDR.WA,0.025074278931565663,0.6172450957869805,175.16200103759766,183.36760040283204,182.4183504486084,0.3710696026363626,1.6486582747512308,-0.6256076196990442
2022-03-03,171.5,172.0,163.0,163.0,158.35372924804688,434390,CDR.WA,-0.05518203128157817,0.5831842576028626,174.06200103759767,182.76680053710936,182.38805046081544,0.4140910245926079,1.6486582747512308,-0.6462673517403961
2022-03-04,163.0,165.8800048828125,159.55999755859375,161.27999877929688,156.68275451660156,312568,CDR.WA,-0.010552154728240004,0.5770304070815635,173.23200073242188,182.16520050048828,182.3169504547119,0.3965073417494266,1.6486582747512308,-0.6499999933772614
2022-03-07,158.0,163.47999572753906,155.0,162.8800048828125,158.2371368408203,578622,CDR.WA,0.009920672839941913,0.5827549369689182,172.39800109863282,181.46600067138672,182.26635047912598,0.3967343367946073,1.6486582747512308,-0.6465277578175798
2022-03-08,162.0,164.8800048828125,156.0,157.9600067138672,153.4573974609375,437218,CDR.WA,-0.03020627468967174,0.5651520812660727,171.3730010986328,180.73360076904297,182.2150505065918,0.407066994938348,1.6486582747512308,-0.657204837460116
2022-03-09,160.39999389648438,164.5,160.16000366210938,162.05999755859375,157.44052124023438,351241,CDR.WA,0.02595587914954578,0.5798211003885292,170.2960006713867,180.06920074462892,182.20085052490234,0.40397508114807756,1.6486582747512308,-0.6483072876481819
2022-03-10,162.72000122070312,164.3800048828125,158.0,158.0,153.49624633789062,298591,CDR.WA,-0.025052435022565267,0.5652951699463332,169.12200088500975,179.4192007446289,182.18285049438475,0.4092850096493307,1.6486582747512308,-0.6571180464722857
2022-03-11,160.33999633789062,165.27999877929688,158.52000427246094,163.52000427246094,158.85890197753906,343457,CDR.WA,0.03493673590165147,0.5850447380052275,168.39700088500976,178.88720092773437,182.12295051574708,0.4317157289569876,1.6486582747512308,-0.6451388702164456
2022-03-14,163.63999938964844,166.6999969482422,160.52000427246094,162.6999969482422,158.06227111816406,300110,CDR.WA,-0.005014721763659136,0.5821109014248385,167.59200057983398,178.28320098876952,182.043550491333,0.4306169310905867,1.6486582747512308,-0.6469184000470478
2022-03-15,163.0,169.39999389648438,161.74000549316406,166.9199981689453,162.1619873046875,356643,CDR.WA,0.02593731591799342,0.5972092957744024,166.89500045776367,177.60960083007814,182.0344504547119,0.4405904366798672,1.6486582747512308,-0.6377604110442375
2022-03-16,169.0,172.36000061035156,166.05999755859375,170.3000030517578,165.4456329345703,518055,CDR.WA,0.020249250658339157,0.6093023365000285,166.32000045776368,177.04640075683594,182.11905044555664,0.44777224579513797,1.6486582747512308,-0.6304253308090986
2022-03-17,171.5,173.89999389648438,168.8000030517578,173.0,168.0686798095703,388040,CDR.WA,0.015854356428999017,0.6189624329159219,165.97000045776366,176.42640075683593,182.17615043640137,0.4517312335158939,1.6486582747512308,-0.6245659622766165
2022-03-18,173.77999877929688,174.3800048828125,168.1999969482422,170.1199951171875,165.27076721191406,509006,CDR.WA,-0.016647427068280374,0.6086583009559488,165.73600006103516,175.8560006713867,182.1707504272461,0.44394297973675034,1.6486582747512308,-0.6308159730385665
2022-03-21,168.55999755859375,172.8000030517578,168.1999969482422,171.32000732421875,166.43658447265625,183151,CDR.WA,0.007053916303046082,0.6129517256680462,165.85200042724608,175.5204006958008,182.178550491333,0.42791967010663956,1.6486582747512308,-0.6282117798119591
2022-03-22,186.94000244140625,187.13999938964844,171.67999267578125,174.17999267578125,169.21502685546875,1108734,CDR.WA,0.016693819923495834,0.6231842313981446,166.00599975585936,175.23280059814454,182.19445045471193,0.42969133388239056,1.6486582747512308,-0.622005214214463
2022-03-23,174.8800048828125,181.39999389648438,174.3000030517578,177.9600067138672,172.8872833251953,491886,CDR.WA,0.021701769416893057,0.6367084318921908,166.43400039672852,174.87200073242187,182.20175048828125,0.43343159477136084,1.6486582747512308,-0.6138020585325573
2022-03-24,178.0,178.02000427246094,174.0,175.97999572753906,170.96372985839844,237858,CDR.WA,-0.01112615706691722,0.6296243138731278,167.2400001525879,174.53120056152343,182.21165046691894,0.37775251823900513,1.6486582747512308,-0.6180989574882442
2022-03-25,176.10000610351562,178.94000244140625,174.0,175.44000244140625,170.4391326904297,219224,CDR.WA,-0.0030684924380204315,0.6276923164272142,167.792000579834,174.22000061035158,182.1598504638672,0.36839355953138064,1.6486582747512308,-0.6192708179492636
2022-03-28,175.1199951171875,178.86000061035156,173.77999877929688,176.39999389648438,171.3717498779297,207048,CDR.WA,0.0054719074425386705,0.6311269906850967,168.19200057983397,173.92800048828124,182.10795043945313,0.36025120670437666,1.6486582747512308,-0.6171875031044085
2022-03-29,177.24000549316406,179.6199951171875,174.5,178.3000030517578,173.2176055908203,274921,CDR.WA,0.01077102733001456,0.6379248767504757,168.69200057983397,173.61400054931642,182.00455047607423,0.3611848055352164,1.6486582747512308,-0.6130642192380751
2022-03-30,178.3000030517578,182.8000030517578,177.8000030517578,181.6199951171875,176.4429473876953,284349,CDR.WA,0.018620258040410453,0.6498032025659666,169.14700012207032,173.49160034179687,181.98195045471192,0.3566845715885876,1.6486582747512308,-0.6058593751552204
2022-03-31,180.5,182.02000427246094,173.74000549316406,173.74000549316406,168.78759765625,448331,CDR.WA,-0.04338723618475482,0.6216100375426269,169.68400039672852,173.16640045166017,181.94565048217774,0.33291262681900696,1.6486582747512308,-0.6229600475353676
2022-04-01,174.0,176.6999969482422,173.10000610351562,175.75999450683594,170.74998474121094,227596,CDR.WA,0.011626504833691653,0.6288371896487875,170.40800018310546,172.96160034179687,181.90515045166015,0.32987432108307063,1.6486582747512308,-0.6185763907055426
2022-04-04,175.0,175.89999389648438,172.10000610351562,174.1199951171875,169.15673828125,189763,CDR.WA,-0.009330902599593904,0.6229695710811723,170.96999969482422,172.88400024414062,181.85885040283202,0.3327553877742544,1.6486582747512308,-0.6221354172530549
2022-04-05,175.0,179.9199981689453,174.47999572753906,176.3000030517578,171.2746124267578,335436,CDR.WA,0.012520147000366633,0.630769241687864,171.88699951171876,172.95360015869142,181.85145042419433,0.30897786889448564,1.6486582747512308,-0.6174044971308308
2022-04-06,178.0800018310547,178.0800018310547,173.6199951171875,175.10000610351562,170.10882568359375,187272,CDR.WA,-0.006806562265854854,0.6264758715689295,172.53899993896485,172.99320037841798,181.8369504547119,0.30228790627628843,1.6486582747512308,-0.620008657243746
2022-04-07,176.60000610351562,177.33999633789062,173.6999969482422,174.0,169.04017639160156,237134,CDR.WA,-0.006282159138620069,0.6225402504472277,173.33899993896483,172.9652005004883,181.80675048828124,0.28517869841150295,1.6486582747512308,-0.6223958233302387
2022-04-08,176.0,176.0,170.5,170.8800048828125,166.0091094970703,200791,CDR.WA,-0.017931006420617845,0.6113774772193654,173.7069999694824,173.05840057373047,181.7625505065918,0.27302949007748667,1.6486582747512308,-0.6291666462465563
2022-04-11,170.10000610351562,175.89999389648438,168.89999389648438,175.77999877929688,170.76942443847656,237853,CDR.WA,0.028675057095443934,0.6289087612854992,174.36100006103516,172.97280059814454,181.7139505004883,0.2868252708017841,1.6486582747512308,-0.6185329786547813
2022-04-12,174.75999450683594,174.89999389648438,168.6999969482422,168.8000030517578,163.98837280273438,253047,CDR.WA,-0.03970870278764138,0.6039356102030696,174.4550003051758,172.73000061035157,181.6161505126953,0.3137172805696346,1.6486582747512308,-0.6336805392286654
2022-04-13,170.0,171.32000732421875,168.17999267578125,169.8800048828125,165.03761291503906,124379,CDR.WA,0.006398114997210769,0.6077996596880595,174.43400039672852,172.41080078125,181.54045051574707,0.3060564572310093,1.6486582747512308,-0.6313367851929342
2022-04-14,167.82000732421875,170.25999450683594,162.9600067138672,167.0,162.2397003173828,467344,CDR.WA,-0.016953171650773147,0.5974955277280863,174.1340003967285,172.05080078125,181.4316505432129,0.3057493945798973,1.6486582747512308,-0.6375867959548842
2022-04-19,167.0,167.9600067138672,149.8000030517578,149.89999389648438,145.62713623046875,1670727,CDR.WA,-0.1023952461288361,0.5363148261054901,173.12300033569335,171.49120056152344,181.2301505279541,0.46945299103092847,1.6486582747512308,-0.674696185183424
2022-04-20,150.0,152.39999389648438,137.44000244140625,137.44000244140625,133.52230834960938,1229628,CDR.WA,-0.08312202776794342,0.4917352502375898,171.42900009155272,170.6488006591797,180.95785057067872,0.540300142079011,1.6486582747512308,-0.7017360979116254
2022-04-21,138.0,139.74000549316406,127.80000305175781,128.63999938964844,124.97314453125,1404510,CDR.WA,-0.06402796053142867,0.4602504450434652,169.1520004272461,169.65240051269532,180.66445053100585,0.5621837083338198,1.6486582747512308,-0.7208333272624897
2022-04-22,129.0,132.10000610351562,125.62000274658203,127.5999984741211,123.96278381347656,1070373,CDR.WA,-0.008084584269758888,0.45652951153531723,166.63400001525878,168.53240036010743,180.33545055389405,0.5465260760282917,1.6486582747512308,-0.7230902737535443
2022-04-25,127.0,131.3000030517578,125.69999694824219,130.72000122070312,126.99385070800781,922892,CDR.WA,0.024451432475642187,0.467692312059761,164.371000289917,167.5172004699707,180.05165058135987,0.56493480117075,1.6486582747512308,-0.7163194342803805
2022-04-26,131.94000244140625,133.1999969482422,126.77999877929688,127.95999908447266,124.31253051757812,569591,CDR.WA,-0.021113847234216054,0.4578175280303139,161.99700012207032,166.51600036621093,179.75145057678222,0.5638796970355231,1.6486582747512308,-0.7223090224083006
2022-04-27,128.0,130.9199981689453,125.0,129.1199951171875,125.439453125,643449,CDR.WA,0.009065301977292606,0.4619677821724063,159.63300018310548,165.52240020751952,179.38780052185058,0.5657537314615076,1.6486582747512308,-0.7197916698400622
2022-04-28,130.0,130.6999969482422,122.33999633789062,123.4800033569336,119.9602279663086,641557,CDR.WA,-0.043680235234946574,0.44178892077614906,156.89200019836426,164.37480026245117,178.98795055389405,0.5660632592339664,1.6486582747512308,-0.7320312356162398
2022-04-29,124.16000366210938,126.9000015258789,119.73999786376953,120.9800033569336,117.531494140625,642613,CDR.WA,-0.020246193165167403,0.4328443769478843,153.86000061035156,163.1584002685547,178.6131505584717,0.5496782453038471,1.6486582747512308,-0.7374565829821846
2022-05-02,119.81999969482422,121.22000122070312,115.5,119.41999816894531,116.01596069335938,389237,CDR.WA,-0.012894735862965079,0.42726296303737166,151.1440002441406,161.9468002319336,178.2356505584717,0.5427280711695467,1.6486582747512308,-0.7408420109971897
2022-05-04,120.0,123.68000030517578,115.22000122070312,123.05999755859375,119.55220794677734,748431,CDR.WA,0.030480651862838437,0.4402862166675986,148.5090003967285,160.9120001220703,177.8802505493164,0.5602195520114235,1.6486582747512308,-0.7329427065569217
2022-05-05,124.69999694824219,125.41999816894531,118.9000015258789,119.4800033569336,116.07424926757812,417241,CDR.WA,-0.029091453540421086,0.42747765065092536,145.77700080871583,159.921600189209,177.5461505508423,0.5609992710138733,1.6486582747512308,-0.7407117914017516
2022-05-06,117.0,118.45999908447266,114.36000061035156,117.73999786376953,114.38385009765625,497092,CDR.WA,-0.01456315236254202,0.42125222849291444,142.8490005493164,158.85440002441408,177.19685050964355,0.5495536536874182,1.6486582747512308,-0.7444878450893786
2022-05-09,117.73999786376953,118.0,114.13999938964844,115.05999755859375,111.78022766113281,297618,CDR.WA,-0.022762021010707567,0.41166367641715135,139.8470001220703,157.76760009765624,176.84975051879883,0.5476225258926973,1.6486582747512308,-0.7503038181279452
2022-05-10,117.36000061035156,118.19999694824219,113.27999877929688,116.5,113.17919158935547,300498,CDR.WA,0.012515230940040034,0.4168157423971379,136.9720001220703,156.9004000854492,176.50205055236816,0.557922030470898,1.6486582747512308,-0.7471788127469703
2022-05-11,117.45999908447266,121.45999908447266,115.77999877929688,121.08000183105469,117.62864685058594,408027,CDR.WA,0.03931332043823765,0.43320215324169853,134.48199996948242,156.03400024414063,176.17605056762696,0.5954562055469029,1.6486582747512308,-0.7372395723989162
2022-05-12,117.12000274658203,119.5199966430664,113.62000274658203,116.62000274658203,113.29578399658203,388453,CDR.WA,-0.03683514219545336,0.417245090327664,131.52400016784668,154.99840042114258,175.83915058135986,0.5747481033338255,1.6486582747512308,-0.7469183901129403
2022-05-13,117.37999725341797,121.72000122070312,116.26000213623047,120.68000030517578,117.24004364013672,328131,CDR.WA,0.03481390381559346,0.4317710207698599,129.11800003051758,154.04600036621093,175.52645057678222,0.6005696289982726,1.6486582747512308,-0.7381076312888366
2022-05-16,120.5,121.4000015258789,116.87999725341797,116.87999725341797,113.54835510253906,233204,CDR.WA,-0.0314882585527706,0.41817530323226487,126.46799964904785,152.9332002258301,175.19195056915282,0.5969284452403402,1.6486582747512308,-0.7463541659078112
2022-05-17,118.4800033569336,125.4000015258789,117.4000015258789,124.13999938964844,120.6014175415039,548383,CDR.WA,0.06211500946983595,0.4441502661525885,124.32499961853027,152.15600021362306,174.89265056610108,0.6610120411193139,1.6486582747512308,-0.7305989525211904
2022-05-18,124.80000305175781,124.95999908447266,118.81999969482422,119.0999984741211,115.70507049560547,429685,CDR.WA,-0.040599330919181664,0.42611806251921697,122.78499984741211,151.31240020751954,174.56445053100586,0.5830549737690998,1.6486582747512308,-0.7415364547977568
2022-05-19,117.19999694824219,118.04000091552734,114.73999786376953,116.87999725341797,113.54835510253906,676736,CDR.WA,-0.01863980897687001,0.4181753032322648,121.75699958801269,150.39240005493164,174.27385051727296,0.5182829853198857,1.6486582747512308,-0.7463541659078112
2022-05-20,117.0,121.68000030517578,116.63999938964844,118.36000061035156,114.98617553710938,389424,CDR.WA,0.012662588909243988,0.4234704851890934,121.24299964904785,149.60039993286134,173.9880504989624,0.4773436275501903,1.6486582747512308,-0.7431423529821596
2022-05-23,120.0,121.86000061035156,115.5199966430664,116.62000274658203,113.29578399658203,277643,CDR.WA,-0.014700894346035942,0.417245090327664,120.69399986267089,148.69160003662108,173.69565048217774,0.47872009755706924,1.6486582747512308,-0.7469183901129403
2022-05-24,115.63999938964844,116.80000305175781,110.81999969482422,111.0,107.83597564697266,565229,CDR.WA,-0.04819072726995577,0.3971377459749555,119.70799980163574,147.75160003662108,173.35945045471192,0.49063467872362004,1.6486582747512308,-0.7591145769520489
2022-05-25,111.0,111.37999725341797,105.87999725341797,108.0,104.92147827148438,480379,CDR.WA,-0.027027027027026973,0.3864042933810378,118.7099998474121,146.64119995117187,173.02885047912596,0.4932223023257273,1.6486582747512308,-0.7656249937911827
2022-05-26,108.5,111.5999984741211,106.62000274658203,110.62000274658203,107.46680450439453,378584,CDR.WA,0.024259284690574257,0.3957781851398286,117.78500022888184,145.59960006713868,172.7219504928589,0.5030408202807738,1.6486582747512308,-0.7599392237912078
2022-05-27,112.05999755859375,114.73999786376953,107.19999694824219,112.27999877929688,109.0794906616211,596168,CDR.WA,0.015006291732949206,0.40171734804757403,117.225,144.5068000793457,172.45255046844483,0.4895908483104752,1.6486582747512308,-0.7563368017497805
2022-05-30,114.0,117.9800033569336,113.0199966430664,113.0999984741211,109.87610626220703,341852,CDR.WA,0.007303168006227434,0.40465115733138163,116.83099975585938,143.36279998779298,172.18125045776367,0.4874467344401479,1.6486582747512308,-0.7545572884760244
2022-05-31,113.0999984741211,113.16000366210938,108.4800033569336,108.66000366210938,105.56266784667969,1183493,CDR.WA,-0.039257249088536894,0.3887656660540588,116.29300003051758,142.07600006103516,171.89025047302246,0.503328042575291,1.6486582747512308,-0.764192694139287
2022-06-01,109.30000305175781,110.62000274658203,108.19999694824219,108.36000061035156,105.27122497558594,288755,CDR.WA,-0.002760933569362911,0.3876923098760344,115.55800018310546,140.84080017089843,171.5875505065918,0.48646822539397316,1.6486582747512308,-0.7648437424459389
2022-06-02,109.05999755859375,109.05999755859375,106.45999908447266,107.94000244140625,104.86320495605469,246179,CDR.WA,-0.0038759520725324403,0.3861896330640655,114.9810001373291,139.5732000732422,171.30225051879881,0.4786941426441325,1.6486582747512308,-0.7657551968297746
2022-06-03,108.9000015258789,109.69999694824219,104.0,104.19999694824219,101.22980499267578,260094,CDR.WA,-0.03464892911406292,0.37280857584344274,114.30400009155274,138.1736001586914,170.96815048217775,0.4894086541407778,1.6486582747512308,-0.7738715284101574
2022-06-06,104.5999984741211,108.73999786376953,103.58000183105469,106.9000015258789,103.85284423828125,275871,CDR.WA,0.025911752943504007,0.3824686995559176,113.896000289917,136.75240005493163,170.66965045928956,0.49725740703020166,1.6486582747512308,-0.7680121433208291
2022-06-07,106.45999908447266,106.87999725341797,103.5199966430664,105.18000030517578,102.18186950683594,390569,CDR.WA,-0.01608981474417226,0.3763148490346184,113.33000030517579,135.33640014648438,170.35405044555665,0.4956265366450491,1.6486582747512308,-0.7717447849576946
2022-06-08,104.27999877929688,105.86000061035156,103.0199966430664,103.37999725341797,100.43317413330078,345853,CDR.WA,-0.017113548645514065,0.3698747665596352,112.44500007629395,133.8952000427246,170.0422504043579,0.46902035564826605,1.6486582747512308,-0.7756510416839133
2022-06-09,103.5,103.5,93.1500015258789,93.94999694824219,91.27197265625,1104148,CDR.WA,-0.09121687517615029,0.3361359461475572,111.31149978637696,132.24620010375978,169.6859003829956,0.5473766687195193,1.6486582747512308,-0.7961154526105312
2022-06-10,93.25,95.9000015258789,89.66000366210938,93.62999725341797,90.96109771728516,948624,CDR.WA,-0.00340606391930498,0.3349910456294026,109.95899963378906,130.55279998779298,169.3251503753662,0.5219326130608767,1.6486582747512308,-0.7968098964110983
2022-06-13,91.5999984741211,92.77999877929688,88.30000305175781,88.43000030517578,85.9093246459961,594369,CDR.WA,-0.0555377240284215,0.3163864053852445,108.53649978637695,128.68900009155274,168.93940036773682,0.5404420030986551,1.6486582747512308,-0.8080946123095251
2022-06-14,88.5,92.4000015258789,86.36000061035156,91.4000015258789,88.79466247558594,603543,CDR.WA,0.03358590083064028,0.3270125278206761,106.89949989318848,127.04220001220703,168.55620040893555,0.49524555302644524,1.6486582747512308,-0.8016492969896872
2022-06-15,91.5,91.9000015258789,89.91000366210938,91.80999755859375,89.1929702758789,413808,CDR.WA,0.004485733324618879,0.32847941881428916,105.53499984741211,125.36320007324218,168.17635040283204,0.489822145738776,1.6486582747512308,-0.8007595486312322
2022-06-17,90.36000061035156,93.36000061035156,90.0,90.52999877929688,87.94945526123047,849086,CDR.WA,-0.013941823476032345,0.3238998167416706,104.21749992370606,123.69140014648437,167.79090042114257,0.48931995391165023,1.6486582747512308,-0.8035373238335006
2022-06-20,90.5999984741211,93.5199966430664,90.5999984741211,92.5,89.8633041381836,215985,CDR.WA,0.021760756072755516,0.33094812164579634,102.92449989318848,122.01540008544922,167.4068003845215,0.4964715829459358,1.6486582747512308,-0.7992621474600407
2022-06-21,93.19000244140625,93.69999694824219,90.76000213623047,91.37000274658203,88.7655258178711,284657,CDR.WA,-0.012216186523437478,0.32690519766219,101.66199989318848,120.34080001831055,167.01185039520263,0.49635554466956555,1.6486582747512308,-0.8017143985089831
2022-06-22,90.19000244140625,91.70999908447266,88.37000274658203,90.94999694824219,88.35748291015625,246972,CDR.WA,-0.0045967580793966345,0.3254024935536396,100.65949974060058,118.67979995727539,166.51670040130614,0.4775534778114041,1.6486582747512308,-0.802625869449665
2022-06-23,90.0,91.69999694824219,89.05000305175781,90.66999816894531,88.0854721069336,206790,CDR.WA,-0.0030786013050250194,0.324400709012327,99.79299964904786,117.07559982299804,166.03495037078858,0.47342334614944676,1.6486582747512308,-0.8032335057055554
2022-06-24,91.5,94.66000366210938,90.69000244140625,94.41000366210938,91.7188720703125,226062,CDR.WA,0.04124854492877916,0.33778176623294975,98.98249969482421,115.4481999206543,165.56700038909912,0.4923685760535765,1.6486582747512308,-0.7951171741251726
2022-06-27,94.69999694824219,95.5,93.08000183105469,94.9800033569336,92.27262115478516,324293,CDR.WA,0.006037492561320468,0.33982112113393087,98.11749992370605,113.97179992675781,165.1169004058838,0.487959500123676,1.6486582747512308,-0.793880195588011
2022-06-28,95.4000015258789,97.8499984741211,95.0,97.4000015258789,94.6236343383789,291396,CDR.WA,0.025479028041839324,0.3484794330085116,97.33250007629394,112.52219985961914,164.7114004135132,0.4995826007806006,1.6486582747512308,-0.7886284633114196
2022-06-29,96.5,98.3499984741211,94.20999908447266,98.3499984741211,95.54655456542969,312577,CDR.WA,0.009753561944142008,0.3518783487446196,96.81699981689454,111.14919982910156,164.2997504425049,0.48771084761058764,1.6486582747512308,-0.786566837935099
2022-06-30,97.0,101.0999984741211,95.41000366210938,95.68000030517578,92.95266723632812,573893,CDR.WA,-0.02714792283039913,0.3423255824872124,96.18299980163575,110.0647999572754,163.87105045318603,0.49418952037560554,1.6486582747512308,-0.7923611049482849
2022-07-01,95.4000015258789,98.27999877929688,93.55999755859375,97.95999908447266,95.16767120361328,309696,CDR.WA,0.02382941860393717,0.3504830020911368,95.68399963378906,109.27519989013672,163.42115043640138,0.5052303809906483,1.6486582747512308,-0.7874131907996387
2022-07-04,97.9000015258789,97.9000015258789,94.11000061035156,95.30000305175781,93.53836059570312,259136,CDR.WA,-0.02715390013857677,0.3409660216520855,95.23899993896484,108.6083999633789,162.95375045776368,0.4999406746240814,1.6486582747512308,-0.7931857517874439
2022-07-05,96.77999877929688,96.77999877929688,88.87999725341797,91.83000183105469,90.13250732421875,372657,CDR.WA,-0.03641134427685755,0.32855099045100095,94.48549995422363,107.89300003051758,162.45860046386719,0.49947977042358727,1.6486582747512308,-0.8007161365804708
2022-07-06,91.5999984741211,99.08000183105469,91.44999694824219,97.44999694824219,95.64861297607422,490559,CDR.WA,0.061199989166143665,0.34865830750712795,94.09899978637695,107.22759994506836,161.96405044555664,0.5534348454451139,1.6486582747512308,-0.7885199662982083
2022-07-07,97.88999938964844,103.91999816894531,97.5,103.77999877929688,101.8615951538086,449301,CDR.WA,0.064956408715094,0.3713058990314739,94.1189998626709,106.74399993896485,161.5079504394531,0.6007620947193979,1.6486582747512308,-0.7747829827939929
2022-07-08,103.80000305175781,104.9000015258789,100.5,103.80000305175781,101.88123321533203,313801,CDR.WA,0.0001927565301236278,0.3713774706681856,94.61150016784669,106.23760009765626,161.1048504638672,0.49282927526822146,1.6486582747512308,-0.7747395707432315
2022-07-11,104.0,106.0199966430664,102.62000274658203,104.5,102.56829071044922,433046,CDR.WA,0.006743708358978973,0.37388193202146713,95.15500030517578,105.85800003051757,160.7033504486084,0.4917253495849471,1.6486582747512308,-0.7732204801035054
2022-07-12,104.5,104.5,100.9000015258789,102.0199966430664,100.1341323852539,420778,CDR.WA,-0.023732089540034362,0.3650089325333326,95.83450012207031,105.47879989624023,160.26295040130614,0.4501728934253587,1.6486582747512308,-0.7786024319755351
2022-07-13,102.0199966430664,102.5199966430664,96.20999908447266,97.6500015258789,95.84491729736328,218603,CDR.WA,-0.04283469183474531,0.34937388739133796,96.14700012207031,105.0433999633789,159.78620040893554,0.4727172403139464,1.6486582747512308,-0.7880859285748251
2022-07-14,97.6500015258789,98.91999816894531,93.80999755859375,94.81999969482422,93.0672378540039,278104,CDR.WA,-0.028981073085848186,0.3392486572265627,96.29750022888183,104.47860000610352,159.34020038604737,0.4867256697138915,1.6486582747512308,-0.7942274257667177
2022-07-15,95.0,97.56999969482422,93.0,93.31999969482422,91.59495544433594,336672,CDR.WA,-0.01581944742488628,0.33388193092960383,96.4370002746582,103.95539993286133,158.90090042114258,0.4875890293448056,1.6486582747512308,-0.7974826341862846
2022-07-18,95.0,95.55999755859375,91.26000213623047,93.80999755859375,92.07589721679688,347752,CDR.WA,0.00525072723287523,0.33563505387690085,96.50250015258788,103.4767999267578,158.45085037231445,0.482189263885555,1.6486582747512308,-0.7964192707384764
2022-07-19,93.80000305175781,94.0,90.72000122070312,93.98999786376953,92.25257110595703,283409,CDR.WA,0.0019187752889915366,0.3362790621243992,96.63349990844726,103.05539993286133,158.0003003311157,0.4796014549179484,1.6486582747512308,-0.7960286450658546
2022-07-20,95.61000061035156,95.79000091552734,91.80000305175781,94.4000015258789,92.65499114990234,350660,CDR.WA,0.0043622052497931385,0.33774598041459375,96.80600013732911,102.61339996337891,157.51330032348633,0.4790600552451224,1.6486582747512308,-0.7951388801505535
2022-07-21,95.0,95.30000305175781,91.68000030517578,92.55000305175781,90.83919525146484,419948,CDR.WA,-0.01959744114637474,0.3311270234409941,96.90000038146972,102.04279998779298,157.02835037231446,0.48506644533157284,1.6486582747512308,-0.7991536338899834
2022-07-22,93.0,98.80000305175781,92.69999694824219,98.51000213623047,96.68902587890625,392698,CDR.WA,0.06439761089083462,0.3524508126519875,97.10500030517578,101.68059997558593,156.60040035247803,0.5162084449218471,1.6486582747512308,-0.7862196077563924
2022-07-25,97.0,97.0,90.0999984741211,90.0999984741211,88.43447875976562,534747,CDR.WA,-0.08537207877103781,0.32236135411134575,96.86100006103516,101.06899993896485,156.08090034484863,0.6028862344671413,1.6486582747512308,-0.804470484242717
2022-07-26,89.7300033569336,90.5999984741211,86.80000305175781,89.62999725341797,87.9731674194336,471224,CDR.WA,-0.005216439829775599,0.3206797755041789,96.47249984741211,100.52399993896485,155.56335033416747,0.5941475609007505,1.6486582747512308,-0.8054904521966101
2022-07-27,91.19999694824219,91.19999694824219,86.5,88.94000244140625,87.2959213256836,365852,CDR.WA,-0.007698257649845108,0.3182110999692533,96.00200004577637,99.82,155.03755031585695,0.5922171831967584,1.6486582747512308,-0.8069878368109554
2022-07-28,91.77999877929688,91.88999938964844,88.06999969482422,88.5,86.86405944824219,241716,CDR.WA,-0.004947182699889474,0.3166368515205726,95.64300003051758,99.20800003051758,154.50575031280516,0.5860963535245073,1.6486582747512308,-0.8079427032455525
2022-07-29,89.9000015258789,90.80999755859375,88.80000305175781,90.80999755859375,89.13135528564453,324899,CDR.WA,0.02610166732874286,0.3249016012829831,95.28549995422364,98.68660003662109,153.98380031585694,0.5875422725675361,1.6486582747512308,-0.8029296875776103
2022-08-01,89.30000305175781,91.1500015258789,87.4000015258789,90.37000274658203,88.69949340820312,227477,CDR.WA,-0.004845224356798572,0.32332738013088397,95.03899993896485,98.1268000793457,153.41615036010742,0.580742015069881,1.6486582747512308,-0.8038845374553611
2022-08-02,90.0,90.1500015258789,86.4000015258789,86.5,84.9010238647461,300054,CDR.WA,-0.0428239750908761,0.3094812164579608,94.7724998474121,97.52440002441406,152.80440032958984,0.5861997044047761,1.6486582747512308,-0.8122829811383083
2022-08-03,86.58000183105469,89.19000244140625,86.55000305175781,87.69999694824219,86.07884216308594,252404,CDR.WA,0.013872797089504951,0.3137745865768952,94.28499984741211,97.0583999633789,152.24290031433105,0.5404505146179565,1.6486582747512308,-0.8096788210253933
2022-08-04,88.5,93.55000305175781,87.69999694824219,92.4800033569336,90.77049255371094,439234,CDR.WA,0.054504065849767525,0.3308765773056659,93.72000007629394,96.74800003051757,151.76470035552978,0.5235926414142368,1.6486582747512308,-0.799305542953956
2022-08-05,92.5,94.88999938964844,92.0199966430664,92.66000366210938,90.94715881347656,426476,CDR.WA,0.0019463700112667404,0.3315205855531642,93.16300010681152,96.38880004882813,151.28270038604737,0.5238702828840269,1.6486582747512308,-0.7989149172813341
2022-08-08,93.5,93.5,90.11000061035156,91.69999694824219,90.00489807128906,331814,CDR.WA,-0.010360529634424687,0.3280858567021188,92.52299995422364,95.97720001220704,150.75380039215088,0.5222405201134779,1.6486582747512308,-0.8009982652398816
2022-08-09,91.97000122070312,93.13999938964844,88.45999908447266,88.5,86.86405944824219,235344,CDR.WA,-0.034896369190157595,0.3166368515205725,91.84700012207031,95.48520004272461,150.2283003616333,0.5287332130684328,1.6486582747512308,-0.8079427032455525
2022-08-10,89.5,92.75,87.5999984741211,92.0,90.29935455322266,281536,CDR.WA,0.039548022598870025,0.32915921288014316,91.56450004577637,95.15199996948242,149.7833003616333,0.5345884462087267,1.6486582747512308,-0.8003472169332297
2022-08-11,92.0,95.9000015258789,91.45999908447266,95.61000061035156,93.8426284790039,340818,CDR.WA,0.03923913706903881,0.342075136351884,91.60400009155273,94.89699996948242,149.33995037078859,0.544410301274644,1.6486582747512308,-0.7925130140122577
2022-08-12,96.4000015258789,96.4000015258789,93.19000244140625,94.0,92.26239776611328,285226,CDR.WA,-0.01683924903329881,0.336314847942755,91.63800010681152,94.61819992065429,148.87395038604737,0.5448395025649806,1.6486582747512308,-0.7960069390404738
2022-08-16,95.47000122070312,96.69000244140625,91.80999755859375,92.55000305175781,90.83919525146484,295824,CDR.WA,-0.015425499449384983,0.33112702344099404,91.57500038146972,94.3852000427246,148.42670040130616,0.547599654237385,1.6486582747512308,-0.7991536338899834
2022-08-17,92.55000305175781,93.88999938964844,91.69999694824219,93.5,91.77162170410156,286366,CDR.WA,0.010264688459393323,0.33452593917710205,91.55050048828124,94.11720001220704,148.00410037994385,0.5488090842920982,1.6486582747512308,-0.7970920085136628
2022-08-18,93.5,94.5,90.80000305175781,92.0999984741211,90.39750671386719,186722,CDR.WA,-0.01497327835164608,0.3295169891739575,91.43550033569336,93.85559997558593,147.60050033569337,0.5512023704986675,1.6486582747512308,-0.8001302063499611
2022-08-19,90.97000122070312,91.4000015258789,88.93000030517578,88.93000030517578,87.2861099243164,468736,CDR.WA,-0.0344190903524938,0.31817531415089734,91.25450019836425,93.5666000366211,147.17575031280518,0.5603919186593307,1.6486582747512308,-0.8070095428363362
2022-08-22,88.4000015258789,88.93000030517578,85.69999694824219,86.05999755859375,84.46915435791016,496123,CDR.WA,-0.03227260470857096,0.30790696800928,90.63199996948242,93.40880004882813,146.73895030975342,0.5129034599066307,1.6486582747512308,-0.8132378475729055
2022-08-23,86.05999755859375,86.45999908447266,83.9000015258789,84.0,82.4472427368164,370051,CDR.WA,-0.02393676059764238,0.30053667262969597,90.32700004577637,93.21620010375976,146.29095027923583,0.4262077912782283,1.6486582747512308,-0.8177083285042532
2022-08-24,84.0,84.94999694824219,82.58000183105469,84.01000213623047,82.45706176757812,360298,CDR.WA,0.00011907305036262805,0.3005724584480518,90.04600028991699,93.12780014038086,145.80550025939942,0.42628695218767815,1.6486582747512308,-0.8176866224788726
2022-08-25,84.80000305175781,85.73999786376953,82.1500015258789,82.83999633789062,81.30867767333984,209135,CDR.WA,-0.01392698212818233,0.29638639119102195,89.74099998474121,92.9566000366211,145.32560020446778,0.4277890884571703,1.6486582747512308,-0.8202256976293378
2022-08-26,82.9000015258789,85.86000061035156,82.0,84.0,82.4472427368164,452520,CDR.WA,0.014002941977180994,0.3005366726296959,89.51599998474121,92.80040008544921,144.85060020446778,0.4320321391922258,1.6486582747512308,-0.8177083285042532
2022-08-29,82.31999969482422,82.93000030517578,80.8499984741211,82.52999877929688,81.00440979003906,203984,CDR.WA,-0.017500014532180086,0.2952772764912232,89.10200004577636,92.64040008544922,144.35475021362305,0.421672166892677,1.6486582747512308,-0.8208984354045242
2022-08-30,82.86000061035156,83.66999816894531,81.5,81.91000366210938,80.39588165283203,367147,CDR.WA,-0.007512360673183838,0.2930590470916257,88.67900009155274,92.42860015869141,143.86060020446777,0.4218127445377667,1.6486582747512308,-0.8222439109548969
2022-08-31,82.01000213623047,86.0,82.0,84.12000274658203,82.56502532958984,570406,CDR.WA,0.02698082023765047,0.30096602056022204,88.56000022888183,92.2836001586914,143.3572002029419,0.41047248271682335,1.6486582747512308,-0.8174479058702233
2022-09-01,84.0,84.0,81.30000305175781,81.5,79.99344635009766,369252,CDR.WA,-0.031146013564395503,0.2915921288014312,88.25000038146973,92.09460021972656,142.8481001663208,0.4197243406795767,1.6486582747512308,-0.8231336758701981
2022-09-02,81.91999816894531,82.5,80.12000274658203,82.0,80.48420715332031,374489,CDR.WA,0.006134969325153339,0.29338103756708417,87.72600021362305,91.92120025634766,142.3431001663208,0.36255018875509787,1.6486582747512308,-0.8220486063970092
2022-09-05,82.05000305175781,83.37000274658203,81.0,81.66000366210938,80.15049743652344,361222,CDR.WA,-0.004146296803544169,0.2921645927087993,87.17600021362304,91.66620025634765,141.85170017242433,0.3614785229972683,1.6486582747512308,-0.8227864456914914
2022-09-06,82.19999694824219,82.38999938964844,78.41999816894531,78.56999969482422,77.11761474609375,415886,CDR.WA,-0.0378398705450822,0.2811091223428417,86.51950035095214,91.33800018310546,141.33785018920898,0.37857738110838257,1.6486582747512308,-0.8294921836453593
2022-09-07,81.0,84.19999694824219,76.80999755859375,77.88999938964844,76.45018005371094,704962,CDR.WA,-0.008654706730520378,0.2786762053296904,85.98900032043457,90.94780014038086,140.78230018615722,0.36452214089828255,1.6486582747512308,-0.8309678787911701
2022-09-08,81.0,84.44000244140625,79.02999877929688,82.11000061035156,80.5921859741211,959964,CDR.WA,0.05417898643948327,0.29377459967925434,85.49450035095215,90.62300018310548,140.2204502105713,0.3915300045350103,1.6486582747512308,-0.8218098897883599
2022-09-09,84.69999694824219,87.80000305175781,83.0,87.80000305175781,86.17699432373047,610037,CDR.WA,0.06929731334929401,0.31413239016729105,85.10400047302247,90.4654002380371,139.6544502258301,0.44750300462211096,1.6486582747512308,-0.8094617938852786
2022-09-12,88.0,88.20999908447266,82.62000274658203,84.63999938964844,83.07540893554688,635211,CDR.WA,-0.03599092884138699,0.3028264736660053,84.63600044250488,90.19900024414062,139.14495025634767,0.45985182668169156,1.6486582747512308,-0.816319440903119
2022-09-13,85.4000015258789,89.4800033569336,85.01000213623047,86.16000366210938,84.56731414794922,855973,CDR.WA,0.017958462705835565,0.30826477159967597,84.31650047302246,90.01620025634766,138.64035026550292,0.46489860633621116,1.6486582747512308,-0.8130208204327907
2022-09-14,85.9000015258789,90.6500015258789,85.01000213623047,90.44000244140625,88.76820373535156,652750,CDR.WA,0.04967500693339799,0.32357782626621223,84.16350059509277,89.98840026855468,138.16495025634765,0.4997444372587416,1.6486582747512308,-0.8037326283913885
2022-09-15,90.5999984741211,92.5999984741211,88.5,91.69999694824219,90.00489807128906,1035128,CDR.WA,0.013931827430591515,0.32808585670211904,84.14350051879883,89.87340026855469,137.66585021972656,0.4997100787141028,1.6486582747512308,-0.8009982652398815
2022-09-16,89.86000061035156,90.94000244140625,86.51000213623047,88.7699966430664,87.12906646728516,2820700,CDR.WA,-0.031952021839537825,0.31760285024352947,84.13550033569337,89.57320022583008,137.19590023040772,0.4975120557103314,1.6486582747512308,-0.8073567730150427
2022-09-19,95.0999984741211,97.45999908447266,87.9000015258789,88.91000366210938,87.2664794921875,1637824,CDR.WA,0.0015771885134334696,0.31810376981076727,84.27800064086914,89.27540023803711,136.71545024871827,0.4823331461004082,1.6486582747512308,-0.8070529383302513
2022-09-20,89.80000305175781,90.6500015258789,87.81999969482422,89.29000091552734,87.63945007324219,544301,CDR.WA,0.004273953860828739,0.31946333064589416,84.54250068664551,88.97120025634766,136.2619002532959,0.47245840946051676,1.6486582747512308,-0.8062282914910923
2022-09-21,88.41999816894531,90.2300033569336,86.72000122070312,87.91999816894531,86.29478454589844,403643,CDR.WA,-0.015343294126272,0.31456171080123574,84.73800048828124,88.68920028686523,135.7942002105713,0.47707975248784595,1.6486582747512308,-0.8092013878080947
2022-09-22,86.69999694824219,91.5,86.05000305175781,88.48999786376953,86.85424041748047,940573,CDR.WA,0.006483163178972351,0.31660106570221686,85.0205005645752,88.50600021362305,135.31665019989015,0.47313000686780277,1.6486582747512308,-0.8079644092709332
2022-09-23,90.0,93.62999725341797,88.5,90.48999786376953,88.81726837158203,1556309,CDR.WA,0.022601424435324313,0.32375670076482865,85.34500045776367,88.41940017700195,134.8412001800537,0.4765803837738663,1.6486582747512308,-0.8036241313781772
2022-09-26,94.97000122070312,104.0,91.11000061035156,102.68000030517578,100.78193664550781,1475812,CDR.WA,0.13471104795203992,0.3673703052063537,86.35250053405761,88.60660018920899,134.42360019683838,0.6569875725086506,1.6486582747512308,-0.7771701323236394
2022-09-27,102.31999969482422,106.9800033569336,100.0199966430664,104.05999755859375,102.13642883300781,1638940,CDR.WA,0.01343978622240427,0.37230768357278654,87.46000022888184,88.81160018920899,134.0432001876831,0.6530330780467993,1.6486582747512308,-0.7741753465381025
2022-09-28,103.0,106.5,100.69999694824219,105.76000213623047,103.80500030517578,837862,CDR.WA,0.016336773183945885,0.37838998975395544,88.54200019836426,89.0470002746582,133.67930023193358,0.6510593074036889,1.6486582747512308,-0.7704861003951523
2022-09-29,107.0,108.5,97.81999969482422,98.62000274658203,96.79698181152344,906182,CDR.WA,-0.06751133931002895,0.35284437476415775,89.39800033569335,89.13140029907227,133.25930027008056,0.6945702144357196,1.6486582747512308,-0.785980891147743
2022-09-30,98.62000274658203,101.95999908447266,97.0,100.19999694824219,98.3477783203125,701004,CDR.WA,0.01602103181562642,0.35849730571821914,90.30800018310546,89.28440017700196,132.89570026397706,0.6946405833652123,1.6486582747512308,-0.782552084195669
2022-10-03,100.0,105.91999816894531,96.5999984741211,105.33999633789062,103.39276123046875,1016949,CDR.WA,0.051297400660635484,0.37688728564540497,91.49199981689453,89.42100006103516,132.5274002456665,0.7064362044685886,1.6486582747512308,-0.7713975713358342
2022-10-04,107.0,109.5,105.72000122070312,108.4000015258789,106.39620208740234,926616,CDR.WA,0.029048844639911975,0.38783542585287645,92.98349990844727,89.78700012207031,132.14960021972655,0.6811273211219364,1.6486582747512308,-0.7647569349012623
2022-10-05,118.33999633789062,123.31999969482422,109.5199966430664,110.26000213623047,108.22181701660156,2663295,CDR.WA,0.017158676975733478,0.394490168644832,94.60200004577636,90.19960021972656,131.7561001968384,0.674326554669985,1.6486582747512308,-0.7607204751364516
2022-10-06,112.9800033569336,113.0,108.5999984741211,111.54000091552734,109.47815704345703,827347,CDR.WA,0.011608913064552473,0.3990697707174505,96.07350006103516,90.65160018920898,131.34860023498535,0.6611369076273066,1.6486582747512308,-0.7579426999341832
2022-10-07,111.0,116.22000122070312,109.0199966430664,116.22000122070312,114.07164764404297,786409,CDR.WA,0.041958044349668766,0.4158139578558254,97.49449996948242,91.20600021362304,130.9729002380371,0.6387766363943413,1.6486582747512308,-0.7477864490028606
2022-10-10,114.9000015258789,116.13999938964844,113.0,114.68000030517578,112.56010437011719,736061,CDR.WA,-0.013250739109896048,0.41030411558202456,98.99650001525879,91.68340026855469,130.55710025787354,0.619576273692326,1.6486582747512308,-0.7511284649671042
2022-10-11,114.5,120.80000305175781,112.37999725341797,120.80000305175781,118.56698608398438,976532,CDR.WA,0.05336591149543124,0.4322003687003861,100.7284999847412,92.2920002746582,130.18820026397705,0.6336477977898585,1.6486582747512308,-0.7378472086548065
2022-10-12,120.80000305175781,120.80000305175781,114.0,114.80000305175781,112.67790222167969,677536,CDR.WA,-0.04966887291740585,0.41073346351255063,101.94650001525879,92.85800033569336,129.78580028533935,0.6646719167968903,1.6486582747512308,-0.7508680423330741
2022-10-13,114.0,116.9000015258789,111.27999877929688,112.05999755859375,109.98854064941406,651177,CDR.WA,-0.02386764303419686,0.40093022382323373,102.96450004577636,93.34520034790039,129.39360027313234,0.6772452826265928,1.6486582747512308,-0.756814234967079
2022-10-14,115.0,117.22000122070312,113.0199966430664,113.76000213623047,111.6571273803711,498209,CDR.WA,0.015170485585169091,0.40701253000440274,104.21400032043456,93.77080032348633,129.01180030822755,0.6580709649886624,1.6486582747512308,-0.7531249888241287
2022-10-17,114.5,117.9800033569336,113.36000061035156,117.95999908447266,115.77948760986328,381471,CDR.WA,0.03691980370405212,0.4220393527172549,105.66650009155273,94.27680023193359,128.63710033416749,0.6616898336880886,1.6486582747512308,-0.7440104118720798
2022-10-18,119.19999694824219,125.87999725341797,118.33999633789062,121.22000122070312,118.97921752929688,950593,CDR.WA,0.02763650526901018,0.43370304551235495,107.26300010681152,94.86720031738281,128.24020030975342,0.6618459878739164,1.6486582747512308,-0.7369357542709709
2022-10-19,122.66000366210938,123.33999633789062,118.72000122070312,118.72000122070312,116.52543640136719,637334,CDR.WA,-0.020623659254451643,0.4247585016840902,108.80300025939941,95.47160034179687,127.8415002822876,0.6654400544298723,1.6486582747512308,-0.7423611016369158
2022-10-20,120.0,120.4800033569336,116.94000244140625,118.91999816894531,116.72174072265625,680867,CDR.WA,0.0016846103957697256,0.42547405427171875,110.3245002746582,96.01000030517578,127.41610027313233,0.6665617469308209,1.6486582747512308,-0.7419270804703786
2022-10-21,117.9800033569336,122.30000305175781,117.19999694824219,118.5999984741211,116.40765380859375,487838,CDR.WA,-0.0026908821035265262,0.4243291537535641,111.73000030517578,96.46980026245117,127.01590026855469,0.6691306203536573,1.6486582747512308,-0.7426215242709457
2022-10-24,120.0,124.86000061035156,119.5,121.0,118.7632827758789,638906,CDR.WA,0.020236100815824054,0.43291592128801454,112.646000289917,97.00980026245117,126.68040023803711,0.4976237189428611,1.6486582747512308,-0.7374131874882695
2022-10-25,120.5,121.08000183105469,117.54000091552734,118.26000213623047,116.07394409179688,649381,CDR.WA,-0.022644610444376267,0.4231127088952792,113.35600051879882,97.52400024414062,126.3289002609253,0.5094228820229041,1.6486582747512308,-0.7433593635654281
2022-10-26,118.26000213623047,123.4000015258789,117.30000305175781,122.45999908447266,120.19629669189453,624191,CDR.WA,0.035514940574785214,0.4381395316081314,114.19100036621094,98.10320022583008,125.96120025634765,0.51859617963097,1.6486582747512308,-0.7342447866133792
2022-10-27,122.45999908447266,122.45999908447266,118.5,120.0999984741211,117.87992095947266,412610,CDR.WA,-0.01927160401759953,0.42969588005052295,115.26500015258789,98.66320022583008,125.59660022735596,0.4492279878696076,1.6486582747512308,-0.7393663158513788
2022-10-28,119.5,124.69999694824219,118.54000091552734,124.0,121.70782470703125,603435,CDR.WA,0.03247295233496006,0.4436493738819323,116.45500030517579,99.36460021972657,125.26160022735596,0.45576478439249657,1.6486582747512308,-0.7309027706491356
2022-10-31,124.0,128.60000610351562,122.69999694824219,127.0999984741211,124.75052642822266,443323,CDR.WA,0.02499998769452505,0.4547406027696644,117.54300041198731,100.1854002380371,124.94210021972657,0.4340465436638411,1.6486582747512308,-0.7241753432267333
2022-11-02,127.5,136.5,126.18000030517578,136.22000122070312,133.70193481445312,918443,CDR.WA,0.07175454646790547,0.4873703084819436,118.93400039672852,101.22980026245118,124.65320022583008,0.48290297518202197,1.6486582747512308,-0.7043836700753018
2022-11-03,133.0,135.47999572753906,130.3000030517578,134.24000549316406,131.75852966308594,505825,CDR.WA,-0.014535279032416693,0.48028624505604356,120.1330005645752,102.23440032958985,124.38570022583008,0.4913760848894307,1.6486582747512308,-0.7086805359172963
2022-11-04,135.0,140.0,133.9199981689453,139.17999267578125,136.6072235107422,361603,CDR.WA,0.03679966463401807,0.4979606178024378,121.51500015258789,103.36120025634766,124.13160018920898,0.500294930744055,1.6486582747512308,-0.6979600773376908
2022-11-07,139.97999572753906,142.4199981689453,133.02000427246094,136.27999877929688,133.76083374023438,434480,CDR.WA,-0.0208362843015798,0.4875849687989159,122.51800003051758,104.40680023193359,123.88300018310547,0.49940730512442993,1.6486582747512308,-0.7042534670367099
2022-11-08,136.0,137.13999938964844,131.94000244140625,136.0800018310547,133.5645294189453,431525,CDR.WA,-0.001467544394141651,0.4868694162112873,123.58800010681152,105.47780029296875,123.67340019226074,0.4943395670161514,1.6486582747512308,-0.704687488203247
2022-11-09,135.6999969482422,137.05999755859375,133.5399932861328,136.32000732421875,133.80010986328125,194133,CDR.WA,0.0017637087737698565,0.48772811207233935,124.36400032043457,106.56600036621094,123.49090019226074,0.46611039797119,1.6486582747512308,-0.704166642935187
2022-11-10,135.89999389648438,143.0,134.9199981689453,140.8000030517578,138.19729614257812,393953,CDR.WA,0.032863816658137424,0.5037567193265042,125.66400032043457,107.69960037231445,123.32930023193359,0.424484707064609,1.6486582747512308,-0.6944444297272477
2022-11-14,141.0,148.97999572753906,141.0,145.55999755859375,142.86927795410156,715801,CDR.WA,0.03380677843512658,0.5207871111219816,127.33900032043456,108.98080032348633,123.18010025024414,0.41155394023243547,1.6486582747512308,-0.6841145802634181
2022-11-15,149.0,149.60000610351562,143.55999755859375,147.5,144.77342224121094,429611,CDR.WA,0.013327854313993859,0.5277280858676211,129.02600021362304,110.29080032348632,123.08650024414062,0.41150539015024684,1.6486582747512308,-0.6799045054092541
2022-11-16,145.5,150.22000122070312,145.0,145.17999267578125,142.49630737304688,507270,CDR.WA,-0.01572886321504241,0.5194275229902732,130.3869998931885,111.56120010375976,122.91210021972657,0.41399888295357695,1.6486582747512308,-0.6849392436594233
2022-11-17,147.05999755859375,148.8800048828125,143.1999969482422,146.83999633789062,144.12562561035156,287222,CDR.WA,0.011434107630908352,0.5253667131946,131.66799964904786,112.9266000366211,122.74160018920898,0.4092022684778426,1.6486582747512308,-0.6813368050611497
2022-11-18,147.33999633789062,153.5,144.89999389648438,145.0,142.3196563720703,422211,CDR.WA,-0.01253062097370694,0.5187835420393563,132.98199958801268,114.26880004882813,122.53740020751952,0.4021315135807715,1.6486582747512308,-0.685329852775199
2022-11-21,144.6999969482422,145.89999389648438,135.0399932861328,139.27999877929688,136.7053680419922,489773,CDR.WA,-0.03944828428071123,0.49831842139283344,133.99999961853027,115.41220001220704,122.30880020141602,0.43872563494948214,1.6486582747512308,-0.6977430501975761
2022-11-22,140.0,143.83999633789062,137.13999938964844,137.94000244140625,135.39015197753906,377089,CDR.WA,-0.00962088131558636,0.49352415900324265,134.96699981689454,116.415,122.10910018920899,0.4417058648978426,1.6486582747512308,-0.7006510284384364
2022-11-23,138.8000030517578,141.97999572753906,137.17999267578125,138.60000610351562,136.03794860839844,236652,CDR.WA,0.004784715459097644,0.49588553167626365,135.8470001220703,117.49420013427735,121.90430023193359,0.4394022463351184,1.6486582747512308,-0.6992187287865408
2022-11-24,140.0,143.3800048828125,140.0,141.3800048828125,138.76657104492188,250569,CDR.WA,0.020057710367058723,0.505831860045841,137.0030002593994,118.59860015869141,121.71890022277832,0.42693794720591904,1.6486582747512308,-0.6931857451647055
2022-11-25,141.0,144.60000610351562,140.0,140.0,137.4120635986328,376523,CDR.WA,-0.009760962195158762,0.5008944543828268,137.88000030517577,119.58980010986328,121.50090019226074,0.42027266927214,1.6486582747512308,-0.6961805475070886
2022-11-28,140.0,140.9600067138672,137.33999633789062,138.52000427246094,135.95944213867188,363614,CDR.WA,-0.010571398053850434,0.49559929972257966,138.80100059509277,120.52620025634765,121.28610023498535,0.4141374066941131,1.6486582747512308,-0.6993923438758941
2022-11-29,142.02000427246094,142.6199951171875,128.47999572753906,131.47999572753906,129.049560546875,1280178,CDR.WA,-0.050823045970129876,0.4704114337300148,139.17500038146972,121.38040023803711,121.05340019226074,0.45133667281650264,1.6486582747512308,-0.7146701406020626
2022-11-30,131.47999572753906,134.32000732421875,128.72000122070312,130.97999572753906,128.55880737304688,755586,CDR.WA,-0.0038028598741068897,0.46862252496436185,139.36900024414064,122.2218000793457,120.81430015563964,0.44450938230714276,1.6486582747512308,-0.7157552100752516
2022-12-01,133.0,134.5,123.4000015258789,123.58000183105469,121.29559326171875,990990,CDR.WA,-0.05649713038529669,0.44214669706996335,138.73700027465821,122.90760009765626,120.52790016174316,0.4087794498329741,1.6486582747512308,-0.7318142250329713
2022-12-02,124.0,129.5,121.23999786376953,127.31999969482422,124.96646118164062,601966,CDR.WA,0.030263778996236335,0.45552772699400457,138.3909999847412,123.69560012817382,120.25550014495849,0.42486403291122027,1.6486582747512308,-0.7236979100094347
2022-12-05,128.67999267578125,132.83999633789062,127.5,127.80000305175781,125.43759155273438,461701,CDR.WA,0.0037700546503622867,0.4572450914195273,137.82200050354004,124.48180023193359,119.99450016021729,0.39999847949669287,1.6486582747512308,-0.722656236030161
2022-12-06,128.0,131.5,125.68000030517578,130.75999450683594,128.34288024902344,389618,CDR.WA,0.023161121943630514,0.46783540074002145,137.546000289917,125.28720016479492,119.77430011749267,0.40581104622545305,1.6486582747512308,-0.7162326432925501
2022-12-07,130.75999450683594,130.75999450683594,128.0800018310547,128.5,126.12464904785156,289342,CDR.WA,-0.0172835316746498,0.4597495527728088,137.16700019836426,125.80360015869141,119.57180011749267,0.4095309025780927,1.6486582747512308,-0.7211371453904349
2022-12-08,129.0,129.8000030517578,125.0999984741211,126.4800033569336,124.1419906616211,267767,CDR.WA,-0.015719818233979832,0.45252237337006673,136.675,126.2520002746582,119.34870010375977,0.41178916432419554,1.6486582747512308,-0.7255208187771061
2022-12-09,127.5,132.1999969482422,126.5,131.3800048828125,128.95140075683594,265106,CDR.WA,0.03874131400875158,0.47005368473278203,136.20400009155273,126.76440032958985,119.1586001586914,0.41912037543475344,1.6486582747512308,-0.7148871346284849
2022-12-12,132.0,136.6999969482422,130.0,134.52000427246094,132.0333709716797,250399,CDR.WA,0.023900131473196584,0.481288029597356,135.6520004272461,127.48240036010742,119.03190017700196,0.40889372367958726,1.6486582747512308,-0.7080728996614059
2022-12-13,135.47999572753906,139.8000030517578,133.8000030517578,137.02000427246094,134.48715209960938,309985,CDR.WA,0.018584596495673678,0.4902325734256207,135.12800064086915,128.2188005065918,118.89500022888184,0.41219549709244546,1.6486582747512308,-0.7026475522954612
2022-12-14,137.10000610351562,143.0,136.3800048828125,142.60000610351562,139.96401977539062,407503,CDR.WA,0.040723993994037366,0.5101968018014872,134.99900131225587,128.9640007019043,118.76600028991699,0.43764133056702853,1.6486582747512308,-0.6905381730010292
2022-12-15,141.0,141.0,129.89999389648438,129.89999389648438,127.49876403808594,914582,CDR.WA,-0.0890603903467726,0.46475847547937177,134.15200119018556,129.39400054931642,118.57400024414062,0.5356126511432997,1.6486582747512308,-0.718098964110983
2022-12-16,129.3000030517578,134.6999969482422,126.66000366210938,132.63999938964844,130.1881103515625,886980,CDR.WA,0.021093191854554938,0.4745617151686886,133.53400115966798,129.84160049438478,118.37460021972656,0.5430522221109035,1.6486582747512308,-0.7121527714769781
2022-12-19,133.0,133.5800018310547,128.1999969482422,128.74000549316406,126.36021423339844,286411,CDR.WA,-0.029402849173932877,0.4606082486338608,133.00700149536132,130.1856005859375,118.20330024719239,0.5354420029506101,1.6486582747512308,-0.7206163001223751
2022-12-20,127.19999694824219,129.52000427246094,126.66000366210938,128.0,125.63389587402344,199558,CDR.WA,-0.00574806168703601,0.45796064400715575,132.510001373291,130.42120056152345,118.0369002532959,0.5350189520677926,1.6486582747512308,-0.7222222148636239
2022-12-21,128.0,130.74000549316406,127.81999969482422,130.10000610351562,127.695068359375,214304,CDR.WA,0.01640629768371582,0.4654740826601634,132.08500137329102,130.72960067749023,117.87300025939942,0.5388898140638987,1.6486582747512308,-0.7176649098307534
2022-12-22,130.0,130.63999938964844,126.81999969482422,127.0999984741211,124.75052642822266,191799,CDR.WA,-0.02305924280285998,0.45474060276966416,131.37100105285646,130.8556005859375,117.71870021820068,0.536576165053782,1.6486582747512308,-0.7241753432267334
2022-12-23,127.19999694824219,130.5,125.81999969482422,129.3000030517578,126.90985870361328,188307,CDR.WA,0.017309241573945977,0.4626118177164861,130.83600120544435,131.1456005859375,117.5549002456665,0.5418044103626938,1.6486582747512308,-0.7194010276105942
2022-12-27,130.0,130.0,126.83999633789062,127.04000091552734,124.69164276123047,145358,CDR.WA,-0.017478747740831913,0.4545259424526919,130.26200103759766,131.44520065307617,117.40010025024414,0.5435688000357527,1.6486582747512308,-0.7243055462653252
2022-12-28,127.0,128.9600067138672,125.5199966430664,125.68000030517578,123.35677337646484,241389,CDR.WA,-0.010705294399799836,0.44966010842638937,129.97200126647948,131.68360061645507,117.21090023040772,0.5154102669772376,1.6486582747512308,-0.727256936556947
2022-12-29,126.0,129.3000030517578,126.0,128.86000061035156,126.47799682617188,156595,CDR.WA,0.025302357554536137,0.46103756926780537,129.86600151062012,131.90160064697267,117.04170024871826,0.5241458750758571,1.6486582747512308,-0.7203558940451913
2022-12-30,128.0,130.3800048828125,128.0,129.63999938964844,127.24357604980469,156063,CDR.WA,0.006053071361185491,0.4638282625747709,130.16900138854982,132.07000061035157,116.85530025482177,0.48037278522701726,1.6486582747512308,-0.7186631883161119
2023-01-02,129.0,131.74000549316406,128.66000366210938,129.33999633789062,126.94911193847656,154161,CDR.WA,-0.0023141241373823007,0.4627549063967465,130.27000122070314,132.28240051269532,116.65050022125244,0.46950399347311517,1.6486582747512308,-0.7193142366227638
2023-01-03,130.0,132.0800018310547,128.1999969482422,129.0,126.61540222167969,442436,CDR.WA,-0.002628702238419822,0.4615384615384616,130.33000106811522,132.48400054931642,116.43050022125244,0.46959129632662927,1.6486582747512308,-0.7200520759172461
2023-01-04,130.60000610351562,130.60000610351562,126.69999694824219,127.5,125.14313507080078,448472,CDR.WA,-0.011627906976744207,0.45617173524150273,130.16700134277343,132.66200057983397,116.21740024566651,0.46391439626934716,1.6486582747512308,-0.723307284336813
2023-01-05,127.19999694824219,134.1199951171875,127.0999984741211,132.55999755859375,130.10960388183594,553374,CDR.WA,0.039686255361519596,0.4742754832150045,130.37000122070313,132.89320053100585,116.02360019683837,0.48090517657680837,1.6486582747512308,-0.7123263865663314
2023-01-09,132.60000610351562,136.0,131.3000030517578,133.74000549316406,131.26779174804688,506013,CDR.WA,0.008901689471205065,0.4784973362903902,130.73300132751464,133.20280059814453,115.82140026092529,0.476794722240384,1.6486582747512308,-0.7097656053904855
2023-01-10,132.25999450683594,138.63999938964844,131.5,138.16000366210938,135.6060791015625,340647,CDR.WA,0.03304918489158615,0.4943112832275828,131.0720012664795,133.51680068969728,115.6224002456665,0.47157198273509165,1.6486582747512308,-0.7001735952211381
2023-01-11,138.33999633789062,139.3800048828125,134.3000030517578,135.75999450683594,133.2504425048828,460254,CDR.WA,-0.017371229673263544,0.4857244883965508,131.13400077819824,133.83000061035156,115.42130023956298,0.47000581881457004,1.6486582747512308,-0.7053819485606605
2023-01-12,135.6999969482422,135.8000030517578,128.66000366210938,129.94000244140625,127.53803253173828,845556,CDR.WA,-0.0428697134717152,0.46490161875279523,130.7800006866455,133.94880065917968,115.19380023956299,0.48952937716836337,1.6486582747512308,-0.7180121400094601
2023-01-13,130.1999969482422,134.1999969482422,130.0800018310547,132.13999938964844,129.69735717773438,289523,CDR.WA,0.01693086737653582,0.47277280640303565,130.25700035095215,134.04960067749025,114.9725002670288,0.4687099171755925,1.6486582747512308,-0.7132378409501671
2023-01-16,133.0,133.39999389648438,128.82000732421875,128.82000732421875,126.4387435913086,280499,CDR.WA,-0.025124807634059776,0.4608944805875448,130.20300102233887,133.90160079956055,114.72510028839112,0.35479193843474766,1.6486582747512308,-0.7204426850330218
2023-01-17,129.0,131.16000366210938,127.19999694824219,129.39999389648438,127.00801086425781,246420,CDR.WA,0.004502301966230249,0.46296956671371875,130.04100074768067,133.80480056762696,114.4640002822876,0.34638615574995196,1.6486582747512308,-0.7191840335841719
2023-01-18,129.22000122070312,134.8000030517578,129.22000122070312,133.27999877929688,130.8162841796875,327117,CDR.WA,0.029984583198020553,0.47685151620499777,130.26800041198732,133.68680068969726,114.26170024871826,0.34596670323033607,1.6486582747512308,-0.7107638838758439
2023-01-19,131.17999267578125,134.5,130.1199951171875,132.5,130.0507049560547,299002,CDR.WA,-0.005852331831038726,0.4740608228980322,130.4930004119873,133.61120071411133,114.04540027618408,0.3459977112783571,1.6486582747512308,-0.7124565896049233
2023-01-20,132.89999389648438,134.60000610351562,131.60000610351562,132.52000427246094,130.07034301757812,191743,CDR.WA,0.00015097564121457907,0.47413239453474393,130.61400032043457,133.54000076293946,113.83740032196044,0.34177820094120404,1.6486582747512308,-0.712413177554162
2023-01-23,132.5399932861328,135.97999572753906,132.5399932861328,135.6999969482422,133.19155883789062,258887,CDR.WA,0.02399632186279743,0.4855098280795785,131.04400024414062,133.52760055541992,113.63440029144287,0.3383835613716992,1.6486582747512308,-0.7055121515992524
2023-01-24,135.6999969482422,137.3000030517578,132.89999389648438,133.9199981689453,131.4444580078125,225860,CDR.WA,-0.013117161527835486,0.47914131724130704,131.275,133.39000045776368,113.42850025177002,0.3391435746838975,1.6486582747512308,-0.7093749962747098
2023-01-25,133.0,133.3800048828125,131.0,131.52000427246094,129.0888214111328,131581,CDR.WA,-0.017921101622602187,0.4705545770034381,131.49900016784667,133.10920059204102,113.21610027313233,0.3394835510071279,1.6486582747512308,-0.7145833165005397
2023-01-26,133.36000061035156,135.60000610351562,132.5399932861328,134.66000366210938,132.1707763671875,142428,CDR.WA,0.02387469044742052,0.4817889218680121,131.94800033569337,132.8524006652832,113.0350002670288,0.34453773391942416,1.6486582747512308,-0.7077690815334607
2023-01-27,135.0,136.4199981689453,133.39999389648438,133.89999389648438,131.42483520507812,123915,CDR.WA,-0.005643916121761183,0.47906974560459525,132.2,132.62680068969726,112.82560024261474,0.33618973666795143,1.6486582747512308,-0.7094184083254712
2023-01-30,133.5,134.0,131.1999969482422,132.8000030517578,130.34515380859375,321847,CDR.WA,-0.008215017885489617,0.47513417907605654,132.35800018310547,132.3460008239746,112.64560024261475,0.33779422521287744,1.6486582747512308,-0.7118055412982716
2023-01-31,134.24000549316406,140.32000732421875,133.0,139.32000732421875,136.74465942382812,674466,CDR.WA,0.049096416586073444,0.49846156466625663,132.85700073242188,132.232400970459,112.49280025482177,0.3772473553673593,1.6486582747512308,-0.6976562260960535
2023-02-01,139.5,141.83999633789062,137.17999267578125,138.27999877929688,135.72386169433594,353195,CDR.WA,-0.007464890110877032,0.4947406038615272,133.3210006713867,132.212400970459,112.34920024871826,0.37876029669382094,1.6486582747512308,-0.6999131891439543
2023-02-02,141.5,148.16000366210938,140.13999938964844,145.77999877929688,143.08523559570312,574696,CDR.WA,0.054237778899394185,0.5215742353463214,134.23500061035156,132.36920089721679,112.32860027313232,0.41383204157683684,1.6486582747512308,-0.6836371470461198
2023-02-03,146.97999572753906,148.5399932861328,144.55999755859375,146.8000030517578,144.0863800048828,471926,CDR.WA,0.00699687392647852,0.525223624514339,134.94700088500977,132.53320083618163,112.37540027618408,0.39549221665969136,1.6486582747512308,-0.6814235960489805
2023-02-06,145.60000610351562,145.94000244140625,141.32000732421875,142.55999755859375,139.92474365234375,263532,CDR.WA,-0.02888287060640693,0.5100536585280633,135.38800048828125,132.55680068969727,112.4450002670288,0.413400741946994,1.6486582747512308,-0.6906249971025522
2023-02-07,141.97999572753906,141.97999572753906,136.02000427246094,141.27999877929688,138.6684112548828,324216,CDR.WA,-0.00897866723637375,0.5054740564554447,135.54400024414062,132.58240066528322,112.51340026855469,0.40029142578567867,1.6486582747512308,-0.6934027723048206
2023-02-08,142.55999755859375,145.39999389648438,141.52000427246094,141.6999969482422,139.0806427001953,185104,CDR.WA,0.002972806997269428,0.5069767332674137,135.84100036621095,132.64600051879881,112.56830024719238,0.39409300084279386,1.6486582747512308,-0.692491317920985
2023-02-09,143.0,143.66000366210938,141.10000610351562,141.47999572753906,138.8647003173828,143707,CDR.WA,-0.0015525845126410642,0.5061896090430733,136.4180000305176,132.84600051879883,112.63590023040771,0.3566044340375402,1.6486582747512308,-0.6929687511382835
2023-02-10,140.67999267578125,141.10000610351562,136.17999267578125,138.63999938964844,136.0771942138672,795935,CDR.WA,-0.02007348334502257,0.4960286203565237,136.74300003051758,132.999200592041,112.68350025177001,0.3636175157289597,1.6486582747512308,-0.6991319377987106
2023-02-13,139.60000610351562,140.3800048828125,137.0,138.89999389648438,136.33238220214844,334401,CDR.WA,0.0018753210327506764,0.49695883326112456,137.24699935913085,133.3056004333496,112.76060020446778,0.34858425841954593,1.6486582747512308,-0.6985677135935817
2023-02-14,140.5,143.0,133.8000030517578,134.24000549316406,131.75852966308594,286175,CDR.WA,-0.03354923403951471,0.48028624505604295,137.48899993896484,133.4440005493164,112.82690021514892,0.373158221476361,1.6486582747512308,-0.7086805359172965
2023-02-15,133.6999969482422,138.5,133.3000030517578,138.39999389648438,135.84164428710938,126874,CDR.WA,0.03098918528822736,0.49516992449547165,137.74499969482423,133.65600036621095,112.92180019378662,0.37416966882319647,1.6486582747512308,-0.6996527830667706
2023-02-16,139.16000366210938,140.63999938964844,136.8000030517578,139.52000427246094,136.94094848632812,145150,CDR.WA,0.008092560876948207,0.4991771172538851,138.09599990844725,133.83120056152345,113.00410022735596,0.3734891538511037,1.6486582747512308,-0.6972222049295165
2023-02-17,139.0,139.33999633789062,135.82000732421875,135.82000732421875,133.30934143066406,201949,CDR.WA,-0.02651947272748545,0.4859392033066859,138.26100006103516,133.9776007080078,113.08580024719238,0.38776547257501637,1.6486582747512308,-0.7052517124083764
2023-02-20,136.24000549316406,137.74000549316406,135.10000610351562,136.33999633789062,133.81971740722656,91629,CDR.WA,0.0038285155767263657,0.48779962911588753,138.2930000305176,134.17480056762696,113.17880023956299,0.37875806927326333,1.6486582747512308,-0.7041232639981183
2023-02-21,136.0,136.0,131.22000122070312,131.22000122070312,128.79437255859375,352516,CDR.WA,-0.03755314107900254,0.4694812208254135,138.15800018310546,134.17160049438476,113.25960025787353,0.3997617162565384,1.6486582747512308,-0.7152343648071918
2023-02-22,131.1999969482422,132.55999755859375,129.16000366210938,131.94000244140625,129.50106811523438,187685,CDR.WA,0.005486977701609108,0.47205725381540675,138.17900009155272,134.12000045776367,113.33680027008057,0.3950094500960558,1.6486582747512308,-0.7136718621167044
2023-02-23,132.05999755859375,135.86000061035156,132.05999755859375,134.5,132.01373291015625,180542,CDR.WA,0.019402739966831728,0.4812164579606438,138.17099990844727,134.06960037231445,113.4039002609253,0.3917981769629748,1.6486582747512308,-0.7081163117121676
2023-02-24,134.13999938964844,134.13999938964844,129.4600067138672,129.52000427246094,127.12579345703125,170550,CDR.WA,-0.03702599053932387,0.46339894194082604,137.9520004272461,133.80800033569335,113.46840026855469,0.41328225442368177,1.6486582747512308,-0.7189235943932959
2023-02-27,130.0,133.0399932861328,129.3800048828125,132.1199951171875,129.677734375,133393,CDR.WA,0.020074048478698092,0.4727012347663236,137.9180000305176,133.85240036010742,113.52560024261474,0.41919917868712125,1.6486582747512308,-0.7132812530009287
2023-02-28,132.1199951171875,133.83999633789062,130.6999969482422,132.39999389648438,129.9525604248047,207581,CDR.WA,0.002119276337003484,0.4737030193076362,137.57199935913087,133.84760025024414,113.60320022583008,0.37741789498906814,1.6486582747512308,-0.7126736167450383
2023-03-01,133.86000061035156,135.60000610351562,131.89999389648438,132.25999450683594,129.81515502929688,203936,CDR.WA,-0.0010573972515277585,0.4732021270369799,137.2709991455078,133.9180000305176,113.64380020141601,0.376934566881204,1.6486582747512308,-0.7129774348729834
2023-03-02,132.0,132.3000030517578,129.4199981689453,130.8000030517578,128.3821258544922,201939,CDR.WA,-0.011038798697384333,0.4679785440134446,136.52199935913086,133.97400009155274,113.7023002243042,0.31379415383117687,1.6486582747512308,-0.7161458191910275
2023-03-03,132.0,133.5399932861328,129.6999969482422,130.66000366210938,128.24472045898438,235163,CDR.WA,-0.0010703317001685697,0.46747765174278827,135.71499938964843,133.9852000427246,113.77120025634765,0.3109220471189562,1.6486582747512308,-0.7164496373189727
2023-03-06,132.0,132.5,130.1999969482422,132.1999969482422,129.75625610351562,177401,CDR.WA,0.011786263913747375,0.47298746672000763,135.19699935913087,134.08720001220703,113.8404002380371,0.30400637425738797,1.6486582747512308,-0.7131076379115753
2023-03-07,132.5,134.8000030517578,131.39999389648438,133.4600067138672,130.9929656982422,169147,CDR.WA,0.009531087705836327,0.4774955517490774,134.80599975585938,134.17040008544922,113.92460025787354,0.30674215818356304,1.6486582747512308,-0.7103732416463759
2023-03-08,134.67999267578125,134.67999267578125,131.4600067138672,132.25999450683594,129.81515502929688,174683,CDR.WA,-0.008991549128302023,0.47320212703697984,134.33399963378906,134.27479995727538,114.03090023040771,0.3067660471102284,1.6486582747512308,-0.7129774348729835
2023-03-09,132.0,133.77999877929688,131.4600067138672,132.17999267578125,129.7366180419922,134126,CDR.WA,-0.0006048830665160709,0.4729158950832958,133.86899948120117,134.4047998046875,114.15180019378663,0.3068545336014616,1.6486582747512308,-0.7131510499623368
2023-03-10,130.89999389648438,131.1999969482422,127.62000274658203,128.6999969482422,126.3209457397461,187719,CDR.WA,-0.026327704042736655,0.4604651053604369,133.37199935913085,134.40159973144532,114.24220016479492,0.31216889321016555,1.6486582747512308,-0.7207031242238982
2023-03-13,128.72000122070312,130.0399932861328,120.80000305175781,127.08000183105469,124.73089599609375,412405,CDR.WA,-0.012587374946395613,0.45466905842953353,132.78099975585937,134.35039978027345,114.31620018005371,0.3130689329906765,1.6486582747512308,-0.7242187387206489
2023-03-14,127.04000091552734,132.39999389648438,127.0,130.0,127.596923828125,412439,CDR.WA,0.022977637133081652,0.46511627906976727,132.56899948120116,134.36359985351564,114.4007001876831,0.30715011063964004,1.6486582747512308,-0.7178819369708682
2023-03-15,130.0,132.55999755859375,128.82000732421875,129.36000061035156,126.96875,257203,CDR.WA,-0.004923072228064873,0.462826478033458,132.11699981689452,134.37079986572266,114.50420017242432,0.2823356955195402,1.6486582747512308,-0.7192708245720025
2023-03-16,131.5,135.39999389648438,130.0,135.39999389648438,132.8970947265625,365862,CDR.WA,0.04669135171331695,0.484436471901554,131.9109992980957,134.52879974365234,114.63940013885498,0.3317657950597259,1.6486582747512308,-0.7061631999059044
2023-03-17,135.1999969482422,136.3000030517578,130.27999877929688,131.0,128.57843017578125,530350,CDR.WA,-0.03249626362500613,0.4686940966010732,131.66999893188478,134.49759979248046,114.75470012664795,0.3384059147379088,1.6486582747512308,-0.7157117980244904
2023-03-20,130.0,132.27999877929688,128.82000732421875,130.72000122070312,128.30361938476562,192225,CDR.WA,-0.002137395261808228,0.4676923120597606,131.38899917602538,134.43719970703125,114.88730014801025,0.3378012625415809,1.6486582747512308,-0.7163194342803807
2023-03-21,125.5,127.69999694824219,114.9000015258789,116.45999908447266,114.30720520019531,1283726,CDR.WA,-0.10908814261831568,0.4166726264202956,130.65099906921387,134.0031996154785,114.93510013580322,0.4962512867383946,1.6486582747512308,-0.747265620291647
2023-03-22,115.44000244140625,116.4000015258789,112.31999969482422,112.77999877929688,110.69523620605469,793652,CDR.WA,-0.03159883508591255,0.40350625681322666,129.6929988861084,133.54359970092773,114.97310012817383,0.502813925533065,1.6486582747512308,-0.7552517322765917
2023-03-23,112.22000122070312,113.19999694824219,109.22000122070312,110.0,107.96662902832031,885634,CDR.WA,-0.02464975003889791,0.3935599284436493,128.4679988861084,133.1447996520996,115.00620014190673,0.49603310382013505,1.6486582747512308,-0.7612847158984271
2023-03-24,110.0,113.19999694824219,109.5199966430664,110.5999984741211,108.55553436279297,635854,CDR.WA,0.005454531582919087,0.39570661350311653,127.52199859619141,132.71399963378906,115.08945014953613,0.4876397900297891,1.6486582747512308,-0.7599826358419695
2023-03-27,111.5,114.36000061035156,110.5199966430664,114.05999755859375,111.95157623291016,355488,CDR.WA,0.03128389812123045,0.40808585888584514,126.61899871826172,132.41879943847655,115.191600151062,0.4975384721650241,1.6486582747512308,-0.7524739570743234
2023-03-28,114.76000213623047,114.77999877929688,108.9000015258789,109.0,106.985107421875,593245,CDR.WA,-0.04436259571191359,0.38998211091234336,125.4489990234375,132.01079956054687,115.29445014953613,0.5135420063988554,1.6486582747512308,-0.7634548548448049
2023-03-29,110.0,110.83999633789062,105.5199966430664,110.18000030517578,108.14329528808594,470410,CDR.WA,0.010825690873172311,0.39420393669114756,124.34499931335449,131.54879959106447,115.38835014343262,0.5177439672385101,1.6486582747512308,-0.7608940902258051
2023-03-30,110.22000122070312,114.69999694824219,109.73999786376953,113.27999877929688,111.18598937988281,751779,CDR.WA,0.028135763891221188,0.40529516557887957,123.46899909973145,131.1643995666504,115.49570014953613,0.533690976135873,1.6486582747512308,-0.7541666628034027
2023-03-31,120.0,124.4000015258789,111.22000122070312,111.22000122070312,109.16407012939453,1575543,CDR.WA,-0.018185006892586952,0.39792487019929546,122.49699897766114,130.73839950561523,115.59915016174317,0.5347923873318161,1.6486582747512308,-0.7586371437347506
2023-04-03,110.94000244140625,111.0,106.44000244140625,108.05999755859375,106.0624771118164,603616,CDR.WA,-0.028412188701910868,0.3866189536980097,121.28999900817871,130.18559951782225,115.67695014953614,0.5346375231436609,1.6486582747512308,-0.765494790752591
2023-04-04,109.5999984741211,110.0999984741211,107.94000244140625,108.44000244140625,106.43546295166016,292127,CDR.WA,0.0035166101369421554,0.3879785418297181,120.03899879455567,129.6759996032715,115.76230014801025,0.5322227782185598,1.6486582747512308,-0.7646701273565858
2023-04-05,109.0999984741211,109.0999984741211,107.0,107.83999633789062,105.84654235839844,202352,CDR.WA,-0.0055330698082548535,0.38583182947366934,118.8179988861084,129.20239944458007,115.84675014495849,0.5324317557607579,1.6486582747512308,-0.7659722239698896
2023-04-06,107.80000305175781,108.66000366210938,106.0,106.19999694824219,104.23686218261719,246748,CDR.WA,-0.015207709990177398,0.3799642109060542,117.51899909973145,128.63319931030273,115.92440013885498,0.5316819412149537,1.6486582747512308,-0.7695312505174017
2023-04-11,107.30000305175781,107.87999725341797,103.91999816894531,105.63999938964844,103.68722534179688,444063,CDR.WA,-0.0052730468426159804,0.377960641823429,116.36599922180176,128.06799942016602,115.98055011749267,0.5285235577691485,1.6486582747512308,-0.7707465230291826
2023-04-12,105.5999984741211,110.27999877929688,105.30000305175781,108.83999633789062,106.82805633544922,400404,CDR.WA,0.030291527515436067,0.38940964700497527,115.45399894714356,127.58879928588867,116.04985008239746,0.5465710179611843,1.6486582747512308,-0.7638020850235117
2023-04-13,108.83999633789062,110.18000030517578,108.5,110.0,107.96662902832031,285617,CDR.WA,0.01065788038533344,0.39355992844364923,114.45399894714356,127.0023991394043,116.11285007476806,0.5392695804670748,1.6486582747512308,-0.7612847158984271
2023-04-14,110.9000015258789,112.81999969482422,110.4000015258789,110.73999786376953,108.69294738769531,281607,CDR.WA,0.006727253306995751,0.3962075057737728,113.52299880981445,126.45159912109375,116.1748000717163,0.5416601015691511,1.6486582747512308,-0.7596788177140243
2023-04-17,111.80000305175781,113.19999694824219,110.13999938964844,110.94000244140625,108.88924407958984,330665,CDR.WA,0.0018060735190077448,0.3969230856579829,112.29999923706055,125.75479919433593,116.25110008239746,0.5046321542098976,1.6486582747512308,-0.759244779990641
2023-04-18,111.76000213623047,111.94000244140625,109.5199966430664,109.69999694824219,107.67217254638672,345370,CDR.WA,-0.011177262176634395,0.3924865722656249,111.23499908447266,125.01279907226562,116.30980007171631,0.49731876754918125,1.6486582747512308,-0.7619357642050788
2023-04-19,109.37999725341797,110.0,107.83999633789062,109.19999694824219,107.18141174316406,232674,CDR.WA,-0.004557885268090867,0.3906976634999719,110.15899887084962,124.34559906005859,116.37930004119873,0.49699207703404213,1.6486582747512308,-0.7630208336782678
2023-04-20,109.6500015258789,110.5999984741211,108.5,109.6500015258789,107.62309265136719,220145,CDR.WA,0.004120921155794655,0.3923076977670085,109.81849899291993,123.71299911499024,116.46840003967286,0.32606763863058963,1.6486582747512308,-0.76204426121829
2023-04-21,109.0,111.9000015258789,108.44999694824219,110.80000305175781,108.75183868408203,216507,CDR.WA,0.0104879298666265,0.3964221933873266,109.71949920654296,123.09499923706055,116.53515007019043,0.3106362415489576,1.6486582747512308,-0.7595485981185861
2023-04-24,111.4000015258789,111.75,109.5999984741211,110.30000305175781,108.26107788085938,143665,CDR.WA,-0.004512635254770081,0.3946332846216737,109.73449935913087,122.47139938354492,116.56775009155274,0.2980142326171481,1.6486582747512308,-0.7606336675917751
2023-04-25,110.5,112.25,110.0999984741211,111.0,108.94813537597656,171653,CDR.WA,0.00634630035244621,0.3971377459749552,109.7544994354248,121.91859939575195,116.60375007629395,0.29823536458133904,1.6486582747512308,-0.7591145769520491
2023-04-26,111.19999694824219,112.80000305175781,110.5,111.94999694824219,109.88057708740234,220623,CDR.WA,0.008558531065244956,0.4005366617110632,109.64899940490723,121.3795994567871,116.64100006103516,0.27713403901560424,1.6486582747512308,-0.7570529515757285
2023-04-27,111.5999984741211,114.5,110.9000015258789,114.0,111.8926773071289,234982,CDR.WA,0.018311774074505793,0.407871198568873,109.89899940490723,120.97479934692383,116.70090007781982,0.2320610078954234,1.6486582747512308,-0.7526041601129152
2023-04-28,114.0999984741211,115.19999694824219,113.0999984741211,113.30000305175781,111.20562744140625,277618,CDR.WA,-0.006140324107387629,0.40536673721559147,110.05499954223633,120.47279953002929,116.77915008544922,0.23165293989021088,1.6486582747512308,-0.7541232507526412
2023-05-02,114.0999984741211,116.30000305175781,111.5999984741211,111.75,109.68427276611328,307006,CDR.WA,-0.013680520829727927,0.3998211091234347,109.97849960327149,119.91739944458008,116.8638000869751,0.21482105533586848,1.6486582747512308,-0.7574869727422655
2023-05-04,111.9000015258789,113.25,111.5,112.0,109.92964935302734,261551,CDR.WA,0.0022371364653244186,0.4007155635062612,110.01749954223632,119.4409992980957,116.95720008850098,0.20462877519366457,1.6486582747512308,-0.756944438005671
2023-05-05,112.19999694824219,113.69999694824219,112.1500015258789,112.9000015258789,110.8130111694336,170891,CDR.WA,0.008035727909633028,0.4039356047437528,110.25949974060059,118.97219940185546,117.0526501083374,0.17529270272782194,1.6486582747512308,-0.7549913096425617
2023-05-08,113.44999694824219,114.0,111.19999694824219,111.80000305175781,109.73336029052734,186574,CDR.WA,-0.009743121871162663,0.40000001091863263,110.42749977111816,118.58379943847656,117.14170013427734,0.18027099113930634,1.6486582747512308,-0.7573784591722081
2023-05-09,112.19999694824219,112.4000015258789,110.55000305175781,111.8499984741211,109.78242492675781,99142,CDR.WA,0.0004471862343342625,0.400178885417249,110.62799987792968,118.18199935913086,117.22895011901855,0.17837780354609556,1.6486582747512308,-0.757269962158997
2023-05-10,112.5,113.75,111.3499984741211,113.0,110.91117095947266,229192,CDR.WA,0.010281640961711691,0.4042933810375671,110.96800003051757,117.75199935913086,117.33120010375977,0.1686614968085494,1.6486582747512308,-0.7547742990592932
2023-05-11,114.5,119.5999984741211,113.4000015258789,116.69999694824219,114.54276275634766,563326,CDR.WA,0.0327433358251521,0.4175312949847664,111.52099990844727,117.49559921264648,117.42215007781982,0.19532370835475354,1.6486582747512308,-0.7467447915804333
2023-05-12,117.0,119.25,114.8499984741211,114.8499984741211,112.72696685791016,340639,CDR.WA,-0.015852600878315304,0.4109123380111667,111.82150001525879,117.15019927978516,117.54590007781982,0.1846580187087347,1.6486582747512308,-0.7507595453198632
2023-05-15,116.4000015258789,116.69999694824219,114.1500015258789,114.4000015258789,112.28529357910156,217803,CDR.WA,-0.0039181275944342175,0.4093023310407117,112.04150009155273,116.79019943237304,117.66975009918212,0.18362978334591107,1.6486582747512308,-0.7517361012229947
2023-05-16,114.4000015258789,114.5,111.19999694824219,111.19999694824219,109.14444732666016,432667,CDR.WA,-0.02797206761324067,0.3978532985625839,112.06450004577637,116.36899948120117,117.78105007171631,0.21110104945345826,1.6486582747512308,-0.7586805557855119
2023-05-17,111.19999694824219,112.25,108.55000305175781,109.1500015258789,107.13233947753906,328266,CDR.WA,-0.018435211138696728,0.3905187890013557,111.975,115.9359994506836,117.8843000793457,0.2211618517522626,1.6486582747512308,-0.7631293306914789
2023-05-18,110.0,111.9000015258789,108.55000305175781,109.5,107.47586822509766,168867,CDR.WA,0.003206582402457414,0.39177101967799643,111.96500015258789,115.51279937744141,117.97775009155274,0.21801338618033392,1.6486582747512308,-0.7623697853716159
2023-05-19,110.80000305175781,114.3499984741211,110.6500015258789,113.69999694824219,111.59822082519531,472566,CDR.WA,0.03835613651362735,0.40679784239084865,112.19000015258788,115.1427993774414,118.09440006256104,0.2560228650330054,1.6486582747512308,-0.7532552084195671
2023-05-22,114.0,118.30000305175781,113.05000305175781,118.05000305175781,115.86781311035156,467731,CDR.WA,0.03825862990564377,0.4223613704892945,112.61000022888183,114.83459930419922,118.25215007781982,0.28639447479369,1.6486582747512308,-0.743815090757346
2023-05-23,118.0,121.30000305175781,116.44999694824219,121.0,118.7632827758789,576203,CDR.WA,0.024989384769001477,0.43291592128801426,113.12000007629395,114.6093994140625,118.41865009307861,0.29533807224032826,1.6486582747512308,-0.7374131874882697
2023-05-24,120.19999694824219,120.19999694824219,114.3499984741211,114.3499984741211,112.23621368408203,537854,CDR.WA,-0.054958690296519896,0.4091234292455137,113.3224998474121,114.2527995300293,118.52800006866455,0.36256158391649146,1.6486582747512308,-0.7518446147930522
2023-05-25,115.0,115.5,113.19999694824219,114.19999694824219,112.0889892578125,218615,CDR.WA,-0.0013117754952384209,0.4085867511565015,113.48249969482421,113.9627995300293,118.63570003509521,0.36237800544485244,1.6486582747512308,-0.7521701389463782
2023-05-26,115.80000305175781,118.9000015258789,114.94999694824219,118.9000015258789,116.70210266113281,379637,CDR.WA,0.04115590808436598,0.4254025099315882,113.82999992370605,113.79919952392578,118.7717000579834,0.38815239699361315,1.6486582747512308,-0.741970475964294
2023-05-29,121.05000305175781,125.30000305175781,119.5,125.0,122.68934631347656,822101,CDR.WA,0.051303602992750275,0.4472271914132379,114.37999992370605,113.69919952392578,118.9542000579834,0.421324087572948,1.6486582747512308,-0.7287326317027578
2023-05-30,125.0999984741211,125.4000015258789,120.25,123.44999694824219,121.16799926757812,592288,CDR.WA,-0.012400024414062516,0.44168156332108116,114.88749961853027,113.58099945068359,119.11145004272461,0.424086358484958,1.6486582747512308,-0.7320963536923821
2023-05-31,122.5,122.5,119.8499984741211,121.19999694824219,118.9595947265625,571198,CDR.WA,-0.018226002880691317,0.4336314738756429,115.35999946594238,113.29699951171875,119.23940002441407,0.42698738291083105,1.6486582747512308,-0.7369791663217325
2023-06-01,121.5999984741211,124.19999694824219,121.0999984741211,124.0,121.70782470703125,228307,CDR.WA,0.023102335992248646,0.443649373881932,115.95999946594239,113.15699951171875,119.38940002441406,0.4319735559458335,1.6486582747512308,-0.7309027706491358
2023-06-02,125.0,129.6999969482422,123.80000305175781,128.4499969482422,126.07556915283203,474348,CDR.WA,0.03588707216324338,0.45957065097761063,116.73749923706055,113.11159942626954,119.56889999389648,0.44528972305168835,1.6486582747512308,-0.7212456589604925
2023-06-05,129.9499969482422,131.5,128.0500030517578,130.6999969482422,128.2839813232422,479019,CDR.WA,0.01751654381826584,0.4676207404230489,117.68249893188477,113.39639938354492,119.7548999786377,0.4423239811963305,1.6486582747512308,-0.7163628463311422
2023-06-06,130.39999389648438,133.5,128.60000610351562,132.60000610351562,130.1488494873047,721822,CDR.WA,0.014537178268074769,0.47441862648842786,118.71999931335449,113.7927995300293,119.95740001678467,0.4418722090563581,1.6486582747512308,-0.7122395624648087
2023-06-07,132.8000030517578,133.0,130.10000610351562,131.0,128.57843017578125,301968,CDR.WA,-0.012066410481659906,0.4686940966010732,119.6199993133545,114.2127995300293,120.16775001525879,0.4480320338046835,1.6486582747512308,-0.7157117980244904
2023-06-09,132.0,132.39999389648438,128.5,129.35000610351562,126.95894622802734,533344,CDR.WA,-0.01259537325560589,0.46279071951168366,120.25249977111817,114.58779968261719,120.38420005798339,0.4434293710063641,1.6486582747512308,-0.719292514040537
2023-06-12,133.0,143.5,132.9499969482422,141.39999389648438,139.86749267578125,1584134,CDR.WA,0.09315799941536484,0.5059033770893894,121.57999954223632,115.134599609375,120.67120002746582,0.5334150805802064,1.6486582747512308,-0.6931423662276368
2023-06-13,142.75,143.10000610351562,138.60000610351562,140.3000030517578,138.77943420410156,440282,CDR.WA,-0.007779284951962895,0.5019678105608507,122.87499961853027,115.76059967041016,120.95265003204345,0.5350190023704245,1.6486582747512308,-0.695529499200437
2023-06-14,140.4499969482422,160.0,140.3000030517578,159.0,157.27674865722656,1352766,CDR.WA,0.13328579145749275,0.5688729874776385,125.26499977111817,116.73699966430664,121.333450050354,0.669406412143895,1.6486582747512308,-0.6549479075259081
2023-06-15,159.89999389648438,168.39999389648438,155.25,168.25,166.42649841308594,1428362,CDR.WA,0.05817610062893075,0.601967799642218,128.21999969482422,117.8363996887207,121.754700050354,0.668047922238212,1.6486582747512308,-0.6348741222719123
2023-06-16,168.25,173.0,159.8000030517578,170.0,168.15753173828125,1616168,CDR.WA,0.010401188707280795,0.6082289803220033,131.24499969482423,119.01199966430664,122.19205005645752,0.6657505850600334,1.6486582747512308,-0.6310763791157509
2023-06-19,169.0,175.85000610351562,165.0,165.8000030517578,164.0030517578125,587152,CDR.WA,-0.024705864401424638,0.5932021576091512,133.85,120.16679977416992,122.61150005340576,0.683893295753814,1.6486582747512308,-0.6401909560677996
2023-06-20,165.75,165.89999389648438,155.5500030517578,156.0500030517578,154.3587188720703,805024,CDR.WA,-0.05880578902616995,0.5583184366789187,135.75,121.11899978637695,122.97115005493164,0.7342457959680619,1.6486582747512308,-0.6613498107949846
2023-06-21,156.0,160.5,153.10000610351562,154.8000030517578,153.1222686767578,580036,CDR.WA,-0.00801025296734792,0.5538461647647863,137.44000015258788,122.0581999206543,123.33765007019043,0.7376467642486999,1.6486582747512308,-0.664062484477957
2023-06-22,154.0500030517578,158.1999969482422,153.1999969482422,155.60000610351562,153.91360473632812,320138,CDR.WA,0.005167978268646012,0.5567084297084637,139.50250053405762,123.04620010375976,123.70565010070801,0.6933060706688519,1.6486582747512308,-0.6623263666981161
2023-06-23,153.85000610351562,156.39999389648438,152.0,152.0,150.35260009765625,345374,CDR.WA,-0.023136285104774723,0.5438282647584972,141.39250068664552,123.9734001159668,124.05735008239746,0.704927315937181,1.6486582747512308,-0.6701388801505537
2023-06-26,151.1999969482422,153.5500030517578,150.3000030517578,152.10000610351562,150.4515380859375,426203,CDR.WA,0.0006579348915500827,0.5441860683488929,143.05250091552733,124.8386003112793,124.42500011444092,0.6998641139190451,1.6486582747512308,-0.6699218530104389
2023-06-27,152.6999969482422,153.0,146.35000610351562,147.3000030517578,145.70355224609375,449026,CDR.WA,-0.03155820420211586,0.527012533279992,144.16750106811523,125.58460037231445,124.77205013275146,0.7019482419504838,1.6486582747512308,-0.6803385265757915
2023-06-28,148.0,155.0500030517578,147.64999389648438,150.85000610351562,149.215087890625,455125,CDR.WA,0.024100495439300262,0.5397137964347605,145.5375015258789,126.38680053710938,125.11575016021729,0.6990507480277768,1.6486582747512308,-0.6726345266934114
2023-06-29,151.5,157.6999969482422,150.5500030517578,154.64999389648438,152.973876953125,353347,CDR.WA,0.025190504734624586,0.5533094593791925,147.21000137329102,127.26100036621094,125.45000011444091,0.6919647916067699,1.6486582747512308,-0.6643880251881291
2023-06-30,156.5,157.8000030517578,153.39999389648438,154.85000610351562,153.17173767089844,216562,CDR.WA,0.0012933217906567762,0.5540250665599842,148.75250167846679,128.1640005493164,125.80105014801025,0.6921249292526369,1.6486582747512308,-0.6639539709078996
2023-07-03,155.0,157.39999389648438,154.14999389648438,155.0,153.32009887695312,270689,CDR.WA,0.0009686399132855517,0.5545617173524149,150.0800018310547,129.08000061035156,126.1452501296997,0.6872463747593296,1.6486582747512308,-0.6636284633114198
2023-07-04,155.0,155.3000030517578,151.6999969482422,151.6999969482422,150.0558624267578,205865,CDR.WA,-0.021290342269405294,0.5427549085804728,151.1300018310547,129.92100051879882,126.45155010223388,0.6955886939733057,1.6486582747512308,-0.6707899284572055
2023-07-05,151.4499969482422,151.4499969482422,140.75,143.35000610351562,141.79637145996094,493622,CDR.WA,-0.055042788481897365,0.5128801649499664,151.6675018310547,130.572000579834,126.70980014801026,0.7303589901999987,1.6486582747512308,-0.6889105687912458
2023-07-06,143.0,144.8000030517578,140.64999389648438,144.8000030517578,143.23065185546875,280648,CDR.WA,0.010115081175477103,0.5180679894517274,152.35750198364258,131.262000579834,126.98995018005371,0.7277761630864399,1.6486582747512308,-0.6857638739417362
2023-07-07,144.85000610351562,145.75,143.10000610351562,145.0,143.42848205566406,194668,CDR.WA,0.0013811943648280867,0.518783542039356,153.1400016784668,131.94200057983397,127.27040016174317,0.7247295302810254,1.6486582747512308,-0.6853298527751992
2023-07-10,144.1999969482422,145.5,141.8000030517578,145.5,143.92306518554688,133594,CDR.WA,0.0034482758620688614,0.5205724508050088,153.3450019836426,132.61300064086913,127.55145015716553,0.6487239496350515,1.6486582747512308,-0.6842447833020102
2023-07-11,145.9499969482422,147.14999389648438,143.75,144.5500030517578,142.98336791992188,127768,CDR.WA,-0.00652918864771268,0.5171735350689007,153.55750198364257,133.2240007019043,127.83460018157959,0.6484842108596609,1.6486582747512308,-0.6863064086783308
2023-07-12,144.5,151.6999969482422,144.5,150.5,148.86886596679688,302756,CDR.WA,0.041162205621757986,0.5384615384615383,153.13250198364258,133.96800064086915,128.14465019226074,0.45526473664181666,1.6486582747512308,-0.6733940885701206
2023-07-13,152.5500030517578,158.14999389648438,151.14999389648438,154.0500030517578,152.38040161132812,386534,CDR.WA,0.023588060144570155,0.5511628016163068,152.42250213623046,134.8140007019043,128.46245021820067,0.4084198270168043,1.6486582747512308,-0.6656900886877404
2023-07-14,154.0,156.1999969482422,151.60000610351562,154.1999969482422,152.5287628173828,179123,CDR.WA,0.0009736701948261928,0.5516994524087375,151.63250198364258,135.65800064086915,128.72005020141603,0.40534572186222134,1.6486582747512308,-0.6653645810912607
2023-07-17,153.8000030517578,160.60000610351562,152.1999969482422,159.5,157.77133178710938,283203,CDR.WA,0.03437096729344802,0.5706618962432914,151.3175018310547,136.59000061035155,128.99725021362303,0.42035276980267794,1.6486582747512308,-0.6538628380527192
2023-07-18,159.60000610351562,159.6999969482422,156.5,159.4499969482422,157.72186279296875,159922,CDR.WA,-0.0003134987571022929,0.5704829944480936,151.4875015258789,137.54300048828125,129.2657001876831,0.36199760478866255,1.6486582747512308,-0.6539713516227765
2023-07-19,159.8000030517578,161.0,156.5500030517578,160.0,158.2659149169922,232119,CDR.WA,0.003449376370551649,0.5724508050089444,151.74750137329102,138.50600051879883,129.5726001739502,0.36035901047351104,1.6486582747512308,-0.6527777685795302
2023-07-20,158.5500030517578,160.35000610351562,157.1999969482422,160.1999969482422,158.4637451171875,167285,CDR.WA,0.0012499809265136275,0.573166357596573,151.97750091552734,139.45000045776368,129.8726001739502,0.36015605045064386,1.6486582747512308,-0.6523437474129931
2023-07-21,160.0,160.8000030517578,156.4499969482422,159.75,158.0186309814453,251656,CDR.WA,-0.002808969767880698,0.5715563506261179,152.36500091552733,140.31100051879883,130.14465019226074,0.3486038061807361,1.6486582747512308,-0.6533203033161247
2023-07-24,157.5,160.0,156.64999389648438,158.25,156.5348663330078,200447,CDR.WA,-0.009389671361502372,0.566189624329159,152.67250061035156,141.1790005493164,130.39390018463135,0.3512069510122901,1.6486582747512308,-0.6565755117356916
2023-07-25,158.5500030517578,159.0,156.1999969482422,157.75,156.04029846191406,183936,CDR.WA,-0.003159557661927326,0.564400715563506,153.19500045776368,142.04600051879882,130.63135017395018,0.3287309559811563,1.6486582747512308,-0.6576605812088806
2023-07-26,158.0,159.3000030517578,153.25,157.85000610351562,156.1392059326172,184105,CDR.WA,0.0006339531126189346,0.5647585191539019,153.54500045776368,142.97900070190428,130.86290019989013,0.31978900739096655,1.6486582747512308,-0.6574435540687658
2023-07-27,158.0,165.5,158.0,164.3000030517578,162.51931762695312,541173,CDR.WA,0.0408615565336905,0.5878354313121923,154.02750091552736,144.08200073242188,131.10330020904541,0.33883094330759017,1.6486582747512308,-0.6434461644873666
2023-07-28,164.0,164.4499969482422,162.10000610351562,164.39999389648438,162.61822509765625,243327,CDR.WA,0.00060858699250943,0.588193180309425,154.50500030517577,145.18000061035156,131.35190017700197,0.3388920501279831,1.6486582747512308,-0.6432291704609443
2023-07-31,164.60000610351562,165.5,162.25,163.35000610351562,161.57962036132812,304425,CDR.WA,-0.006386787298969576,0.5844365155760842,154.92250061035156,146.17300079345702,131.56465019226073,0.34054013598966026,1.6486582747512308,-0.6455077898636872
2023-08-01,162.5,162.5,158.89999389648438,160.8000030517578,159.0572509765625,202070,CDR.WA,-0.015610670073326283,0.5753130699526215,155.37750091552735,147.02800079345704,131.79465019226075,0.3357642440433967,1.6486582747512308,-0.6510416507996895
2023-08-02,159.60000610351562,160.39999389648438,155.1999969482422,159.3000030517578,157.57350158691406,246522,CDR.WA,-0.009328358031916117,0.5699463436556627,156.17500076293945,147.7940008544922,132.03085021972657,0.2617761094498283,1.6486582747512308,-0.6542968592192564
2023-08-03,158.0,162.75,157.5,162.6999969482422,160.9366455078125,264370,CDR.WA,0.02134333855210091,0.5821109014248376,157.07000045776368,148.7610008239746,132.27555019378661,0.2674227214272367,1.6486582747512308,-0.6469184000470483
2023-08-04,163.39999389648438,164.85000610351562,162.14999389648438,163.10000610351562,161.3323211669922,208629,CDR.WA,0.0024585689168801217,0.5835420611932577,157.97500076293946,149.73900100708008,132.50125022888184,0.2672043942786096,1.6486582747512308,-0.6460503246002818
2023-08-07,162.10000610351562,163.0,160.5,162.4499969482422,160.68936157226562,110863,CDR.WA,-0.00398534108491011,0.581216447042011,158.82250061035157,150.61000091552734,132.70740020751953,0.2694508189579588,1.6486582747512308,-0.6474609347836429
2023-08-08,162.25,162.6999969482422,159.25,159.85000610351562,158.11753845214844,142971,CDR.WA,-0.016004868535361982,0.5719141542165135,159.58750076293944,151.30700103759764,132.9130502319336,0.2771258613789379,1.6486582747512308,-0.65310327617601
2023-08-09,160.1999969482422,161.89999389648438,155.3000030517578,155.3000030517578,153.61685180664062,175248,CDR.WA,-0.02846420317814269,0.5556350735304391,159.82750091552734,151.94400115966798,133.09495025634766,0.2672736215696821,1.6486582747512308,-0.662977415004768
2023-08-10,156.39999389648438,161.0,156.10000610351562,159.5,157.77133178710938,144452,CDR.WA,0.02704440995305335,0.5706618962432912,160.10000076293946,152.71000122070313,133.29945026397706,0.2712786535245264,1.6486582747512308,-0.6538628380527193
2023-08-11,158.10000610351562,158.9499969482422,156.1999969482422,157.25,155.54571533203125,122062,CDR.WA,-0.014106583072100332,0.5626118067978529,160.25250091552735,153.37500122070313,133.48070026397704,0.27716227667926063,1.6486582747512308,-0.6587456506820697
2023-08-14,156.64999389648438,157.89999389648438,156.1999969482422,157.25,155.54571533203125,80213,CDR.WA,0.0,0.5626118067978529,160.14000091552734,153.9510012817383,133.67565025329588,0.24777180660778084,1.6486582747512308,-0.6587456506820697
2023-08-16,157.0,159.4499969482422,149.64999389648438,150.0500030517578,148.4237518310547,301650,CDR.WA,-0.04578694402697736,0.536851531491083,159.6700012207031,154.3380014038086,133.81360027313232,0.2951363981461364,1.6486582747512308,-0.6743706444732523
2023-08-17,150.0,153.10000610351562,148.1999969482422,149.39999389648438,147.78079223632812,183961,CDR.WA,-0.00433195029692357,0.5345259173398363,159.14000091552734,154.67400115966797,133.96010025024415,0.29421796908506753,1.6486582747512308,-0.6757812546566134
2023-08-18,150.0,154.35000610351562,150.0,154.0,152.3309326171875,209938,CDR.WA,0.030789868081941618,0.5509838998211087,158.83000106811522,155.13400115966797,134.11010025024413,0.3179489839629655,1.6486582747512308,-0.665798602257798
2023-08-21,154.5500030517578,157.64999389648438,154.0,155.60000610351562,153.91360473632812,239465,CDR.WA,0.010389650022828656,0.5567084297084633,158.62250137329102,155.65900115966798,134.2526002883911,0.32082188430732694,1.6486582747512308,-0.6623263666981163
2023-08-22,156.5,158.64999389648438,154.10000610351562,157.10000610351562,155.39735412597656,205533,CDR.WA,0.009640102449623988,0.5620751560054222,158.56500167846679,155.97300140380858,134.35700031280518,0.3214276492528485,1.6486582747512308,-0.6590711582785493
2023-08-23,157.60000610351562,159.8000030517578,155.0500030517578,159.8000030517578,158.06808471679688,238256,CDR.WA,0.017186485317276956,0.5717352524213156,158.6675018310547,156.3630014038086,134.48480030059815,0.32698323888281633,1.6486582747512308,-0.6532117897460674
2023-08-24,160.4499969482422,163.35000610351562,154.75,154.9499969482422,153.27064514160156,225661,CDR.WA,-0.03035047566266158,0.5543828155572168,158.52250137329102,156.28200134277344,134.56365032196044,0.34523908463857456,1.6486582747512308,-0.6637369768814774
2023-08-25,153.5,157.10000610351562,152.10000610351562,156.10000610351562,154.40818786621094,160789,CDR.WA,0.007421808182787926,0.5584973384741163,158.1125015258789,156.03900146484375,134.66275035858155,0.3105021422372258,1.6486582747512308,-0.6612412972249273
2023-08-28,157.89999389648438,158.0,153.60000610351562,154.85000610351562,153.17173767089844,128854,CDR.WA,-0.008007687066783786,0.554025066559984,157.63500213623047,155.73600158691406,134.75660037994385,0.31091057926168536,1.6486582747512308,-0.6639539709078996
2023-08-29,155.0,156.25,152.60000610351562,155.9499969482422,154.25979614257812,128467,CDR.WA,0.007103589288793621,0.5579606330885226,157.2650016784668,155.53900146484375,134.85475032806397,0.3125324584886757,1.6486582747512308,-0.6615668379350994
2023-08-30,155.5,156.64999389648438,152.9499969482422,153.5500030517578,151.8858184814453,145445,CDR.WA,-0.015389509095539822,0.5493738928506536,156.9025016784668,155.48900146484374,134.91850032806397,0.31240689521193193,1.6486582747512308,-0.6667751581609296
2023-08-31,153.1999969482422,155.60000610351562,147.39999389648438,147.5500030517578,145.9508514404297,580779,CDR.WA,-0.03907521902150368,0.5279069876628183,156.31500167846679,155.34400146484376,134.92845035552978,0.3382843463478306,1.6486582747512308,-0.6797959918391971
2023-09-01,147.8000030517578,151.4499969482422,145.0,150.4499969482422,148.8194122314453,232537,CDR.WA,0.019654312683864195,0.5382826366663401,155.7025016784668,155.24100128173828,134.943200340271,0.3366814699916001,1.6486582747512308,-0.6735026021401782
2023-09-04,151.0,161.1999969482422,151.0,156.3000030517578,154.60601806640625,454896,CDR.WA,0.038883391307267035,0.5592128910617449,155.3625015258789,155.32700134277343,134.99880039215088,0.36879968618020276,1.6486582747512308,-0.6608072760583903
2023-09-05,156.35000610351562,160.0,153.5,153.5500030517578,151.8858184814453,255934,CDR.WA,-0.01759436945813342,0.5493738928506536,154.9175018310547,155.3560012817383,135.0323504257202,0.3729753717726442,1.6486582747512308,-0.6667751581609296
2023-09-06,153.6999969482422,155.89999389648438,150.60000610351562,151.0,149.3634490966797,224520,CDR.WA,-0.016606987958823205,0.540250447227191,154.4750015258789,155.43000122070313,135.0623504257202,0.37326947208334627,1.6486582747512308,-0.6723090190969319
2023-09-07,151.0,151.8000030517578,146.64999389648438,147.85000610351562,146.24758911132812,261125,CDR.WA,-0.020860886731684625,0.5289803438408426,154.1025016784668,155.37000122070313,135.10520046234132,0.3672029149681713,1.6486582747512308,-0.6791449435325454
2023-09-08,149.1999969482422,154.64999389648438,149.1999969482422,154.10000610351562,152.4298553466797,270852,CDR.WA,0.04227257180918964,0.5513417034115045,153.83250198364257,155.35900146484374,135.18600048065184,0.38674670487746615,1.6486582747512308,-0.6655815751176832
2023-09-11,155.1999969482422,157.6999969482422,154.39999389648438,156.25,154.55654907226562,245177,CDR.WA,0.013951939074162922,0.559033989266547,153.7825019836426,155.38700134277343,135.27425045013428,0.3873809353033313,1.6486582747512308,-0.6609157896284477
2023-09-12,157.35000610351562,158.5,154.5500030517578,156.6999969482422,155.00167846679688,196776,CDR.WA,0.002879980468750043,0.5606439962370021,153.7550018310547,155.42100128173828,135.35085041046142,0.38751930310560784,1.6486582747512308,-0.659939233725316
2023-09-13,156.0500030517578,156.4499969482422,153.6999969482422,155.89999389648438,154.21034240722656,199607,CDR.WA,-0.005105316319961695,0.5577817312933248,154.04750137329103,155.50500122070312,135.43035037994386,0.3485639719367918,1.6486582747512308,-0.6616753515051568
2023-09-14,155.89999389648438,157.8000030517578,154.4499969482422,155.64999389648438,153.9630584716797,210628,CDR.WA,-0.0016035921089644356,0.5568872769104982,154.36000137329103,155.7510009765625,135.51600032806397,0.34802593895844414,1.6486582747512308,-0.6622178862417514
2023-09-15,157.1999969482422,157.60000610351562,154.1999969482422,154.25,152.57821655273438,937817,CDR.WA,-0.008994500169498543,0.5518783542039352,154.37250137329102,155.94000091552735,135.62985034942628,0.3331318255841674,1.6486582747512308,-0.6652560675212035
2023-09-18,154.9499969482422,156.39999389648438,152.85000610351562,153.3000030517578,151.63851928710938,208026,CDR.WA,-0.00615881327871759,0.5484794384678272,154.25750122070312,156.1060009765625,135.74145038604738,0.33165313118940953,1.6486582747512308,-0.667317692897524
2023-09-19,155.1999969482422,155.1999969482422,147.3000030517578,148.39999389648438,146.7916259765625,384652,CDR.WA,-0.03196352940462155,0.5309480998085305,153.82250061035157,156.1640008544922,135.8655503463745,0.34723274100948304,1.6486582747512308,-0.6779513936029913
2023-09-20,149.8000030517578,154.4499969482422,148.60000610351562,153.0,151.34178161621094,248489,CDR.WA,0.030997346985905727,0.5474060822898028,153.48250045776368,156.33300079345702,135.99395034790038,0.360872885109685,1.6486582747512308,-0.6679687412041759
2023-09-21,156.3000030517578,158.4499969482422,147.6999969482422,148.60000610351562,146.98947143554688,430891,CDR.WA,-0.02875813004238159,0.531663706989322,153.16500091552734,156.29500091552734,136.09795036315919,0.3592500785066876,1.6486582747512308,-0.6775173393227618
2023-09-22,148.89999389648438,150.60000610351562,146.10000610351562,148.6999969482422,147.08837890625,220422,CDR.WA,0.0006728858722717668,0.5320214559865547,152.79500045776368,156.18800079345704,136.18765037536622,0.35773602255659515,1.6486582747512308,-0.6773003452963395
2023-09-25,150.64999389648438,155.8000030517578,148.9499969482422,149.39999389648438,147.78079223632812,394342,CDR.WA,0.004707444267707972,0.5345259173398362,152.52249984741212,156.09200073242187,136.29215034484864,0.3578383649998704,1.6486582747512308,-0.6757812546566135
2023-09-26,149.0,149.85000610351562,138.1999969482422,141.10000610351562,139.5707550048828,715132,CDR.WA,-0.0555554761181557,0.5048300755045277,151.78000030517578,155.72400085449217,136.36525035858153,0.40390059029118636,1.6486582747512308,-0.6937933814205963
2023-09-27,140.0,142.0,134.39999389648438,135.0,133.536865234375,548711,CDR.WA,-0.04323179191814108,0.48300536672629657,150.85250015258788,155.23500091552734,136.3833503341675,0.4252186984708892,1.6486582747512308,-0.7070312422389787
2023-09-28,135.0,135.0,121.55000305175781,123.69999694824219,122.35932922363281,1150766,CDR.WA,-0.0837037263093171,0.4425760177039073,149.6599998474121,154.5090008544922,136.3292502975464,0.4949481987188485,1.6486582747512308,-0.7315538189557879
2023-09-29,124.19999694824219,127.30000305175781,123.0999984741211,125.19999694824219,123.84307098388672,529601,CDR.WA,0.012126111859385169,0.44794274400086614,148.39749984741212,153.80900085449218,136.2701502609253,0.4900043776791249,1.6486582747512308,-0.728298610536221
2023-10-02,126.30000305175781,126.55000305175781,120.44999694824219,120.80000305175781,119.49076080322266,366472,CDR.WA,-0.03514372207455674,0.43220036870038536,146.62249984741212,153.03000091552735,136.1611502456665,0.4644882731951054,1.6486582747512308,-0.7378472086548069
2023-10-03,120.44999694824219,130.64999389648438,120.0,129.10000610351562,127.70081329345703,719961,CDR.WA,0.06870863279863992,0.46189626512885695,145.4,152.44700103759766,136.15715030670165,0.5455894293260338,1.6486582747512308,-0.7198350487771317
2023-10-04,128.0,130.75,125.44999694824219,126.55000305175781,125.17845153808594,449997,CDR.WA,-0.01975215283656262,0.45277281950539433,144.1775001525879,151.8230010986328,136.1267003250122,0.5463559555473929,1.6486582747512308,-0.7253689097131337
2023-10-05,126.6500015258789,128.5,118.19999694824219,118.75,117.46298217773438,613004,CDR.WA,-0.061635739736550454,0.4248658318425757,142.7224998474121,151.0410009765625,136.0767502975464,0.5771652359031142,1.6486582747512308,-0.7422960001176202
2023-10-06,118.55000305175781,118.6500015258789,106.25,107.5999984741211,106.43382263183594,1251997,CDR.WA,-0.09389474969161182,0.38497316090919864,140.3974994659424,149.90700088500978,135.97475028991698,0.6139856406613401,1.6486582747512308,-0.7664930526811033
2023-10-09,107.3499984741211,111.0999984741211,104.19999694824219,109.55000305175781,108.3626937866211,504617,CDR.WA,0.01812271938001664,0.391949921473194,138.06249961853027,148.81000106811524,135.8720002746582,0.6169521777035284,1.6486582747512308,-0.7622612718015587
2023-10-10,110.80000305175781,115.19999694824219,110.3499984741211,112.30000305175781,111.08289337158203,482899,CDR.WA,0.025102692135031246,0.40178891968428526,135.84249992370604,147.7890010070801,135.7980002975464,0.631261815310425,1.6486582747512308,-0.7562933896990194
2023-10-11,114.0,114.0,108.25,109.69999694824219,108.51106262207031,410227,CDR.WA,-0.02315232442440196,0.3924865722656247,133.53250007629396,146.76700088500976,135.7000002670288,0.6304743315484572,1.6486582747512308,-0.761935764205079
2023-10-12,111.0,111.5999984741211,105.4000015258789,105.55000305175781,104.40604400634766,496068,CDR.WA,-0.03783039208690586,0.3776386513479704,131.02750053405762,145.69200088500978,135.59255027770996,0.6321151234052979,1.6486582747512308,-0.7709418275870704
2023-10-13,105.5,108.1500015258789,104.55000305175781,105.9000015258789,104.75225067138672,397778,CDR.WA,0.0033159494457757344,0.37889088202461124,128.61000061035156,144.5560009765625,135.49365028381348,0.6360599273648371,1.6486582747512308,-0.7701822822672073
2023-10-16,108.0,108.25,101.5,101.6500015258789,100.5483169555664,563294,CDR.WA,-0.040132199610605546,0.36368515751656116,126.02750053405762,143.32700088500977,135.35760028839113,0.6392009584456843,1.6486582747512308,-0.7794053727893135
2023-10-17,101.75,105.94999694824219,101.05000305175781,105.3499984741211,104.20820617675781,451954,CDR.WA,0.03639937917069491,0.37692307146376036,123.87500076293945,142.18500091552735,135.2361502838135,0.6670479177005738,1.6486582747512308,-0.7713758653104538
2023-10-18,105.44999694824219,107.80000305175781,103.4000015258789,104.4000015258789,103.26850891113281,486756,CDR.WA,-0.009017531675385326,0.37352415572765235,121.4450008392334,141.0760008239746,135.11145030975342,0.6442846830736036,1.6486582747512308,-0.7734374906867743
2023-10-19,104.4000015258789,105.9000015258789,103.69999694824219,105.1500015258789,104.0103759765625,201897,CDR.WA,0.007183907940979228,0.3762075188761318,119.27250061035156,140.07300079345703,134.9922003173828,0.6490372353177053,1.6486582747512308,-0.7718098864769909
2023-10-20,105.0,106.3499984741211,103.55000305175781,104.5999984741211,103.46633911132812,232999,CDR.WA,-0.005230651866633074,0.374239708315281,117.0675006866455,138.97500076293946,134.8777003097534,0.6473213779067197,1.6486582747512308,-0.7730034695202371
2023-10-23,104.75,105.19999694824219,102.8499984741211,103.44999694824219,102.32880401611328,258683,CDR.WA,-0.010994278610466979,0.3701252126949629,114.7700008392334,137.8990007019043,134.73215030670167,0.6428404963321895,1.6486582747512308,-0.775499132619941
2023-10-24,103.44999694824219,105.44999694824219,103.0999984741211,103.6500015258789,102.52664184570312,236356,CDR.WA,0.001933345418432264,0.37084079257917296,112.89750061035156,136.82700073242188,134.58170028686524,0.6298608371501153,1.6486582747512308,-0.7750650948965577
2023-10-25,104.4000015258789,106.19999694824219,103.5,105.5999984741211,104.45549774169922,406034,CDR.WA,0.018813284317755752,0.37781752584658684,111.42750053405761,135.93800064086915,134.41890026092528,0.6308803178655372,1.6486582747512308,-0.7708333305738593
2023-10-26,105.25,107.8499984741211,103.9000015258789,106.55000305175781,105.39520263671875,336988,CDR.WA,0.00899625560003714,0.3812164688792764,110.5700008392334,135.08100082397462,134.2728503036499,0.5732254342016255,1.6486582747512308,-0.7687716886406925
2023-10-27,106.5999984741211,109.0,106.19999694824219,106.69999694824219,105.5435791015625,255269,CDR.WA,0.001407732446629062,0.3817531196717071,109.6450008392334,134.13500076293946,134.15665027618408,0.5697830455421445,1.6486582747512308,-0.7684461810442127
2023-10-30,107.4000015258789,108.9000015258789,105.0,105.0,103.86199951171875,226759,CDR.WA,-0.015932492941558518,0.3756708407871197,108.85500068664551,133.12300064086915,134.02095027923585,0.5613681055153773,1.6486582747512308,-0.7721354106303167
2023-10-31,105.5,106.69999694824219,105.0,105.0,103.86199951171875,214824,CDR.WA,0.0,0.3756708407871197,107.65000038146972,132.08100051879882,133.90185024261476,0.4876091364922739,1.6486582747512308,-0.7721354106303167
2023-11-02,106.5,108.3499984741211,105.30000305175781,108.3499984741211,107.17568969726562,494546,CDR.WA,0.031904747372581754,0.38765652405767814,106.7400001525879,131.0520004272461,133.79660026550292,0.5077087862383056,1.6486582747512308,-0.7648654484713199
2023-11-03,109.0,110.5999984741211,106.94999694824219,110.0,108.80781555175781,339613,CDR.WA,0.015228440693268785,0.39355992844364923,106.3025001525879,130.15300048828124,133.68020027160645,0.4704096836716136,1.6486582747512308,-0.7612847158984271
2023-11-06,110.9000015258789,111.8499984741211,108.80000305175781,109.5999984741211,108.41214752197266,243416,CDR.WA,-0.003636377507990063,0.39212879597181055,106.40250015258789,129.22300033569337,133.56570026397705,0.3274763751953813,1.6486582747512308,-0.7621527747883474
2023-11-07,109.5,110.0,106.80000305175781,109.5,108.313232421875,210184,CDR.WA,-0.0009123948495738388,0.39177101967799627,106.4,128.31600021362306,133.45060024261474,0.32128347634091003,1.6486582747512308,-0.762369785371616
2023-11-08,109.0,110.5,107.5999984741211,108.25,107.0767822265625,125942,CDR.WA,-0.011415525114155223,0.3872987477638639,106.1974998474121,127.3620002746582,133.31335025787354,0.3096390157132087,1.6486582747512308,-0.7650824590545884
2023-11-09,108.25,111.0,106.80000305175781,110.0,108.80781555175781,190796,CDR.WA,0.01616628175519641,0.3935599284436493,106.2125,126.49100021362305,133.1937502670288,0.30484846750324973,1.6486582747512308,-0.7612847158984271
2023-11-10,110.0,110.0,108.19999694824219,109.19999694824219,108.0164794921875,204035,CDR.WA,-0.007272755015980126,0.390697663499972,106.39499969482422,125.72400009155274,133.0821502304077,0.2716252163050664,1.6486582747512308,-0.7630208336782678
2023-11-13,109.5,110.0999984741211,107.4000015258789,107.69999694824219,106.5327377319336,194102,CDR.WA,-0.013736264120144281,0.3853309372030131,106.48499946594238,124.86900009155273,132.94735019683839,0.27708582920425884,1.6486582747512308,-0.7662760420978347
2023-11-14,107.05000305175781,114.3499984741211,103.30000305175781,114.0999984741211,112.8633804321289,555080,CDR.WA,0.059424342685493015,0.4082289748626871,107.1074993133545,124.025,132.84835021972657,0.3050728231547315,1.6486582747512308,-0.7523871495296468
2023-11-15,114.30000305175781,116.44999694824219,111.5999984741211,114.0,112.76445770263672,424386,CDR.WA,-0.0008764108278561666,0.40787119856887283,107.53999938964844,123.23399993896484,132.75435020446778,0.2836973890548748,1.6486582747512308,-0.7526041601129153
2023-11-16,114.19999694824219,114.94999694824219,111.5,112.5999984741211,111.37963104248047,309444,CDR.WA,-0.012280715139288634,0.4028622485657283,107.94999923706055,122.46599990844726,132.62075016021728,0.28592652947818614,1.6486582747512308,-0.7556423579492136
2023-11-17,112.5999984741211,113.6500015258789,112.0,113.1500015258789,111.92366790771484,164063,CDR.WA,0.004884574238109174,0.40483005912657916,108.34999923706054,121.77199981689454,132.4951001739502,0.2856967805220793,1.6486582747512308,-0.7544487749059673
2023-11-20,113.8499984741211,117.94999694824219,113.5,113.8499984741211,112.6160888671875,342438,CDR.WA,0.006186451072049515,0.40733452047986063,108.81249923706055,120.96699966430664,132.33545017242432,0.28376568323976464,1.6486582747512308,-0.7529296842662412
2023-11-21,114.6500015258789,115.69999694824219,113.1500015258789,113.19999694824219,111.97312927246094,186647,CDR.WA,-0.0057092800578882885,0.40500893362519547,109.29999923706055,120.10599960327148,132.16745014190673,0.28056644840869555,1.6486582747512308,-0.7543402778927562
2023-11-22,113.0,114.94999694824219,111.5999984741211,113.8499984741211,112.6160888671875,211039,CDR.WA,0.00574206310426062,0.40733452047986063,109.80999908447265,119.24899963378907,132.02390014648438,0.28040144364828795,1.6486582747512308,-0.7529296842662412
2023-11-23,113.8499984741211,114.0,110.4000015258789,110.4000015258789,109.20347595214844,221118,CDR.WA,-0.03030300390409224,0.39499106091548786,110.04999923706055,118.33899978637696,131.86950016021729,0.30137643380516654,1.6486582747512308,-0.7604166570085067
2023-11-24,110.5,112.4000015258789,109.44999694824219,111.94999694824219,110.7366714477539,132684,CDR.WA,0.014039813414313596,0.40053666171106306,110.31999893188477,117.46499984741212,131.72075016021728,0.30336720146276197,1.6486582747512308,-0.7570529515757286
2023-11-27,112.4000015258789,114.1500015258789,109.5999984741211,109.5999984741211,108.41214752197266,199037,CDR.WA,-0.020991501011005553,0.3921287959718105,110.46499900817871,116.57199981689453,131.5613501739502,0.3147837711194329,1.6486582747512308,-0.7621527747883474
2023-11-28,109.44999694824219,109.5999984741211,106.8499984741211,107.94999694824219,106.78002166748047,384126,CDR.WA,-0.015054758657396361,0.38622539158583946,110.61249885559081,115.66499969482422,131.40790016174316,0.31415291560992187,1.6486582747512308,-0.7657335073612404
2023-11-29,115.0,115.6500015258789,104.1500015258789,104.19999694824219,103.07067108154297,1146698,CDR.WA,-0.034738305752782694,0.37280857584344235,110.57249870300294,114.78099975585937,131.23440017700196,0.3396222313022551,1.6486582747512308,-0.7738715284101576
2023-11-30,105.0,110.0,104.8499984741211,108.8499984741211,107.67027282714844,693059,CDR.WA,0.04462573572040163,0.3894454328233311,110.59749870300293,113.89799972534179,131.10745014190672,0.35805688954996995,1.6486582747512308,-0.7637803789981309
2023-12-01,107.30000305175781,111.44999694824219,106.6500015258789,111.0,109.7969741821289,414055,CDR.WA,0.01975196652290312,0.39713774597495505,110.64749870300292,113.14599960327149,130.9704501724243,0.3608789829043049,1.6486582747512308,-0.7591145769520491
2023-12-04,110.44999694824219,111.0,106.05000305175781,106.69999694824219,105.5435791015625,668543,CDR.WA,-0.03873876623205241,0.38175311967170705,110.50249862670898,112.30599960327149,130.80635013580323,0.38702958933510734,1.6486582747512308,-0.7684461810442127
2023-12-05,106.75,109.0999984741211,106.4000015258789,107.75,106.58219909667969,486950,CDR.WA,0.009840703671876838,0.38550983899821084,110.41499862670898,111.4729997253418,130.66600009918213,0.3889615064272744,1.6486582747512308,-0.7661675285277775
2023-12-06,107.8499984741211,109.9000015258789,107.75,108.5,107.3240737915039,238782,CDR.WA,0.006960556844547661,0.3881932021466903,110.42749862670898,110.82099960327149,130.52680011749268,0.3876030888076076,1.6486582747512308,-0.764539924317994
2023-12-07,108.5,109.5,107.6500015258789,108.25,107.0767822265625,261477,CDR.WA,-0.0023041474654378336,0.3872987477638638,110.33999862670899,110.28599960327148,130.41195011138916,0.3831553985230359,1.6486582747512308,-0.7650824590545885
2023-12-08,108.25,112.19999694824219,108.25,112.1500015258789,110.93450927734375,381749,CDR.WA,0.03602772772174512,0.4012522415952731,110.48749885559081,110.05499969482422,130.31300010681153,0.40334175050970694,1.6486582747512308,-0.7566189138523453
2023-12-11,112.1500015258789,114.75,111.6500015258789,113.8499984741211,112.6160888671875,415342,CDR.WA,0.015158242756242002,0.4073345204798605,110.79499893188476,109.8279997253418,130.20975009918212,0.40177199296816485,1.6486582747512308,-0.7529296842662413
2023-12-12,114.3499984741211,114.5999984741211,112.3499984741211,113.30000305175781,112.07205200195312,173024,CDR.WA,-0.004830877731529348,0.4053667372155912,110.7549991607666,109.67799972534179,130.12865009307862,0.3426518332329568,1.6486582747512308,-0.7541232507526414
2023-12-13,113.30000305175781,113.69999694824219,112.4000015258789,112.8499984741211,111.62692260742188,230773,CDR.WA,-0.003971796694755114,0.40375670294855465,110.69749908447265,109.3529995727539,130.0323001098633,0.342917265589089,1.6486582747512308,-0.7550998232126191
2023-12-14,113.94999694824219,114.80000305175781,113.0999984741211,114.0,112.76445770263672,281546,CDR.WA,0.010190532046330691,0.4078711985688727,110.7674991607666,109.10199951171874,129.94030014038086,0.34176668711843117,1.6486582747512308,-0.7526041601129153
2023-12-15,114.0999984741211,115.44999694824219,113.05000305175781,114.4000015258789,113.16012573242188,755118,CDR.WA,0.003508785314727314,0.4093023310407114,110.8299991607666,109.01499954223632,129.8510001754761,0.34158549487410905,1.6486582747512308,-0.751736101222995
2023-12-18,114.4000015258789,115.3499984741211,112.30000305175781,115.30000305175781,114.05037689208984,450394,CDR.WA,0.007867146100302369,0.412522372278203,110.90249938964844,109.16899963378906,129.77350017547607,0.34199085321600003,1.6486582747512308,-0.7497829728598855
2023-12-19,115.30000305175781,118.80000305175781,114.5,116.5,115.23736572265625,424431,CDR.WA,0.010407605520214247,0.4168157423971375,111.06749954223633,109.3079995727539,129.70270015716554,0.342673162096763,1.6486582747512308,-0.7471788127469705
2023-12-20,117.0,118.75,116.0,116.0,114.74278259277344,260047,CDR.WA,-0.0042918454935622075,0.4150268336314845,111.17499961853028,109.38199951171875,129.6217001724243,0.3429384776092703,1.6486582747512308,-0.7482638822201595
2023-12-21,115.25,117.0999984741211,114.4000015258789,116.0,114.74278259277344,320409,CDR.WA,0.0,0.4150268336314845,111.45499954223632,109.5079995727539,129.53440013885498,0.3223167229426274,1.6486582747512308,-0.7482638822201595
2023-12-22,116.0,116.80000305175781,114.69999694824219,116.5,115.23736572265625,303527,CDR.WA,0.004310344827586299,0.4168157423971375,111.68249969482422,109.72699951171874,129.4556001663208,0.31960467890210803,1.6486582747512308,-0.7471788127469705
2023-12-27,116.5,116.9000015258789,114.5999984741211,115.0,113.75362396240234,357764,CDR.WA,-0.012875536480686733,0.4114490161001786,111.95249977111817,109.90899948120118,129.36970020294189,0.31302909337551793,1.6486582747512308,-0.7504340211665375
2023-12-28,115.75,117.55000305175781,115.19999694824219,115.69999694824219,114.44603729248047,268861,CDR.WA,0.006086929984714606,0.41395347745346006,112.33999977111816,110.18999938964843,129.3047002029419,0.30614123652284,1.6486582747512308,-0.7489149305268115
2023-12-29,115.69999694824219,116.4000015258789,114.9000015258789,115.0,113.75362396240234,164252,CDR.WA,-0.006050103428743681,0.41144901610017853,112.87999992370605,110.38299942016602,129.24430019378661,0.27364170911160834,1.6486582747512308,-0.7504340211665375
2024-01-02,115.05000305175781,115.8499984741211,109.94999694824219,111.9000015258789,110.68722534179688,399398,CDR.WA,-0.026956508470618257,0.4003577872124465,113.03250007629394,110.53299942016602,129.153800201416,0.253691529636792,1.6486582747512308,-0.7571614485889399
2024-01-03,111.8499984741211,112.0,108.4000015258789,111.6500015258789,110.43993377685547,390528,CDR.WA,-0.002234137592412644,0.39946333282962004,113.06500015258788,110.66299942016602,129.06525020599366,0.24455675735819837,1.6486582747512308,-0.7577039833255343
2024-01-04,111.6500015258789,112.5,110.0,112.25,111.0334243774414,211875,CDR.WA,0.005373922668348685,0.40161001788908723,113.34250030517578,110.81599945068359,128.94950023651123,0.19627141359021463,1.6486582747512308,-0.7564019032690769
2024-01-05,112.05000305175781,112.05000305175781,107.6500015258789,111.0999984741211,109.89588928222656,509914,CDR.WA,-0.010245002457718533,0.39749552226876916,113.51000022888184,110.96899948120117,128.85000022888184,0.1993833148947867,1.6486582747512308,-0.7588975663687807
2024-01-08,110.80000305175781,111.0,109.25,110.25,109.05510711669922,133249,CDR.WA,-0.007650751447301651,0.39445438282647544,113.59750022888184,111.10099945068359,128.74765022277833,0.20091931792283682,1.6486582747512308,-0.7607421811618327
2024-01-09,110.25,111.5,109.6500015258789,111.44999694824219,110.24209594726562,225119,CDR.WA,0.010884326061153526,0.3987477529454099,113.75750007629395,111.21799942016601,128.72260021209718,0.20358685280907965,1.6486582747512308,-0.7581380210489177
2024-01-10,111.3499984741211,113.1500015258789,110.44999694824219,111.19999694824219,109.99480438232422,199370,CDR.WA,-0.002243158428403502,0.39785329856258345,113.7099998474121,111.31099929809571,128.71470020294188,0.1577538205650568,1.6486582747512308,-0.7586805557855121
2024-01-11,111.19999694824219,111.80000305175781,107.5999984741211,107.5999984741211,106.43382263183594,385541,CDR.WA,-0.032374087885961966,0.38497316090919853,113.3974998474121,111.32899932861328,128.7027001953125,0.18375152296443448,1.6486582747512308,-0.7664930526811035
2024-01-12,108.0,109.8499984741211,107.1500015258789,108.0,106.8294906616211,230382,CDR.WA,0.003717486352707633,0.3864042933810372,113.13249969482422,111.38899932861328,128.6897002029419,0.18497182666160666,1.6486582747512308,-0.765624993791183
2024-01-15,107.94999694824219,108.0,105.5,106.6500015258789,105.49412536621094,259067,CDR.WA,-0.012499985871491592,0.3815742451730906,112.8224998474121,111.42199935913087,128.65265022277833,0.1884223896034216,1.6486582747512308,-0.768554678057424
2024-01-16,106.5999984741211,106.94999694824219,104.8499984741211,105.0,103.86199951171875,315846,CDR.WA,-0.015471181455900207,0.37567084078711954,112.37249984741212,111.35499938964844,128.63265022277832,0.18705377495420053,1.6486582747512308,-0.7721354106303169
2024-01-17,104.9000015258789,105.0999984741211,100.0,100.0,98.91619110107422,651055,CDR.WA,-0.04761904761904767,0.35778175313059,111.65249977111816,111.15499938964844,128.58175022125243,0.24019295616344333,1.6486582747512308,-0.7829861053622065
2024-01-18,100.80000305175781,102.0,97.0999984741211,99.9000015258789,98.81727600097656,594224,CDR.WA,-0.0009999847412109908,0.35742397683677574,110.88249969482422,110.96099945068359,128.51485023498535,0.23512145231117274,1.6486582747512308,-0.7832031159454751
2024-01-19,100.5,101.44999694824219,97.76000213623047,99.19999694824219,98.12486267089844,506057,CDR.WA,-0.007007052722170171,0.3549194881869127,110.01749954223632,110.75499938964843,128.45475021362304,0.22593149284043415,1.6486582747512308,-0.7847222231420473
2024-01-22,100.05000305175781,101.55000305175781,99.63999938964844,101.55000305175781,100.44939422607422,248633,CDR.WA,0.02368957838518626,0.36332738122274677,109.29499969482421,110.6209994506836,128.42220024108886,0.25217823656066507,1.6486582747512308,-0.7796223833725822
2024-01-23,103.80000305175781,108.5999984741211,100.80000305175781,103.75,102.62554931640625,466631,CDR.WA,0.02166417412238686,0.3711985688729872,108.68249969482422,110.4959994506836,128.39875022888182,0.27064288781166745,1.6486582747512308,-0.7748480843132892
2024-01-24,104.19999694824219,105.6500015258789,104.05000305175781,105.5,104.3565902709961,304587,CDR.WA,0.01686746987951815,0.37745974955277256,108.13249969482422,110.42199951171875,128.38705024719238,0.28013771975517887,1.6486582747512308,-0.7710503411571278
2024-01-25,105.5,107.0,102.6500015258789,106.3499984741211,105.1973648071289,478910,CDR.WA,0.008056857574607612,0.3805008889950663,107.69999961853027,110.39499954223633,128.38780025482177,0.28197945614192954,1.6486582747512308,-0.7692057263640758
2024-01-26,106.3499984741211,106.5999984741211,103.6500015258789,105.1500015258789,104.0103759765625,232329,CDR.WA,-0.011283469350817033,0.3762075188761318,107.17249984741211,110.21599960327148,128.38535026550292,0.2806802386110299,1.6486582747512308,-0.7718098864769909
2024-01-29,105.3499984741211,105.6500015258789,103.75,105.0,103.86199951171875,185957,CDR.WA,-0.0014265480142859888,0.3756708407871196,106.67249984741211,110.03599960327148,128.36615028381348,0.2808473516910566,1.6486582747512308,-0.7721354106303168
2024-01-30,105.0,106.05000305175781,103.69999694824219,103.80000305175781,102.67501068115234,316217,CDR.WA,-0.011428542364211314,0.3713774706681851,106.26749992370605,109.85999969482423,128.33515029907227,0.2694759656459685,1.6486582747512308,-0.7747395707432319
2024-01-31,103.94999694824219,105.19999694824219,102.55000305175781,104.75,103.61470794677734,274878,CDR.WA,0.009152186130172657,0.37477638640429306,105.92249984741211,109.69199966430664,128.30520030975342,0.27325238725918277,1.6486582747512308,-0.7726779453669113
2024-02-01,103.6500015258789,105.5999984741211,103.6500015258789,104.80000305175781,103.66417694091797,202703,CDR.WA,0.000477356102699833,0.3749552881994909,105.55,109.51099975585937,128.27450031280517,0.2718010757815987,1.6486582747512308,-0.7725694317968539
2024-02-02,105.05000305175781,106.55000305175781,103.69999694824219,104.19999694824219,103.07067108154297,225095,CDR.WA,-0.005725248912629266,0.3728085758434422,105.20499992370605,109.33099975585938,128.24700031280517,0.27073788865285375,1.6486582747512308,-0.7738715284101576
2024-02-05,104.44999694824219,109.69999694824219,104.44999694824219,108.94999694824219,107.7691879272461,491632,CDR.WA,0.04558541400302918,0.3898032091171452,105.13999977111817,109.2329997253418,128.24575031280517,0.3201984428296206,1.6486582747512308,-0.7635633684148625
2024-02-06,109.44999694824219,109.44999694824219,107.0999984741211,108.3499984741211,107.17568969726562,240257,CDR.WA,-0.005507099503693658,0.387656524057678,104.98499984741211,109.19199966430664,128.2392502975464,0.3178148582115554,1.6486582747512308,-0.76486544847132
2024-02-07,108.3499984741211,109.3499984741211,107.3499984741211,108.30000305175781,107.1262435913086,278601,CDR.WA,-0.0004614252244333761,0.3874776495590616,104.84000015258789,109.11899978637695,128.22675029754637,0.3178016158240676,1.6486582747512308,-0.7649739454845311
2024-02-08,109.0,111.1500015258789,108.0,110.0,108.80781555175781,493498,CDR.WA,0.01569710895972687,0.39355992844364907,104.96000022888184,109.12699981689452,128.2252502822876,0.30045475640491043,1.6486582747512308,-0.7612847158984271
2024-02-09,109.0,111.44999694824219,109.0,111.19999694824219,109.99480438232422,212739,CDR.WA,0.010909063165838173,0.39785329856258356,105.12000007629395,109.19199981689454,128.2262502670288,0.3023092292455791,1.6486582747512308,-0.7586805557855121
2024-02-12,111.0999984741211,114.30000305175781,111.0,113.3499984741211,112.12149810791016,304140,CDR.WA,0.01933454662664813,0.4055456117142076,105.45499992370605,109.37499984741211,128.2332502746582,0.30368591573761733,1.6486582747512308,-0.7540147537394302
2024-02-13,113.19999694824219,113.30000305175781,108.75,109.30000305175781,108.11540222167969,320700,CDR.WA,-0.035729999796055845,0.39105546709036765,105.67000007629395,109.38399993896485,128.209750289917,0.32778607411803273,1.6486582747512308,-0.7628038065381532
2024-02-14,109.25,110.80000305175781,108.94999694824219,110.30000305175781,109.10456848144531,203121,CDR.WA,0.009149130577118747,0.3946332846216736,106.18500022888183,109.37,128.19475028991698,0.2702041503022952,1.6486582747512308,-0.7606336675917752
2024-02-15,110.30000305175781,115.05000305175781,109.0,113.75,112.51716613769531,524823,CDR.WA,0.03127830328910597,0.40697674418604635,106.87750015258788,109.51100006103516,128.204750289917,0.2845300493967925,1.6486582747512308,-0.7531466948495098
2024-02-16,113.75,115.0,112.80000305175781,114.5,113.25904083251953,334885,CDR.WA,0.00659340659340657,0.40966010733452574,107.64250030517579,109.64600006103515,128.217250289917,0.2799208508767533,1.6486582747512308,-0.7515190906397263
2024-02-19,113.30000305175781,115.30000305175781,112.5,114.0999984741211,112.8633804321289,329348,CDR.WA,-0.0034934631081127154,0.40822897486268706,108.27000007629394,109.75800003051758,128.2232502746582,0.2754636973291605,1.6486582747512308,-0.7523871495296468
2024-02-20,113.5,114.8499984741211,110.6500015258789,114.75,113.50633239746094,468422,CDR.WA,0.00569677067985519,0.41055456171735216,108.82000007629395,109.88800003051757,128.23800025939943,0.2691689059865721,1.6486582747512308,-0.7509765559031318
2024-02-21,115.0,116.3499984741211,113.4000015258789,113.5,112.26988220214844,494349,CDR.WA,-0.01089324618736387,0.40608228980321975,109.22000007629394,109.915,128.2462502670288,0.27122107944619345,1.6486582747512308,-0.7536892295861043
2024-02-22,114.19999694824219,115.55000305175781,114.19999694824219,115.44999694824219,114.19874572753906,264746,CDR.WA,0.017180589852354045,0.41305902307063364,109.675,109.94699996948242,128.25850025177002,0.27502763213903114,1.6486582747512308,-0.7494574652634058
2024-02-23,115.44999694824219,116.25,114.0999984741211,114.8499984741211,113.6052474975586,222237,CDR.WA,-0.005197041922747614,0.4109123380111664,110.15999984741211,109.97799987792969,128.24925025939942,0.27128993306624993,1.6486582747512308,-0.7507595453198634
2024-02-26,114.80000305175781,115.0,112.6500015258789,113.9000015258789,112.6655502319336,160782,CDR.WA,-0.008271632223454062,0.4075134222750584,110.60499992370606,109.99899993896484,128.2445002746582,0.27436386484678543,1.6486582747512308,-0.7528211706961839
2024-02-27,113.9000015258789,115.75,113.0999984741211,115.30000305175781,114.05037689208984,211441,CDR.WA,0.012291496989671469,0.412522372278203,111.17999992370605,110.025,128.2490002822876,0.26929601911527096,1.6486582747512308,-0.7497829728598855
2024-02-28,115.30000305175781,115.30000305175781,110.9000015258789,111.0999984741211,109.89588928222656,278646,CDR.WA,-0.036426751660633916,0.39749552226876933,111.49749984741212,109.95899993896484,128.248500289917,0.3068607818024264,1.6486582747512308,-0.7588975663687806
2024-02-29,110.9000015258789,112.0999984741211,109.55000305175781,109.69999694824219,108.51106262207031,363039,CDR.WA,-0.01260127403336564,0.3924865722656248,111.74249954223633,109.84699981689454,128.2512502670288,0.31182863456284926,1.6486582747512308,-0.7619357642050789
2024-03-01,110.0,111.6500015258789,109.0999984741211,110.3499984741211,109.15401458740234,147171,CDR.WA,0.005925264758080084,0.39481215912028994,112.04999961853028,109.72399978637695,128.2555002593994,0.31050686889073587,1.6486582747512308,-0.7605251705785641
2024-03-04,110.3499984741211,111.1500015258789,105.9000015258789,105.9000015258789,104.75225067138672,329817,CDR.WA,-0.04032620761010508,0.3788908820246113,111.8974998474121,109.52199981689454,128.2165002822876,0.30411291785948596,1.6486582747512308,-0.7701822822672073
2024-03-05,105.94999694824219,107.0,104.25,105.4000015258789,104.2576675415039,173831,CDR.WA,-0.0047214352483064825,0.3771019732589584,111.75,109.30999984741212,128.1532502746582,0.30397955421529554,1.6486582747512308,-0.7712673517403963
2024-03-06,105.69999694824219,107.3499984741211,105.5,107.0,105.84032440185547,151204,CDR.WA,0.015180250957854469,0.3828264758497315,111.68499984741212,109.1199998474121,128.0832502746582,0.30950628952561865,1.6486582747512308,-0.7677951327375608
2024-03-07,106.94999694824219,109.9000015258789,105.55000305175781,107.75,106.58219909667969,268902,CDR.WA,0.007009345794392496,0.3855098389982109,111.5724998474121,108.9749998474121,128.0502502822876,0.3050091950076237,1.6486582747512308,-0.7661675285277774
2024-03-08,108.5,111.0999984741211,105.5999984741211,110.69999694824219,109.50022888183594,425118,CDR.WA,0.027378161932642087,0.3960643897969307,111.54749984741211,108.87499984741211,128.0327502822876,0.31872826275499044,1.6486582747512308,-0.759765625258701
2024-03-11,112.0999984741211,117.8499984741211,111.5,117.0999984741211,115.83086395263672,921374,CDR.WA,0.057813926850162733,0.4189624274566048,111.73499984741211,108.91699981689453,128.02375026702882,0.3741817691234532,1.6486582747512308,-0.7458767326905129
2024-03-12,117.19999694824219,119.6500015258789,115.4000015258789,117.6500015258789,116.3749008178711,863119,CDR.WA,0.004696866429757973,0.4209302380174556,112.15249977111816,109.03199981689453,127.9870002746582,0.34678507268958025,1.6486582747512308,-0.7446831496472666
2024-03-13,117.75,118.1500015258789,115.5999984741211,116.5,115.23736572265625,340744,CDR.WA,-0.0097747684739804,0.41681574239713753,112.46249961853027,109.12899978637695,127.95225028991699,0.34949069306417474,1.6486582747512308,-0.7471788127469705
2024-03-14,116.5,119.0999984741211,116.0999984741211,117.8499984741211,116.5727310180664,458565,CDR.WA,0.011587969734945025,0.4216457906050842,112.66749954223633,109.24099975585938,127.93550029754638,0.3350246405641969,1.6486582747512308,-0.7442491284807295
2024-03-15,118.0,118.94999694824219,113.8499984741211,116.1500015258789,114.89116668701172,963575,CDR.WA,-0.014425090965236587,0.41556351172049677,112.74999961853027,109.34199981689453,127.89625030517578,0.3394658651025194,1.6486582747512308,-0.7479383580668335
2024-03-18,116.9000015258789,117.9000015258789,111.1500015258789,112.5,111.28072357177734,557815,CDR.WA,-0.031424894342904186,0.40250447227191394,112.66999969482421,109.38699981689453,127.81650032043457,0.35825364679943666,1.6486582747512308,-0.7558593685324821
2024-03-19,112.5,113.19999694824219,109.44999694824219,111.0999984741211,109.89588928222656,282810,CDR.WA,-0.012444458007812464,0.3974955222687694,112.48749961853028,109.37999984741211,127.71850032806397,0.3598988471409704,1.6486582747512308,-0.7588975663687806
2024-03-20,111.5,113.5,110.69999694824219,112.9000015258789,111.67638397216797,234726,CDR.WA,0.016201647853101298,0.40393560474375256,112.45749969482422,109.41399993896485,127.62000030517578,0.36322745107909316,1.6486582747512308,-0.7549913096425618
2024-03-21,115.0,115.1500015258789,112.1500015258789,114.30000305175781,113.06121826171875,308211,CDR.WA,0.012400367643555787,0.4089445547468971,112.4,109.54800003051758,127.53650032043457,0.3606124838949419,1.6486582747512308,-0.7519531118062635
2024-03-22,114.0,116.5999984741211,113.25,114.9000015258789,113.65470886230469,273887,CDR.WA,0.005249330342094627,0.41109123980636436,112.40250015258789,109.68600006103516,127.46425029754639,0.3606207050610692,1.6486582747512308,-0.750651031749806
2024-03-25,114.9000015258789,116.25,113.8499984741211,115.30000305175781,114.05037689208984,243560,CDR.WA,0.0034813013104164625,0.412522372278203,112.47250022888184,109.85900009155273,127.33375034332275,0.3593411595975344,1.6486582747512308,-0.7497829728598855
2024-03-26,114.80000305175781,115.25,112.4000015258789,113.0,111.77529907226562,522706,CDR.WA,-0.019947987778676346,0.40429338103756685,112.35750007629395,110.01900009155274,127.19725032806396,0.36392395089323554,1.6486582747512308,-0.7547742990592933
2024-03-27,113.4000015258789,115.9000015258789,112.8499984741211,115.4000015258789,114.14928436279297,315277,CDR.WA,0.02123895155645039,0.41288014857201727,112.57250022888184,110.32700012207032,126.97925033569337,0.3460917109819636,1.6486582747512308,-0.749565962276617
2024-03-28,115.69999694824219,117.0,114.5999984741211,116.9000015258789,115.6330337524414,558605,CDR.WA,0.012998266725877006,0.41824687486897605,112.93250045776367,110.6670001220703,126.72250034332275,0.3435647815420574,1.6486582747512308,-0.7463107538570501
2024-04-02,118.9000015258789,124.0999984741211,115.6500015258789,115.6500015258789,114.39657592773438,1692229,CDR.WA,-0.010692899774883968,0.41377460295484364,113.19750061035157,110.99600021362305,126.45075035095215,0.3469947661765149,1.6486582747512308,-0.7490234275400226
2024-04-03,116.0,116.5,113.5,114.0,112.76445770263672,436705,CDR.WA,-0.0142671984791084,0.4078711985688726,113.60250053405761,111.24500015258789,126.19175033569336,0.3151300905254181,1.6486582747512308,-0.7526041601129154
2024-04-04,114.19999694824219,117.3499984741211,114.19999694824219,116.9000015258789,115.6330337524414,354939,CDR.WA,0.02543860987613078,0.41824687486897605,114.17750053405761,111.50800018310547,125.99600032806397,0.3223186878384979,1.6486582747512308,-0.7463107538570501
2024-04-05,115.5,117.19999694824219,114.4000015258789,116.05000305175781,114.79224395751953,372071,CDR.WA,-0.007271158794064925,0.4152057354266823,114.6300006866455,111.71900024414063,125.80225032806396,0.32312057221619883,1.6486582747512308,-0.7481553686501021
2024-04-08,116.69999694824219,117.0,115.69999694824219,117.0,115.73194122314453,193074,CDR.WA,0.008186100157347553,0.4186046511627903,115.09250068664551,111.93200027465821,125.60925029754638,0.32328021980429206,1.6486582747512308,-0.7460937432737816
2024-04-09,117.5,119.80000305175781,116.69999694824219,117.0999984741211,115.83086395263672,373870,CDR.WA,0.0008546878130009095,0.4189624274566046,115.41250076293946,112.17100021362305,125.43475028991699,0.31169201460988255,1.6486582747512308,-0.745876732690513
2024-04-10,117.5999984741211,118.69999694824219,114.19999694824219,115.0,113.75362396240234,306001,CDR.WA,-0.017933377467850176,0.41144901610017853,115.3075008392334,112.37100021362305,125.24925025939942,0.24351346978121416,1.6486582747512308,-0.7504340211665375
2024-04-11,115.25,121.0,115.25,118.69999694824219,117.41352081298828,539574,CDR.WA,0.03217388650645381,0.4246869300473778,115.36000061035156,112.66900009155273,125.10625022888183,0.26983802763965675,1.6486582747512308,-0.7424045136876776
2024-04-12,119.80000305175781,120.0,118.1500015258789,118.5,117.21569061279297,235661,CDR.WA,-0.0016848942997815808,0.4239713774597492,115.46000061035156,112.94400009155274,124.94450019836425,0.2672354587065756,1.6486582747512308,-0.7428385348542147
2024-04-15,117.30000305175781,119.44999694824219,115.5,115.5,114.24820709228516,317370,CDR.WA,-0.025316455696202556,0.4132379248658315,115.34250068664551,113.15800003051758,124.74875022888183,0.27963632610413197,1.6486582747512308,-0.7493489516933485
2024-04-16,115.0,115.30000305175781,111.4000015258789,111.55000305175781,110.34101104736328,445099,CDR.WA,-0.034199107776988646,0.39910555653580576,115.11250076293945,113.3050001525879,124.53225021362304,0.3003979544128195,1.6486582747512308,-0.7579209939088029
2024-04-17,111.75,113.1500015258789,111.05000305175781,112.44999694824219,111.23125457763672,326580,CDR.WA,0.008068075946773279,0.40232557047671585,115.11000061035156,113.37500015258789,124.31950019836425,0.28090248023803094,1.6486582747512308,-0.7559678821025397
2024-04-18,113.0,113.80000305175781,111.1500015258789,112.69999694824219,111.47854614257812,338970,CDR.WA,0.002223210376031126,0.40322002485954234,115.19000053405762,113.46200012207031,124.12450019836426,0.27699423023495984,1.6486582747512308,-0.7554253473659452
2024-04-19,112.0,113.80000305175781,111.5999984741211,113.19999694824219,111.97312927246094,195122,CDR.WA,0.004436557351723991,0.40500893362519524,115.20500030517579,113.56,123.9737501525879,0.2714442720334515,1.6486582747512308,-0.7543402778927563
2024-04-22,113.25,116.3499984741211,113.25,116.25,114.99007415771484,285597,CDR.WA,0.026943490582887142,0.41592128801431083,115.3025001525879,113.685,123.8310001373291,0.28465035070043343,1.6486582747512308,-0.7477213474835651
2024-04-23,116.30000305175781,117.75,115.05000305175781,115.75,114.49549102783203,364389,CDR.WA,-0.004301075268817178,0.41413237924865787,115.34500007629394,113.77600006103516,123.6847501373291,0.2847776277499896,1.6486582747512308,-0.7488064169567541
2024-04-24,116.0,118.19999694824219,115.6500015258789,116.1500015258789,114.89116668701172,276867,CDR.WA,0.0034557367246557114,0.4155635117204965,115.3875,113.83200012207031,123.5380001449585,0.284774118073279,1.6486582747512308,-0.7479383580668337
2024-04-25,115.9000015258789,116.94999694824219,114.05000305175781,114.5999984741211,113.35795593261719,201047,CDR.WA,-0.013344838841112372,0.41001788362833974,115.46749992370606,113.93800003051757,123.38825012207032,0.2793931504706269,1.6486582747512308,-0.7513020800564579
2024-04-26,115.5999984741211,116.80000305175781,114.9000015258789,116.1500015258789,114.89116668701172,176839,CDR.WA,0.013525332219858965,0.4155635117204965,115.50499992370605,114.055,123.21650012969971,0.2732003583571182,1.6486582747512308,-0.7479383580668337
2024-04-29,116.0,118.4000015258789,116.0,117.8499984741211,116.5727310180664,222908,CDR.WA,0.014636219766759329,0.42164579060508395,115.55249977111816,114.13699996948242,123.03550010681153,0.2742568352644785,1.6486582747512308,-0.7442491284807297
2024-04-30,118.19999694824219,119.6500015258789,117.75,118.5,117.21569061279297,244947,CDR.WA,0.005515498806066166,0.4239713774597491,115.69499969482422,114.21699996948242,122.85700012207032,0.27146748615335703,1.6486582747512308,-0.7428385348542148
2024-05-02,118.5,123.5999984741211,117.05000305175781,119.55000305175781,118.25431823730469,528880,CDR.WA,0.00886078524690137,0.4277280967862529,115.97249984741211,114.32600006103516,122.6572501373291,0.26617466894805036,1.6486582747512308,-0.7405598823377795
2024-05-06,120.0,126.4000015258789,119.6500015258789,124.0999984741211,122.75499725341797,695889,CDR.WA,0.03805935011472483,0.4440071501757458,116.33249969482422,114.51300003051757,122.4805001449585,0.2837796238718659,1.6486582747512308,-0.7306857600658676
2024-05-07,124.19999694824219,129.64999389648438,124.0999984741211,128.5,127.10731506347656,654081,CDR.WA,0.0354552907331136,0.4597495527728081,116.95499954223632,114.81300003051757,122.3230001449585,0.3028664064596143,1.6486582747512308,-0.7211371453904354
2024-05-08,128.0,134.85000610351562,127.5999984741211,131.8000030517578,130.37155151367188,901842,CDR.WA,0.025680957601228016,0.4715563615447501,117.69499969482422,115.14000015258789,122.18100017547607,0.31134041281872255,1.6486582747512308,-0.7139756802446497
2024-05-09,132.60000610351562,134.3000030517578,130.3000030517578,131.5,130.07479858398438,248695,CDR.WA,-0.002276199126034939,0.4704830053667257,118.41499977111816,115.47300018310547,122.03975017547607,0.31224445228322173,1.6486582747512308,-0.7146267285513017
2024-05-10,133.0,133.75,130.5500030517578,131.75,130.32208251953125,311155,CDR.WA,0.0019011406844107182,0.4713774597495522,119.25249977111817,115.83000015258789,121.90725017547608,0.2997697102858347,1.6486582747512308,-0.7140841938147071
2024-05-13,131.0,142.1999969482422,131.0,140.85000610351562,139.32347106933594,946280,CDR.WA,0.06907025505514697,0.5039356211217011,120.36000022888183,116.34100021362305,121.82275020599366,0.36285292698691096,1.6486582747512308,-0.6943359161571909
2024-05-14,142.0,144.89999389648438,139.0,143.0500030517578,141.49961853027344,867007,CDR.WA,0.01561943097556795,0.5118068087719415,121.58750038146972,116.98000030517578,121.74875019073487,0.3613947018436959,1.6486582747512308,-0.689561617097898
2024-05-15,142.25,143.0,136.39999389648438,139.64999389648438,138.13645935058594,585313,CDR.WA,-0.02376797681048115,0.49964219640960367,122.79500007629395,117.57900024414063,121.6255001449585,0.35944123061756333,1.6486582747512308,-0.6969401093837984
2024-05-16,140.0,144.35000610351562,139.89999389648438,142.89999389648438,141.35122680664062,482213,CDR.WA,0.023272467898631355,0.5112701033863478,124.36249961853028,118.23000015258789,121.51800014495849,0.3221364695904353,1.6486582747512308,-0.6898871578080701
2024-05-17,142.1999969482422,142.64999389648438,140.60000610351562,141.10000610351562,139.5707550048828,214075,CDR.WA,-0.012596136248071876,0.5048300755045276,125.79500007629395,118.93400024414062,121.4067501449585,0.334162701993701,1.6486582747512308,-0.6937933814205964
2024-05-20,141.0,143.3000030517578,140.35000610351562,142.64999389648438,141.10394287109375,281552,CDR.WA,0.01098502994983308,0.5103756490035214,127.29249992370606,119.67900009155274,121.31600009918213,0.33233773610912937,1.6486582747512308,-0.6904296925446646
2024-05-21,142.6999969482422,144.0,141.75,142.5,140.95558166503906,378599,CDR.WA,-0.0010514819691700428,0.5098389982110907,128.75750007629395,120.38900009155273,121.23200008392334,0.3345701218147144,1.6486582747512308,-0.6907552001411443
2024-05-22,142.64999389648438,148.9499969482422,141.5,145.0,143.42848205566406,620697,CDR.WA,0.01754385964912286,0.5187835420393555,130.19500007629395,121.13400009155274,121.14350009918213,0.3305603220417767,1.6486582747512308,-0.6853298527751994
2024-05-23,145.0,145.0,140.6999969482422,142.14999389648438,140.609375,444037,CDR.WA,-0.01965521450700436,0.5085867402378684,131.51499977111817,121.76300003051757,121.03875003814697,0.34438303600190384,1.6486582747512308,-0.6915147620178536
2024-05-24,141.10000610351562,141.89999389648438,137.25,139.39999389648438,137.88917541503906,375094,CDR.WA,-0.01934576235017349,0.4987477420267772,132.67749938964843,122.20899993896484,120.92350002288818,0.35977502950372386,1.6486582747512308,-0.697482644120393
2024-05-27,139.39999389648438,141.39999389648438,138.5,139.75,138.23536682128906,202270,CDR.WA,0.0025108042958419396,0.4999999999999995,133.93499946594238,122.65099990844726,120.82299999237061,0.3507671397225176,1.6486582747512308,-0.6967230822436836
2024-05-28,139.8000030517578,141.5,138.8000030517578,139.1999969482422,137.6913299560547,431776,CDR.WA,-0.003935621121701649,0.4980321894391487,135.08749923706054,123.1049998474121,120.74249996185303,0.3540305368661785,1.6486582747512308,-0.69791666528693
2024-05-29,142.0,143.0,129.5,130.3000030517578,128.8878173828125,1269988,CDR.WA,-0.06393673916382059,0.46618963524779133,135.7099994659424,123.35399993896485,120.59649997711182,0.43824039828424277,1.6486582747512308,-0.7172308886642167
2024-05-31,130.39999389648438,132.25,126.5,130.3000030517578,128.8878173828125,926449,CDR.WA,0.0,0.46618963524779133,136.29999961853028,123.63699996948242,120.4617499923706,0.43865748530782,1.6486582747512308,-0.7172308886642167
2024-06-03,131.5,135.6999969482422,131.0,134.25,132.79498291015625,523314,CDR.WA,0.030314634349418723,0.480322003577817,137.03499946594238,124.07199996948242,120.3467499923706,0.44760336788503485,1.6486582747512308,-0.7086588464487622
2024-06-04,133.5,135.1999969482422,132.0500030517578,132.39999389648438,130.96502685546875,458703,CDR.WA,-0.01378030617143855,0.4737030193076359,137.44999923706055,124.49799987792969,120.25849994659424,0.43633549775695474,1.6486582747512308,-0.7126736167450385
2024-06-05,132.5,133.5500030517578,131.5500030517578,133.1999969482422,131.75636291503906,321197,CDR.WA,0.006042319400583196,0.4765652842513133,137.68499908447265,124.90399978637696,120.17749996185303,0.420042236166455,1.6486582747512308,-0.7109374989651975
2024-06-06,134.5,135.0,132.5,132.5,131.06394958496094,225198,CDR.WA,-0.005255232464563719,0.47406082289803175,137.71999893188476,125.2679997253418,120.06999996185303,0.4112999343806617,1.6486582747512308,-0.7124565896049236
2024-06-07,132.5,137.6999969482422,131.9499969482422,134.85000610351562,133.3885040283203,374299,CDR.WA,0.01773589512087259,0.4824687159338658,137.88749923706055,125.66699981689453,119.96624996185302,0.4155670283172564,1.6486582747512308,-0.7073567498354585
2024-06-10,134.9499969482422,135.25,132.39999389648438,134.0,132.54769897460938,231884,CDR.WA,-0.0063033449391401986,0.4794275491949906,137.99999923706054,126.04099975585937,119.85074993133544,0.41650329098162825,1.6486582747512308,-0.7092013811853568
2024-06-11,135.0,137.5500030517578,133.25,134.4499969482422,132.99282836914062,386672,CDR.WA,0.003358186180911771,0.4810375561654456,137.67999877929688,126.46999969482422,119.72399990081787,0.3309557449933778,1.6486582747512308,-0.7082248252822252
2024-06-12,134.5,136.14999389648438,131.0500030517578,135.0,133.536865234375,378973,CDR.WA,0.004090762843003581,0.48300536672629646,137.277498626709,126.86199966430664,119.62424991607666,0.32524420129186504,1.6486582747512308,-0.7070312422389788
2024-06-13,134.0500030517578,135.8000030517578,132.0,132.9499969482422,131.50906372070312,243228,CDR.WA,-0.015185207790798572,0.4756708298684868,136.94249877929687,127.1829995727539,119.5084998703003,0.3192379227448375,1.6486582747512308,-0.711480033701792
2024-06-14,131.5,134.60000610351562,130.8000030517578,133.8000030517578,132.34986877441406,326457,CDR.WA,0.006393427025399134,0.478711996607362,136.48749923706055,127.54599960327148,119.40324985504151,0.3067098638495852,1.6486582747512308,-0.7096354023518938
2024-06-17,133.8000030517578,137.4499969482422,133.8000030517578,136.0500030517578,134.5754852294922,313802,CDR.WA,0.016816143114209314,0.4867620860528003,136.23499908447266,127.98699966430664,119.30374988555909,0.31235369663546314,1.6486582747512308,-0.7047525897225435
2024-06-18,136.25,137.9499969482422,135.5,136.1999969482422,134.72386169433594,430326,CDR.WA,0.0011024909453865028,0.48729873684523095,135.91249923706056,128.3729995727539,119.21699985504151,0.3090107612285665,1.6486582747512308,-0.7044270821260638
2024-06-19,136.0,138.5500030517578,135.8000030517578,138.1999969482422,136.70217895507812,274191,CDR.WA,0.014684288141063817,0.49445437190784275,135.69749908447267,128.8159994506836,119.17024982452392,0.3147324816278172,1.6486582747512308,-0.7000868042333079
2024-06-20,137.60000610351562,138.39999389648438,135.39999389648438,137.1999969482422,136.70217895507812,292176,CDR.WA,-0.007235890174256077,0.4908765543765368,135.30749893188477,129.21999938964845,119.10399982452392,0.30721423110021195,1.6486582747512308,-0.7022569431796859
2024-06-21,136.75,138.64999389648438,135.6999969482422,135.9499969482422,135.4567108154297,646749,CDR.WA,-0.009110787374664087,0.48640428246240447,134.99749908447265,129.59699935913085,119.00224979400635,0.3016708072152606,1.6486582747512308,-0.7049696168626582
2024-06-24,136.0,143.5,136.0,143.14999389648438,142.63058471679688,535196,CDR.WA,0.05296062603799334,0.5121645577691744,135.18499908447265,130.15999923706056,118.95024974822998,0.35172566844844944,1.6486582747512308,-0.6893446230714756
2024-06-25,143.0,145.39999389648438,140.89999389648438,143.8000030517578,143.27822875976562,370858,CDR.WA,0.004540755731666124,0.514490171920421,135.38749923706055,130.66199935913085,118.91424976348877,0.35187197371202833,1.6486582747512308,-0.6879340128881145
2024-06-26,143.85000610351562,144.9499969482422,141.1999969482422,141.39999389648438,140.88693237304688,288938,CDR.WA,-0.0166899103222522,0.505903377089389,135.49749908447265,131.11999923706054,118.88199970245361,0.35743295464983876,1.6486582747512308,-0.693142366227637
2024-06-27,141.39999389648438,141.6999969482422,136.60000610351562,138.5,137.99746704101562,438876,CDR.WA,-0.020509151496904576,0.4955277280858671,135.90749893188476,131.57999923706055,118.80399967193604,0.27692002622897055,1.6486582747512308,-0.6994357559266561
2024-06-28,138.5,139.5500030517578,137.25,138.9499969482422,138.44583129882812,284590,CDR.WA,0.003249075438571669,0.4971377350563221,136.339998626709,132.12799911499025,118.71749965667725,0.27666233587540556,1.6486582747512308,-0.6984592000235246
2024-07-01,139.85000610351562,140.0,137.10000610351562,138.3000030517578,137.79818725585938,219249,CDR.WA,-0.004677897882405135,0.4948121754982384,136.54249877929686,132.64499923706055,118.62549968719482,0.2587497305097619,1.6486582747512308,-0.6998697770931932
2024-07-02,139.0,140.39999389648438,137.0,138.85000610351562,138.34619140625,213920,CDR.WA,0.003976883872894632,0.4967799860590893,136.86499938964843,133.167999420166,118.54024974822998,0.25233800702511167,1.6486582747512308,-0.6986761940499469
2024-07-03,140.0,142.8000030517578,139.25,142.75,142.23204040527344,235771,CDR.WA,0.028087819409794212,0.5107334525939171,137.34249954223634,133.75899948120116,118.47574977874756,0.2680860010418472,1.6486582747512308,-0.6902126654045498
2024-07-04,143.0,143.25,140.35000610351562,142.0,141.48475646972656,139965,CDR.WA,-0.005253940455341555,0.5080500894454376,137.81749954223633,134.27399948120117,118.41449977874755,0.26808543495940207,1.6486582747512308,-0.6918402696143333
2024-07-05,142.0,145.60000610351562,142.0,145.0,144.473876953125,352760,CDR.WA,0.021126760563380254,0.5187835420393553,138.32499923706055,134.85899948120118,118.37299976348876,0.2707139129059362,1.6486582747512308,-0.6853298527751996
2024-07-08,144.6999969482422,146.89999389648438,143.5,146.3000030517578,145.7691650390625,219658,CDR.WA,0.008965538287984964,0.5234347157486856,138.93999938964845,135.46199951171874,118.36249980926513,0.2685947979775032,1.6486582747512308,-0.6825086655221697
2024-07-09,146.1999969482422,148.10000610351562,145.5,147.39999389648438,146.8651580810547,296137,CDR.WA,0.007518734256877657,0.5273702822772243,139.58749923706054,136.11799942016603,118.33449977874756,0.268759094658497,1.6486582747512308,-0.6801215325493695
2024-07-10,147.39999389648438,149.9499969482422,146.35000610351562,147.64999389648438,147.1142578125,418633,CDR.WA,0.001696065199131347,0.5282647366600507,140.21999893188476,136.74799926757814,118.3297497177124,0.26897045982588863,1.6486582747512308,-0.6795789978127751
2024-07-11,147.8000030517578,150.60000610351562,147.64999389648438,150.0,149.4557342529297,291454,CDR.WA,0.0159160596048733,0.5366726296958848,141.07249908447267,137.3909992980957,118.3362497329712,0.2611346549958385,1.6486582747512308,-0.6744791580433098
2024-07-12,150.14999389648438,159.14999389648438,149.25,158.5500030517578,157.97471618652344,773133,CDR.WA,0.05700002034505203,0.5672629805071828,142.30999908447265,138.19199935913085,118.38199977874756,0.3174108344408835,1.6486582747512308,-0.6559244634290401
2024-07-15,158.25,164.0,156.60000610351562,163.8000030517578,163.20567321777344,582917,CDR.WA,0.033112582144108504,0.5860465225465388,143.69749908447267,139.07699935913087,118.49549976348877,0.3280256303401784,1.6486582747512308,-0.644531233960556
2024-07-16,163.5,163.6999969482422,157.5500030517578,160.5,159.91763305664062,577198,CDR.WA,-0.020146538402170067,0.5742397137745967,144.91249923706056,139.80499938964843,118.62299976348876,0.3435640792085009,1.6486582747512308,-0.6516926991063416
2024-07-17,160.0,164.5,158.3000030517578,159.8000030517578,159.22018432617188,550084,CDR.WA,-0.004361351702443561,0.5717352524213152,145.99249954223632,140.4309994506836,118.80349979400634,0.3456334165527299,1.6486582747512308,-0.6532117897460676
2024-07-18,161.0,163.0,158.10000610351562,161.8000030517578,161.21292114257812,294915,CDR.WA,0.012515644316678953,0.578890887483927,147.2224998474121,141.0309994506836,118.98649982452393,0.34154504889784837,1.6486582747512308,-0.6488715118533117
2024-07-19,160.0,161.1999969482422,157.14999389648438,157.5,156.92852783203125,355432,CDR.WA,-0.02657603813754128,0.563506261180679,148.3,141.5509994506836,119.16999980926514,0.35868289349431226,1.6486582747512308,-0.6582031159454753
2024-07-22,157.5,159.0,150.5500030517578,157.5,156.92852783203125,305767,CDR.WA,0.0,0.563506261180679,149.0175003051758,142.0659994506836,119.31199977874756,0.3167034767881133,1.6486582747512308,-0.6582031159454753
2024-07-23,157.5,159.0500030517578,155.5,157.3000030517578,156.729248046875,215293,CDR.WA,-0.0012698218936011418,0.5627907085930505,149.69250030517577,142.39499938964843,119.46574977874756,0.31747971054058405,1.6486582747512308,-0.6586371371120125
2024-07-24,156.5,159.0500030517578,155.1999969482422,156.1999969482422,155.63323974609375,247530,CDR.WA,-0.006993045659087982,0.5588550874713488,150.43250045776367,142.65799926757813,119.65299976348876,0.3106127581014373,1.6486582747512308,-0.6610243031985051
2024-07-25,152.39999389648438,159.0,150.60000610351562,157.25,156.67942810058594,337436,CDR.WA,0.006722170757184731,0.5626118067978526,151.37000045776367,143.00999938964844,119.90124977111816,0.2954239641020746,1.6486582747512308,-0.6587456506820699
2024-07-26,157.25,158.9499969482422,155.10000610351562,155.4499969482422,154.88595581054688,151590,CDR.WA,-0.01144676026555047,0.5561717243228694,152.19500045776368,143.26099945068358,120.13074974060059,0.30211863740683714,1.6486582747512308,-0.6626519074082886
2024-07-29,156.39999389648438,159.0500030517578,155.75,158.6999969482422,158.12416076660156,299421,CDR.WA,0.02090704447605818,0.5677996312996136,153.2150001525879,143.61299926757812,120.36274971008301,0.3039989679264458,1.6486582747512308,-0.6555989558325603
2024-07-30,158.5,160.39999389648438,155.5500030517578,155.5500030517578,154.985595703125,319134,CDR.WA,-0.019848733188770673,0.5565295279132653,154.05,143.8709994506836,120.59199974060058,0.31863120950898544,1.6486582747512308,-0.6624348802681738
2024-07-31,157.3000030517578,159.1999969482422,156.60000610351562,159.0500030517578,158.472900390625,237815,CDR.WA,0.022500803158682192,0.569051889272836,154.8650001525879,144.20199951171875,120.85949974060058,0.3140516264898785,1.6486582747512308,-0.654839393955851
2024-08-01,157.4499969482422,161.75,154.75,160.10000610351562,159.5190887451172,332120,CDR.WA,0.006601716640119326,0.5728086085993398,155.77000045776367,144.50399963378905,121.13049976348877,0.31142362721129113,1.6486582747512308,-0.6525607414394157
2024-08-02,157.89999389648438,158.8000030517578,155.5500030517578,157.39999389648438,156.82887268066406,336898,CDR.WA,-0.016864535316041818,0.5631484575902834,156.3900001525879,144.80899963378906,121.4092497253418,0.3164253984559685,1.6486582747512308,-0.65842014308559
2024-08-05,149.9499969482422,153.35000610351562,145.0,151.4499969482422,150.9004669189453,1097279,CDR.WA,-0.03780176098453514,0.541860454197646,156.64749984741212,145.0499996948242,121.6397497177124,0.34913102949877295,1.6486582747512308,-0.6713324631938002
2024-08-06,151.8000030517578,153.1999969482422,148.89999389648438,150.4499969482422,149.9040985107422,810641,CDR.WA,-0.006602839353913925,0.53828263666634,156.8,145.26399963378907,121.86999969482422,0.34974641682380025,1.6486582747512308,-0.6735026021401782
2024-08-07,151.0,157.1999969482422,150.5,156.8000030517578,156.23106384277344,431601,CDR.WA,0.042206754618281384,0.5610017998273977,157.25750045776368,145.61599975585938,122.12824970245362,0.37878318083430557,1.6486582747512308,-0.6597222065852013
2024-08-08,156.0,163.8000030517578,154.25,163.6999969482422,163.10601806640625,746881,CDR.WA,0.044005062258874794,0.5856887189561432,157.94250030517577,146.28399963378905,122.42374969482422,0.40352715443847736,1.6486582747512308,-0.6447482611006705
2024-08-09,163.6999969482422,165.60000610351562,161.75,164.0500030517578,163.4547576904297,490669,CDR.WA,0.0021380947467353195,0.5869409769293654,158.21750030517578,146.95899963378906,122.72674972534179,0.35301826878441156,1.6486582747512308,-0.6439886992239614
2024-08-12,164.0,170.5,163.0500030517578,170.4499969482422,169.83152770996094,548717,CDR.WA,0.039012458259236826,0.609838987292458,158.55,147.6829995727539,123.06074970245362,0.360470620927098,1.6486582747512308,-0.6300998232126196
2024-08-13,170.5,172.8000030517578,168.0,171.8000030517578,171.1766357421875,451904,CDR.WA,0.007920247155683846,0.6146690627969862,159.1150001525879,148.47099975585937,123.3917497253418,0.35100066566181576,1.6486582747512308,-0.6271701223895323
2024-08-14,171.5,175.4499969482422,171.5,174.3000030517578,173.66757202148438,677825,CDR.WA,0.014551804165258586,0.623613606625251,159.8400001525879,149.29299987792967,123.7304997253418,0.35170329492265856,1.6486582747512308,-0.6217447750235874
2024-08-16,175.0,181.60000610351562,174.0,179.85000610351562,179.1974334716797,599636,CDR.WA,0.03184166927472609,0.6434705048426314,160.74250030517578,150.24,124.09624977111817,0.36396076114335185,1.6486582747512308,-0.6097004972484514
2024-08-19,178.89999389648438,181.10000610351562,178.14999389648438,179.85000610351562,179.1974334716797,328555,CDR.WA,0.0,0.6434705048426314,161.86000061035156,151.14,124.47049980163574,0.3445559068878182,1.6486582747512308,-0.6097004972484514
2024-08-20,179.85000610351562,180.10000610351562,170.0,175.3000030517578,174.6639404296875,392563,CDR.WA,-0.025298876271035442,0.6271914241565569,162.75000076293946,151.96600006103515,124.82199981689453,0.3624908302850531,1.6486582747512308,-0.6195746360772094
2024-08-21,175.3000030517578,180.3000030517578,175.0,179.60000610351562,178.94833374023438,243304,CDR.WA,0.024529395190530767,0.6425760504598049,163.86500091552733,152.86900024414064,125.1782498550415,0.3675256555733567,1.6486582747512308,-0.6102430319850458
2024-08-22,180.0,187.0,179.39999389648438,185.0,184.3287353515625,405828,CDR.WA,0.030066780139038407,0.6618962432915916,165.30500106811525,153.86900024414064,125.5532498550415,0.3724495437360737,1.6486582747512308,-0.598524294920082
2024-08-23,185.0,186.60000610351562,181.1999969482422,181.4499969482422,180.79161071777344,270648,CDR.WA,-0.019189205685177346,0.6491949801368231,166.51500091552734,154.83900024414064,125.9124998474121,0.3854567660218945,1.6486582747512308,-0.6062282948024621
2024-08-26,181.4499969482422,182.8000030517578,178.1999969482422,180.1999969482422,179.54615783691406,149185,CDR.WA,-0.006888950239864466,0.6447227082226907,167.75250091552735,155.7670001220703,126.26599983215333,0.3828219257301895,1.6486582747512308,-0.6089409684854346
2024-08-27,179.39999389648438,180.9499969482422,177.64999389648438,179.39999389648438,178.74905395507812,258011,CDR.WA,-0.0044395286642961995,0.6418604432790134,168.78750076293946,156.63399993896485,126.62174980163574,0.3817859952251138,1.6486582747512308,-0.6106770862652754
2024-08-28,179.35000610351562,180.5,177.3000030517578,180.0,179.3468780517578,274034,CDR.WA,0.003344515740963949,0.6440071556350622,170.01000061035157,157.51,126.97174980163574,0.3692909851076347,1.6486582747512308,-0.6093749896519716
2024-08-29,180.0,182.1999969482422,172.0,181.10000610351562,180.44290161132812,493346,CDR.WA,0.00611114501953125,0.6479427767567638,171.11250076293945,158.36800018310547,127.33124984741211,0.3650674706556428,1.6486582747512308,-0.6069878235654789
2024-08-30,180.0,185.5,177.60000610351562,183.10000610351562,182.43563842773438,527822,CDR.WA,0.01104362193591979,0.6550984118193756,172.26250076293945,159.28600036621094,127.70824989318848,0.3653819285298423,1.6486582747512308,-0.6026475456727232
2024-09-02,183.10000610351562,183.1999969482422,179.14999389648438,181.39999389648438,180.74179077148438,233328,CDR.WA,-0.00928461032420802,0.6490160783416251,173.46250076293944,160.19500030517577,128.04474987030028,0.35976751685403313,1.6486582747512308,-0.6063368083725196
2024-09-03,181.1999969482422,182.9499969482422,175.5,176.35000610351562,175.7101287841797,330569,CDR.WA,-0.02783896341171055,0.6309481434830607,174.70750122070314,160.85900054931642,128.35649990081788,0.34459723692047867,1.6486582747512308,-0.6172959835607742
2024-09-04,175.0,177.5,172.75,177.35000610351562,176.7064971923828,286690,CDR.WA,0.0056705413404578575,0.6345259610143665,176.0525016784668,161.53000061035155,128.68024993896483,0.34049401031422777,1.6486582747512308,-0.6151258446143963
2024-09-05,177.0,178.39999389648438,174.10000610351562,174.64999389648438,174.0162811279297,180996,CDR.WA,-0.015224201376431323,0.6248658100053102,176.94500122070312,162.19500061035157,128.98774990081787,0.32574078937621975,1.6486582747512308,-0.6209852462605707
2024-09-06,173.10000610351562,175.1999969482422,167.1999969482422,170.75,170.1304473876953,339256,CDR.WA,-0.022330340869040732,0.6109123434704823,177.29750137329103,162.84000061035155,129.27224990844726,0.3065604684316413,1.6486582747512308,-0.6294487749059676
2024-09-09,168.0,169.5500030517578,164.14999389648438,166.1999969482422,165.59695434570312,589594,CDR.WA,-0.026647162821421988,0.5946332627844079,177.40500106811524,163.38500061035157,129.53724990844728,0.32331578844239534,1.6486582747512308,-0.6393229137347258
2024-09-10,165.8000030517578,166.35000610351562,160.5,162.1999969482422,161.61146545410156,655917,CDR.WA,-0.02406738913025175,0.5803219926591843,176.99250106811525,163.86300048828124,129.77899990081787,0.30134509548445415,1.6486582747512308,-0.6480034695202375
2024-09-11,162.0,167.25,161.8000030517578,164.6999969482422,164.10238647460938,262773,CDR.WA,0.015413070573593979,0.589266536487449,176.63750076293945,164.38000030517577,130.0504998779297,0.3058576360860347,1.6486582747512308,-0.6425781221542928
2024-09-12,167.9499969482422,171.0,165.89999389648438,167.75,167.14132690429688,349982,CDR.WA,0.018518537390843415,0.6001788908765646,176.31000061035155,164.88000030517577,130.32949989318848,0.30900098559025596,1.6486582747512308,-0.6359591917451015
2024-09-13,169.0,170.9499969482422,168.1999969482422,170.0,169.38316345214844,339283,CDR.WA,0.013412816691505292,0.6082289803220029,175.81750030517577,165.44000030517577,130.63149990081786,0.28869992775023456,1.6486582747512308,-0.6310763791157512
2024-09-16,170.0,174.25,169.75,172.89999389648438,172.27264404296875,248018,CDR.WA,0.01705878762637858,0.6186046293255247,175.46999969482422,165.99800018310546,130.9562498855591,0.2970112033679224,1.6486582747512308,-0.624782989416732
2024-09-17,173.75,177.0,173.39999389648438,176.39999389648438,175.7599334716797,232807,CDR.WA,0.020242915694349106,0.6311269906850954,175.52499923706054,166.6,131.3172498703003,0.2931948248621183,1.6486582747512308,-0.6171875031044094
2024-09-18,177.0,177.8000030517578,172.5,176.35000610351562,175.7101287841797,216791,CDR.WA,-0.0002833775209657441,0.6309481434830605,175.36249923706055,167.17900024414064,131.65474990844726,0.27908485287717066,1.6486582747512308,-0.6172959835607743
2024-09-19,176.4499969482422,180.10000610351562,175.4499969482422,177.8000030517578,177.1548614501953,287095,CDR.WA,0.008222267638545278,0.6361359679848215,175.00249938964845,167.7820004272461,131.98874992370605,0.2569726192055739,1.6486582747512308,-0.6141492887112647
2024-09-20,176.1999969482422,177.8000030517578,173.5500030517578,175.6999969482422,175.06248474121094,897195,CDR.WA,-0.01181105774730673,0.628622529331814,174.71499938964843,168.29600036621093,132.33374992370605,0.25165216428037107,1.6486582747512308,-0.6187065937441354
2024-09-23,175.6999969482422,175.6999969482422,165.25,167.60000610351562,166.99188232421875,528469,CDR.WA,-0.04610125774283691,0.5996422400841339,174.08499984741212,168.47700042724608,132.63299995422364,0.29718609394304457,1.6486582747512308,-0.6362846993415812
2024-09-24,168.0,171.9499969482422,166.25,171.5500030517578,170.92755126953125,288599,CDR.WA,0.023568000026220393,0.6137746084141597,173.69250030517577,168.63200042724608,132.94824996948242,0.31219824895486953,1.6486582747512308,-0.6277126571261269
2024-09-25,171.5,172.3000030517578,169.0,172.10000610351562,171.47555541992188,296240,CDR.WA,0.003206080104771969,0.6157424189750105,173.29750061035156,168.86400054931642,133.2675,0.3121669132508002,1.6486582747512308,-0.6265190740828805
2024-09-26,172.60000610351562,175.75,171.0,171.85000610351562,171.22645568847656,295868,CDR.WA,-0.0014526437602194742,0.6148479645921839,172.83500061035156,169.10500061035157,133.56600002288818,0.3106933887409076,1.6486582747512308,-0.627061608819475
2024-09-27,170.0,175.0,169.5,174.25,173.6177520751953,161866,CDR.WA,0.013965631720948002,0.6234347048300528,172.3925003051758,169.3540005493164,133.86800003051758,0.31254220812759975,1.6486582747512308,-0.621853288593645
2024-09-30,173.14999389648438,177.3000030517578,173.14999389648438,174.14999389648438,173.51809692382812,341530,CDR.WA,-0.0005739231191714822,0.623076901239657,172.03000030517578,169.6870004272461,134.1722499847412,0.31148361711516365,1.6486582747512308,-0.6220703157337597
2024-10-01,174.3000030517578,175.35000610351562,171.5,171.60000610351562,170.9773712158203,261610,CDR.WA,-0.014642479944526832,0.6139535102093574,171.7925003051758,169.9690005493164,134.46600002288818,0.3001993664389994,1.6486582747512308,-0.6276041435560695
2024-10-02,171.6999969482422,173.0,169.0500030517578,169.6999969482422,169.08425903320312,252354,CDR.WA,-0.011072314030847297,0.6071556241439784,171.4099998474121,170.2170004272461,134.7445000076294,0.30100425232531774,1.6486582747512308,-0.6317274274224031
2024-10-03,167.75,171.85000610351562,164.5,167.8000030517578,167.19114685058594,268261,CDR.WA,-0.01119619287361484,0.6003577926717624,171.06750030517577,170.4490005493164,135.01150001525878,0.2989953270318206,1.6486582747512308,-0.6358506781750441
2024-10-04,168.0,172.0,168.0,170.5,169.88134765625,402929,CDR.WA,0.016090565549092162,0.6100178890876556,171.05500030517578,170.7140005493164,135.2875,0.29513240896773135,1.6486582747512308,-0.6299913096425622
2024-10-07,171.8000030517578,173.35000610351562,167.9499969482422,168.75,168.1376953125,184464,CDR.WA,-0.01026392961876832,0.6037567084078703,171.18250045776367,170.98000061035157,135.54875,0.2808280345974615,1.6486582747512308,-0.6337890527987237
2024-10-08,167.5,170.85000610351562,167.1999969482422,170.85000610351562,170.23008728027344,250904,CDR.WA,0.012444480613425846,0.6112701470608779,171.61500091552733,171.22300079345703,135.8230000305176,0.26733643113173844,1.6486582747512308,-0.6292317477658531
2024-10-09,170.3000030517578,173.35000610351562,168.89999389648438,171.60000610351562,170.9773712158203,268502,CDR.WA,0.0043898154709201,0.6139535102093574,171.96000137329102,171.5440008544922,136.10100006103517,0.26323629014981575,1.6486582747512308,-0.6276041435560695
2024-10-10,171.10000610351562,172.14999389648438,168.0,168.5500030517578,167.9384307861328,245708,CDR.WA,-0.017773909925841935,0.6030411558202418,172.0000015258789,171.7340008544922,136.36125007629394,0.26488874501542586,1.6486582747512308,-0.6342230739652608
2024-10-11,168.5500030517578,169.6999969482422,156.75,161.14999389648438,160.56527709960938,803224,CDR.WA,-0.04390393961014094,0.5765652733326803,171.55750122070313,171.75500061035157,136.59200004577636,0.3028723694748145,1.6486582747512308,-0.650282122036673
2024-10-14,162.14999389648438,164.0,159.60000610351562,160.75,160.16673278808594,283855,CDR.WA,-0.0024821216980083216,0.5751341681574231,170.95000152587892,171.82200073242188,136.81725006103517,0.2939517363353273,1.6486582747512308,-0.6511501643697472
2024-10-15,160.75,165.4499969482422,160.4499969482422,165.0,164.40130615234375,309317,CDR.WA,0.026438569206842955,0.5903398926654733,170.3800018310547,172.09300079345704,137.06725006103517,0.301311600348675,1.6486582747512308,-0.6419270738476408
2024-10-16,164.60000610351562,164.9499969482422,160.9499969482422,164.9499969482422,164.3514862060547,216380,CDR.WA,-0.00030304879853215727,0.5901609908702754,169.81000137329102,172.38300079345703,137.33250003814697,0.30130911621118,1.6486582747512308,-0.6420355874176982
2024-10-17,164.89999389648438,164.89999389648438,157.64999389648438,159.5,158.9212646484375,220489,CDR.WA,-0.03304029735721836,0.5706618962432909,168.89500122070314,172.43700073242186,137.5717500305176,0.31587771377776447,1.6486582747512308,-0.6538628380527195
2024-10-18,157.60000610351562,160.60000610351562,152.0,160.4499969482422,159.86781311035156,332890,CDR.WA,0.005956093719386768,0.5740608119793988,168.13250122070312,172.37200073242187,137.81275001525879,0.3172578331279586,1.6486582747512308,-0.651801212676399
2024-10-21,160.4499969482422,161.35000610351562,155.3000030517578,156.39999389648438,155.83250427246094,237582,CDR.WA,-0.025241527758110616,0.5595706400589773,167.57250061035157,172.2190005493164,138.0392499923706,0.2881420607369568,1.6486582747512308,-0.6605902820319681
2024-10-22,156.0500030517578,160.0,155.85000610351562,158.60000610351562,158.0245361328125,392406,CDR.WA,0.014066574762703343,0.5674418823023807,166.92500076293945,171.98200073242188,138.28100002288818,0.27819599107065973,1.6486582747512308,-0.6558159498589827
2024-10-23,158.64999389648438,161.10000610351562,158.0500030517578,161.10000610351562,160.51547241210938,254997,CDR.WA,0.015762924992375416,0.5763864261306454,166.37500076293946,171.76800079345702,138.52925006866454,0.2858376383434612,1.6486582747512308,-0.6503906024930379
2024-10-24,159.89999389648438,161.0,158.0500030517578,159.3000030517578,158.7220001220703,201921,CDR.WA,-0.011173202877479804,0.5699463436556622,165.74750061035155,171.46800079345704,138.76975009918212,0.2871554040898943,1.6486582747512308,-0.6542968592192566
2024-10-25,159.35000610351562,160.0,157.4499969482422,158.6999969482422,158.12416076660156,199292,CDR.WA,-0.0037665165851922255,0.5677996312996135,164.97000045776366,171.04500061035156,139.02525009155272,0.27954377820960785,1.6486582747512308,-0.6555989558325603
2024-10-28,159.10000610351562,161.39999389648438,158.89999389648438,161.0,160.4158172607422,150810,CDR.WA,0.01449277313160846,0.5760286225402498,164.31250076293946,170.66800048828125,139.29025009155274,0.28736698723551063,1.6486582747512308,-0.6506076296331526
2024-10-29,160.5,162.8000030517578,159.6999969482422,162.8000030517578,162.20928955078125,199776,CDR.WA,0.011180143178620039,0.5824687050152331,163.87250061035155,170.41800048828125,139.57100009918213,0.28901193619560894,1.6486582747512308,-0.6467013729069337
2024-10-30,162.8000030517578,163.64999389648438,159.35000610351562,160.9499969482422,160.36599731445312,197295,CDR.WA,-0.011363673641501482,0.5758497207450519,163.43500061035155,170.0450003051758,139.85075008392334,0.28912878699749756,1.6486582747512308,-0.6507161432032099
2024-10-31,159.0,161.1999969482422,156.5500030517578,160.75,160.16673278808594,314535,CDR.WA,-0.0012426029949320627,0.5751341681574234,163.08250045776367,169.56000030517578,140.15450008392335,0.28730397440810984,1.6486582747512308,-0.651150164369747
2024-11-04,161.0,161.8000030517578,157.60000610351562,160.60000610351562,160.01727294921875,331127,CDR.WA,-0.0009330880030131716,0.5745975173649926,162.58750076293944,169.14300048828125,140.4580001068115,0.2793419098484681,1.6486582747512308,-0.6514756719662267
2024-11-05,161.8000030517578,163.1999969482422,159.3000030517578,161.4499969482422,160.8641815185547,202230,CDR.WA,0.005292595345100404,0.5776386295107049,162.22250061035157,168.76800048828125,140.7692501068115,0.27931475961159324,1.6486582747512308,-0.6496310737300209
2024-11-06,160.6999969482422,161.9499969482422,158.85000610351562,159.64999389648438,159.07070922851562,229351,CDR.WA,-0.011148981640023536,0.5711985470357217,161.6625,168.37300048828126,141.05975006103515,0.2755956273500528,1.6486582747512308,-0.6535373304562397
2024-11-07,160.0,163.0,159.89999389648438,163.0,162.4085693359375,180619,CDR.WA,0.020983440222914984,0.5831842576028616,161.2324996948242,168.03300048828126,141.35600006103516,0.2877161677758805,1.6486582747512308,-0.6462673517403967
2024-11-08,163.0,164.60000610351562,160.5,161.0,160.4158172607422,197927,CDR.WA,-0.012269938650306789,0.5760286225402498,160.85499954223633,167.63100036621094,141.63350006103516,0.2844629329978651,1.6486582747512308,-0.6506076296331526
2024-11-12,161.0,162.3000030517578,159.5500030517578,161.39999389648438,160.81436157226562,173537,CDR.WA,0.002484434139654601,0.577459727715507,160.86749954223632,167.1970001220703,141.90875003814696,0.23798192816641356,1.6486582747512308,-0.6497395873000783
2024-11-13,161.39999389648438,161.39999389648438,156.6999969482422,158.5,157.92489624023438,298741,CDR.WA,-0.017967744771690164,0.5670840787119851,160.75499954223633,166.7390002441406,142.17550003051758,0.24647996482503606,1.6486582747512308,-0.6560329769990974
2024-11-14,158.75,161.85000610351562,158.1999969482422,161.85000610351562,161.2627410888672,193776,CDR.WA,0.021135685195682097,0.579069789279125,160.5974998474121,166.44900024414062,142.45975006103515,0.23938408677157313,1.6486582747512308,-0.6487629982832543
2024-11-15,161.89999389648438,162.0,155.85000610351562,155.85000610351562,155.28451538085938,248275,CDR.WA,-0.03707136097457131,0.5576028840912897,160.1425003051758,166.0190002441406,142.72000007629396,0.2716627603143423,1.6486582747512308,-0.6617838319615219
2024-11-18,155.6999969482422,159.25,155.1999969482422,156.25,155.6830596923828,184641,CDR.WA,0.0025665311570068905,0.5590339892665469,159.9800003051758,165.65100036621095,142.97750007629395,0.24720872089556595,1.6486582747512308,-0.6609157896284477
2024-11-19,157.25,157.64999389648438,150.3000030517578,153.60000610351562,153.0426788330078,243572,CDR.WA,-0.016959960937499963,0.5495527946458515,159.63750076293945,165.30800048828124,143.22150009155274,0.25209817353257935,1.6486582747512308,-0.6666666445908722
2024-11-20,153.10000610351562,159.14999389648438,153.0,158.0,157.4267120361328,254542,CDR.WA,0.028645792458621866,0.5652951699463322,159.71750106811524,165.14400054931642,143.4905001068115,0.25885053779003925,1.6486582747512308,-0.6571180464722863
2024-11-21,159.14999389648438,160.8000030517578,157.0500030517578,160.0,159.41944885253906,260379,CDR.WA,0.012658227848101333,0.5724508050089441,159.78750076293946,165.10000061035157,143.74575012207032,0.25792797036632753,1.6486582747512308,-0.6527777685795304
2024-11-22,160.75,161.85000610351562,157.0,160.85000610351562,160.26637268066406,327118,CDR.WA,0.005312538146972745,0.5754919717478193,159.77500076293944,165.02300079345704,144.00825016021727,0.2523686716230495,1.6486582747512308,-0.6509331372296321
2024-11-25,161.39999389648438,166.14999389648438,161.39999389648438,165.5500030517578,164.94931030273438,605191,CDR.WA,0.029219749890575075,0.5923077032263244,160.08750076293944,164.9790008544922,144.2945001602173,0.26875705904538344,1.6486582747512308,-0.6407334908043943
2024-11-26,166.25,172.35000610351562,165.0,172.1999969482422,171.57518005371094,404809,CDR.WA,0.04016909558379966,0.6161001679722435,160.76250076293945,165.02300079345704,144.60550014495848,0.29959856964771847,1.6486582747512308,-0.626302080056458
2024-11-27,172.1999969482422,173.0,158.0,164.60000610351562,164.0027618408203,801468,CDR.WA,-0.04413467467720611,0.5889087874902166,160.94250106811523,164.85700103759766,144.87250019073485,0.3422758629921872,1.6486582747512308,-0.6427951161807148
2024-11-28,165.9499969482422,168.39999389648438,163.5500030517578,164.8000030517578,164.20204162597656,244593,CDR.WA,0.00121504824317209,0.5896243400778451,161.04250106811523,164.62500122070313,145.12975021362305,0.34029347193853515,1.6486582747512308,-0.6423610950141777
2024-11-29,164.8000030517578,168.4499969482422,164.6999969482422,167.1999969482422,166.59332275390625,263151,CDR.WA,0.014563069490542535,0.5982110803157141,161.35500106811523,164.44200103759766,145.41925018310548,0.34041670550848807,1.6486582747512308,-0.6371527747883476
2024-12-02,168.75,170.5,167.4499969482422,170.1999969482422,169.5824432373047,197783,CDR.WA,0.01794258405954796,0.6089445329096318,161.82750091552734,164.29000091552734,145.7187501525879,0.34468386100520504,1.6486582747512308,-0.6306423579492137
2024-12-03,170.1999969482422,179.4499969482422,170.0,179.4499969482422,178.7988739013672,584973,CDR.WA,0.05434782706143593,0.6420393450742113,162.77000045776367,164.36500091552733,146.04725013732912,0.3891271814010965,1.6486582747512308,-0.6105685726952179
2024-12-04,179.4499969482422,183.3000030517578,177.3000030517578,179.89999389648438,179.2472381591797,599687,CDR.WA,0.002507645337948894,0.6436493520446664,163.69250030517577,164.6110006713867,146.37425010681153,0.38930554445531756,1.6486582747512308,-0.6095920167920863
2024-12-05,180.25,193.0,180.25,193.0,192.29971313476562,641582,CDR.WA,0.07281826874909991,0.690518783542039,165.36000061035156,165.04000061035157,146.7687501144409,0.4503826063908938,1.6486582747512308,-0.5811631833490584
2024-12-06,193.0,200.0,191.8000030517578,199.85000610351562,199.12486267089844,853412,CDR.WA,0.03549225960370794,0.7150268554687497,167.20250091552734,165.59500061035158,147.1942501449585,0.45799486942201967,1.6486582747512308,-0.5662977183208926
2024-12-09,199.85000610351562,202.0,191.10000610351562,194.3000030517578,193.59500122070312,545507,CDR.WA,-0.027770842543197616,0.6951699572513693,168.86750106811525,166.0440005493164,147.59825016021728,0.47138560291717996,1.6486582747512308,-0.5783419960960285
2024-12-10,194.10000610351562,196.6999969482422,188.10000610351562,194.0,193.29608154296875,451480,CDR.WA,-0.0015440197995153504,0.6940966010733449,170.49750137329102,166.4390005493164,147.99100017547607,0.4724371707171962,1.6486582747512308,-0.5789930444026805
2024-12-11,194.0,195.9499969482422,192.0,195.60000610351562,194.89028930664062,352976,CDR.WA,0.008247454141833144,0.6998211309606995,172.3525016784668,166.86800079345704,148.39475021362304,0.46113535858179017,1.6486582747512308,-0.5755208088429988
2024-12-12,195.64999389648438,196.60000610351562,183.5500030517578,191.0,190.30697631835938,624000,CDR.WA,-0.023517412883316657,0.6833631484794271,173.81000137329102,167.25600067138672,148.78025020599364,0.4751058417755242,1.6486582747512308,-0.5855034612418143
2024-12-13,200.0,202.0,178.25,183.60000610351562,182.93382263183594,1085245,CDR.WA,-0.038743423541803046,0.6568873205850286,175.197501373291,167.53400085449218,149.12175022125246,0.4772761097853712,1.6486582747512308,-0.6015624761995341
2024-12-16,184.5,190.0,184.0500030517578,189.3000030517578,188.61314392089844,250392,CDR.WA,0.031045733980141987,0.6772808695948397,176.8500015258789,167.96400085449218,149.51275024414062,0.48313021731542294,1.6486582747512308,-0.5891926908279184
2024-12-17,189.0,192.89999389648438,186.6999969482422,189.4499969482422,188.76258850097656,353135,CDR.WA,0.0007923607716127101,0.6778175203872704,178.64250106811522,168.34300079345704,149.91150024414063,0.47397723342111414,1.6486582747512308,-0.5888671832314385
2024-12-18,189.4499969482422,195.5,189.4499969482422,191.89999389648438,191.20370483398438,500533,CDR.WA,0.012932156176869825,0.6865831624203372,180.33750076293944,168.80600067138673,150.31925022125245,0.4694625790777333,1.6486582747512308,-0.5835503494355512
2024-12-19,190.0,192.89999389648438,187.8000030517578,188.6999969482422,188.0153045654297,299693,CDR.WA,-0.016675336373217164,0.6751341572387909,181.77250061035156,169.16300048828126,150.73325019836426,0.47885983656446407,1.6486582747512308,-0.5904947874412221
2024-12-20,188.0,188.6999969482422,182.85000610351562,187.3000030517578,186.62039184570312,805200,CDR.WA,-0.007419151664683765,0.6701252345322278,183.09500045776366,169.47700042724608,151.14275020599365,0.48217932145936404,1.6486582747512308,-0.5935329687206743
2024-12-23,187.3000030517578,189.35000610351562,186.14999389648438,187.3000030517578,186.62039184570312,169889,CDR.WA,0.0,0.6701252345322278,184.18250045776367,169.85200042724608,151.54425022125244,0.47630359723639665,1.6486582747512308,-0.5935329687206743
2024-12-27,187.3000030517578,191.14999389648438,184.0,190.5500030517578,189.85861206054688,238569,CDR.WA,0.017351841682041513,0.681753141508972,185.10000076293946,170.44000061035158,151.95825023651122,0.46164401303534136,1.6486582747512308,-0.5864800171449459
2024-12-30,190.5500030517578,194.10000610351562,188.75,191.4499969482422,190.75534057617188,196230,CDR.WA,0.004723137665024968,0.6849731554498821,186.44250030517577,171.0540005493164,152.36200023651122,0.422966437089453,1.6486582747512308,-0.5845269053386828
2025-01-02,192.0,197.3000030517578,190.25,193.5,192.7978973388672,332300,CDR.WA,0.010707772705329521,0.6923076923076918,187.87750015258788,171.6240005493164,152.74400024414064,0.4223136336618203,1.6486582747512308,-0.5800781138758695
2025-01-03,193.5,198.75,193.0,196.10000610351562,195.3884735107422,291971,CDR.WA,0.013436724049176396,0.7016100397263524,189.32250061035157,172.24700073242187,153.1362502670288,0.4221141497142219,1.6486582747512308,-0.5744357393698099
2025-01-07,196.3000030517578,200.39999389648438,193.10000610351562,193.3000030517578,192.5986328125,394133,CDR.WA,-0.01427844449061244,0.6915921397200633,190.47750091552734,172.92300079345702,153.5202502822876,0.4278421588504627,1.6486582747512308,-0.5805121350424065
2025-01-08,193.3000030517578,193.64999389648438,183.1999969482422,184.5,183.83055114746094,460017,CDR.WA,-0.04552510560179113,0.6601073345259387,190.73000106811523,173.40400085449218,153.85350028991698,0.4272675861641832,1.6486582747512308,-0.599609364393271
2025-01-09,184.64999389648438,189.1999969482422,184.5,189.1999969482422,188.5135040283203,178721,CDR.WA,0.025474238201854682,0.6769230660044439,191.19500122070312,174.06000091552735,154.2187502670288,0.43552032994551293,1.6486582747512308,-0.5894097179680331
2025-01-10,189.39999389648438,192.5500030517578,187.0,192.14999389648438,191.45278930664062,249047,CDR.WA,0.015591950295058332,0.6874776168031637,191.15250091552736,174.7310006713867,154.61700023651122,0.35322885896064,1.6486582747512308,-0.5830078146989567
2025-01-13,190.0,191.0,187.1999969482422,190.0,189.3105926513672,206273,CDR.WA,-0.011189143714688932,0.6797853309481212,190.66000061035157,175.3090005493164,155.01150024414062,0.32908712215493974,1.6486582747512308,-0.5876736001881923
2025-01-14,190.10000610351562,192.85000610351562,189.0,192.0,191.3033447265625,273171,CDR.WA,0.010526315789473717,0.6869409660107331,190.54500045776368,175.96300048828124,155.40700023651124,0.3176811024420863,1.6486582747512308,-0.5833333222954363
2025-01-15,192.0,194.5500030517578,189.60000610351562,194.5500030517578,193.84408569335938,208413,CDR.WA,0.013281265894572014,0.6960644116341957,190.57250061035157,176.68000061035156,155.80825023651124,0.3213128600457194,1.6486582747512308,-0.5777994613594342
2025-01-16,195.5500030517578,209.0,194.35000610351562,207.10000610351562,206.3485565185547,776182,CDR.WA,0.0645078532762553,0.7409660325707175,191.14750061035156,177.60200073242189,156.26925025939943,0.3936084155412608,1.6486582747512308,-0.5505642109596525
2025-01-17,206.89999389648438,220.1999969482422,204.39999389648438,218.5,217.70718383789062,813954,CDR.WA,0.055045840466012796,0.7817531305903396,192.52250061035156,178.71600067138672,156.78525024414063,0.42085622506750436,1.6486582747512308,-0.525824640216421
2025-01-20,218.5,221.5,216.10000610351562,216.6999969482422,215.91371154785156,356520,CDR.WA,-0.008238000236877818,0.7753130481153564,194.1775001525879,179.83100067138673,157.30375022888182,0.38957113608503313,1.6486582747512308,-0.5297308969426398
2025-01-21,216.6999969482422,222.8000030517578,214.0,222.8000030517578,221.99159240722656,381692,CDR.WA,0.0281495440213253,0.7971377568935876,195.85250015258788,181.07200073242188,157.84075023651124,0.3874884670982546,1.6486582747512308,-0.5164930361242573
2025-01-22,222.8000030517578,223.89999389648438,209.1999969482422,211.8000030517578,211.031494140625,547562,CDR.WA,-0.04937163307598624,0.7577817640492226,196.97000045776366,182.09600067138672,158.31525024414063,0.4382431647407872,1.6486582747512308,-0.5403645645344146
2025-01-23,210.0,214.10000610351562,208.39999389648438,212.6999969482422,211.92822265625,250602,CDR.WA,0.004249262906122153,0.7610017779901328,198.01000061035157,183.12100067138672,158.80050022125243,0.43749196433209325,1.6486582747512308,-0.5384114527281514
2025-01-24,208.0,213.60000610351562,205.3000030517578,207.10000610351562,206.3485565185547,264534,CDR.WA,-0.026328119064756073,0.7409660325707175,198.93000106811525,184.07000091552734,159.26600025177,0.44525920823725196,1.6486582747512308,-0.5505642109596525
2025-01-27,205.0,206.60000610351562,201.8000030517578,205.0,204.25616455078125,347210,CDR.WA,-0.010140058144015529,0.7334525939177099,199.81500091552735,184.91000091552735,159.7065002441406,0.4463719489183463,1.6486582747512308,-0.5551215159925231
2025-01-28,205.5,207.3000030517578,201.3000030517578,203.0,202.263427734375,150350,CDR.WA,-0.009756097560975618,0.726296958855098,200.60000076293946,185.75000091552735,160.14125022888183,0.4491268972791278,1.6486582747512308,-0.5594617938852791
2025-01-29,203.10000610351562,208.1999969482422,203.10000610351562,204.5,203.7579803466797,140814,CDR.WA,0.00738916256157629,0.7316636851520568,201.29750061035156,186.61200103759765,160.57875022888183,0.44670533236728754,1.6486582747512308,-0.5562065854657121
2025-01-30,204.5,211.0,204.3000030517578,211.0,210.23440551757812,185762,CDR.WA,0.0317848410757946,0.7549194991055451,202.27500076293944,187.66200103759766,161.04825023651122,0.4575530208747606,1.6486582747512308,-0.5421006823142556
2025-01-31,211.8000030517578,212.3000030517578,208.39999389648438,211.10000610351562,210.33404541015625,204205,CDR.WA,0.000473962575903375,0.7552773026959408,203.15500106811524,188.64700103759765,161.5287502670288,0.4573806933790322,1.6486582747512308,-0.5418836551741408
2025-02-03,205.0,210.60000610351562,205.0,208.8000030517578,208.04238891601562,301443,CDR.WA,-0.010895324420928665,0.7470483114553046,203.79000091552734,189.7060009765625,161.9792502975464,0.45940491676612727,1.6486582747512308,-0.5468749813735487
2025-02-04,209.39999389648438,215.1999969482422,208.8000030517578,214.8000030517578,214.02061462402344,276321,CDR.WA,0.02873563176391669,0.7685152166431399,204.86500091552733,190.87700103759767,162.46075031280517,0.4626416756353147,1.6486582747512308,-0.5338541476952812
2025-02-05,215.1999969482422,221.8000030517578,214.3000030517578,221.60000610351562,220.7959442138672,557301,CDR.WA,0.03165736943737052,0.7928443867746526,206.72000122070312,192.23700103759765,162.99125034332275,0.42923717567541725,1.6486582747512308,-0.5190971962371727
2025-02-06,222.0,224.10000610351562,215.1999969482422,219.0,218.2053680419922,358572,CDR.WA,-0.011732879205342162,0.7835420393559921,208.21000137329102,193.45700103759765,163.52850032806396,0.4312405091159481,1.6486582747512308,-0.5247395707432323
2025-02-07,219.5,219.89999389648438,215.8000030517578,216.60000610351562,215.8140869140625,212529,CDR.WA,-0.010958876239654636,0.7749552991181232,209.43250198364257,194.58900115966796,164.04925037384032,0.43506705329914586,1.6486582747512308,-0.5299478909690623
2025-02-10,217.0,219.60000610351562,216.10000610351562,219.0,218.2053680419922,174201,CDR.WA,0.011080303919000833,0.7835420393559922,210.88250198364258,195.75200103759767,164.5807503890991,0.43030868358579605,1.6486582747512308,-0.5247395707432322
2025-02-11,219.1999969482422,224.3000030517578,218.10000610351562,224.3000030517578,223.48614501953125,250017,CDR.WA,0.024200927176976306,0.8025044831905461,212.49750213623048,196.92700103759765,165.1362504196167,0.43431468347933305,1.6486582747512308,-0.5132378277046906
2025-02-12,224.3000030517578,235.89999389648438,223.8000030517578,229.3000030517578,228.46800231933594,608530,CDR.WA,0.022291573481816762,0.8203935708470755,214.23500213623046,198.06900115966798,165.7015004348755,0.43689471907724037,1.6486582747512308,-0.502387132972801
2025-02-13,230.6999969482422,231.89999389648438,223.5,226.89999389648438,226.0767059326172,260359,CDR.WA,-0.010466677380425948,0.8118067760160436,215.2250015258789,199.31500091552735,166.2572504043579,0.38798051848063436,1.6486582747512308,-0.5075954863123235
2025-02-14,227.6999969482422,229.89999389648438,223.8000030517578,226.8000030517578,225.97708129882812,238419,CDR.WA,-0.0004406824478461191,0.8114490270188107,215.6400016784668,200.55500091552733,166.8105004119873,0.33978353752566287,1.6486582747512308,-0.5078124803387458
2025-02-17,226.8000030517578,231.39999389648438,225.0,230.0,229.16546630859375,123813,CDR.WA,0.014109333797107215,0.822898032200357,216.30500183105468,201.8110009765625,167.38750041961669,0.34003882914423517,1.6486582747512308,-0.500868042333075
2025-02-18,230.0,231.1999969482422,227.8000030517578,229.0,228.16908264160156,179744,CDR.WA,-0.004347826086956497,0.819320214669051,216.6150016784668,202.98700103759765,167.9517504119873,0.3277605365906247,1.6486582747512308,-0.5030381812794529
2025-02-19,229.3000030517578,238.8000030517578,225.8000030517578,228.3000030517578,227.4716339111328,396845,CDR.WA,-0.003056755232498598,0.8168157533157695,217.44000167846679,203.96400115966796,168.50400043487548,0.2680700883228474,1.6486582747512308,-0.5045572719191791
2025-02-20,229.1999969482422,230.39999389648438,224.5,225.8000030517578,224.98069763183594,203364,CDR.WA,-0.010950503576792392,0.8078712094875048,218.0950019836426,204.88200134277344,169.0405004501343,0.2731825827612071,1.6486582747512308,-0.5099826192851238
2025-02-21,226.89999389648438,231.6999969482422,225.8000030517578,228.1999969482422,227.3719940185547,186125,CDR.WA,0.010628847936438035,0.8164579497253738,219.1500015258789,205.58600128173828,169.5837504196167,0.25091206438401403,1.6486582747512308,-0.5047742990592937
2025-02-24,227.60000610351562,227.89999389648438,220.10000610351562,221.6999969482422,220.89556884765625,212579,CDR.WA,-0.028483786533416433,0.7932021357718854,219.98500137329103,206.02300109863282,170.0717504119873,0.2730459902968901,1.6486582747512308,-0.5188802022107504
2025-02-25,221.6999969482422,223.6999969482422,218.3000030517578,220.6999969482422,219.89920043945312,231351,CDR.WA,-0.004510599971877527,0.7896243182405795,220.87000122070313,206.5510009765625,170.53275039672852,0.2701443067683803,1.6486582747512308,-0.5210503411571282
2025-02-26,220.1999969482422,222.89999389648438,219.10000610351562,222.89999389648438,222.09121704101562,191047,CDR.WA,0.009968269046954914,0.79749550589082,221.79000091552734,207.12900085449218,170.98825035095214,0.2706868370170833,1.6486582747512308,-0.5162760420978352
2025-02-27,223.0,223.60000610351562,215.5,218.0,217.20899963378906,241224,CDR.WA,-0.02198292521604983,0.7799642218246863,222.14000091552734,207.57700073242188,171.42075035095215,0.26592710212371357,1.6486582747512308,-0.5269097096896102
2025-02-28,215.39999389648438,222.8000030517578,215.1999969482422,221.60000610351562,220.7959442138672,374141,CDR.WA,0.01651378946566795,0.7928443867746526,222.66500091552734,208.18900085449218,171.87000038146974,0.2709412890114866,1.6486582747512308,-0.5190971962371727
2025-03-03,219.6999969482422,222.8000030517578,217.3000030517578,221.0,220.1981201171875,241825,CDR.WA,-0.0027076086958018886,0.7906976744186038,223.27500076293944,208.93700073242186,172.27075035095214,0.2670763554197429,1.6486582747512308,-0.5203992928504764
2025-03-04,218.3000030517578,219.6999969482422,215.5,216.0,215.2162628173828,355340,CDR.WA,-0.022624434389140302,0.7728085867620743,223.33500061035156,209.47100067138672,172.63550033569337,0.2635789326965124,1.6486582747512308,-0.5312499875823662
2025-03-05,218.8000030517578,225.3000030517578,216.5,219.1999969482422,218.40464782714844,210316,CDR.WA,0.014814800686306473,0.7842575919436207,223.2150001525879,210.06600067138672,173.03325035095216,0.2430790019147192,1.6486582747512308,-0.5243055495766952
2025-03-06,220.0,220.8000030517578,210.39999389648438,215.8000030517578,215.01698303222656,372409,CDR.WA,-0.015510921276550849,0.7720930341744459,223.05500030517578,210.5440008544922,173.39775039672853,0.24576353699830777,1.6486582747512308,-0.5316840087489032
2025-03-07,215.8000030517578,218.6999969482422,212.8000030517578,215.5,214.71807861328125,270698,CDR.WA,-0.0013901902109142439,0.7710196779964215,223.0,211.08000091552734,173.76975036621093,0.24275412092842713,1.6486582747512308,-0.532335057055555
2025-03-10,214.5,215.89999389648438,210.1999969482422,212.60000610351562,211.82859802246094,334970,CDR.WA,-0.013457048243546987,0.7606440289928995,222.68000030517578,211.5860009765625,174.1195004272461,0.24333216148136197,1.6486582747512308,-0.5386284467545741
2025-03-11,212.5,216.10000610351562,206.5,209.6999969482422,208.93911743164062,411471,CDR.WA,-0.013640682370730572,0.7502683253962146,221.95,212.03400085449218,174.45550041198732,0.22712420152419582,1.6486582747512308,-0.5449218695672855
2025-03-12,210.8000030517578,212.6999969482422,208.39999389648438,209.6999969482422,208.93911743164062,323682,CDR.WA,0.0,0.7502683253962146,220.96999969482422,212.41700073242188,174.77900039672852,0.20672744149357558,1.6486582747512308,-0.5449218695672855
2025-03-13,208.39999389648438,214.0,207.3000030517578,213.3000030517578,212.52606201171875,249698,CDR.WA,0.01716741133002575,0.763148490346181,220.29000015258788,212.8540008544922,175.1347504425049,0.21884710234353985,1.6486582747512308,-0.537109356114848
2025-03-14,214.0,216.10000610351562,211.60000610351562,216.0,215.2162628173828,250543,CDR.WA,0.012658213359645565,0.7728085867620744,219.75,213.3040008544922,175.51775047302246,0.22570675457533848,1.6486582747512308,-0.531249987582366
2025-03-17,216.5,220.0,214.8000030517578,216.0,215.2162628173828,238362,CDR.WA,0.0,0.7728085867620744,219.05,213.70200073242188,175.89900047302245,0.2174749269058172,1.6486582747512308,-0.531249987582366
2025-03-18,216.8000030517578,218.8000030517578,213.60000610351562,217.1999969482422,216.41189575195312,282651,CDR.WA,0.005555541427047173,0.7771019568810089,218.45999984741212,214.18000061035156,176.28900047302247,0.21951996456576967,1.6486582747512308,-0.528645827469451
2025-03-19,217.0,219.60000610351562,213.39999389648438,218.1999969482422,217.4082794189453,207029,CDR.WA,0.004604051630066497,0.7806797744123148,217.95499954223632,214.8540005493164,176.7285004425049,0.2209651355370624,1.6486582747512308,-0.526475688523073
2025-03-20,217.60000610351562,222.5,215.60000610351562,222.5,221.6926727294922,251282,CDR.WA,0.019706705370751143,0.7960644007155628,217.78999938964844,215.52000061035156,177.1895004272461,0.23135525510849533,1.6486582747512308,-0.5171440844309094
2025-03-21,222.5,226.10000610351562,219.89999389648438,222.6999969482422,221.89195251464844,654792,CDR.WA,0.000898862688728963,0.7967799533031914,217.51499938964844,216.13100067138672,177.6317504119873,0.22762039479247242,1.6486582747512308,-0.5167100632643724
2025-03-24,222.6999969482422,226.10000610351562,221.60000610351562,223.8000030517578,222.9879608154297,184696,CDR.WA,0.004939407806868079,0.8007155744248932,217.61999969482423,216.80700073242187,178.08875045776367,0.20402687453673443,1.6486582747512308,-0.5143228971778796
2025-03-25,224.0,229.6999969482422,222.39999389648438,229.6999969482422,228.86654663085938,305370,CDR.WA,0.026362796318281978,0.8218246760223328,218.06999969482422,217.56100067138672,178.57125045776368,0.22246874022107965,1.6486582747512308,-0.5015190906397268
2025-03-26,219.3000030517578,220.0,200.0,211.39999389648438,210.63294982910156,1270461,CDR.WA,-0.07966914799690361,0.7563506042808021,217.49499969482423,217.89800048828124,178.9657504272461,0.36332924619571283,1.6486582747512308,-0.5412326399811815
2025-03-27,211.0,213.8000030517578,206.10000610351562,210.39999389648438,209.63656616210938,343076,CDR.WA,-0.004730369105354182,0.7527727867494962,217.11499938964843,217.96400024414064,179.34350036621095,0.35607726342964524,1.6486582747512308,-0.5434027789275595
2025-03-28,210.0,220.60000610351562,207.60000610351562,218.39999389648438,217.6075439453125,548759,CDR.WA,0.038022814791220716,0.7813953269999434,216.9549987792969,217.96200012207032,179.76550033569336,0.37803787542292794,1.6486582747512308,-0.526041667356536
2025-03-31,216.8000030517578,219.10000610351562,210.1999969482422,211.8000030517578,211.031494140625,349952,CDR.WA,-0.030219739144565994,0.7577817640492223,216.49499893188477,217.8640002441406,180.15225036621095,0.3925524086011016,1.6486582747512308,-0.5403645645344148
2025-04-01,212.89999389648438,214.89999389648438,209.0,210.0,209.23802185058594,235194,CDR.WA,-0.008498597855628676,0.751341681574239,216.19499893188475,217.60800018310547,180.52725036621095,0.38576953017659,1.6486582747512308,-0.5442708212606338
2025-04-02,209.39999389648438,219.3000030517578,204.0,216.5,215.71444702148438,518305,CDR.WA,0.030952380952380842,0.7745974955277273,216.05999908447265,217.7020001220703,180.94500038146973,0.3986481687706871,1.6486582747512308,-0.5301649181091772
2025-04-03,214.0,216.5,212.0,212.39999389648438,211.6293182373047,208438,CDR.WA,-0.01893767253355949,0.7599284218121078,215.88999862670897,217.69600006103516,181.33800033569335,0.4005619164383226,1.6486582747512308,-0.5390625010348037
2025-04-04,211.0,222.8000030517578,210.6999969482422,212.6999969482422,211.92822265625,579779,CDR.WA,0.001412443787093709,0.7610017779901322,215.7499984741211,217.8079998779297,181.72125030517577,0.400601337777307,1.6486582747512308,-0.5384114527281518
2025-04-07,205.0,210.5,195.3000030517578,205.39999389648438,204.6547088623047,651357,CDR.WA,-0.03432065423834574,0.7348836990929666,215.38999786376954,217.81599975585937,182.06725028991698,0.41620127961043607,1.6486582747512308,-0.5542534736594491
2025-04-08,205.8000030517578,216.0,205.3000030517578,214.1999969482422,213.42279052734375,390649,CDR.WA,0.042843248847382,0.7663685042870911,215.61499786376953,218.03999969482422,182.44725028991698,0.44165922992786477,1.6486582747512308,-0.5351562443085849
2025-04-09,206.60000610351562,210.5,198.0500030517578,200.60000610351562,199.8721466064453,514477,CDR.WA,-0.06349202165494316,0.7177102186172287,215.1599983215332,217.96199981689452,182.76425033569336,0.4982743384632074,1.6486582747512308,-0.5646701141111092
2025-04-10,215.0,215.89999389648438,208.0,212.39999389648438,211.6293182373047,457669,CDR.WA,0.05882346676938588,0.759928421812108,215.11499786376953,217.9899996948242,183.14650032043457,0.539472374753692,1.6486582747512308,-0.5390625010348036
2025-04-11,211.0,214.10000610351562,207.3000030517578,210.39999389648438,209.63656616210938,218761,CDR.WA,-0.009416196127457144,0.7527727867494962,214.83499755859376,217.9759994506836,183.48275032043458,0.538479779507515,1.6486582747512308,-0.5434027789275595
2025-04-14,214.0,218.8000030517578,210.10000610351562,218.8000030517578,218.006103515625,276248,CDR.WA,0.039923999044439995,0.7828264867683635,214.97499771118163,218.1759994506836,183.85775032043458,0.5575363919255675,1.6486582747512308,-0.5251735919097693
2025-04-15,218.89999389648438,222.5,217.3000030517578,221.3000030517578,220.4970245361328,280209,CDR.WA,0.011425959621255588,0.7917710305966282,215.17999801635742,218.3059994506836,184.25725036621094,0.5585278568158389,1.6486582747512308,-0.5197482445438246
2025-04-16,219.0,222.8000030517578,216.0,220.5,219.69993591308594,254766,CDR.WA,-0.003615015999664073,0.7889087656529509,215.2949981689453,218.28399932861328,184.66725036621094,0.5586901394694649,1.6486582747512308,-0.5214843623236654
2025-04-17,220.0,222.8000030517578,217.1999969482422,221.60000610351562,220.7959442138672,153822,CDR.WA,0.00498868981186229,0.7928443867746526,215.2499984741211,218.3359994506836,185.08050041198732,0.5546240235837364,1.6486582747512308,-0.5190971962371727
2025-04-22,221.5,225.5,220.89999389648438,225.1999969482422,224.38287353515625,349577,CDR.WA,0.016245445602762754,0.805724497131456,215.3749984741211,218.50799926757813,185.51500038146972,0.5574806056315788,1.6486582747512308,-0.5112847158984276
2025-04-23,226.5,229.5,225.3000030517578,226.0,225.1799774169922,302362,CDR.WA,0.003552411468023653,0.8085867620751334,215.4849983215332,218.64799926757811,185.95075035095215,0.5573773599234878,1.6486582747512308,-0.5095485981185868
2025-04-24,225.0,226.39999389648438,217.89999389648438,226.0,225.1799774169922,260253,CDR.WA,0.0,0.8085867620751334,215.29999847412108,218.68199920654297,186.36700035095214,0.5493158675489593,1.6486582747512308,-0.5095485981185868
2025-04-25,225.89999389648438,227.5,223.5,224.6999969482422,223.8846893310547,83194,CDR.WA,-0.00575222589273372,0.803935588365803,215.964998626709,218.58999908447265,186.78050033569335,0.46351000584839314,1.6486582747512308,-0.5123697853716166
2025-04-28,224.0,228.5,224.0,228.10000610351562,227.27235412597656,213884,CDR.WA,0.015131327109259463,0.8161002007281409,216.84999923706056,218.6139993286133,187.19600036621094,0.4642162023913185,1.6486582747512308,-0.5049912930857161
2025-04-29,228.0,234.39999389648438,227.39999389648438,233.89999389648438,233.05130004882812,267426,CDR.WA,0.025427389906936826,0.8368514987351848,217.62499923706054,218.75599914550781,187.63400032043458,0.4541803123521673,1.6486582747512308,-0.492404513687678
2025-04-30,233.89999389648438,235.39999389648438,230.6999969482422,232.89999389648438,232.054931640625,235407,CDR.WA,-0.004275331449741571,0.8332736812038789,218.67999877929688,218.8139990234375,188.06150032043456,0.4374150534687487,1.6486582747512308,-0.494574652634056
2025-05-02,233.39999389648438,257.79998779296875,232.60000610351562,257.6000061035156,256.6653137207031,716893,CDR.WA,0.10605415566481091,0.9216458179016651,221.05999908447265,219.3859991455078,188.61125038146972,0.5615052202561825,1.6486582747512308,-0.44097219416756694
2025-05-05,255.0,255.60000610351562,246.3000030517578,250.5,249.59107971191406,214037,CDR.WA,-0.027562134841963126,0.896243291592128,222.75999908447267,219.82999908447266,189.1137503814697,0.572036075882164,1.6486582747512308,-0.4563801939323273
2025-05-06,251.0,251.39999389648438,240.10000610351562,243.1999969482422,242.31756591796875,305623,CDR.WA,-0.029141728749532136,0.8701252126949623,224.29999923706055,220.17799896240234,189.53700035095216,0.579489190625056,1.6486582747512308,-0.4722222148636247
2025-05-07,243.8000030517578,247.10000610351562,242.60000610351562,245.0,244.1110382080078,223234,CDR.WA,0.007401328430694409,0.8765652951699456,225.91499938964844,220.5139990234375,189.94300033569337,0.5790564999362334,1.6486582747512308,-0.4683159581374059
2025-05-08,245.0,247.3000030517578,241.1999969482422,245.0,244.1110382080078,170639,CDR.WA,0.0,0.8765652951699456,227.8949996948242,220.97999908447267,190.36550033569335,0.5584634419863214,1.6486582747512308,-0.4683159581374059
2025-05-09,243.6999969482422,245.89999389648438,241.8000030517578,243.3000030517578,242.41720581054688,185516,CDR.WA,-0.006938763054049724,0.8704830162853582,229.35,221.43199920654297,190.78300033569337,0.546792082410437,1.6486582747512308,-0.47200518772350986
2025-05-12,245.6999969482422,249.0,242.0,245.0,244.1110382080078,155943,CDR.WA,0.006987245897734473,0.8765652951699455,231.56999969482422,221.87399932861328,191.19900032043458,0.4794738184059037,1.6486582747512308,-0.4683159581374059
2025-05-13,245.0,246.6999969482422,236.8000030517578,240.8000030517578,239.92626953125,223146,CDR.WA,-0.017142844686702796,0.8615384724570934,232.9900001525879,222.32999938964844,191.61550033569335,0.4529423300772933,1.6486582747512308,-0.47743053508945477
2025-05-14,240.0,240.5,231.6999969482422,234.0,233.15093994140625,274923,CDR.WA,-0.028239214973332927,0.8372093023255807,234.17000045776368,222.57799926757812,191.99800033569335,0.46653004255392366,1.6486582747512308,-0.49218748654756317
2025-05-15,232.3000030517578,234.1999969482422,229.60000610351562,231.1999969482422,230.36109924316406,159356,CDR.WA,-0.011965825007511977,0.8271914023192916,234.79000015258788,222.78199920654296,192.36750030517578,0.4522182784798035,1.6486582747512308,-0.49826388222015994
2025-05-16,234.5,236.3000030517578,230.10000610351562,231.60000610351562,230.75965881347656,135503,CDR.WA,0.0017301434279992645,0.8286225620877118,235.30500030517578,223.09399932861328,192.74450035095214,0.4511673342799542,1.6486582747512308,-0.49739580677339323
2025-05-19,231.60000610351562,232.6999969482422,227.1999969482422,232.1999969482422,231.3574676513672,183135,CDR.WA,0.002590633976315093,0.8307692198505975,235.8900001525879,223.35399932861327,193.11925033569335,0.450562796394249,1.6486582747512308,-0.496093743273782
2025-05-20,232.0,233.8000030517578,228.89999389648438,229.89999389648438,229.06581115722656,174804,CDR.WA,-0.009905267364281989,0.8225402286099613,236.30499954223632,223.6359991455078,193.49150032043457,0.45276730610724525,1.6486582747512308,-0.5010850694731896
2025-05-21,229.0,229.8000030517578,224.60000610351562,225.0,224.18360900878906,178998,CDR.WA,-0.021313588632327907,0.8050089445438277,236.2949996948242,223.8259991455078,193.82300033569337,0.4569344579090377,1.6486582747512308,-0.5117187370649645
2025-05-22,224.10000610351562,224.10000610351562,217.60000610351562,220.0,219.20175170898438,279233,CDR.WA,-0.022222222222222254,0.7871198568872981,235.99499969482423,223.9739990234375,194.14525032043457,0.4636354016388207,1.6486582747512308,-0.5225694317968542
2025-05-23,221.5,221.60000610351562,213.10000610351562,218.1999969482422,217.4082794189453,262748,CDR.WA,-0.008181832053444582,0.780679774412315,235.60499954223633,224.1439990234375,194.44100028991699,0.4643205698426362,1.6486582747512308,-0.526475688523073
2025-05-26,220.5,221.5,218.60000610351562,220.10000610351562,219.3013916015625,137938,CDR.WA,0.008707649779317483,0.787477660477694,235.375,224.35199920654296,194.741000289917,0.46534467230225046,1.6486582747512308,-0.5223524046567394
2025-05-27,221.5,221.89999389648438,218.6999969482422,220.1999969482422,219.40101623535156,220776,CDR.WA,0.00045429732827684255,0.7878354094749267,234.97999954223633,224.48999908447266,195.05500030517578,0.461647633660633,1.6486582747512308,-0.5221354106303171
2025-05-28,221.5,221.60000610351562,218.60000610351562,219.10000610351562,218.30502319335938,338354,CDR.WA,-0.004995417166082539,0.7838998429463879,234.2400001525879,224.55199920654297,195.39325035095214,0.4507208903568266,1.6486582747512308,-0.5245225436031175
2025-05-29,225.60000610351562,230.1999969482422,218.8000030517578,220.5,219.69993591308594,527755,CDR.WA,0.006389748322612743,0.788908765652951,233.62000045776367,224.64199920654298,195.74350036621092,0.4518769987293514,1.6486582747512308,-0.5214843623236654
2025-05-30,220.5,225.39999389648438,219.39999389648438,221.8000030517578,220.99522399902344,690726,CDR.WA,0.005895705450148725,0.7935599393622812,231.8300003051758,224.7339993286133,196.06850036621094,0.206255922578868,1.6486582747512308,-0.5186631750706356
2025-06-02,219.60000610351562,228.0,218.39999389648438,221.5,220.69630432128906,321324,CDR.WA,-0.0013525836232193278,0.7924865831842568,230.38000030517577,224.79999938964843,196.35750038146972,0.1927701492773058,1.6486582747512308,-0.5193142233772874
2025-06-03,223.60000610351562,236.8000030517578,219.1999969482422,236.5,235.64187622070312,777763,CDR.WA,0.06772009029345383,0.8461538461538454,230.04500045776368,225.07999938964844,196.71975036621095,0.3099609129212824,1.6486582747512308,-0.48676213918161837
2025-06-04,237.8000030517578,260.5,234.60000610351562,257.8999938964844,256.9642333984375,1207638,CDR.WA,0.09048623212044138,0.9227191194865265,230.69000015258788,225.78399932861328,197.15700035095216,0.4495037011608407,1.6486582747512308,-0.44032117897460754
2025-06-05,255.0,263.6000061035156,250.10000610351562,259.0,258.06024169921875,931887,CDR.WA,0.0042652428443141766,0.9266547406082283,231.3900001525879,226.48799926757812,197.59300033569335,0.4493892602672446,1.6486582747512308,-0.43793401288811473
2025-06-06,256.1000061035156,267.8999938964844,251.39999389648438,267.29998779296875,266.3301086425781,660478,CDR.WA,0.03204628491493722,0.9563505824435368,232.58999938964843,227.23999908447266,198.05800025939942,0.45898704381800565,1.6486582747512308,-0.41992188612413184
2025-06-09,267.29998779296875,271.5,263.29998779296875,268.0,267.027587890625,437638,CDR.WA,0.0026188261840602856,0.9588550983899812,233.73999938964843,228.37199920654297,198.49875022888185,0.4590104564796539,1.6486582747512308,-0.4184027623707135
2025-06-10,267.20001220703125,270.3999938964844,264.6000061035156,269.5,268.5221252441406,313091,CDR.WA,0.005597014925373234,0.9642218246869401,235.17499923706055,229.5539993286133,198.94700019836426,0.4515774701834799,1.6486582747512308,-0.41514755395114655
2025-06-11,266.0,268.29998779296875,261.0,268.29998779296875,267.32647705078125,287919,CDR.WA,-0.00445273546208258,0.9599283999748426,236.88999862670897,230.55199920654297,199.4120001220703,0.43524375818258326,1.6486582747512308,-0.417751747177754
2025-06-12,268.1000061035156,274.79998779296875,264.20001220703125,268.70001220703125,267.7250671386719,371599,CDR.WA,0.0014909594940837323,0.9613596143364257,238.76499938964844,231.68999938964845,199.8575001525879,0.4299713740217957,1.6486582747512308,-0.41688363861729494
2025-06-13,264.0,271.0,263.29998779296875,271.0,270.0166931152344,276632,CDR.WA,0.00855968622434089,0.9695885509838988,240.73499908447266,232.90999938964845,200.28750015258788,0.42935909797781885,1.6486582747512308,-0.4118923455315797
2025-06-16,271.0,273.0,263.20001220703125,264.8999938964844,263.9388122558594,197276,CDR.WA,-0.022509247614448835,0.9477638422056676,242.36999893188477,233.87799926757813,200.7047501373291,0.4427587572929839,1.6486582747512308,-0.4251302063499621
2025-06-17,264.6000061035156,267.0,257.0,266.3999938964844,265.4333801269531,192253,CDR.WA,0.00566251428675435,0.9531305685026263,244.19499893188475,234.95799926757812,201.1357501220703,0.4383176338275204,1.6486582747512308,-0.4218749979303953
2025-06-18,266.0,270.29998779296875,264.3999938964844,270.29998779296875,269.3192138671875,181753,CDR.WA,0.014639617063954669,0.9670840350374542,246.4599983215332,236.10999908447266,201.59025009155275,0.4250855943391473,1.6486582747512308,-0.41341146928499817
2025-06-20,270.20001220703125,272.70001220703125,268.20001220703125,270.5,269.5185241699219,568628,CDR.WA,0.000739963803418453,0.9677996422182458,248.9849983215332,237.41199920654296,202.04275009155273,0.4098709799843729,1.6486582747512308,-0.4129774150047687
2025-06-23,267.29998779296875,273.6000061035156,264.8999938964844,271.3999938964844,270.41522216796875,218537,CDR.WA,0.0033271493400530705,0.9710196561591558,251.6449981689453,238.55599914550783,202.49425003051758,0.40484818196491434,1.6486582747512308,-0.4110243031985056
2025-06-24,275.0,279.0,274.29998779296875,276.0,274.9985656738281,329345,CDR.WA,0.016949175412546813,0.9874776386404281,254.43999786376952,240.0639990234375,202.95875,0.40521462755988474,1.6486582747512308,-0.4010416507996901
2025-06-25,276.5,278.0,273.6000061035156,275.20001220703125,274.20147705078125,252372,CDR.WA,-0.002898506496263553,0.9846154282899139,257.189998626709,241.31999938964844,203.42775009155272,0.40661852015341715,1.6486582747512308,-0.4027777354658385
2025-06-26,275.29998779296875,276.70001220703125,271.8999938964844,275.6000061035156,274.6000061035156,158189,CDR.WA,0.0014534661291492057,0.986046533465171,260.014998626709,242.62399963378905,203.92400009155273,0.4037812567635971,1.6486582747512308,-0.40190969313276437
2025-06-27,278.0,278.6000061035156,271.1000061035156,275.29998779296875,275.29998779296875,168775,CDR.WA,-0.0010886005221428796,0.9849731226939836,262.75499801635743,243.75399932861328,204.41375,0.40598454421470564,1.6486582747512308,-0.40256077455310857
2025-06-30,276.0,286.6000061035156,276.0,280.79998779296875,280.79998779296875,301069,CDR.WA,0.019978206479747795,1.004651119116166,265.70499725341796,244.9439990234375,204.94449996948242,0.40650287938271823,1.6486582747512308,-0.39062501034803
2025-07-01,278.0,282.3999938964844,274.3999938964844,276.0,276.0,166155,CDR.WA,-0.017093974364798536,0.9874776386404281,268.429997253418,246.0539990234375,205.47074996948243,0.41714478966972895,1.6486582747512308,-0.4010416507996901
2025-07-02,275.1000061035156,275.70001220703125,267.29998779296875,269.79998779296875,269.79998779296875,197843,CDR.WA,-0.02246381234431616,0.9652951262718011,270.0949966430664,247.01799865722657,205.98874992370605,0.3764238366560194,1.6486582747512308,-0.41449653875818726
2025-07-03,267.70001220703125,273.79998779296875,267.6000061035156,269.5,269.5,126223,CDR.WA,-0.0011118895720594324,0.9642218246869397,270.6749969482422,247.90399871826173,206.52524993896483,0.21031630481255534,1.6486582747512308,-0.4151475539511468
2025-07-04,269.8999938964844,270.1000061035156,267.1000061035156,269.8999938964844,269.8999938964844,142962,CDR.WA,0.001484207408105398,0.965652929862197,271.2199966430664,248.7819985961914,207.05124992370605,0.21020073540522985,1.6486582747512308,-0.4142795116180725
2025-07-07,272.0,278.0,269.20001220703125,274.0,274.0,150786,CDR.WA,0.015190834369148254,0.9803220035778163,271.554997253418,249.7419985961914,207.58249992370605,0.1854601491232662,1.6486582747512308,-0.40538192869244605
2025-07-08,274.5,280.0,272.20001220703125,274.0,274.0,187202,CDR.WA,0.0,0.9803220035778163,271.854997253418,250.72799865722655,208.10249992370606,0.1854468062704061,1.6486582747512308,-0.40538192869244605
2025-07-09,274.0,275.70001220703125,267.3999938964844,269.3999938964844,269.3999938964844,137668,CDR.WA,-0.016788343443487674,0.963864021096544,271.84999694824216,251.55399841308594,208.58499992370605,0.19513397857196116,1.6486582747512308,-0.4153645810912614
2025-07-10,272.0,272.0,266.6000061035156,267.8999938964844,267.8999938964844,155593,CDR.WA,-0.005567928856659021,0.9584972947995851,271.82999725341796,252.23399841308594,209.04249992370606,0.1955153217213977,1.6486582747512308,-0.41861978951082834
2025-07-11,267.8999938964844,269.0,263.79998779296875,269.0,269.0,130250,CDR.WA,0.004106032581473906,0.9624329159212868,271.8449966430664,252.95599853515625,209.50574989318847,0.19599998494527557,1.6486582747512308,-0.41623262342433576
2025-07-14,269.8999938964844,269.8999938964844,266.1000061035156,269.0,269.0,101147,CDR.WA,0.0,0.9624329159212868,271.74499664306643,253.18399841308593,209.9617498779297,0.1934548990548101,1.6486582747512308,-0.41623262342433576
2025-07-15,269.0,271.1000061035156,265.0,266.79998779296875,266.79998779296875,128833,CDR.WA,-0.008178484041008405,0.9545616736778834,271.8399963378906,253.50999816894532,210.41724983215332,0.17767843307064182,1.6486582747512308,-0.42100695559732115
2025-07-16,265.0,266.79998779296875,262.1000061035156,265.3999938964844,265.3999938964844,83573,CDR.WA,-0.005247353675183586,0.9495527509713203,271.7899963378906,253.95399810791017,210.90624977111815,0.17762683760574544,1.6486582747512308,-0.42404513687677325
2025-07-17,266.0,267.1000061035156,260.0,267.1000061035156,267.1000061035156,225109,CDR.WA,0.00640547191457097,0.9556350844490707,271.62999725341797,254.39599822998048,211.38399978637696,0.170821282228189,1.6486582747512308,-0.42035587417697684
2025-07-18,268.3999938964844,272.79998779296875,265.5,269.6000061035156,269.6000061035156,215865,CDR.WA,0.009359790126815426,0.9645796282773356,271.5849975585937,254.88799835205077,211.87149978637694,0.17438126304817894,1.6486582747512308,-0.41493052681103193
2025-07-21,270.1000061035156,270.8999938964844,262.20001220703125,265.20001220703125,265.20001220703125,214376,CDR.WA,-0.016320451768813915,0.9488372529768548,271.2749984741211,255.32599853515626,212.33824981689452,0.1829803670174407,1.6486582747512308,-0.4244791249296179
2025-07-22,265.20001220703125,265.20001220703125,253.60000610351562,255.89999389648438,255.89999389648438,395346,CDR.WA,-0.035067940733300995,0.9155634844239143,270.26999816894534,255.54399841308594,212.74649978637694,0.20659518242343455,1.6486582747512308,-0.4446614568673636
2025-07-23,256.20001220703125,259.6000061035156,252.39999389648438,257.1000061035156,257.1000061035156,228207,CDR.WA,0.004689379584419395,0.9198569091360117,269.36499786376953,255.8699984741211,213.1612498474121,0.20872669657702858,1.6486582747512308,-0.44205726364075626
2025-07-24,258.29998779296875,262.1000061035156,252.6999969482422,253.8000030517578,253.8000030517578,229225,CDR.WA,-0.012835484143976061,0.9080501003640696,268.27499771118164,256.26599853515626,213.57224983215332,0.21055344267437315,1.6486582747512308,-0.4492187287865419
2025-07-25,252.3000030517578,254.39999389648438,248.89999389648438,253.3000030517578,253.3000030517578,187092,CDR.WA,-0.001970055137856086,0.9062611915984167,267.1749984741211,256.70799865722654,213.9902498626709,0.21041346191214327,1.6486582747512308,-0.4503037982597309
2025-07-28,255.3000030517578,256.8999938964844,248.1999969482422,249.8000030517578,249.8000030517578,210324,CDR.WA,-0.013817607413470268,0.893738830238846,265.62499923706054,257.0719985961914,214.4002498626709,0.19262627022831694,1.6486582747512308,-0.45789928457205364
2025-07-29,250.6999969482422,254.89999389648438,250.6999969482422,252.10000610351562,252.10000610351562,149946,CDR.WA,0.009207377997034083,0.9019678214794822,264.4299995422363,257.4699987792969,214.80824989318847,0.19471663796730124,1.6486582747512308,-0.45290795837264586
2025-07-30,252.10000610351562,254.8000030517578,249.6999969482422,254.3000030517578,254.3000030517578,103308,CDR.WA,0.00872668343902716,0.9098390091297226,263.6550003051758,257.95799896240237,215.23599990844727,0.1877906338936746,1.6486582747512308,-0.4481336593133529
2025-07-31,254.3000030517578,255.5,250.1999969482422,251.1999969482422,251.1999969482422,103936,CDR.WA,-0.012190350241107484,0.8987477529454091,262.74000015258787,258.4819989013672,215.6377498626709,0.1904997593089326,1.6486582747512308,-0.45486110329260143
2025-08-01,250.60000610351562,251.0,245.5,247.10000610351562,247.10000610351562,162444,CDR.WA,-0.016321619803089993,0.8840787338229527,261.60000076293943,259.0239990234375,216.01524986267088,0.19483019354127185,1.6486582747512308,-0.46375865310453557
2025-08-04,247.10000610351562,248.89999389648438,241.60000610351562,247.3000030517578,247.3000030517578,203802,CDR.WA,0.0008093765410852605,0.8847942864105813,260.26500091552737,259.60599914550784,216.4089998626709,0.1819821070968837,1.6486582747512308,-0.46332463193799844
2025-08-05,250.0,252.39999389648438,243.6999969482422,246.3000030517578,246.3000030517578,181625,CDR.WA,-0.004043671603961574,0.8812164688792754,258.88000106811523,260.1299990844727,216.83474990844726,0.18105751465803774,1.6486582747512308,-0.4654947708843764
2025-08-06,246.3000030517578,248.89999389648438,244.8000030517578,248.0,248.0,145882,CDR.WA,0.006902139371411042,0.8872987477638629,257.810001373291,260.6859991455078,217.27099990844727,0.180565540217028,1.6486582747512308,-0.46180554129827234
2025-08-07,248.0,252.60000610351562,247.10000610351562,248.89999389648438,248.89999389648438,178128,CDR.WA,0.0036290076471143795,0.890518761704773,256.860001373291,261.28199890136716,217.69049987792968,0.1824929576292159,1.6486582747512308,-0.4598524294920092
2025-08-08,250.0,257.5,247.39999389648438,256.3999938964844,256.3999938964844,197306,CDR.WA,0.03013258410572406,0.9173523931895673,256.23000106811526,261.9999987792969,218.1477498626709,0.21717340365031965,1.6486582747512308,-0.4435763873941746
2025-08-11,257.8999938964844,263.0,254.0,255.8000030517578,255.8000030517578,224519,CDR.WA,-0.0023400579524537335,0.9152057354266816,255.57000122070312,262.67999877929685,218.62924987792968,0.2170025526098725,1.6486582747512308,-0.44487845089378586
2025-08-12,256.1000061035156,257.20001220703125,251.39999389648438,252.5,252.5,125003,CDR.WA,-0.01290071545108662,0.9033989266547395,254.8550018310547,263.29999877929686,219.08949989318847,0.21929879640379765,1.6486582747512308,-0.4520399160395716
2025-08-13,255.0,259.0,253.5,255.0,255.0,218382,CDR.WA,0.00990099009900991,0.9123434704830042,254.33500213623046,263.66999877929686,219.58249992370605,0.22348043984144172,1.6486582747512308,-0.4466145686736268
2025-08-14,255.10000610351562,255.10000610351562,245.0,246.60000610351562,246.60000610351562,156000,CDR.WA,-0.03294115253523289,0.8822898250572998,253.31000213623048,263.4439990234375,220.02249992370605,0.24653464596791003,1.6486582747512308,-0.46484372257772444
2025-08-18,247.8000030517578,256.70001220703125,245.0,255.0,255.0,220994,CDR.WA,0.034063234746873006,0.9123434704830041,252.5800018310547,263.3639990234375,220.49199989318848,0.2777367599447989,1.6486582747512308,-0.4466145686736268
2025-08-19,254.3000030517578,257.5,251.0,253.8000030517578,253.8000030517578,152386,CDR.WA,-0.004705870385263489,0.9080501003640696,252.010001373291,263.0939993286133,220.96449989318847,0.2731682087522737,1.6486582747512308,-0.4492187287865419
2025-08-20,253.5,256.0,250.60000610351562,251.89999389648438,251.89999389648438,104760,CDR.WA,-0.007486245596640018,0.9012522142986906,251.81000137329102,262.77199920654294,221.4304998779297,0.24505457758731714,1.6486582747512308,-0.45334201265287544
2025-08-21,253.0,262.70001220703125,252.1999969482422,260.8999938964844,260.8999938964844,268115,CDR.WA,0.035728464541759486,0.9334525720804436,252.00000076293946,262.59999908447264,221.92999984741212,0.27678032285896337,1.6486582747512308,-0.4338107621354741
2025-08-22,259.8999938964844,265.6000061035156,254.89999389648438,257.8999938964844,257.8999938964844,276119,CDR.WA,-0.011498658758843372,0.922719119486526,252.2050003051758,262.39199920654295,222.40549980163576,0.27594128547465235,1.6486582747512308,-0.4403211789746079
2025-08-25,255.60000610351562,260.29998779296875,255.60000610351562,259.0,259.0,81865,CDR.WA,0.0042652428443141766,0.9266547406082277,252.4900001525879,262.1979989624023,222.89574981689452,0.2759555264923395,1.6486582747512308,-0.43793401288811507
2025-08-26,259.0,265.79998779296875,255.60000610351562,260.20001220703125,260.20001220703125,393845,CDR.WA,0.0046332517645995,0.9309481653203253,253.01000061035157,261.981999206543,223.3929998779297,0.2703024577421732,1.6486582747512308,-0.4353298196615075
2025-08-27,260.3999938964844,264.0,255.8000030517578,257.6000061035156,257.6000061035156,137200,CDR.WA,-0.009992336593154683,0.9216458179016648,253.28500061035157,261.8359994506836,223.87799987792968,0.27226522638928624,1.6486582747512308,-0.44097219416756717
2025-08-28,257.8999938964844,259.3999938964844,250.0,254.8000030517578,254.8000030517578,150223,CDR.WA,-0.010869576806735948,0.9116279178953757,253.31000061035155,261.60399963378904,224.34474990844726,0.2739781961059034,1.6486582747512308,-0.4470485898401638
2025-08-29,257.70001220703125,258.20001220703125,246.1999969482422,252.0,252.0,325699,CDR.WA,-0.010989022834466122,0.9016100178890866,253.35000076293946,261.23799987792967,224.80649993896483,0.2732876911083019,1.6486582747512308,-0.4531249855127606
2025-09-01,253.0,257.6000061035156,242.60000610351562,245.6999969482422,245.6999969482422,272349,CDR.WA,-0.025000012110150016,0.8790697565232268,253.28000030517578,260.7419998168945,225.21999992370604,0.28188869082504175,1.6486582747512308,-0.46679686749768
2025-09-02,248.8000030517578,250.60000610351562,243.89999389648438,248.89999389648438,248.89999389648438,118874,CDR.WA,0.013024000765113009,0.8905187617047731,253.3599998474121,260.29199981689453,225.65949989318847,0.2857396583099718,1.6486582747512308,-0.4598524294920091
2025-09-03,250.6999969482422,252.10000610351562,245.89999389648438,245.89999389648438,245.89999389648438,166137,CDR.WA,-0.012053033642289601,0.8797853091108554,253.33999938964843,259.6899996948242,226.08199989318848,0.28881758230088306,1.6486582747512308,-0.4663628463311429
2025-09-04,246.0,252.0,245.5,250.0,250.0,193379,CDR.WA,0.016673469724613366,0.8944543828264748,253.43999938964845,259.1859994506836,226.53949989318846,0.29391865837733655,1.6486582747512308,-0.4574652634055164
2025-09-05,250.39999389648438,253.5,249.0,250.1999969482422,250.1999969482422,191397,CDR.WA,0.0007999877929687482,0.8951699354141034,253.50499954223633,258.6779992675781,226.9812498474121,0.2936988032355742,1.6486582747512308,-0.4570312422389793
2025-09-08,251.0,256.0,248.5,255.0,255.0,191374,CDR.WA,0.01918466470945157,0.9123434704830043,253.43499984741212,258.2719995117188,227.47699981689453,0.28132020918978423,1.6486582747512308,-0.4466145686736267
2025-09-09,256.0,256.1000061035156,251.0,252.5,252.5,168547,CDR.WA,-0.009803921568627416,0.9033989266547396,253.2699996948242,257.70599975585935,227.95824981689452,0.283339937233552,1.6486582747512308,-0.4520399160395715
2025-09-10,252.0,259.0,252.0,255.3000030517578,255.3000030517578,283016,CDR.WA,0.01108912099706072,0.9134168266610289,253.4099998474121,257.29199981689453,228.46674980163573,0.2822066410068449,1.6486582747512308,-0.44596352036697473
2025-09-11,255.3000030517578,257.20001220703125,253.0,255.0,255.0,171886,CDR.WA,-0.0011751000711778259,0.9123434704830045,253.4099998474121,256.99600006103515,228.95174980163574,0.28014882129491314,1.6486582747512308,-0.4466145686736266
2025-09-12,254.39999389648438,256.8999938964844,251.5,252.3000030517578,252.3000030517578,122280,CDR.WA,-0.010588223326439938,0.9026833740671112,253.69499969482422,256.6520001220703,229.41324981689453,0.25526355981575244,1.6486582747512308,-0.4524739372061085
2025-09-15,254.0,258.1000061035156,253.89999389648438,257.0,257.0,283589,CDR.WA,0.018628604405042326,0.9194991055456162,253.7949996948242,256.3940002441406,229.89399978637695,0.23395034388172786,1.6486582747512308,-0.44227429078087077
2025-09-16,257.6000061035156,258.3999938964844,255.10000610351562,257.1000061035156,257.1000061035156,133806,CDR.WA,0.00038912880745378686,0.919856909136012,253.95999984741212,256.0560003662109,230.35174980163575,0.23314626119205498,1.6486582747512308,-0.44205726364075604
2025-09-17,256.6000061035156,257.8999938964844,255.0,256.70001220703125,256.70001220703125,118392,CDR.WA,-0.0015557910812469267,0.9184258039607549,254.20000076293945,255.71000061035156,230.7742498779297,0.23131141676907774,1.6486582747512308,-0.4429253059738302
2025-09-18,257.0,262.6000061035156,257.0,262.6000061035156,262.6000061035156,295113,CDR.WA,0.022984003178488255,0.9395349055581945,254.285001373291,255.5740008544922,231.2642498779297,0.20934683682917493,1.6486582747512308,-0.43012149943567735
2025-09-19,263.0,263.1000061035156,252.10000610351562,255.0,255.0,661260,CDR.WA,-0.02894137824398879,0.9123434704830046,254.1400016784668,255.3160009765625,231.7152498626709,0.2305827509497543,1.6486582747512308,-0.4466145686736266
2025-09-22,255.0,260.79998779296875,254.8000030517578,259.5,259.5,200688,CDR.WA,0.01764705882352935,0.928443649373881,254.1650016784668,255.1260009765625,232.1767498779297,0.23896394244642655,1.6486582747512308,-0.43684894341492586
2025-09-23,259.0,260.8999938964844,254.5,254.5,254.5,158311,CDR.WA,-0.019267822736030782,0.9105545617173516,253.88000106811523,254.8360009765625,232.59824989318847,0.24797910295332162,1.6486582747512308,-0.44769963814681557
2025-09-24,255.0,255.6999969482422,252.5,255.0,255.0,186904,CDR.WA,0.0019646365422396617,0.9123434704830046,253.75000076293946,254.60000122070312,232.97599990844728,0.24584546564905388,1.6486582747512308,-0.4466145686736266
2025-09-25,253.0,255.3000030517578,251.89999389648438,253.6999969482422,253.6999969482422,123509,CDR.WA,-0.0050980511833639275,0.9076922967736744,253.69500045776368,254.36600128173828,233.34499992370604,0.2434250676656387,1.6486582747512308,-0.4494357559266563
2025-09-26,253.6999969482422,257.70001220703125,250.8000030517578,256.29998779296875,256.29998779296875,173602,CDR.WA,0.010248288829333374,0.9169945895991719,253.9099998474121,254.15000091552736,233.6614998626709,0.2425011813768014,1.6486582747512308,-0.4437934145342891
2025-09-29,258.0,267.79998779296875,257.79998779296875,267.79998779296875,267.79998779296875,328052,CDR.WA,0.04486929593336275,0.9581394912091896,255.01499938964844,254.11400054931642,234.00124977111815,0.26871456836267965,1.6486582747512308,-0.41883681665094297
2025-09-30,267.79998779296875,270.8999938964844,262.29998779296875,270.5,270.5,327132,CDR.WA,0.010082196901064044,0.967799642218246,256.0949996948242,254.22000030517577,234.38224975585936,0.26767062253600993,1.6486582747512308,-0.4129774150047686
2025-10-01,269.8999938964844,274.79998779296875,266.8999938964844,272.20001220703125,272.20001220703125,264798,CDR.WA,0.006284703168322636,0.9738819756959965,257.4100006103516,254.5460006713867,234.77324981689452,0.26063014435043025,1.6486582747512308,-0.40928815230497206
2025-10-02,272.5,272.79998779296875,269.0,270.3999938964844,270.3999938964844,276032,CDR.WA,-0.006612851689285826,0.9674418386278503,258.4300003051758,254.8120004272461,235.14724975585938,0.26016553275051796,1.6486582747512308,-0.4131944421448833
2025-10-03,270.3999938964844,273.79998779296875,270.0,273.5,273.5,307222,CDR.WA,0.011464519872372403,0.9785330948121638,259.59500045776366,255.20600036621093,235.55974975585937,0.26114730335971975,1.6486582747512308,-0.4064669981656347
2025-10-06,273.0,275.6000061035156,271.5,273.5,273.5,390951,CDR.WA,0.0,0.9785330948121638,260.5200004577637,255.6100003051758,236.0092497253418,0.25574984371855475,1.6486582747512308,-0.4064669981656347
2025-10-07,272.79998779296875,274.5,269.8999938964844,274.5,274.5,283628,CDR.WA,0.003656307129798808,0.9821109123434696,261.6200004577637,256.10400024414065,236.435249710083,0.2507869346733228,1.6486582747512308,-0.40429685921925684
2025-10-08,272.1000061035156,278.6000061035156,271.1000061035156,278.6000061035156,278.6000061035156,393478,CDR.WA,0.014936269958162551,0.996779986059089,262.7850006103516,256.6340002441406,236.88099975585936,0.25253328057469054,1.6486582747512308,-0.39539927629363036
2025-10-09,278.70001220703125,285.3999938964844,273.20001220703125,275.0,275.0,378924,CDR.WA,-0.01292177323994037,0.9838998211091226,263.7850006103516,257.04800018310544,237.29649978637696,0.2593813538689227,1.6486582747512308,-0.40321178974606786
2025-10-10,275.0,275.0,259.0,259.8999938964844,259.8999938964844,472334,CDR.WA,-0.054909113103693175,0.9298747545491383,264.1650001525879,257.2220001220703,237.65249977111816,0.33026155795798723,1.6486582747512308,-0.4359809010818516
2025-10-13,258.6000061035156,259.20001220703125,252.0,255.0,255.0,341459,CDR.WA,-0.01885338211449128,0.9123434704830046,264.0650001525879,257.38,237.99099975585938,0.3315651756776968,1.6486582747512308,-0.4466145686736266
2025-10-14,253.60000610351562,254.6999969482422,245.6999969482422,248.8000030517578,248.8000030517578,345262,CDR.WA,-0.024313713522518432,0.8901610127075406,263.65,257.41,238.29849975585938,0.34241835082607053,1.6486582747512308,-0.4600694235184313
2025-10-15,248.3000030517578,252.3000030517578,248.3000030517578,251.0,251.0,392596,CDR.WA,0.00884243135553553,0.898032200357781,263.36499938964846,257.50399993896485,238.60074974060058,0.3443462617165614,1.6486582747512308,-0.45529512445913833
2025-10-16,251.89999389648438,257.1000061035156,251.0,252.5,252.5,366516,CDR.WA,0.005976095617529875,0.9033989266547399,262.85999908447263,257.5939999389648,238.90599975585937,0.3338339231414715,1.6486582747512308,-0.4520399160395714
2025-10-17,251.6999969482422,261.6000061035156,243.39999389648438,256.8999938964844,256.8999938964844,397019,CDR.WA,0.017425718401918422,0.9191413019552207,262.9549987792969,257.75399993896485,239.2229997253418,0.324170685106786,1.6486582747512308,-0.4424913179209854
2025-10-20,259.0,261.0,252.5,253.1999969482422,253.1999969482422,278470,CDR.WA,-0.014402479704740956,0.9059033880080215,262.639998626709,257.69,239.50849967956543,0.3217323881383622,1.6486582747512308,-0.4505208253998453
2025-10-21,253.39999389648438,262.0,253.39999389648438,258.20001220703125,258.20001220703125,294751,CDR.WA,0.019747295888834948,0.9237925302577139,262.8249992370605,257.73800018310544,239.8329997253418,0.32220778342167,1.6486582747512308,-0.43967009755426323
2025-10-22,260.3999938964844,263.5,258.0,260.8999938964844,260.8999938964844,199965,CDR.WA,0.010456938659198167,0.9334525720804443,263.11999893188477,257.9060000610352,240.21499969482423,0.3239784491836667,1.6486582747512308,-0.43381076213547365
2025-10-23,260.5,262.70001220703125,259.20001220703125,260.20001220703125,260.20001220703125,287938,CDR.WA,-0.0026829501948200107,0.9309481653203259,263.4449996948242,258.01000030517577,240.56999977111818,0.32345452547856474,1.6486582747512308,-0.4353298196615072
2025-10-24,261.1000061035156,264.0,258.5,259.5,259.5,159341,CDR.WA,-0.0026902850660678324,0.9284436493738814,263.6050003051758,258.26800018310547,240.90674980163575,0.3220520326392365,1.6486582747512308,-0.43684894341492575
2025-10-27,262.0,262.1000061035156,253.89999389648438,254.8000030517578,254.8000030517578,212382,CDR.WA,-0.018111741611723242,0.9116279178953762,262.9550010681152,258.2640002441406,241.23074981689453,0.28302278979159184,1.6486582747512308,-0.4470485898401635
2025-10-28,254.60000610351562,262.79998779296875,254.0,259.20001220703125,259.20001220703125,212404,CDR.WA,0.017268481564262972,0.9273703477890199,262.3900016784668,258.3720004272461,241.56674987792968,0.28830353208980963,1.6486582747512308,-0.43749995860788515
2025-10-29,260.3999938964844,261.8999938964844,256.20001220703125,256.79998779296875,256.79998779296875,156459,CDR.WA,-0.009259353013245764,0.9187834983648249,261.6200004577637,258.4700003051758,241.87799980163575,0.2876783990161244,1.6486582747512308,-0.44270834506110013
2025-10-30,256.8999938964844,259.1000061035156,254.39999389648438,257.29998779296875,257.29998779296875,135736,CDR.WA,0.0019470405909953747,0.9205724071304779,260.9650001525879,258.39800018310547,242.128999710083,0.28775821556120706,1.6486582747512308,-0.44162327558791115
2025-10-31,257.5,258.70001220703125,253.8000030517578,253.8000030517578,253.8000030517578,217684,CDR.WA,-0.013602739631791705,0.9080501003640703,259.9800003051758,258.3160003662109,242.3054997253418,0.2855792825411981,1.6486582747512308,-0.44921872878654145
2025-11-03,256.1000061035156,258.6000061035156,253.10000610351562,255.39999389648438,255.39999389648438,207782,CDR.WA,0.006304140368352362,0.9137745756582618,259.075,258.24400024414064,242.498999710083,0.28749614621781827,1.6486582747512308,-0.44574652634055234
2025-11-04,254.0,254.8000030517578,250.8000030517578,252.5,252.5,152685,CDR.WA,-0.011354714039890523,0.90339892665474,257.975,258.09,242.6474996948242,0.2876447114046314,1.6486582747512308,-0.4520399160395713
2025-11-05,252.39999389648438,253.60000610351562,249.5,250.1999969482422,250.1999969482422,139884,CDR.WA,-0.009108922977258627,0.8951699354141038,256.5549995422363,257.9419998168945,242.83949966430663,0.2791773646776247,1.6486582747512308,-0.45703124223897906
2025-11-06,251.5,253.3000030517578,248.6999969482422,250.0,250.0,226691,CDR.WA,-0.0007993483240671395,0.8944543828264753,255.30499954223632,257.8459997558594,243.02599967956542,0.27805121800421734,1.6486582747512308,-0.4574652634055161
2025-11-07,251.0,252.0,240.89999389648438,242.89999389648438,242.89999389648438,283367,CDR.WA,-0.02840002441406253,0.8690518565169382,254.45499954223632,257.66399963378905,243.20499961853028,0.22537602556089478,1.6486582747512308,-0.47287326317027645
2025-11-10,243.1999969482422,247.1999969482422,243.1999969482422,245.60000610351562,245.60000610351562,150326,CDR.WA,0.011115736001960919,0.8787120075259944,253.9849998474121,257.66199981689454,243.40799964904784,0.2230047077730589,1.6486582747512308,-0.46701386152410207
2025-11-12,245.60000610351562,246.3000030517578,242.3000030517578,243.39999389648438,243.39999389648438,203709,CDR.WA,-0.008957704203411132,0.870840765282591,253.71499938964843,257.5519998168945,243.60999961853028,0.20862474892436927,1.6486582747512308,-0.47178819369708747
2025-11-13,245.1999969482422,245.6999969482422,233.8000030517578,237.39999389648438,237.39999389648438,355867,CDR.WA,-0.02465078122619735,0.8493738600947556,253.03499908447264,257.3819998168945,243.7744995880127,0.22113720022727643,1.6486582747512308,-0.48480902737535514
2025-11-14,233.10000610351562,236.6999969482422,230.5,236.6999969482422,236.6999969482422,223023,CDR.WA,-0.002948597161916533,0.846869398741474,252.24499893188477,257.1159997558594,243.9029995727539,0.21875531970941198,1.6486582747512308,-0.48632811801508125
2025-11-17,237.0,238.1999969482422,228.6999969482422,230.89999389648438,230.89999389648438,307563,CDR.WA,-0.024503604252373745,0.8261180461412673,250.94499893188475,256.72999969482424,244.00199951171874,0.21711069113848028,1.6486582747512308,-0.4989149305268117
2025-11-18,228.8000030517578,230.3000030517578,225.8000030517578,229.8000030517578,229.8000030517578,248987,CDR.WA,-0.004763927560862968,0.8221824796127286,249.77499923706054,256.2259997558594,244.10699951171875,0.21438952135760223,1.6486582747512308,-0.5013020634996119
2025-11-19,230.39999389648438,230.60000610351562,226.39999389648438,229.1999969482422,229.1999969482422,212277,CDR.WA,-0.002610992582887328,0.8200357672566798,248.3249984741211,255.75999969482422,244.17899948120117,0.19424915881421423,1.6486582747512308,-0.5026041601129156
2025-11-20,230.1999969482422,233.1999969482422,227.39999389648438,227.8000030517578,227.8000030517578,174080,CDR.WA,-0.006108175894960932,0.8150268445501168,246.66999893188478,255.2099996948242,244.2099994659424,0.18443696688154054,1.6486582747512308,-0.5056423413923679
2025-11-21,226.10000610351562,228.8000030517578,223.1999969482422,228.1999969482422,228.1999969482422,218360,CDR.WA,0.0017558994342659062,0.8164579497253739,245.06999816894532,254.67399963378907,244.2559994506836,0.18638071318132685,1.6486582747512308,-0.5047742990592936
2025-11-24,235.0,235.3000030517578,225.60000610351562,230.89999389648438,230.89999389648438,382241,CDR.WA,0.01183171334070865,0.8261180461412673,243.63999786376954,254.2459994506836,244.32749938964844,0.19711037850020172,1.6486582747512308,-0.4989149305268117
2025-11-25,233.6999969482422,234.3000030517578,229.8000030517578,231.5,231.5,254345,CDR.WA,0.002598554003360398,0.828264758497316,242.47499771118163,253.7359994506836,244.38999938964844,0.1935575875905449,1.6486582747512308,-0.49761283391350797
2025-11-26,234.89999389648438,243.5,233.1999969482422,243.0,243.0,358306,CDR.WA,0.049676025917926525,0.8694096601073338,241.66499710083008,253.4539993286133,244.48349937438965,0.2638059370456952,1.6486582747512308,-0.4726562360301617
2025-11-27,245.8000030517578,257.70001220703125,240.0,249.3000030517578,249.3000030517578,766142,CDR.WA,0.02592593848460001,0.8919499214731935,241.28999786376954,253.30599914550783,244.58349937438965,0.2818442976320398,1.6486582747512308,-0.4589843540452423
2025-11-28,249.39999389648438,256.79998779296875,247.8000030517578,256.3999938964844,256.3999938964844,305766,CDR.WA,0.028479706208637712,0.9173523931895675,241.2449981689453,253.1819989013672,244.73099937438965,0.301022805774727,1.6486582747512308,-0.4435763873941745
2025-12-01,256.79998779296875,260.70001220703125,253.6999969482422,255.8000030517578,255.8000030517578,206137,CDR.WA,-0.0023400579524537335,0.9152057354266818,241.34499816894532,253.19799896240235,244.87599937438964,0.2969021964742101,1.6486582747512308,-0.44487845089378575
2025-12-02,255.8000030517578,258.79998779296875,253.5,255.3000030517578,255.3000030517578,174597,CDR.WA,-0.0019546520486116714,0.9134168266610289,241.339998626709,253.1139990234375,245.00249938964845,0.29622843117812153,1.6486582747512308,-0.44596352036697473
2025-12-03,257.0,258.1000061035156,251.39999389648438,251.89999389648438,251.89999389648438,150449,CDR.WA,-0.013317701193227727,0.901252214298691,241.30999832153321,253.0619989013672,245.11699935913086,0.2973190005353439,1.6486582747512308,-0.4533420126528752
2025-12-04,251.89999389648438,255.1999969482422,251.10000610351562,254.60000610351562,254.60000610351562,134336,CDR.WA,0.010718587822359238,0.9109123653077472,241.52999877929688,253.0539990234375,245.24849937438964,0.29755169857071745,1.6486582747512308,-0.44748261100670084
2025-12-05,255.5,255.60000610351562,238.8000030517578,238.8000030517578,238.8000030517578,360977,CDR.WA,-0.0620581408993911,0.8543828373944814,240.96999893188476,252.75599914550781,245.31349937438964,0.37256518892475227,1.6486582747512308,-0.4817708129822107
2025-12-08,241.10000610351562,243.89999389648438,234.10000610351562,243.0,243.0,315344,CDR.WA,0.017587926694171196,0.8694096601073336,240.97499923706056,252.48999938964843,245.38749938964844,0.3650733435157255,1.6486582747512308,-0.47265623603016194
2025-12-09,243.0,253.60000610351562,239.10000610351562,252.8000030517578,252.8000030517578,320382,CDR.WA,0.04032923066566996,0.9044722828327639,241.33499908447266,252.18999969482422,245.542999420166,0.3904272713277792,1.6486582747512308,-0.45138886773291964
2025-12-10,253.89999389648438,254.0,245.10000610351562,245.39999389648438,245.39999389648438,184808,CDR.WA,-0.029272187760845725,0.8779964003452025,241.43499908447265,251.6879995727539,245.66649940490723,0.4042213141473551,1.6486582747512308,-0.46744791580433176
2025-12-11,245.39999389648438,255.0,242.6999969482422,253.0,253.0,248273,CDR.WA,0.030969870792749488,0.9051878354203926,242.21499938964843,251.3039993286133,245.8169994354248,0.4061335748537815,1.6486582747512308,-0.4509548465663825
2025-12-12,250.39999389648438,251.8000030517578,244.60000610351562,247.6999969482422,247.6999969482422,256186,CDR.WA,-0.020948628663074342,0.8862253915858388,242.76499938964844,250.84999938964845,245.96549942016603,0.41485639239386035,1.6486582747512308,-0.462456589604924
2025-12-15,247.60000610351562,251.89999389648438,245.1999969482422,247.3000030517578,247.3000030517578,220805,CDR.WA,-0.0016148320606074185,0.8847942864105817,243.58499984741212,250.32599945068358,246.09399940490724,0.4028038868631967,1.6486582747512308,-0.4633246319379982
2025-12-16,246.89999389648438,247.3000030517578,243.39999389648438,244.60000610351562,244.60000610351562,219579,CDR.WA,-0.010917900990389806,0.8751341899946883,244.325,249.7479995727539,246.21199943542481,0.4051136110716095,1.6486582747512308,-0.46918400047048014
2025-12-17,247.0,247.5,240.0,240.3000030517578,240.3000030517578,288205,CDR.WA,-0.01757973403295021,0.8597495636914404,244.88000030517577,249.06399963378905,246.3334994506836,0.41151122601903223,1.6486582747512308,-0.47851560456264375
2025-12-18,241.1999969482422,242.89999389648438,238.8000030517578,242.6999969482422,242.6999969482422,260940,CDR.WA,0.009987490079088612,0.8683363039293094,245.625,248.3459994506836,246.45099945068358,0.4109137892635202,1.6486582747512308,-0.4733072843368137
2025-12-19,243.39999389648438,247.6999969482422,242.0,242.0,242.0,584907,CDR.WA,-0.0028842066627280394,0.8658318425760279,246.31500015258788,247.6859994506836,246.5819994354248,0.4115036095312151,1.6486582747512308,-0.4748263749765397
2025-12-22,242.60000610351562,248.1999969482422,242.60000610351562,245.8000030517578,245.8000030517578,205808,CDR.WA,0.015702491949412423,0.8794275601136229,247.06000061035155,247.40399963378906,246.73349945068358,0.4128002426270658,1.6486582747512308,-0.46657984035756506
2025-12-23,245.10000610351562,247.3000030517578,240.10000610351562,240.10000610351562,240.10000610351562,209017,CDR.WA,-0.023189572324952112,0.8590340111038118,247.49000091552733,247.1059997558594,246.8709994506836,0.4235195771287673,1.6486582747512308,-0.4789496257291809
2025-12-29,241.1999969482422,242.39999389648438,238.6999969482422,241.5,241.5,115050,CDR.WA,0.005830878221139146,0.8640429338103749,247.41500091552734,246.9599996948242,247.02999946594238,0.38514062912426333,1.6486582747512308,-0.47591144444972866
2025-12-30,241.0,244.5,240.5,241.0,241.0,205596,CDR.WA,-0.0020703933747412417,0.8622540250447219,247.00000076293946,246.75999969482422,247.18649948120117,0.372740169349829,1.6486582747512308,-0.47699651392291764
2026-01-02,246.89999389648438,247.0,240.0,241.6999969482422,241.6999969482422,224702,CDR.WA,0.002904551652457288,0.8647584863980036,246.26500091552734,246.54399963378907,247.32849945068358,0.3562127741922605,1.6486582747512308,-0.47547742328319154
2026-01-05,243.0,245.5,238.10000610351562,239.39999389648438,239.39999389648438,245095,CDR.WA,-0.00951594158377389,0.8565294951573674,245.44500045776368,246.19399963378908,247.44549942016602,0.3570248281489044,1.6486582747512308,-0.4804687494825992
2026-01-07,240.6999969482422,246.10000610351562,235.39999389648438,246.10000610351562,246.10000610351562,396896,CDR.WA,0.027986684953418717,0.8805009162916475,244.98500061035156,246.05199981689452,247.5959994506836,0.37368972964257624,1.6486582747512308,-0.4659287920509131
2026-01-08,246.10000610351562,246.8000030517578,233.8000030517578,235.0,235.0,361725,CDR.WA,-0.04510364009843504,0.8407871198568868,244.14000091552734,245.58799957275392,247.68499946594238,0.4028419703573449,1.6486582747512308,-0.4900173476011851
2026-01-09,238.0,240.8000030517578,235.6999969482422,240.60000610351562,240.60000610351562,310964,CDR.WA,0.02382981320644939,0.860822919869465,243.44000091552735,245.18199981689452,247.79699951171875,0.4114285208478582,1.6486582747512308,-0.4778645562559918
2026-01-12,241.0,244.8000030517578,239.3000030517578,241.0,241.0,171143,CDR.WA,0.0016624849806208264,0.8622540250447221,243.55000076293945,244.7979995727539,247.88949951171875,0.34607240617252427,1.6486582747512308,-0.47699651392291753
2026-01-13,241.0,254.8000030517578,240.5,253.5,253.5,436848,CDR.WA,0.051867219917012486,0.9069767441860459,244.07500076293945,244.67799957275392,248.04349952697754,0.38722362382949405,1.6486582747512308,-0.4498697770931933
2026-01-14,253.5,255.1999969482422,251.0,254.1999969482422,254.1999969482422,291694,CDR.WA,0.0027613291843873178,0.9094812055393274,244.14500045776367,244.6659994506836,248.19549949645997,0.36045232414793943,1.6486582747512308,-0.4483506864534673
2026-01-15,254.0,274.70001220703125,253.1999969482422,274.6000061035156,274.6000061035156,595424,CDR.WA,0.08025180723911296,0.9824687159338656,245.60500106811523,244.97399932861327,248.41999954223633,0.44103754457689287,1.6486582747512308,-0.4040798320791419
2026-01-16,274.5,283.0,274.0,280.6000061035156,280.6000061035156,671297,CDR.WA,0.021849963097736458,1.0039356211217012,246.98500137329103,245.4499996948242,248.7659996032715,0.4353396288931263,1.6486582747512308,-0.3910589984008742
2026-01-19,277.0,280.1000061035156,275.0,276.70001220703125,276.70001220703125,285026,CDR.WA,-0.013898766256781991,0.9899821545868734,248.43500213623048,245.83800018310546,249.09749969482422,0.4303407621802468,1.6486582747512308,-0.3995225270462712
2026-01-20,276.0,276.20001220703125,265.0,270.29998779296875,270.29998779296875,278724,CDR.WA,-0.02312983061697116,0.9670840350374549,249.58500137329102,246.16799987792967,249.35699966430664,0.4419394359715896,1.6486582747512308,-0.41341146928499783
2026-01-21,271.20001220703125,273.0,263.0,265.0,265.0,332659,CDR.WA,-0.01960779886171571,0.9481216457960641,250.60500106811523,246.36,249.62299964904784,0.447089551915133,1.6486582747512308,-0.42491317920984695
2026-01-22,267.0,271.0,265.79998779296875,270.0,270.0,345518,CDR.WA,0.018867924528301883,0.9660107334525936,252.09000091552736,246.71,249.92299964904785,0.4420333715118888,1.6486582747512308,-0.41406248447795724
2026-01-23,270.0,270.0,267.20001220703125,269.6000061035156,269.6000061035156,175918,CDR.WA,-0.0014814588758680358,0.9645796282773365,253.43500137329102,247.09800018310546,250.18849967956544,0.4426061001850304,1.6486582747512308,-0.4149305268110314
2026-01-26,270.0,270.0,264.1000061035156,266.3999938964844,266.3999938964844,144897,CDR.WA,-0.011869481211371213,0.9531305685026272,254.65500106811524,247.42600006103515,250.45849967956542,0.44603492205356254,1.6486582747512308,-0.42187499793039474
2026-01-27,268.1000061035156,268.5,262.3999938964844,265.79998779296875,265.79998779296875,237194,CDR.WA,-0.0022522752149490843,0.9509838561465784,255.65500030517578,247.88399993896485,250.72399963378905,0.44497036054773803,1.6486582747512308,-0.42317709454369845
2026-01-28,266.0,286.0,265.29998779296875,285.6000061035156,285.6000061035156,535307,CDR.WA,0.07449217163233679,1.0218247087782308,257.9300003051758,248.68399993896483,251.12499969482423,0.49702595516072023,1.6486582747512308,-0.3802083036689845
2026-01-29,286.0,294.0,280.1000061035156,282.3999938964844,282.3999938964844,518549,CDR.WA,-0.011204524294972873,1.0103756490035216,259.975,249.46399993896483,251.46599967956544,0.5021949092708118,1.6486582747512308,-0.38715277478834775
2026-01-30,282.3999938964844,284.0,257.6000061035156,259.79998779296875,259.79998779296875,831187,CDR.WA,-0.0800283519545677,0.929516950958743,260.9149993896484,249.91199981689454,251.76199958801269,0.5918242775890157,1.6486582747512308,-0.4361979282219661
2026-02-02,261.0,263.79998779296875,254.3000030517578,259.70001220703125,259.70001220703125,625964,CDR.WA,-0.0003848175159160139,0.9291592565546732,261.8150001525879,250.37200012207032,251.99849967956544,0.5920510603590197,1.6486582747512308,-0.43641488913469606
2026-02-03,264.70001220703125,264.79998779296875,246.89999389648438,250.6999969482422,250.6999969482422,955386,CDR.WA,-0.034655428709084224,0.896958844179757,262.38000030517577,250.76800018310547,252.1999996948242,0.6063584687792262,1.6486582747512308,-0.45594617276578986
2026-02-04,255.0,262.70001220703125,249.8000030517578,251.89999389648438,251.89999389648438,886534,CDR.WA,0.004786585412244415,0.9012522142986914,262.66999969482424,251.21,252.36549964904785,0.599227748434619,1.6486582747512308,-0.4533420126528749
2026-02-05,252.89999389648438,255.5,248.89999389648438,249.0,249.0,574266,CDR.WA,-0.011512481011317965,0.8908765652951695,263.36999969482423,251.60600006103516,252.50399963378905,0.5757293520858919,1.6486582747512308,-0.45963540235189404
2026-02-06,245.0,247.0,240.0,240.0,240.0,726737,CDR.WA,-0.03614457831325302,0.8586762075134163,263.3399993896484,251.85,252.60149963378908,0.5869158820601911,1.6486582747512308,-0.4791666528692954
2026-02-09,246.1999969482422,251.0,242.8000030517578,248.8000030517578,248.8000030517578,536058,CDR.WA,0.03666667938232426,0.8901610127075409,263.7299995422363,252.2620001220703,252.73749961853028,0.6008087828637572,1.6486582747512308,-0.46006942351843105
2026-02-10,251.5,252.0,245.1999969482422,247.39999389648438,247.39999389648438,562839,CDR.WA,-0.005627046375004219,0.8851520354078148,263.42499923706055,252.59200012207032,252.84849960327148,0.5718202303104503,1.6486582747512308,-0.4631076379115756
2026-02-11,250.0,252.89999389648438,241.0,241.1999969482422,241.1999969482422,423264,CDR.WA,-0.025060618840743953,0.8629695776323509,262.77499923706057,252.78600006103517,252.9244995880127,0.5781404608377193,1.6486582747512308,-0.4765624927563803
2026-02-12,243.5,249.0,242.5,244.0,244.0,319974,CDR.WA,0.011608636348194645,0.87298747763864,261.24499893188477,252.80600006103515,253.01449958801268,0.4938148991657345,1.6486582747512308,-0.47048609708378364
2026-02-13,244.0,244.5,238.6999969482422,240.6999969482422,240.6999969482422,521334,CDR.WA,-0.01352460267113853,0.861180668866698,259.24999847412107,252.63399993896485,253.0944995880127,0.48375885332087265,1.6486582747512308,-0.4776475622295693
2026-02-16,244.5,244.8000030517578,241.1999969482422,242.89999389648438,242.89999389648438,130770,CDR.WA,0.00913999574630342,0.8690518565169383,257.55999755859375,252.36399993896484,253.16849952697754,0.4864313445043467,1.6486582747512308,-0.47287326317027634
2026-02-17,243.5,245.0,239.60000610351562,244.0,244.0,262963,CDR.WA,0.004528637839259941,0.87298747763864,256.2449981689453,252.12799987792968,253.21899955749512,0.48344634400198183,1.6486582747512308,-0.47048609708378364
2026-02-18,246.39999389648438,250.5,241.0,243.0,243.0,233625,CDR.WA,-0.004098360655737654,0.8694096601073342,255.1449981689453,251.88199981689453,253.2694995880127,0.48021125544929544,1.6486582747512308,-0.4726562360301615
2026-02-19,244.39999389648438,245.0,241.8000030517578,242.0,242.0,176013,CDR.WA,-0.004115226337448541,0.8658318425760283,253.7449981689453,251.68399993896483,253.19149955749512,0.47263659439413264,1.6486582747512308,-0.47482637497653946
2026-02-20,242.0,245.89999389648438,241.1999969482422,244.3000030517578,244.3000030517578,155610,CDR.WA,0.009504144841974371,0.8740608338166644,252.47999801635743,251.47799987792968,253.1604995727539,0.4753335919887274,1.6486582747512308,-0.4698350487771318
2026-02-23,245.0,245.0,240.8000030517578,242.1999969482422,242.1999969482422,231296,CDR.WA,-0.008596013414992498,0.8665473951636569,251.2699981689453,251.54599975585938,253.1554995727539,0.47480105764487013,1.6486582747512308,-0.47439235381000233
2026-02-24,242.1999969482422,243.10000610351562,239.3000030517578,240.0,240.0,256229,CDR.WA,-0.009083389661281971,0.8586762075134164,249.97999877929686,251.48599975585938,253.1304995727539,0.4750248727783933,1.6486582747512308,-0.4791666528692954
2026-02-25,240.0,250.8000030517578,240.0,249.0,249.0,431718,CDR.WA,0.03750000000000009,0.8908765652951697,248.1499984741211,251.40999969482422,253.15049957275392,0.4064677929482673,1.6486582747512308,-0.4596354023518938
2026-02-26,249.3000030517578,251.89999389648438,246.8000030517578,249.1999969482422,249.1999969482422,220960,CDR.WA,0.0008032005953502175,0.8915921178827984,246.489998626709,251.48599975585938,253.17999954223632,0.4068649714555876,1.6486582747512308,-0.4592013811853567
2026-02-27,250.8000030517578,250.8000030517578,242.3000030517578,242.6999969482422,242.6999969482422,416002,CDR.WA,-0.026083467414126926,0.8683363039293099,245.63499908447267,251.27999969482423,253.16849952697754,0.31008397683881767,1.6486582747512308,-0.47330728433681335
2026-03-02,240.0,245.1999969482422,231.6999969482422,243.89999389648438,243.89999389648438,295944,CDR.WA,0.004944363260532381,0.8726296740482445,244.84499816894532,251.20399963378907,253.18399948120117,0.311304255892027,1.6486582747512308,-0.47070312422389815
2026-03-03,243.8000030517578,243.8000030517578,233.5,235.8000030517578,235.8000030517578,523785,CDR.WA,-0.03321029539740106,0.8436493848005645,244.0999984741211,250.97399963378905,253.19299949645995,0.30938857796881664,1.6486582747512308,-0.48828122982134403
2026-03-04,236.0,247.8000030517578,236.0,247.8000030517578,247.8000030517578,407830,CDR.WA,0.05089058458309692,0.8865831951762353,243.89499893188477,251.0379995727539,253.27599952697753,0.36315008273736404,1.6486582747512308,-0.4622395624648088
2026-03-05,248.0,250.60000610351562,243.6999969482422,248.5,248.5,269125,CDR.WA,0.0028248464068660883,0.8890876565295167,243.86999893188477,251.20199951171875,253.36049949645997,0.3609816445080296,1.6486582747512308,-0.4607204718250828
2026-03-06,249.5,253.39999389648438,244.6999969482422,245.3000030517578,245.3000030517578,319927,CDR.WA,-0.01287725130077344,0.8776386513479704,244.13499908447267,251.25399963378905,253.42599952697753,0.33872141162714214,1.6486582747512308,-0.4676649098307538
2026-03-09,243.0,252.60000610351562,240.0,246.8000030517578,246.8000030517578,367155,CDR.WA,0.0061149611958362105,0.8830053776449293,244.03499908447264,251.34999969482422,253.5104995727539,0.3127883751356294,1.6486582747512308,-0.46440970141118687
2026-03-10,251.0,256.5,249.0,249.0,249.0,414938,CDR.WA,0.008914088010691046,0.8908765652951697,244.11499938964843,251.41399963378908,253.6304995727539,0.3137124077156565,1.6486582747512308,-0.4596354023518938
2026-03-11,252.0,252.10000610351562,247.39999389648438,247.39999389648438,247.39999389648438,199279,CDR.WA,-0.00642572732335589,0.8851520354078151,244.42499923706055,251.55999938964842,253.76749954223632,0.3002546788842539,1.6486582747512308,-0.4631076379115755
2026-03-12,249.0,250.89999389648438,245.60000610351562,248.0,248.0,200268,CDR.WA,0.0024252470425147887,0.8872987477638639,244.62499923706054,251.68999938964845,253.91649955749511,0.29788906637885965,1.6486582747512308,-0.4618055412982718
2026-03-13,248.39999389648438,250.89999389648438,244.39999389648438,246.89999389648438,246.89999389648438,203799,CDR.WA,-0.004435508481917871,0.8833631266421621,244.93499908447265,251.8079992675781,254.05049949645996,0.2937380339736636,1.6486582747512308,-0.4641927073847645
2026-03-16,248.0,248.6999969482422,244.6999969482422,246.3000030517578,246.3000030517578,155584,CDR.WA,-0.002430096636527712,0.8812164688792764,245.10499954223633,251.89999938964843,254.18099952697753,0.29258069398998976,1.6486582747512308,-0.46549477088437574
2026-03-17,246.0,248.39999389648438,242.60000610351562,245.39999389648438,245.39999389648438,184324,CDR.WA,-0.003654117515720534,0.8779964003452032,245.17499923706055,252.01999938964843,254.31249946594238,0.2926596588438239,1.6486582747512308,-0.4674479158043314
2026-03-18,247.5,247.8000030517578,238.60000610351562,238.60000610351562,238.60000610351562,313121,CDR.WA,-0.027709812396479294,0.8536672848068535,244.95499954223632,251.86999938964843,254.40299949645996,0.30906338983980214,1.6486582747512308,-0.4822048341487474
2026-03-19,238.5,241.6999969482422,231.0,234.60000610351562,234.60000610351562,465674,CDR.WA,-0.01676445891734224,0.8393560146816299,244.58499984741212,251.86199951171875,254.46699951171874,0.31411848007407767,1.6486582747512308,-0.4908853899342591
2026-03-20,249.89999389648438,255.8000030517578,244.0,244.5,244.5,1262633,CDR.WA,0.04219946137646757,0.8747763864042931,244.59499969482422,251.93999938964845,254.58199951171875,0.3486665838704469,1.6486582747512308,-0.46940102761059455
2026-03-23,243.8000030517578,254.0,241.0,244.0,244.0,442006,CDR.WA,-0.002044989775051076,0.8729874776386402,244.68499984741212,251.99999938964845,254.61949951171874,0.3472303324851008,1.6486582747512308,-0.4704860970837835
2026-03-24,244.0,245.0,234.3000030517578,235.3000030517578,235.3000030517578,444331,CDR.WA,-0.03565572519771387,0.8418604760349114,244.45,251.63599945068358,254.50649955749512,0.36917138503945723,1.6486582747512308,-0.4893662992945331
2026-03-25,239.89999389648438,240.5,236.39999389648438,240.3000030517578,240.3000030517578,242165,CDR.WA,0.02124946848768272,0.8597495636914408,244.0150001525879,251.3579995727539,254.4129995727539,0.3509040119301661,1.6486582747512308,-0.4785156045626435
2026-03-26,240.0,240.10000610351562,232.8000030517578,234.6999969482422,234.6999969482422,283469,CDR.WA,-0.02330422818309097,0.8397137636788626,243.29000015258788,250.55999938964842,254.24999961853027,0.35910152735355066,1.6486582747512308,-0.49066839590783684
2026-03-27,237.8000030517578,237.89999389648438,232.0,235.1999969482422,235.1999969482422,317473,CDR.WA,0.002130379235199875,0.8415026724445156,242.91500015258788,249.65199920654297,254.0859996032715,0.3486000702046107,1.6486582747512308,-0.48958332643464786
2026-03-30,235.1999969482422,235.39999389648438,231.8000030517578,231.8000030517578,231.8000030517578,244352,CDR.WA,-0.014455756550169396,0.8293381146753407,242.31000061035155,248.7539990234375,253.89749961853028,0.35075589806702206,1.6486582747512308,-0.4969617856068559
2026-03-31,234.60000610351562,238.3000030517578,232.3000030517578,236.60000610351562,236.60000610351562,204570,CDR.WA,0.020707519363949434,0.8465116497442416,242.35000076293946,248.07999938964844,253.73899971008302,0.3398029318249496,1.6486582747512308,-0.4865451120415033
2026-04-01,239.89999389648438,244.39999389648438,239.0,241.0,241.0,319225,CDR.WA,0.01859676155105139,0.8622540250447225,242.01000061035157,247.59999938964845,253.60049964904786,0.29213267860385844,1.6486582747512308,-0.4769965139229173
2026-04-02,239.1999969482422,244.0,236.6999969482422,243.8000030517578,243.8000030517578,194156,CDR.WA,0.011618269924306368,0.8722719250510117,241.77500076293944,247.07599945068358,253.46449966430663,0.2954006615862616,1.6486582747512308,-0.47092011825032054
2026-04-07,243.8000030517578,249.6999969482422,241.0,243.3000030517578,243.3000030517578,270314,CDR.WA,-0.002050861336100329,0.8704830162853587,241.67500076293945,246.54999938964843,253.356499710083,0.29200541028566007,1.6486582747512308,-0.4720051877235095
2026-04-08,249.8000030517578,256.29998779296875,248.0,252.60000610351562,252.60000610351562,472208,CDR.WA,0.03822442636706169,0.9037567302451361,241.96500091552736,246.27399963378906,253.28749977111818,0.3219910760697351,1.6486582747512308,-0.4518228888994563
2026-04-09,252.0,252.1999969482422,244.0,244.10000610351562,244.10000610351562,269994,CDR.WA,-0.03365003877520378,0.8733452812290359,241.72000122070312,245.84,253.1564998626709,0.34347188785531924,1.6486582747512308,-0.4702690699436688
2026-04-10,246.0,247.3000030517578,240.8000030517578,246.39999389648438,246.39999389648438,183084,CDR.WA,0.009422317638096978,0.881574217876509,241.6700012207031,245.05599975585938,253.03599983215332,0.344616560746227,1.6486582747512308,-0.4652777768579536
2026-04-13,246.1999969482422,246.1999969482422,240.10000610351562,245.10000610351562,245.10000610351562,234347,CDR.WA,-0.005275924615139815,0.8769230987603417,241.5250015258789,244.31,252.90449989318847,0.34498795485699996,1.6486582747512308,-0.46809893099729094
2026-04-14,246.0,261.0,245.39999389648438,260.20001220703125,260.20001220703125,543450,CDR.WA,0.06160753050792778,0.930948165320326,242.19000244140625,244.31800048828126,252.82549995422363,0.40846219147745966,1.6486582747512308,-0.4353298196615072
2026-04-15,260.20001220703125,273.5,258.29998779296875,271.0,271.0,525597,CDR.WA,0.04150648457454964,0.9695885509838994,243.42500228881835,244.54400024414062,252.80449989318848,0.43000965190741874,1.6486582747512308,-0.4118923455315794
2026-04-16,270.0,278.79998779296875,269.0,277.70001220703125,277.70001220703125,569337,CDR.WA,0.024723292276868092,0.9935599721181794,245.0400032043457,245.0840005493164,252.81499992370607,0.4340955286406402,1.6486582747512308,-0.39735238809989326
2026-04-17,277.3999938964844,291.0,265.6000061035156,288.3999938964844,288.3999938964844,733013,CDR.WA,0.038530720990664014,1.031842554191357,247.53000259399414,245.8140005493164,252.88049995422364,0.428392683565669,1.6486582747512308,-0.3741319411100802
2026-04-20,285.0,286.20001220703125,273.0,282.1000061035156,282.1000061035156,518699,CDR.WA,-0.021844618329742493,1.0093023474186602,249.90500259399414,246.4760006713867,252.88700004577638,0.4329366020411239,1.6486582747512308,-0.38780378998130727
2026-04-21,282.1000061035156,285.0,280.20001220703125,282.20001220703125,282.20001220703125,244626,CDR.WA,0.000354505853781939,1.009660151009056,251.7900032043457,247.32000091552734,252.91800010681152,0.4163226651371866,1.6486582747512308,-0.38758676284119253
2026-04-22,283.6000061035156,297.0,283.3999938964844,293.1000061035156,293.1000061035156,701753,CDR.WA,0.038625065290528005,1.0486583402630252,254.2450035095215,248.2060009765625,253.03450019836427,0.4287741037536134,1.6486582747512308,-0.3639322615711499
2026-04-23,293.0,293.0,283.0,283.70001220703125,283.70001220703125,311722,CDR.WA,-0.03207094404892141,1.015026877306015,256.66500396728514,248.93200134277345,253.1055002593994,0.4239224076604917,1.6486582747512308,-0.3843315544216255
2026-04-24,282.79998779296875,285.20001220703125,277.0,278.8999938964844,278.8999938964844,273843,CDR.WA,-0.016919344744490306,0.997853287643951,258.59500350952146,249.68600128173827,253.15050025939942,0.43174721794020193,1.6486582747512308,-0.3947482611006705
2026-04-27,278.0,280.0,275.1000061035156,279.8999938964844,279.8999938964844,169897,CDR.WA,0.003585514599800055,1.001431105175257,260.8550033569336,250.40400115966796,253.18000022888182,0.41630881495671984,1.6486582747512308,-0.39257812215429255
2026-04-28,281.1000061035156,282.6000061035156,277.3999938964844,277.5,277.5,136925,CDR.WA,-0.008574469270520857,0.9928443649373879,262.97000350952146,251.1400012207031,253.19750022888184,0.42042287098512654,1.6486582747512308,-0.3977864423801226
2026-04-29,277.5,281.0,275.29998779296875,276.20001220703125,276.20001220703125,282965,CDR.WA,-0.00468464069538288,0.9881932458212207,265.1900039672852,251.80600158691405,253.23150032043458,0.4146974218767792,1.6486582747512308,-0.40060759651946
2026-04-30,276.0,279.3999938964844,273.29998779296875,275.6000061035156,275.6000061035156,212647,CDR.WA,-0.0021723608870295452,0.9860465334651719,267.14000396728517,252.4380017089844,253.2700003814697,0.4141716856592883,1.6486582747512308,-0.4019096931327638
2026-05-04,276.0,279.5,264.20001220703125,264.20001220703125,264.20001220703125,248814,CDR.WA,-0.0413642730189292,0.9452594354455498,268.30000457763674,252.862001953125,253.24600044250488,0.4471565786174876,1.6486582747512308,-0.42664926387599533
2026-05-05,265.0,266.0,260.29998779296875,262.20001220703125,262.20001220703125,225070,CDR.WA,-0.0075700223603046846,0.9381038003829381,269.2200050354004,253.26600219726564,253.21200050354003,0.44856340104593834,1.6486582747512308,-0.43098954176875115
2026-05-06,265.0,272.0,262.29998779296875,267.1000061035156,267.1000061035156,384869,CDR.WA,0.0186880002607146,0.9556350844490717,270.4100051879883,253.7220022583008,253.21350059509277,0.45087535799745265,1.6486582747512308,-0.4203558741769762
2026-05-07,268.1000061035156,268.20001220703125,261.6000061035156,266.0,266.0,290934,CDR.WA,-0.004118330506848844,0.9516994633273701,271.0800048828125,254.19800231933593,253.21650062561037,0.43431065624635207,1.6486582747512308,-0.42274304026346887
2026-05-08,266.3999938964844,266.3999938964844,260.0,260.79998779296875,260.79998779296875,190580,CDR.WA,-0.019548918071546018,0.933094768490049,271.91500396728514,254.61400207519532,253.18500053405762,0.4212417910112228,1.6486582747512308,-0.43402778927558805
2026-05-11,261.0,262.29998779296875,257.70001220703125,260.70001220703125,260.70001220703125,162036,CDR.WA,-0.00038334198856204704,0.9327370740859792,272.6300048828125,254.84800231933593,253.1405005645752,0.4208959687788325,1.6486582747512308,-0.4342447501883181
2026-05-12,262.0,262.8999938964844,255.0,255.5,255.5,193262,CDR.WA,-0.019946344317397835,0.914132379248658,273.1500045776367,254.9740023803711,253.09200050354005,0.4279556032894183,1.6486582747512308,-0.4455294992004373
2026-05-13,259.79998779296875,259.8999938964844,254.39999389648438,256.1000061035156,256.1000061035156,152032,CDR.WA,0.0023483604834271254,0.9162790916047068,272.94500427246095,255.24200256347658,253.0930005645752,0.3665462069899938,1.6486582747512308,-0.44422740258713356
2026-05-14,260.0,267.29998779296875,258.5,259.29998779296875,259.29998779296875,342048,CDR.WA,0.012495047298670015,0.92772804219309,272.36000366210936,255.55000244140626,253.10400047302247,0.3355624258558541,1.6486582747512308,-0.4372829976951551
2026-05-15,258.0,260.20001220703125,254.8000030517578,257.79998779296875,257.79998779296875,170272,CDR.WA,-0.005784805517220604,0.9223613158961311,271.36500244140626,255.99000213623046,253.12400039672852,0.3204830931739048,1.6486582747512308,-0.44053820611472205
2026-05-18,261.0,265.79998779296875,257.8999938964844,262.8999938964844,262.8999938964844,456974,CDR.WA,0.01978280195890192,0.9406082071430565,270.0900024414062,256.292001953125,253.17200035095215,0.2936440904030151,1.6486582747512308,-0.4294704842427175
2026-05-19,266.29998779296875,267.5,258.8999938964844,260.29998779296875,260.29998779296875,274602,CDR.WA,-0.009889715343772032,0.931305859724396,269.00000152587893,256.5280017089844,253.2245002746582,0.2872509389579757,1.6486582747512308,-0.43511285874877714
2026-05-20,260.20001220703125,260.3999938964844,255.60000610351562,257.20001220703125,257.20001220703125,277032,CDR.WA,-0.01190924214872835,0.9202147127264084,267.75000152587893,256.76600189208983,253.25000030517577,0.288163059026143,1.6486582747512308,-0.44184023650064086
2026-05-21,255.0,257.6000061035156,249.3000030517578,255.0,255.0,308796,CDR.WA,-0.008553701798662328,0.912343470483005,265.8450012207031,256.9300018310547,253.25350028991699,0.23906101861257037,1.6486582747512308,-0.44661456867362626
2026-05-22,259.0,261.6000061035156,255.60000610351562,256.0,256.0,196657,CDR.WA,0.0039215686274509665,0.9159212880143109,264.4600006103516,257.0700018310547,253.27750030517578,0.22220210697004342,1.6486582747512308,-0.4444444297272483
2026-05-25,260.0,260.29998779296875,255.3000030517578,255.8000030517578,255.8000030517578,193747,CDR.WA,-0.0007812380790710449,0.9152057354266824,263.30500106811525,257.23800201416014,253.32100028991698,0.21809543497749725,1.6486582747512308,-0.4448784508937854
2026-05-26,257.3999938964844,257.70001220703125,252.0,252.0,252.0,218979,CDR.WA,-0.014855367499698291,0.9016100178890873,261.91000137329104,257.31800201416013,253.3445002746582,0.21915923133750065,1.6486582747512308,-0.45312498551276004
2026-05-27,257.5,262.79998779296875,231.8000030517578,233.0,233.0,2024887,CDR.WA,-0.07539682539682535,0.8336314847942753,259.685001373291,257.04000213623044,253.27800025939942,0.33222199400789043,1.6486582747512308,-0.4943576254939408
2026-05-28,236.0,236.8000030517578,228.10000610351562,228.1999969482422,228.1999969482422,628912,CDR.WA,-0.020600871466771697,0.8164579497253743,257.2850006103516,256.67800201416014,253.17900024414064,0.3346018011179656,1.6486582747512308,-0.5047742990592934
2026-05-29,232.5,236.89999389648438,229.10000610351562,232.60000610351562,232.60000610351562,785477,CDR.WA,0.019281372542136355,0.8322003796190182,255.13500061035157,256.4220022583008,253.09750030517577,0.3490038352386785,1.6486582747512308,-0.49522566782701505
2026-06-01,238.1999969482422,238.1999969482422,225.60000610351562,225.89999389648438,225.89999389648438,576359,CDR.WA,-0.02880486685821282,0.8082289584847382,253.21999969482422,256.16800201416015,252.94500030517577,0.3357758840619124,1.6486582747512308,-0.5097656252587011
2026-06-02,229.60000610351562,231.39999389648438,226.1999969482422,227.39999389648438,227.39999389648438,460662,CDR.WA,0.006640106421106573,0.813595684781697,251.47999877929686,256.02400177001954,252.80300025939943,0.3395496921066049,1.6486582747512308,-0.5065104168391343
2026-06-03,227.6999969482422,228.8000030517578,223.1999969482422,227.5,227.5,450024,CDR.WA,0.00043978059014881943,0.8139534883720928,249.4999984741211,255.68400177001953,252.67800025939943,0.3272885759422217,1.6486582747512308,-0.5062933896990195
2026-06-05,228.0,230.60000610351562,227.0,227.8000030517578,227.8000030517578,331386,CDR.WA,0.00131869473300128,0.8150268445501171,247.589998626709,255.3600018310547,252.5420002746582,0.3286622133557776,1.6486582747512308,-0.5056423413923676
