Date,Open,High,Low,Close,Adj Close,Volume,Symbol,Return,Cumulative_Return,MA20,MA50,MA200,Volatility_20,Running_Max,Drawdown
2020-01-01,95.58000183105469,95.58000183105469,95.58000183105469,95.58000183105469,89.44840240478516,0,KGH.WA,,,,,,,,
2020-01-02,96.55999755859375,98.19999694824219,96.55999755859375,97.9000015258789,91.61957550048828,232235,KGH.WA,0.02427285677316693,1.024272856773167,,,,,1.024272856773167,0.0
2020-01-03,96.19999694824219,97.0,95.23999786376953,96.12000274658203,89.95376586914062,317912,KGH.WA,-0.018181805429557163,1.0056497269845406,,,,,1.024272856773167,-0.018181805429557163
2020-01-06,96.12000274658203,96.12000274658203,96.12000274658203,96.12000274658203,89.95376586914062,0,KGH.WA,0.0,1.0056497269845406,,,,,1.024272856773167,-0.018181805429557163
2020-01-07,96.0,97.19999694824219,95.0,95.95999908447266,89.80402374267578,314584,KGH.WA,-0.0016646239860315104,1.0039756983274561,,,,,1.024272856773167,-0.019816163546161114
2020-01-08,95.94000244140625,96.45999908447266,94.95999908447266,94.95999908447266,88.86817169189453,251166,KGH.WA,-0.01042100885307129,0.9935132586869173,,,,,1.024272856773167,-0.030030667983483972
2020-01-09,96.05999755859375,97.36000061035156,96.05999755859375,96.9000015258789,90.68372344970703,520817,KGH.WA,0.02042968049821159,1.013810417132628,,,,,1.024272856773167,-0.010214504437322858
2020-01-10,97.0,99.30000305175781,97.0,99.0,92.64899444580078,692210,KGH.WA,0.021671810537177816,1.0357815244133437,,,,,1.0357815244133437,0.0
2020-01-13,99.0,100.19999694824219,99.0,100.0,93.58485412597656,620592,KGH.WA,0.010101010101010166,1.0462439640538825,,,,,1.0462439640538825,0.0
2020-01-14,100.0999984741211,101.5,99.5,99.80000305175781,93.3976821899414,463394,KGH.WA,-0.0019999694824218706,1.0441515080546067,,,,,1.0462439640538825,-0.0019999694824218706
2020-01-15,99.5,99.5,97.5199966430664,98.76000213623047,92.42440795898438,722368,KGH.WA,-0.010420850538330972,1.0332705612497968,,,,,1.0462439640538825,-0.012399978637695264
2020-01-16,98.80000305175781,99.9800033569336,98.63999938964844,99.5,93.11692810058594,397573,KGH.WA,0.007492890317567724,1.0410127442336132,,,,,1.0462439640538825,-0.004999999999999893
2020-01-17,100.0,101.0,99.73999786376953,101.0,94.52070617675781,321884,KGH.WA,0.015075376884422065,1.0567064036944214,,,,,1.0567064036944214,0.0
2020-01-20,101.1500015258789,101.55000305175781,100.05000305175781,100.4000015258789,93.95919036865234,220439,KGH.WA,-0.0059405789516939755,1.0504289558745141,,,,,1.0567064036944214,-0.0059405789516938645
2020-01-21,99.66000366210938,99.66000366210938,97.19999694824219,97.76000213623047,91.48855590820312,718678,KGH.WA,-0.026294814238304154,1.022808121609258,,,,,1.0567064036944214,-0.03207918676999533
2020-01-22,97.5999984741211,98.37999725341797,96.62000274658203,97.0,90.77730560302734,506524,KGH.WA,-0.0077741624347694716,1.014856645132266,,,,,1.0567064036944214,-0.03960396039603964
2020-01-23,96.30000305175781,98.18000030517578,96.0999984741211,96.36000061035156,90.17835998535156,663144,KGH.WA,-0.006597931852045713,1.0081606901480875,,,,,1.0567064036944214,-0.04594058801632128
2020-01-24,97.0199966430664,98.68000030517578,97.0199966430664,97.36000061035156,91.11420440673828,812671,KGH.WA,0.010377750038043976,1.0186231297886263,,,,,1.0567064036944214,-0.03603959791731137
2020-01-27,96.36000061035156,96.4000015258789,92.95999908447266,93.16000366210938,87.18366241455078,1043861,KGH.WA,-0.04313883444856548,0.9746809152271951,,,,,1.0567064036944214,-0.07762372611772905
2020-01-28,93.5999984741211,94.9000015258789,91.77999877929688,93.69999694824219,87.68900299072266,711148,KGH.WA,0.005796406879623683,0.980330562389656,97.36700096130372,,,,1.0567064036944214,-0.07227725793819617
2020-01-29,94.23999786376953,95.55999755859375,93.31999969482422,94.0999984741211,88.06333923339844,516676,KGH.WA,0.004268959860264099,0.9845155542102876,97.29300079345703,,,0.2641032138873949,1.0567064036944214,-0.06831684679088024
2020-01-30,91.66000366210938,93.95999908447266,91.19999694824219,92.5,86.56599426269531,539240,KGH.WA,-0.01700317215797953,0.9677756667498414,97.02300071716309,,,0.25284789110254124,1.0567064036944214,-0.08415841584158412
2020-01-31,93.0,93.68000030517578,90.72000122070312,91.19999694824219,85.34938049316406,1084180,KGH.WA,-0.014054087046030395,0.954174463288309,96.7770004272461,,,0.24990560088993613,1.0567064036944214,-0.09702973318572083
2020-02-03,91.80000305175781,92.68000030517578,91.5199966430664,92.5999984741211,86.6595687866211,484464,KGH.WA,0.015350894437786478,0.9688218947494794,96.60100021362305,,,0.2577633859576245,1.0567064036944214,-0.08316833193939499
2020-02-04,93.66000366210938,96.5999984741211,93.5999984741211,96.44000244140625,90.25323486328125,708829,KGH.WA,0.041468726031980596,1.0089977044766298,96.62500038146973,,,0.29994532210993397,1.0567064036944214,-0.04514849067914606
2020-02-05,97.0,98.69999694824219,96.0999984741211,98.08000183105469,91.78802490234375,576786,KGH.WA,0.01700538519422845,1.0261560991013472,96.78100051879883,,,0.3025861447177378,1.0567064036944214,-0.028910872959854506
2020-02-06,98.5999984741211,99.26000213623047,96.80000305175781,97.69999694824219,91.43240356445312,281070,KGH.WA,-0.0038744379661316275,1.0221803209518114,96.821000289917,,,0.2949314497642597,1.0567064036944214,-0.03267329754215642
2020-02-07,96.5999984741211,96.80000305175781,94.19999694824219,94.73999786376953,88.66229248046875,598844,KGH.WA,-0.03029681859704414,0.9912115091944661,96.60800018310547,,,0.30320267227326236,1.0567064036944214,-0.061980219170598594
2020-02-10,94.86000061035156,95.5,91.33999633789062,92.16000366210938,86.247802734375,648278,KGH.WA,-0.027232364997200387,0.9642184755866565,96.21600036621093,,,0.31222904086208453,1.0567064036944214,-0.08752471621673874
2020-02-11,93.22000122070312,94.19999694824219,92.26000213623047,94.19999694824219,88.15693664550781,879394,KGH.WA,0.02213534293696573,0.9855617822099255,95.93600006103516,,,0.3256323246369038,1.0567064036944214,-0.0673267628886911
2020-02-12,94.0,96.86000061035156,94.0,96.80000305175781,90.59014129638672,324742,KGH.WA,0.02760091494423489,1.0127641891329902,95.83800010681152,,,0.34124368572176833,1.0567064036944214,-0.04158412820041779
2020-02-13,95.44000244140625,95.87999725341797,94.0199966430664,94.68000030517578,88.60613250732422,328438,KGH.WA,-0.02190085412960674,0.9905837883590991,95.59700012207031,,,0.347680558995246,1.0567064036944214,-0.06257425440420028
2020-02-14,95.0,95.0,93.41999816894531,93.9000015258789,87.87618255615234,247669,KGH.WA,-0.008238263379623523,0.9824230982110116,95.24200019836425,,,0.3420743712787778,1.0567064036944214,-0.07029701459525839
2020-02-17,94.9000015258789,95.94000244140625,94.5,95.55999755859375,89.42967987060547,113873,KGH.WA,0.017678338719274045,0.9997907065068244,95.0,,,0.34994686390482727,1.0567064036944214,-0.05386141031095315
2020-02-18,94.37999725341797,94.72000122070312,93.0999984741211,93.4000015258789,87.40825653076172,282074,KGH.WA,-0.022603558893881437,0.9771918783907421,94.78199996948243,,,0.3468123028764856,1.0567064036944214,-0.07524750964476346
2020-02-19,94.0199966430664,94.72000122070312,93.58000183105469,93.72000122070312,87.70772552490234,259904,KGH.WA,0.0034261208736228177,0.9805398558828313,94.61800003051758,,,0.3466398819217726,1.0567064036944214,-0.07207919583462263
2020-02-20,93.81999969482422,94.73999786376953,90.5999984741211,92.26000213623047,86.34139251708984,616764,KGH.WA,-0.015578308423561338,0.9652647035862942,94.41300010681152,,,0.34984536534528266,1.0567064036944214,-0.08653463231454994
2020-02-21,90.5,91.69999694824219,89.81999969482422,90.87999725341797,85.04991912841797,379179,KGH.WA,-0.014957780737689497,0.9508264857962196,94.08899993896485,,,0.3495725074989187,1.0567064036944214,-0.10019804699586177
2020-02-24,89.08000183105469,89.08000183105469,84.41999816894531,84.91999816894531,79.47225952148438,857637,KGH.WA,-0.06558097782346162,0.8884703551172578,93.67699966430663,,,0.3902799268565208,1.0567064036944214,-0.15920793892133367
2020-02-25,84.91999816894531,87.94000244140625,84.0,84.0199966430664,78.62999725341797,915515,KGH.WA,-0.010598228277023614,0.8790541434763569,93.19299964904785,,,0.38897488655335605,1.0567064036944214,-0.16811884511815445
2020-02-26,83.30000305175781,83.9000015258789,80.0,82.08000183105469,76.81444549560547,1188996,KGH.WA,-0.023089679713428235,0.8587570648527258,92.59199981689453,,,0.3922977331090989,1.0567064036944214,-0.18732671454401306
2020-02-27,81.5199966430664,81.5199966430664,75.19999694824219,76.58000183105469,71.66728210449219,754212,KGH.WA,-0.0670077957761338,0.8012136468297623,91.79599990844727,,,0.4464441879337642,1.0567064036944214,-0.24178216008856757
2020-02-28,73.80000305175781,75.0,70.0,70.54000091552734,66.01476287841797,1779132,KGH.WA,-0.0788717781549857,0.7380205018222582,90.76300010681152,,,0.5107927270643339,1.0567064036944214,-0.3015841493512146
2020-03-02,74.0,75.5199966430664,70.69999694824219,73.0,68.31694030761719,1182780,KGH.WA,0.034873817019346776,0.7637580937593341,89.78300018310547,,,0.5291593474814493,1.0567064036944214,-0.27722772277227736
2020-03-03,75.0,78.9800033569336,74.37999725341797,77.81999969482422,72.82772827148438,1200095,KGH.WA,0.06602739307978389,0.8141870496338481,88.85200004577636,,,0.5674271866130153,1.0567064036944214,-0.22950495351659195
2020-03-04,77.26000213623047,78.80000305175781,75.5999984741211,75.5999984741211,70.7501449584961,584674,KGH.WA,-0.028527386653932063,0.7909604208603191,87.72799987792969,,,0.5616167389734678,1.0567064036944214,-0.25148516362256357
2020-03-05,77.13999938964844,77.33999633789062,73.0199966430664,73.12000274658203,68.42925262451172,619956,KGH.WA,-0.032804176952305086,0.7650136152521475,86.49900016784667,,,0.5652161162993167,1.0567064036944214,-0.2760395767665147
2020-03-06,71.72000122070312,71.81999969482422,69.05999755859375,69.95999908447266,65.47196197509766,950443,KGH.WA,-0.043216678657155616,0.7319522676734466,85.26000022888184,,,0.572043698089717,1.0567064036944214,-0.30732674173789454
2020-03-09,62.97999954223633,65.69999694824219,60.939998626708984,62.20000076293945,58.20977783203125,1347285,KGH.WA,-0.11092050347461346,0.6507637536237229,83.76200008392334,,,0.6662702229846641,1.0567064036944214,-0.3841584082877283
2020-03-10,63.63999938964844,66.68000030517578,62.0,62.20000076293945,58.20977783203125,1151935,KGH.WA,0.0,0.6507637536237229,82.1620002746582,90.68600036621093,,0.6528143824723186,1.0567064036944214,-0.3841584082877283
2020-03-11,62.70000076293945,63.779998779296875,58.540000915527344,58.79999923706055,55.02789306640625,1128981,KGH.WA,-0.05466240328255312,0.6151914428814749,80.26200008392334,89.95040031433105,,0.6388936447563062,1.0567064036944214,-0.41782178973207384
2020-03-12,55.099998474121094,55.5,49.400001525878906,49.400001525878906,46.230918884277344,1341538,KGH.WA,-0.15986390872700895,0.5168445342070338,77.9980001449585,88.98040031433105,,0.8005995738958055,1.0567064036944214,-0.5108910740011992
2020-03-13,52.79999923706055,56.900001525878906,50.2400016784668,52.47999954223633,49.11332702636719,1989523,KGH.WA,0.06234813605711986,0.5490688275461527,75.92700004577637,88.10760025024415,,0.8636226000545698,1.0567064036944214,-0.480396044136274
2020-03-16,52.5,52.779998779296875,48.0099983215332,51.540000915527344,48.23363494873047,1934204,KGH.WA,-0.01791155935419675,0.5392341486520206,73.72600021362305,87.21600021362305,,0.848197360096804,1.0567064036944214,-0.48970296123240264
2020-03-17,53.0,56.81999969482422,52.880001068115234,55.0,51.4716682434082,1876124,KGH.WA,0.0671323054522932,0.5754341802296353,71.80600013732911,86.3968002319336,,0.914368201885592,1.0567064036944214,-0.4554455445544555
2020-03-18,52.0,55.099998474121094,50.099998474121094,52.65999984741211,49.28178405761719,2053467,KGH.WA,-0.04254545731977988,0.5509520698743329,69.75300006866455,85.55080024719238,,0.9103056557682243,1.0567064036944214,-0.4786138628969099
2020-03-19,53.0,58.0,52.97999954223633,56.459999084472656,52.83800506591797,1080645,KGH.WA,0.07216101876322534,0.5907093325261724,67.96299991607665,84.74200019836425,,0.9755728770484727,1.0567064036944214,-0.4409901080745282
2020-03-20,59.5,61.900001525878906,57.65999984741211,57.91999816894531,54.204349517822266,2049824,KGH.WA,0.025858999435835583,0.6059844848227095,66.31499996185303,83.92040016174316,,0.990349855519301,1.0567064036944214,-0.426534671594601
2020-03-23,56.41999816894531,57.400001525878906,54.0,54.63999938964844,51.134761810302734,1181462,KGH.WA,-0.05662981496873554,0.5716676955732749,64.80100002288819,83.01320014953613,,0.985426326819382,1.0567064036944214,-0.4590099070331839
2020-03-24,58.0,58.70000076293945,56.5,58.439998626708984,54.69098663330078,1145335,KGH.WA,0.06954610687240348,0.6114249582251144,63.52200012207031,82.18600006103516,,1.0352765668303596,1.0567064036944214,-0.42138615221080233
2020-03-25,61.0,61.0,56.599998474121094,58.959999084472656,55.17762756347656,1250882,KGH.WA,0.008898023100329278,0.6168654316275194,62.36599998474121,81.39,,1.0385537458816514,1.0567064036944214,-0.41623763282700355
2020-03-26,57.02000045776367,59.5,56.63999938964844,59.36000061035156,55.551971435546875,835103,KGH.WA,0.006784286500849834,0.6210504234481509,61.50499992370605,80.58720001220703,,1.0217845628181579,1.0567064036944214,-0.4122772216796877
2020-03-27,59.86000061035156,59.939998626708984,57.560001373291016,58.099998474121094,54.37279510498047,695695,KGH.WA,-0.021226450863795043,0.6078677271508895,60.88299980163574,79.72919998168945,,0.9907282232701327,1.0567064036944214,-0.424752490355237
2020-03-30,58.880001068115234,58.97999954223633,56.720001220703125,57.400001525878906,53.717708587646484,584804,KGH.WA,-0.012048140561552345,0.6005440513313443,60.10299987792969,78.86919998168945,,0.9778808899171733,1.0567064036944214,-0.43168315320912
2020-03-31,58.70000076293945,60.099998474121094,58.400001525878906,59.81999969482422,55.98245620727539,1003025,KGH.WA,0.04216024572498056,0.6258631361041491,59.202999877929685,78.11039993286133,,0.9566840339663601,1.0567064036944214,-0.4077227752987703
2020-04-01,59.0,59.880001068115234,58.08000183105469,58.720001220703125,54.953025817871094,636516,KGH.WA,-0.018388473415794193,0.6143544684639723,58.359000015258786,77.34479995727538,,0.9549341108434157,1.0567064036944214,-0.41861384929996925
2020-04-02,58.900001525878906,59.400001525878906,57.220001220703125,58.959999084472656,55.17762756347656,784258,KGH.WA,0.004087156995577823,0.6168654316275194,57.65099983215332,76.59679992675781,,0.952618198646263,1.0567064036944214,-0.41623763282700355
2020-04-03,58.959999084472656,59.34000015258789,57.29999923706055,59.2400016784668,55.439666748046875,1320204,KGH.WA,0.00474902643049524,0.6197949418663773,57.11499996185303,75.83439994812012,,0.944899586183262,1.0567064036944214,-0.4134653299161706
2020-04-06,60.599998474121094,65.37999725341797,60.599998474121094,65.0,60.83015441894531,1319789,KGH.WA,0.09723156918185749,0.6800585766350233,57.25499992370605,75.27119987487794,,0.9286175544467391,1.0567064036944214,-0.35643564356435675
2020-04-07,67.81999969482422,71.58000183105469,67.5999984741211,69.0,64.57354736328125,1839137,KGH.WA,0.06153846153846154,0.7219083351971787,57.59499988555908,74.77719993591309,,0.950634675796571,1.0567064036944214,-0.3168316831683171
2020-04-08,69.16000366210938,69.80000305175781,67.27999877929688,67.5,63.16977310180664,996446,KGH.WA,-0.021739130434782594,0.7062146757363704,58.02999992370606,74.24519996643066,,0.929271883241739,1.0567064036944214,-0.331683168316832
2020-04-09,69.0,69.5,67.19999694824219,69.33999633789062,64.89173126220703,867360,KGH.WA,0.027259205005786935,0.7254655263603635,59.02699966430664,73.78199989318847,,0.6844695482375174,1.0567064036944214,-0.3134653827931624
2020-04-10,69.33999633789062,69.33999633789062,69.33999633789062,69.33999633789062,64.89173126220703,0,KGH.WA,0.0,0.7254655263603635,59.86999950408936,73.34479988098144,,0.6663871176289501,1.0567064036944214,-0.3134653827931624
2020-04-13,69.33999633789062,69.33999633789062,69.33999633789062,69.33999633789062,64.89173126220703,0,KGH.WA,0.0,0.7254655263603635,60.75999927520752,72.87959983825684,,0.6576854959151807,1.0567064036944214,-0.3134653827931624
2020-04-14,72.80000305175781,75.9000015258789,71.95999908447266,74.95999908447266,70.15120697021484,1376863,KGH.WA,0.08104994293907963,0.7842644658761404,61.75799922943115,72.44999977111816,,0.673768138241774,1.0567064036944214,-0.2578217912428453
2020-04-15,76.0,76.0,69.5199966430664,70.26000213623047,65.75271606445312,1192745,KGH.WA,-0.0627000667775589,0.7350910314944399,62.63799934387207,71.89359977722168,,0.700439540570927,1.0567064036944214,-0.30435641449276796
2020-04-16,71.0,71.45999908447266,69.5199966430664,70.62000274658203,66.0896224975586,660305,KGH.WA,0.005123834321176579,0.7388575161508002,63.345999526977536,71.35199989318848,,0.6680996393792141,1.0567064036944214,-0.3007920520140397
2020-04-17,73.12000274658203,73.80000305175781,72.30000305175781,72.44000244140625,67.79286193847656,701791,KGH.WA,0.025771730728406217,0.7578991531036977,64.07199974060059,70.90599998474121,,0.66807583523137,1.0567064036944214,-0.282772253055384
2020-04-20,72.95999908447266,73.13999938964844,71.0999984741211,72.81999969482422,68.14849090576172,526120,KGH.WA,0.005245682504295024,0.7618748514311537,64.98099975585937,70.51919990539551,,0.617900360959039,1.0567064036944214,-0.2790099040116417
2020-04-21,71.5,71.9000015258789,69.0999984741211,69.76000213623047,65.28479766845703,710567,KGH.WA,-0.042021389335589965,0.7298598116741705,65.54699993133545,70.03040000915527,,0.6145760914318824,1.0567064036944214,-0.3093069095422729
2020-04-22,69.4000015258789,72.5,67.9000015258789,72.0,67.38109588623047,617107,KGH.WA,0.03211006013725681,0.7532956541187951,66.19899997711181,69.53439994812011,,0.6197316502764961,1.0567064036944214,-0.2871287128712875
2020-04-23,72.5,73.80000305175781,71.58000183105469,73.80000305175781,69.06562805175781,550731,KGH.WA,0.025000042385525223,0.7721280774005969,66.92100009918212,69.11680000305176,,0.6215563145004037,1.0567064036944214,-0.2693069004776458
2020-04-24,72.9000015258789,74.0999984741211,72.30000305175781,72.80000305175781,68.1297836303711,416431,KGH.WA,-0.01355013494103352,0.761665637760058,67.65600032806397,68.69480003356934,,0.6167480852537817,1.0567064036944214,-0.2792078905766556
2020-04-27,74.0,74.22000122070312,71.81999969482422,72.5,67.84901428222656,518691,KGH.WA,-0.004120920867881295,0.7585268739390645,68.41100025177002,68.23360008239746,,0.6132731081376125,1.0567064036944214,-0.28217821782178254
2020-04-28,72.5,73.9800033569336,71.05999755859375,73.54000091552734,68.82230377197266,583511,KGH.WA,0.014344840214170151,0.7694078207438744,69.09700031280518,67.83640007019044,,0.6032610911589842,1.0567064036944214,-0.2718811790541851
2020-04-29,74.0,78.45999908447266,73.63999938964844,77.69999694824219,72.7154312133789,779039,KGH.WA,0.0565677995774474,0.8129315281410344,70.04600009918212,67.51599998474121,,0.6133386124275217,1.0567064036944214,-0.23069309952235495
2020-04-30,77.9000015258789,79.30000305175781,75.80000305175781,76.9800033569336,72.04161834716797,759522,KGH.WA,-0.0092663271504142,0.8053986386503934,70.94700031280517,67.21040000915528,,0.6182433120498413,1.0567064036944214,-0.23782174894125196
2020-05-01,76.9800033569336,76.9800033569336,76.9800033569336,76.9800033569336,72.04161834716797,0,KGH.WA,0.0,0.8053986386503934,71.83400039672851,66.93240013122559,,0.6194277099888165,1.0567064036944214,-0.23782174894125196
2020-05-04,75.0,75.30000305175781,73.12000274658203,74.0,69.25279235839844,545829,KGH.WA,-0.03871139551808278,0.7742205333998726,72.28400039672852,66.71400016784668,,0.5621546113964192,1.0567064036944214,-0.2673267326732678
2020-05-05,75.0,76.22000122070312,74.26000213623047,74.86000061035156,70.05762481689453,333140,KGH.WA,0.01162162986961568,0.7832182378765024,72.57700042724609,66.53080024719239,,0.5247133863684986,1.0567064036944214,-0.25881187514503445
2020-05-06,75.0,75.0999984741211,73.4000015258789,74.0,69.25279235839844,518069,KGH.WA,-0.011488119200370961,0.7742205333998726,72.9020004272461,66.3692002105713,,0.5191206098278832,1.0567064036944214,-0.2673267326732678
2020-05-07,74.13999938964844,75.9000015258789,73.0999984741211,75.18000030517578,70.35709381103516,419259,KGH.WA,0.015945950069943038,0.7865662153685916,73.19400062561036,66.3412001800537,,0.5142494248418159,1.0567064036944214,-0.25564356133489374
2020-05-08,76.05999755859375,77.30000305175781,76.0199966430664,77.0,72.06033325195312,346591,KGH.WA,0.024208561950470164,0.805607852321489,73.57700080871582,66.47040016174316,,0.5185724428729278,1.0567064036944214,-0.23762376237623817
2020-05-11,77.37999725341797,77.9000015258789,74.62000274658203,75.33999633789062,70.50682067871094,424455,KGH.WA,-0.021558489118303603,0.7882401642035962,73.87700080871582,66.51720008850097,,0.527319129445251,1.0567064036944214,-0.25405944219910326
2020-05-12,74.62000274658203,76.62000274658203,74.44000244140625,75.63999938964844,70.78758239746094,310463,KGH.WA,0.003981989200163127,0.7913789280245898,73.9110008239746,66.47360008239747,,0.4435930161469458,1.0567064036944214,-0.25108911495397646
2020-05-13,75.0,75.5199966430664,73.80000305175781,73.80000305175781,69.06562805175781,396288,KGH.WA,-0.024325705350844218,0.7721280774005966,74.08800086975097,66.4376001739502,,0.388155962447757,1.0567064036944214,-0.26930690047764594
2020-05-14,73.4000015258789,74.30000305175781,71.05999755859375,72.0,67.38109588623047,704586,KGH.WA,-0.02439028424559042,0.7532956541187948,74.15700073242188,66.41520011901855,,0.39972179207718067,1.0567064036944214,-0.2871287128712877
2020-05-15,73.0,74.80000305175781,72.68000030517578,72.76000213623047,68.09234619140625,571077,KGH.WA,0.010555585225423103,0.7612471305957866,74.17300071716309,66.47120018005371,,0.3909021814140186,1.0567064036944214,-0.2796039392452435
2020-05-18,74.5,81.30000305175781,74.5,81.12000274658203,75.9160385131836,2216140,KGH.WA,0.11489830078205476,0.8487131323764574,74.58800086975097,66.84960021972657,,0.5639902846861482,1.0567064036944214,-0.19683165597443608
2020-05-19,81.77999877929688,83.9800033569336,80.33999633789062,82.9000015258789,77.58184814453125,908110,KGH.WA,0.021942784997894593,0.8673362621650836,75.2450008392334,67.26360023498535,,0.5368185516019753,1.0567064036944214,-0.17920790568436817
2020-05-20,82.9000015258789,83.5199966430664,81.27999877929688,83.0999984741211,77.76901245117188,586895,KGH.WA,0.002412508378299094,0.8694287181643595,75.80000076293945,67.74960021972656,,0.5303109161599516,1.0567064036944214,-0.17722773787999002
2020-05-21,83.0999984741211,83.30000305175781,80.9000015258789,81.0999984741211,75.8973159790039,471302,KGH.WA,-0.02406738913025175,0.8485038388832818,76.16500053405761,68.38360015869141,,0.5376362127473883,1.0567064036944214,-0.19702971807800984
2020-05-22,79.0,80.33999633789062,78.08000183105469,79.91999816894531,74.79300689697266,425546,KGH.WA,-0.014549942384429526,0.8361581569145629,76.521000289917,68.93240013122559,,0.5381114162189021,1.0567064036944214,-0.20871288941638388
2020-05-25,80.80000305175781,81.26000213623047,80.13999938964844,80.44000244140625,75.27965545654297,181932,KGH.WA,0.006506560114799775,0.8415986702280076,76.91800041198731,69.51040016174316,,0.5369909884761644,1.0567064036944214,-0.2035643322633054
2020-05-26,82.0999984741211,85.33999633789062,81.55999755859375,85.19999694824219,79.73429107666016,851848,KGH.WA,0.05917446994489084,0.8913998254450749,77.50100021362304,70.11440010070801,,0.5691434242922263,1.0567064036944214,-0.1564356737797814
2020-05-27,85.19999694824219,88.86000061035156,84.18000030517578,85.31999969482422,79.84659576416016,1262369,KGH.WA,0.0014084829915537167,0.8926553469378883,77.88200035095215,70.76760009765626,,0.5395902508616632,1.0567064036944214,-0.15524752777401873
2020-05-28,86.5,86.86000061035156,84.31999969482422,85.37999725341797,79.90274047851562,930194,KGH.WA,0.000703206268264811,0.8932830677732551,78.30200004577637,71.34600006103516,,0.5371967280671409,1.0567064036944214,-0.15465349254041727
2020-05-29,85.0,87.0,85.0,86.27999877929688,80.7450180053711,1211028,KGH.WA,0.01054112854100464,0.902699279414156,78.76699981689453,71.9132000732422,,0.5370128519970251,1.0567064036944214,-0.14574258634359638
2020-06-01,88.30000305175781,88.86000061035156,86.5,87.41999816894531,81.81188201904297,482699,KGH.WA,0.013212788662231523,0.9146264542186039,79.4379997253418,72.56880004882812,,0.5103323586826676,1.0567064036944214,-0.13445546367380978
2020-06-02,87.5999984741211,88.80000305175781,86.9000015258789,88.0999984741211,82.44824981689453,676385,KGH.WA,0.007778544033616219,0.9217409163670536,80.09999961853028,73.16200004577637,,0.5102365195156667,1.0567064036944214,-0.12772278738494058
2020-06-03,88.30000305175781,89.81999969482422,87.68000030517578,87.86000061035156,82.22364807128906,770393,KGH.WA,-0.0027241528708996654,0.9192299532035065,80.79299964904786,73.74000007629394,,0.5065853521723577,1.0567064036944214,-0.1300990038579063
2020-06-04,87.80000305175781,89.12000274658203,87.08000183105469,88.19999694824219,82.54183959960938,618894,KGH.WA,0.0038697511441920796,0.9227871443666914,81.44399948120117,74.31680000305175,,0.5062288965889208,1.0567064036944214,-0.12673270348275167
2020-06-05,89.0,92.30000305175781,88.77999877929688,91.5199966430664,85.64885711669922,1026007,KGH.WA,0.037641721198385936,0.9575224407803972,82.1699993133545,74.98519996643067,,0.5139516862352834,1.0567064036944214,-0.09386141937558112
2020-06-08,91.5199966430664,91.69999694824219,89.62000274658203,90.80000305175781,84.97505187988281,598281,KGH.WA,-0.00786706313065777,0.9499895512897563,82.94299964904785,75.65319999694825,,0.5053268757276658,1.0567064036944214,-0.10099006879447803
2020-06-09,90.80000305175781,91.4000015258789,87.5999984741211,88.62000274658203,82.93490600585938,709871,KGH.WA,-0.02400881312672576,0.9271814296804984,83.59199981689453,76.2292000579834,,0.5192042981235807,1.0567064036944214,-0.12257423023186198
2020-06-10,89.0,90.27999877929688,87.58000183105469,89.9000015258789,84.13278198242188,616858,KGH.WA,0.014443677946582412,0.9405733396488554,84.39699974060059,76.85280006408692,,0.5047966722229704,1.0567064036944214,-0.10990097499129892
2020-06-11,89.9000015258789,89.9000015258789,89.9000015258789,89.9000015258789,84.13278198242188,0,KGH.WA,0.0,0.9405733396488554,85.29199981689453,77.47160011291504,,0.48971750443478196,1.0567064036944214,-0.10990097499129892
2020-06-12,85.87999725341797,89.0,84.5,87.4000015258789,81.79316711425781,720754,KGH.WA,-0.027808675835009233,0.9144172405475083,86.02399978637695,78.03480010986328,,0.5093372936595454,1.0567064036944214,-0.1346534502388237
2020-06-15,85.05999755859375,85.66000366210938,83.30000305175781,84.9000015258789,79.45354461669922,787609,KGH.WA,-0.028604118493748,0.8882611414461613,86.2129997253418,78.43280014038086,,0.3440277062673928,1.0567064036944214,-0.15940592548634835
2020-06-16,87.0,89.76000213623047,86.58000183105469,87.72000122070312,82.09263610839844,786346,KGH.WA,0.033215543511676326,0.9177652180395975,86.45399971008301,78.80720016479492,,0.35464066452900345,1.0567064036944214,-0.13148513642868287
2020-06-17,88.76000213623047,89.04000091552734,85.94000244140625,86.81999969482422,81.2503662109375,602092,KGH.WA,-0.010259935172760692,0.9083490063986966,86.63999977111817,79.19360015869141,,0.35778822866541016,1.0567064036944214,-0.14039604262550376
2020-06-18,87.0,88.9800033569336,86.22000122070312,86.5,80.95089721679688,716203,KGH.WA,-0.00368578318301116,0.9050010289066074,86.90999984741211,79.5368002319336,,0.34484872010442796,1.0567064036944214,-0.14356435643564458
2020-06-19,87.5,88.54000091552734,87.0999984741211,87.9000015258789,82.2610855102539,990876,KGH.WA,0.016184988738484396,0.9196484603677776,87.30900001525879,79.90800033569336,,0.34080565349201514,1.0567064036944214,-0.12970295518931885
2020-06-22,87.87999725341797,87.95999908447266,86.31999969482422,86.91999816894531,81.34394836425781,308182,KGH.WA,-0.011149070988867638,0.9093952343983344,87.63299980163575,80.25960037231445,,0.3454910982090195,1.0567064036944214,-0.13940595872331485
2020-06-23,86.54000091552734,89.95999908447266,86.54000091552734,89.9000015258789,84.13278198242188,565992,KGH.WA,0.034284438790960436,0.9405733396488551,87.86800003051758,80.55840042114258,,0.3013465761732729,1.0567064036944214,-0.10990097499129914
2020-06-24,89.86000061035156,91.68000030517578,88.33999633789062,88.55999755859375,82.87874603271484,496999,KGH.WA,-0.014905494377543627,0.9265536290230517,88.02999992370606,80.92440032958984,,0.30788120324162455,1.0567064036944214,-0.12316834100402341
2020-06-25,88.22000122070312,90.08000183105469,87.94000244140625,89.86000061035156,84.09535217285156,426844,KGH.WA,0.014679348324255548,0.9401548324845842,88.25400009155274,81.30920028686523,,0.3110550859786829,1.0567064036944214,-0.11029702365988647
2020-06-26,90.0,90.83999633789062,88.4000015258789,88.68000030517578,82.99104309082031,550372,KGH.WA,-0.013131541254851165,0.9278091505158652,88.37400016784667,81.63400024414062,,0.31451352524001297,1.0567064036944214,-0.12198019499826052
2020-06-29,88.5999984741211,90.45999908447266,88.5999984741211,90.45999908447266,84.6568603515625,371375,KGH.WA,0.020072155764223387,0.9464322803044914,88.52600021362305,81.9868002319336,,0.3187980167571619,1.0567064036944214,-0.10435644470819261
2020-06-30,90.5,91.22000122070312,89.5999984741211,90.9000015258789,85.06864166259766,861061,KGH.WA,0.004864055337822526,0.9510357792893941,88.66600036621094,82.40960021972656,,0.31825277308120986,1.0567064036944214,-0.09999998489228912
2020-07-01,90.55999755859375,93.0,90.44000244140625,92.95999908447266,86.99647521972656,744389,KGH.WA,0.022662238988051975,0.9725883794058386,88.92100028991699,82.82880020141602,,0.3261724532289636,1.0567064036944214,-0.07960396946066772
2020-07-02,92.9800033569336,96.5,92.73999786376953,95.37999725341797,89.26123809814453,1084230,KGH.WA,0.026032682796675477,0.9979074641786435,89.28000030517578,83.26040008544922,,0.33626513160992094,1.0567064036944214,-0.05564359155031806
2020-07-03,95.37999725341797,96.0,93.72000122070312,94.26000213623047,88.21308135986328,377560,KGH.WA,-0.011742452814417215,0.986189582867371,89.41700057983398,83.68960006713867,,0.31608122155407525,1.0567064036944214,-0.06673265211653101
2020-07-06,96.0999984741211,97.9000015258789,95.77999877929688,97.0,90.77730560302734,580056,KGH.WA,0.029068510520607882,1.0148566451322651,89.7270004272461,84.17960006713867,,0.32826621470719236,1.0567064036944214,-0.03960396039604053
2020-07-07,96.72000122070312,97.18000030517578,95.5,97.0,90.77730560302734,413000,KGH.WA,0.0,1.0148566451322651,90.146000289917,84.64880004882812,,0.312242671250193,1.0567064036944214,-0.03960396039604053
2020-07-08,96.4000015258789,97.5999984741211,96.26000213623047,97.19999694824219,90.96446990966797,383054,KGH.WA,0.0020618242086822836,1.016949101131541,90.51100006103516,85.03880004882812,,0.31021050248310195,1.0567064036944214,-0.037623792591662375
2020-07-09,97.69999694824219,102.3499984741211,97.69999694824219,101.4000015258789,94.8950424194336,1490117,KGH.WA,0.043209924994886295,1.0608913955150518,91.08600006103515,85.52720001220703,,0.33921351479042816,1.0608913955150518,0.0
2020-07-10,100.30000305175781,102.0,99.0,102.0,95.45654296875,517415,KGH.WA,0.005917144626156334,1.0671688433349593,91.81599998474121,86.02759994506836,,0.31452445123229905,1.0671688433349593,0.0
2020-07-13,104.0,108.5999984741211,103.4000015258789,107.75,100.8376693725586,1245530,KGH.WA,0.056372549019607865,1.1273278712680574,92.95849990844727,86.70259994506836,,0.3279310679152017,1.1273278712680574,0.0
2020-07-14,106.0,106.55000305175781,103.80000305175781,105.55000305175781,98.77881622314453,845888,KGH.WA,-0.020417605088094537,1.104310535987704,93.85,87.31639999389648,,0.3374412038669706,1.1273278712680574,-0.020417605088094648
2020-07-15,106.0,107.75,105.0,107.0999984741211,100.2293701171875,682497,KGH.WA,0.0146849396262283,1.1205272695372912,94.86399993896484,87.9783999633789,,0.32958748380891156,1.1273278712680574,-0.0060324967598971435
2020-07-16,105.4000015258789,107.0,104.5,107.0,100.13578796386719,606082,KGH.WA,-0.0009336925821269437,1.1194810415376533,95.88899993896484,88.6147999572754,,0.328129943081857,1.1273278712680574,-0.006960556844547661
2020-07-17,106.30000305175781,107.4000015258789,105.44999694824219,107.25,100.36975860595703,627392,KGH.WA,0.002336448598130758,1.122096651447788,96.8564998626709,89.21979995727538,,0.32884779149425786,1.1273278712680574,-0.0046403712296985145
2020-07-20,106.75,110.5999984741211,106.0,110.5999984741211,103.50484466552734,1016677,KGH.WA,0.031235417008122157,1.157145808279177,98.04049987792969,89.925,,0.3267646105701966,1.157145808279177,0.0
2020-07-21,111.4000015258789,114.05000305175781,111.0999984741211,113.0,105.75088500976562,1221117,KGH.WA,0.021699833263925994,1.182255679380886,99.19549980163575,90.67220001220703,,0.3184926094959082,1.182255679380886,0.0
2020-07-22,113.19999694824219,115.5999984741211,113.0,115.0,107.6225814819336,1289057,KGH.WA,0.017699115044247815,1.2031805586619637,100.51749992370605,91.49619995117187,,0.30303736998241554,1.2031805586619637,0.0
2020-07-23,115.5999984741211,119.80000305175781,115.55000305175781,119.0,111.36597442626953,995508,KGH.WA,0.034782608695652195,1.245030317224119,101.97449989318848,92.43619995117187,,0.3124891912587246,1.245030317224119,0.0
2020-07-24,116.5999984741211,119.4000015258789,111.30000305175781,119.19999694824219,111.55313873291016,1052097,KGH.WA,0.0016806466238838969,1.247122773223395,103.5004997253418,93.36499984741211,,0.2993767326571707,1.247122773223395,0.0
2020-07-27,119.9000015258789,130.60000610351562,119.0999984741211,130.39999389648438,122.03465270996094,1656933,KGH.WA,0.09395970834718503,1.3643020652685978,105.49749946594238,94.35059967041016,,0.4101581176114867,1.3643020652685978,0.0
2020-07-28,130.0500030517578,133.39999389648438,125.8499984741211,129.4499969482422,121.14558410644531,1554639,KGH.WA,-0.007285253011563242,1.3543627795389177,107.42499923706055,95.28159957885742,,0.41781267027634317,1.3643020652685978,-0.007285253011563242
2020-07-29,126.0,133.0500030517578,126.0,131.39999389648438,122.9704818725586,1282746,KGH.WA,0.015063707950660365,1.3747645049091366,109.34699897766113,96.24759948730468,,0.4175951129831882,1.3747645049091366,0.0
2020-07-30,130.0,130.39999389648438,123.30000305175781,125.9000015258789,117.82332611083984,879362,KGH.WA,-0.04185686930045296,1.317221166708253,110.87299919128418,97.14359954833985,,0.4664561956348667,1.3747645049091366,-0.04185686930045296
2020-07-31,125.0999984741211,128.6999969482422,125.0999984741211,126.05000305175781,117.96371459960938,999532,KGH.WA,0.001191433868633185,1.3187905486187497,112.46249923706054,98.0661996459961,,0.459051150138371,1.3747645049091366,-0.04071530512353927
2020-08-03,126.80000305175781,131.4499969482422,126.0,130.14999389648438,121.80068969726562,870649,KGH.WA,0.03252670166967819,1.3616864553584629,114.11999893188477,99.06039947509765,,0.46061592793495143,1.3747645049091366,-0.009512938037004481
2020-08-04,130.14999389648438,131.0,127.4000015258789,129.4499969482422,121.14558410644531,549710,KGH.WA,-0.005378386331688412,1.3543627795389177,115.74249877929688,99.94539947509766,,0.46335684918824094,1.3747645049091366,-0.014840160112780443
2020-08-05,131.0,137.60000610351562,131.0,137.1999969482422,128.39842224121094,1583096,KGH.WA,0.05986867657554806,1.4354466867530935,117.74249877929688,100.98299942016601,,0.48690436072665677,1.4354466867530935,0.0
2020-08-06,137.1999969482422,139.9499969482422,135.8000030517578,139.35000610351562,130.41049194335938,1143946,KGH.WA,0.015670621013821995,1.4579410277667477,119.6399990081787,102.06239959716797,,0.477579879616652,1.4579410277667477,0.0
2020-08-07,138.60000610351562,139.3000030517578,135.39999389648438,136.0,127.27539825439453,652834,KGH.WA,-0.024040229327489837,1.4228917911132788,121.33999900817871,103.05679962158203,,0.49774805205464706,1.4579410277667477,-0.024040229327489948
2020-08-10,136.0,139.4499969482422,136.0,138.0,129.1470947265625,505684,KGH.WA,0.014705882352941124,1.4438166703943562,122.85249900817871,104.06839965820312,,0.473114774324318,1.4579410277667477,-0.009687879758776607
2020-08-11,137.0500030517578,139.8000030517578,131.1999969482422,132.0,123.5320053100586,714050,KGH.WA,-0.04347826086956519,1.3810420325511235,124.17499885559081,104.9463996887207,,0.5008935859235815,1.4579410277667477,-0.05274492846491674
2020-08-12,127.05000305175781,134.35000610351562,126.05000305175781,134.35000610351562,125.73126983642578,949304,KGH.WA,0.017803076541785146,1.4056288295640536,125.53749923706054,105.87619979858398,,0.5012616418065766,1.4579410277667477,-0.03588087392178352
2020-08-13,134.10000610351562,134.14999389648438,132.5,133.5,124.935791015625,393669,KGH.WA,-0.0063268036092287705,1.3967356920119316,126.86249923706055,106.78219985961914,,0.5034484446077873,1.4579410277667477,-0.04198066628838171
2020-08-14,133.60000610351562,134.39999389648438,131.25,132.0,123.5320053100586,397840,KGH.WA,-0.011235955056179803,1.3810420325511232,128.09999923706056,107.59179992675782,,0.5090323638356419,1.4579410277667477,-0.05274492846491685
2020-08-17,132.5,135.9499969482422,132.5,135.9499969482422,127.22860717773438,542420,KGH.WA,0.029924219304864996,1.4223686372024196,129.3674991607666,108.4947998046875,,0.5083589436033216,1.4579410277667477,-0.02439905996665548
2020-08-18,135.39999389648438,137.5500030517578,135.1999969482422,136.0,127.27539825439453,699125,KGH.WA,0.0003678047287993813,1.4228917911132786,130.5174991607666,109.44239974975586,,0.5079589588521817,1.4579410277667477,-0.02404022932749006
2020-08-19,138.0,139.6999969482422,137.1999969482422,138.25,129.3810577392578,587285,KGH.WA,0.016544117647058876,1.446432280304491,131.6799991607666,110.40939971923828,,0.507736696598256,1.4579410277667477,-0.007893836062687454
2020-08-20,135.0,136.0,130.3000030517578,134.3000030517578,125.6844482421875,711380,KGH.WA,-0.028571406497231,1.4051056756531946,132.4449993133545,111.29739974975585,,0.5160019209556415,1.4579410277667477,-0.03623970456094894
2020-08-21,134.5500030517578,135.64999389648438,132.39999389648438,133.85000610351562,125.2633285522461,470217,KGH.WA,-0.0033506845719785128,1.400397609743784,133.17749977111816,112.22639984130859,,0.516940721838787,1.4579410277667477,-0.03946896131396194
2020-08-24,134.39999389648438,138.4499969482422,134.35000610351562,137.89999389648438,129.0535125732422,369957,KGH.WA,0.03025765863496943,1.4427703625726387,133.55249977111816,113.2863996887207,,0.4126025187476217,1.4579410277667477,-0.010405541037107113
2020-08-25,137.85000610351562,138.6999969482422,133.3000030517578,133.5500030517578,124.9825668334961,259251,KGH.WA,-0.03154453253995004,1.3972588459227906,133.75750007629395,114.2029997253418,,0.42936229064415504,1.4579410277667477,-0.04162183564921629
2020-08-26,134.0,137.4499969482422,133.10000610351562,137.4499969482422,128.63238525390625,407617,KGH.WA,0.029202499493563572,1.4380622966632282,134.06000022888185,115.21559967041016,,0.437955699225681,1.4579410277667477,-0.013634797790120112
2020-08-27,137.3000030517578,137.4499969482422,134.85000610351562,135.6999969482422,126.99463653564453,499826,KGH.WA,-0.01273190279268599,1.4197530272922851,134.55,116.199599609375,,0.4100440412281484,1.4579410277667477,-0.02619310366274441
2020-08-28,136.8000030517578,137.39999389648438,135.35000610351562,136.64999389648438,127.8836898803711,349273,KGH.WA,0.007000714588111023,1.429692313021965,135.07999954223632,117.1745994567871,,0.41002160768348705,1.4579410277667477,-0.019375759517553104
2020-08-31,136.60000610351562,138.1999969482422,136.0500030517578,136.85000610351562,128.0708770751953,729786,KGH.WA,0.0014636825171230328,1.4317849286654005,135.41500015258788,118.17319961547851,,0.39631699375069984,1.4579410277667477,-0.01794043696089187
2020-09-01,138.0,139.5,136.0,136.25,127.50935363769531,640779,KGH.WA,-0.004384406845124755,1.4255074010234134,135.75500030517577,119.10019958496093,,0.3960603150132608,1.4579410277667477,-0.022246185631400794
2020-09-02,136.4499969482422,139.5,136.0500030517578,138.1999969482422,129.33425903320312,638032,KGH.WA,0.014311904207282122,1.4459091263936323,135.80500030517578,120.09299957275391,,0.33781414537216864,1.4579410277667477,-0.00825266670185254
2020-09-03,138.14999389648438,138.4499969482422,133.14999389648438,133.14999389648438,124.60823059082031,586655,KGH.WA,-0.03654126746217734,1.3930737742800794,135.49499969482423,120.95879943847656,,0.3571636114819085,1.4579410277667477,-0.04449237126280137
2020-09-04,132.0,136.25,130.10000610351562,134.5,125.87161254882812,544425,KGH.WA,0.010138987348096817,1.4071981316524707,135.4199996948242,121.87519943237305,,0.3497584025936722,1.4579410277667477,-0.03480449150402487
2020-09-07,135.5,137.4499969482422,135.5,137.0,128.21124267578125,552550,KGH.WA,0.018587360594795488,1.4333542307538176,135.36999969482423,122.8059994506836,,0.35223299790433443,1.4579410277667477,-0.016864054543133222
2020-09-08,137.5,138.10000610351562,130.1999969482422,131.14999389648438,122.73653411865234,711286,KGH.WA,-0.042700774478216186,1.3721488949990017,135.32749938964844,123.6109992980957,,0.35097244245301,1.4579410277667477,-0.05884472083151482
2020-09-09,131.0,138.0,130.6999969482422,137.39999389648438,128.5855712890625,525885,KGH.WA,0.04765535867987203,1.4375391427523692,135.47999877929686,124.49979919433594,,0.3854590760089868,1.4579410277667477,-0.013993628429285532
2020-09-10,136.1999969482422,136.9499969482422,134.25,134.85000610351562,126.19917297363281,316234,KGH.WA,-0.018558863946456117,1.4108600493843229,135.54749908447266,125.28919937133789,,0.39111655608790985,1.4579410277667477,-0.03229278652960521
2020-09-11,135.3000030517578,136.4499969482422,133.4499969482422,136.4499969482422,127.69652557373047,415163,KGH.WA,0.011864966795020804,1.4275998570226893,135.76999893188477,126.13299926757813,,0.39028942163866254,1.4579410277667477,-0.020810972574476838
2020-09-14,137.0,139.3000030517578,136.35000610351562,136.85000610351562,128.0708770751953,424850,KGH.WA,0.0029315438931460935,1.4317849286654005,135.81499938964845,126.92999938964844,,0.37613022094110005,1.4579410277667477,-0.01794043696089187
2020-09-15,137.39999389648438,138.39999389648438,135.1999969482422,136.3000030517578,127.55616760253906,479970,KGH.WA,-0.004019021024681435,1.4260305549342722,135.82999954223632,127.7159994506836,,0.37648785797367335,1.4579410277667477,-0.021887354992235486
2020-09-16,136.3000030517578,136.5,134.14999389648438,135.1999969482422,126.5267333984375,630763,KGH.WA,-0.008070477467985948,1.4145218074720156,135.67749938964843,128.4759994506836,,0.3725877408612988,1.4579410277667477,-0.02978119105492283
2020-09-17,132.10000610351562,133.64999389648438,130.85000610351562,132.0,123.5320053100586,822628,KGH.WA,-0.023668617015333404,1.3810420325511232,135.56249923706054,129.08799942016603,,0.3681299039221596,1.4579410277667477,-0.05274492846491685
2020-09-18,133.3000030517578,134.75,132.75,134.0500030517578,125.45050811767578,1068263,KGH.WA,0.015530326149680418,1.4024900657430597,135.57249908447267,129.72899948120119,,0.37234080214609216,1.4579410277667477,-0.0380337482570382
2020-09-21,132.5,134.60000610351562,127.5,127.5999984741211,119.41426086425781,446175,KGH.WA,-0.048116407540448325,1.3350072821683365,135.0574993133545,130.1259994506836,,0.39220816869427183,1.4579410277667477,-0.08432010846605997
2020-09-22,127.30000305175781,129.25,126.44999694824219,126.75,118.6187973022461,393595,KGH.WA,-0.006661430127630319,1.3261142244382944,134.7174991607666,130.54999938964843,,0.37838102840156507,1.4579410277667477,-0.09041984608278952
2020-09-23,123.0,124.94999694824219,116.5,120.8499984741211,113.09729766845703,535449,KGH.WA,-0.04654833550989279,1.2643858145946993,133.88749923706055,130.82499938964844,,0.38999438027748257,1.4579410277667477,-0.1327592882604678
2020-09-24,118.0,119.5999984741211,115.9000015258789,116.75,109.26031494140625,710438,KGH.WA,-0.033926342787658936,1.2214898280329063,132.93999938964845,131.01999938964843,,0.40183279093620416,1.4579410277667477,-0.16218159392635645
2020-09-25,117.6500015258789,121.5,116.69999694824219,118.05000305175781,110.47691345214844,586916,KGH.WA,0.01113492977951025,1.2350910314944388,132.0099998474121,131.2359994506836,,0.4040305583091606,1.4579410277667477,-0.15285254480674515
2020-09-28,120.8499984741211,122.30000305175781,118.80000305175781,121.44999694824219,113.65879821777344,468723,KGH.WA,0.028801302910544502,1.270663262414607,131.23999938964843,131.452999420166,,0.4228232272613668,1.4579410277667477,-0.12845359433982728
2020-09-29,121.0,121.44999694824219,118.05000305175781,118.25,110.6640853881836,378883,KGH.WA,-0.026348267012356708,1.2371834874937147,130.33999938964843,131.55799942016603,,0.42911847176412676,1.4579410277667477,-0.1514173317498213
2020-09-30,117.6500015258789,118.4000015258789,114.5,118.0,110.43012237548828,572246,KGH.WA,-0.0021141649048626032,1.23456787758358,129.32999954223632,131.61799942016603,,0.4223535769471796,1.4579410277667477,-0.15321137544591046
2020-10-01,118.5,120.1500015258789,115.1500015258789,115.1500015258789,107.76295471191406,370488,KGH.WA,-0.024152529441704207,1.2047499405724602,128.42999992370605,131.5409994506836,,0.4132589739707736,1.4579410277667477,-0.17366346263135335
2020-10-02,113.69999694824219,115.30000305175781,112.0,115.0,107.6225814819336,586425,KGH.WA,-0.0013026619530281947,1.2031805586619635,127.45499992370605,131.45699951171875,,0.40897114688113223,1.4579410277667477,-0.17473989979898052
2020-10-05,114.44999694824219,119.30000305175781,114.4000015258789,118.30000305175781,110.71088409423828,736851,KGH.WA,0.02869567871093759,1.2377066414045736,126.52000007629394,131.21499969482423,,0.418969632513897,1.4579410277667477,-0.15105850111065589
2020-10-06,118.94999694824219,119.30000305175781,115.69999694824219,117.19999694824219,109.68144989013672,391568,KGH.WA,-0.009298445267447386,1.226197893942317,125.82250022888184,130.96999969482422,96.05029996871949,0.39741961070586507,1.4579410277667477,-0.15895233717334323
2020-10-07,116.8499984741211,120.0,115.80000305175781,120.0,112.30181884765625,640460,KGH.WA,0.02389081164391449,1.2554927568646577,124.95250053405762,130.74199981689452,96.1723999595642,0.36286433965244774,1.4579410277667477,-0.138859025877197
2020-10-08,120.9000015258789,121.4000015258789,115.0,116.1500015258789,108.69880676269531,590399,KGH.WA,-0.032083320617675826,1.215212380212999,124.01750030517579,130.54699981689453,96.2636499595642,0.37189046829088357,1.4579410277667477,-0.16648728784699662
2020-10-09,115.5,119.94999694824219,115.5,119.94999694824219,112.2550277709961,440087,KGH.WA,0.03271627526855103,1.2549696029537987,123.19250030517578,130.4249996948242,96.3827999305725,0.39282411253928834,1.4579410277667477,-0.13921785651636243
2020-10-12,120.69999694824219,125.19999694824219,119.94999694824219,121.9000015258789,114.0799331665039,776814,KGH.WA,0.01625681223216824,1.2753714081460974,122.44500007629395,130.2599998474121,96.511699924469,0.3996889072111689,1.4579410277667477,-0.12522428283694553
2020-10-13,122.0,122.0,118.05000305175781,119.0,111.36597442626953,225824,KGH.WA,-0.02379000401622844,1.2450303172241188,121.57999992370605,130.05099990844727,96.62689992904663,0.4048685414118082,1.4579410277667477,-0.14603520066155373
2020-10-14,119.94999694824219,125.4000015258789,119.80000305175781,124.5,116.51314544677734,899114,KGH.WA,0.04621848739495804,1.3025737352470823,121.04500007629395,129.7969999694824,96.77459993362427,0.4457855254451167,1.4579410277667477,-0.1065662393475919
2020-10-15,123.0,125.1500015258789,122.3499984741211,124.5,116.51314544677734,1192143,KGH.WA,0.0,1.3025737352470823,120.67000007629395,129.4999998474121,96.91259992599487,0.4396250908711597,1.4579410277667477,-0.1065662393475919
2020-10-16,125.1500015258789,128.64999389648438,124.8499984741211,126.3499984741211,118.24446105957031,644846,KGH.WA,0.014859425494948564,1.3219292326176633,120.28499984741211,129.30699981689452,97.04934991836548,0.43926533937933454,1.4579410277667477,-0.09329032694650574
2020-10-19,127.0,128.4499969482422,124.94999694824219,125.0,116.98106384277344,389888,KGH.WA,-0.010684594304902983,1.3078049550673518,120.15499992370606,129.04699981689453,97.17434991836548,0.4066969163126932,1.4579410277667477,-0.10297815195541349
2020-10-20,124.80000305175781,128.1999969482422,124.3499984741211,128.1999969482422,119.97577667236328,499246,KGH.WA,0.025599975585937518,1.3412847299882442,120.22749977111816,128.97099975585937,97.3163498878479,0.4164482957658799,1.4579410277667477,-0.08001441454541947
2020-10-21,128.89999389648438,131.25,128.3000030517578,131.1999969482422,122.7833251953125,646149,KGH.WA,0.023400936594492938,1.3726720489098607,120.74499969482422,128.9079995727539,97.47854986190796,0.3834663830396107,1.4579410277667477,-0.0584858901923494
2020-10-22,130.60000610351562,131.60000610351562,126.69999694824219,127.0999984741211,118.94634246826172,574044,KGH.WA,-0.03124998909671106,1.3297760623480674,121.26249961853027,128.77999954223634,97.61654985427856,0.38002135783791496,1.4579410277667477,-0.08790819585823817
2020-10-23,126.80000305175781,128.5500030517578,126.19999694824219,126.5,118.38483428955078,1084855,KGH.WA,-0.004720680419545875,1.3234986145281602,121.68499946594238,128.66999954223633,97.74404985427856,0.38053234554104753,1.4579410277667477,-0.09221388977887834
2020-10-26,125.0999984741211,126.75,124.05000305175781,125.0,116.98106384277344,424064,KGH.WA,-0.011857707509881465,1.3078049550673518,121.86249961853028,128.4509996032715,97.86704984664917,0.37228953777867413,1.4579410277667477,-0.10297815195541349
2020-10-27,125.0,127.5999984741211,124.0999984741211,125.8499984741211,117.77652740478516,492900,KGH.WA,0.0067999877929687536,1.316698012797394,122.24249954223633,128.2479995727539,98.00749982833862,0.35746329855870923,1.4579410277667477,-0.09687841433868394
2020-10-28,124.5,126.9000015258789,122.55000305175781,123.30000305175781,115.39012908935547,1214095,KGH.WA,-0.020262180796828844,1.2900188396072678,122.50749969482422,127.94899963378906,98.13899984359742,0.366830629582241,1.4579410277667477,-0.11517762718887237
2020-10-29,123.30000305175781,124.75,117.8499984741211,117.8499984741211,110.28974914550781,849696,KGH.WA,-0.04420117147401015,1.2329984956730833,122.64249954223632,127.61999954223633,98.24644983291626,0.39214523821753583,1.4579410277667477,-0.15428781261353763
2020-10-30,115.0,118.25,114.05000305175781,118.1500015258789,110.57051086425781,610761,KGH.WA,0.002545634753009285,1.236137259494077,122.79999961853028,127.3059994506836,98.3503998374939,0.3920249410397145,1.4579410277667477,-0.15213493827828306
2020-11-02,118.0999984741211,120.80000305175781,116.5,120.19999694824219,112.4889907836914,343473,KGH.WA,0.017350786253813588,1.2575852128639335,122.89499931335449,126.95199951171875,98.48559980392456,0.38361922629453377,1.4579410277667477,-0.13742381282027316
2020-11-03,121.19999694824219,130.9499969482422,120.5999984741211,130.9499969482422,122.54935455322266,794656,KGH.WA,0.08943427847696972,1.3700564389997258,123.58249931335449,126.89999938964844,98.67184980392456,0.4927711136690098,1.4579410277667477,-0.060279933888438664
2020-11-04,128.0,128.5500030517578,123.4000015258789,128.39999389648438,120.16295623779297,696116,KGH.WA,-0.019473105087323472,1.34337718598752,124.00249900817872,126.71899932861328,98.84334978103638,0.4959335817797343,1.4579410277667477,-0.07857920148849562
2020-11-05,129.0,133.10000610351562,127.5,132.3000030517578,123.81277465820312,638370,KGH.WA,0.03037390452228217,1.384180796372117,124.80999908447265,126.6509994506836,99.04234979629517,0.4853660877861697,1.4579410277667477,-0.05059205412966217
2020-11-06,131.0,137.9499969482422,129.64999389648438,137.85000610351562,129.00672912597656,715103,KGH.WA,0.041950135477975437,1.4422473683059394,125.70499954223632,126.67499969482422,99.27559984207153,0.4929116387074692,1.4579410277667477,-0.010764262176535144
2020-11-09,137.85000610351562,142.5,136.35000610351562,137.4499969482422,128.63238525390625,902421,KGH.WA,-0.0029017710378123063,1.4380622966632282,126.4824993133545,126.68699951171875,99.49984983444214,0.49305135511565323,1.4579410277667477,-0.013634797790120112
2020-11-10,136.14999389648438,137.0,132.6999969482422,134.64999389648438,126.01199340820312,508121,KGH.WA,-0.020371066670973992,1.4087674337408875,127.2649990081787,126.65499938964844,99.69089979171753,0.49041066664776484,1.4579410277667477,-0.033728109086266334
2020-11-11,134.64999389648438,134.64999389648438,134.64999389648438,134.64999389648438,126.01199340820312,0,KGH.WA,0.0,1.4087674337408875,127.77249870300292,126.58399932861329,99.87374975204467,0.4678624960936973,1.4579410277667477,-0.033728109086266334
2020-11-12,133.89999389648438,138.0,132.10000610351562,137.0,128.21124267578125,585390,KGH.WA,0.01745270115141828,1.4333542307538176,128.39749870300292,126.66099945068359,100.07024976730347,0.46981783965901824,1.4579410277667477,-0.016864054543133222
2020-11-13,136.0500030517578,136.8000030517578,133.6999969482422,135.5500030517578,126.85428619384766,409985,KGH.WA,-0.010583919330234948,1.4181837252038683,128.85749893188478,126.68199951171874,100.27429979324342,0.4715589036961714,1.4579410277667477,-0.027269486080502947
2020-11-16,138.0,144.89999389648438,138.0,144.89999389648438,135.6044464111328,919859,KGH.WA,0.06897816771834675,1.5160074400564105,129.85249862670898,126.83999938964844,100.53799974441529,0.5210049550733757,1.5160074400564105,0.0
2020-11-17,143.75,148.35000610351562,141.0,142.60000610351562,133.45201110839844,1063705,KGH.WA,-0.01587293229709763,1.4919439565984989,130.57249908447267,127.06899963378906,100.77999979019165,0.5231258007020984,1.5160074400564105,-0.01587293229709763
2020-11-18,142.60000610351562,144.6999969482422,141.0,141.0,131.95465087890625,408899,KGH.WA,-0.011220238674843785,1.475203989315973,131.06249923706054,127.14099975585937,101.00099977493286,0.522145041867307,1.5160074400564105,-0.026915072883098246
2020-11-19,140.1999969482422,141.0,135.4499969482422,135.9499969482422,127.22860717773438,488626,KGH.WA,-0.035815624480551866,1.42236863720242,131.5049991607666,127.1629995727539,101.2073497581482,0.5264791976592924,1.5160074400564105,-0.06176671722040239
2020-11-20,138.0500030517578,142.5,136.14999389648438,142.5,133.35842895507812,404607,KGH.WA,0.04817950127833748,1.490897648776781,132.3049991607666,127.28399963378907,101.4503497505188,0.5480614114353994,1.5160074400564105,-0.01656310557334406
2020-11-23,142.0,144.10000610351562,139.8000030517578,141.0,131.95465087890625,408033,KGH.WA,-0.010526315789473717,1.4752039893159727,133.1049991607666,127.36699951171875,101.67754976272583,0.547489192088928,1.5160074400564105,-0.026915072883098468
2020-11-24,142.6999969482422,148.0,142.0,148.0,138.50558471679688,603222,KGH.WA,0.049645390070921946,1.5484410667997444,134.21249923706054,127.60099945068359,101.95054975509643,0.5684286784306576,1.5484410667997444,0.0
2020-11-25,148.0,152.3000030517578,147.64999389648438,152.3000030517578,142.5297393798828,781266,KGH.WA,0.02905407467403931,1.5934295891828931,135.66249923706056,127.9429995727539,102.24344976425171,0.5619815037135237,1.5934295891828931,0.0
2020-11-26,153.0,156.85000610351562,152.39999389648438,155.6999969482422,145.71160888671875,537463,KGH.WA,0.02232431929321055,1.6290018201030614,137.5549991607666,128.41699951171876,102.56064973831177,0.5232793682811103,1.6290018201030614,0.0
2020-11-27,155.39999389648438,158.5,155.3000030517578,155.39999389648438,145.4308624267578,562863,KGH.WA,-0.001926801911611764,1.6258630562820677,139.41749877929686,128.84399932861328,102.8832497215271,0.5248758636174484,1.6290018201030614,-0.001926801911611764
2020-11-30,156.0,156.3000030517578,148.1999969482422,149.0,139.44142150878906,1173711,KGH.WA,-0.0411840035254285,1.5589035064402832,140.85749893188478,129.27199935913086,103.20364973068237,0.5602975353486738,1.6290018201030614,-0.04303145202031955
2020-12-01,149.89999389648438,157.0,149.60000610351562,157.0,146.92822265625,485538,KGH.WA,0.05369127516778516,1.6426030235645936,142.15999908447264,129.87699935913085,103.56854974746705,0.5059852226519969,1.6426030235645936,0.0
2020-12-02,157.0,164.75,154.5500030517578,164.64999389648438,154.08746337890625,708199,KGH.WA,0.04872607577378574,1.7226406229570517,143.97249908447264,130.75299926757813,103.9813997077942,0.511908549046083,1.7226406229570517,0.0
2020-12-03,164.5,167.4499969482422,161.10000610351562,166.8000030517578,156.09954833984375,545165,KGH.WA,0.013058057910558807,1.7451349639707059,145.69749908447267,131.75399932861328,104.4324997138977,0.5077867916854657,1.7451349639707059,0.0
2020-12-04,167.10000610351562,175.39999389648438,167.0500030517578,175.39999389648438,164.14781188964844,643425,KGH.WA,0.051558697166558254,1.835111849092844,147.5749984741211,132.90099914550783,104.9567996788025,0.5163434280402487,1.835111849092844,0.0
2020-12-07,174.5500030517578,177.1999969482422,170.9499969482422,177.1999969482422,165.83236694335938,648504,KGH.WA,0.01026227545264402,1.8539442723746455,149.5624984741211,134.0159991455078,105.4777996635437,0.513201967319103,1.8539442723746455,0.0
2020-12-08,175.0,184.0,173.0,184.0,172.1961212158203,830241,KGH.WA,0.038374735715960506,1.9250888938591413,152.02999877929688,135.3309991455078,106.00869966506959,0.5044147329867855,1.9250888938591413,0.0
2020-12-09,183.5500030517578,191.9499969482422,183.5500030517578,185.0,173.13198852539062,1013380,KGH.WA,0.005434782608695565,1.93555133349968,154.54749908447266,136.6709991455078,106.55569967269898,0.5024635843799719,1.93555133349968,0.0
2020-12-10,185.0,190.9499969482422,184.0,189.35000610351562,177.2029266357422,508179,KGH.WA,0.02351354650548987,1.9810630097936877,157.16499938964844,138.15499923706054,107.13684968948364,0.5030793187606277,1.9810630097936877,0.0
2020-12-11,188.1999969482422,190.9499969482422,178.1999969482422,179.35000610351562,167.8444366455078,761507,KGH.WA,-0.05281225074021445,1.8764386133882995,159.35499954223633,139.44199935913085,107.68379972457886,0.553365636847961,1.9810630097936877,-0.05281225074021445
2020-12-14,180.0,184.85000610351562,176.9499969482422,176.9499969482422,165.598388671875,501826,KGH.WA,-0.013381706571496954,1.8513286624645107,160.9574996948242,140.61499923706054,108.25754970550537,0.522530954914447,1.9810630097936877,-0.06548723926892552
2020-12-15,176.0,187.0,175.85000610351562,185.0,173.13198852539062,617990,KGH.WA,0.04549309517147049,1.93555133349968,163.07749938964844,141.9709992980957,108.87154970169067,0.526753419484742,1.9810630097936877,-0.022973361306033113
2020-12-16,187.0,188.85000610351562,183.35000610351562,184.8000030517578,172.94480895996094,517875,KGH.WA,-0.001081064585092939,1.933458877500404,165.26749954223632,143.26699935913086,109.50154972076416,0.5216156810552931,1.9810630097936877,-0.024029590203817563
2020-12-17,188.5,189.8000030517578,183.4499969482422,186.85000610351562,174.86331176757812,449869,KGH.WA,0.011093089923725152,1.9549069106923407,167.8125,144.6809994506836,110.18879974365234,0.48750480990764267,1.9810630097936877,-0.013203062685053557
2020-12-18,189.0,190.39999389648438,184.5,185.89999389648438,173.97421264648438,874112,KGH.WA,-0.005084357377569182,1.9449674653185012,169.9824996948242,145.99999938964845,110.85589971542359,0.47813418727418805,1.9810630097936877,-0.018220290973453457
2020-12-21,183.1999969482422,185.8000030517578,177.25,182.0,170.32443237304688,547531,KGH.WA,-0.02097898883555649,1.9041640145780638,172.03249969482422,147.20199935913087,111.50819971084594,0.48655643577824603,1.9810630097936877,-0.038817036528097204
2020-12-22,180.4499969482422,183.0,179.35000610351562,181.10000610351562,169.48216247558594,358057,KGH.WA,-0.004945021409254791,1.8947478827592428,173.6875,148.44399948120116,112.13869974136352,0.4707861030514821,1.9810630097936877,-0.04357010686067675
2020-12-23,181.8000030517578,186.0500030517578,181.8000030517578,185.25,173.36595153808594,373883,KGH.WA,0.022915481814574035,1.9381669434098148,175.33499984741212,149.65899948120116,112.80164974212647,0.4680841809553185,1.9810630097936877,-0.02165305503752768
2020-12-28,187.0,189.39999389648438,187.0,188.0500030517578,175.98631286621094,345710,KGH.WA,0.015114726325278438,1.9674618063321556,176.9525001525879,150.92999954223632,113.45959976196289,0.46631435289936257,1.9810630097936877,-0.006865608713247595
2020-12-29,188.0500030517578,189.35000610351562,186.25,186.5,174.53575134277344,262393,KGH.WA,-0.00824250479448918,1.9512449929604885,178.50750045776368,152.1329995727539,114.10249977111816,0.4689687740180976,1.9810630097936877,-0.015051523695000735
2020-12-30,186.5,187.0,182.64999389648438,183.0,171.2602996826172,478823,KGH.WA,-0.018766756032171594,1.9146264542186027,180.20750045776367,153.2929995727539,114.74429977416992,0.44280827323336036,1.9810630097936877,-0.0335358114540758
2021-01-04,185.89999389648438,194.75,185.89999389648438,194.75,182.2565155029297,693747,KGH.WA,0.06420765027322406,2.0375601199949336,182.09500045776366,154.62399963378905,115.42584978103638,0.4576749076917759,2.0375601199949336,0.0
2021-01-05,193.9499969482422,199.14999389648438,193.3000030517578,196.9499969482422,184.31536865234375,479654,KGH.WA,0.011296518347841733,2.060577455275287,183.71000061035156,155.93899963378905,116.11579977035522,0.43575558538943043,2.060577455275287,0.0
2021-01-07,201.89999389648438,215.89999389648438,201.0,215.89999389648438,202.0496826171875,812934,KGH.WA,0.0962173000349027,2.2588406545346658,186.16500015258788,157.71499954223634,116.8984997367859,0.5340356230654809,2.2588406545346658,0.0
2021-01-08,216.89999389648438,221.0,209.1999969482422,212.60000610351562,198.96141052246094,977822,KGH.WA,-0.015284797991013233,2.2243147314362153,188.02500076293944,159.43699966430665,117.67099977493287,0.5234748998558131,2.2588406545346658,-0.015284797991013233
2021-01-11,208.1999969482422,209.10000610351562,202.1999969482422,205.5,192.31687927246094,635814,KGH.WA,-0.03339607666830735,2.150031346130726,189.44000091552735,161.04699966430664,118.41149976730347,0.545831675016049,2.2588406545346658,-0.04817042237375302
2021-01-12,206.89999389648438,210.0,201.0,206.0,192.78480529785156,435036,KGH.WA,0.0024330900243310083,2.155262565950996,190.54000091552734,162.64999969482423,119.14239976882935,0.5340737436396075,2.2588406545346658,-0.045854535323567425
2021-01-13,206.89999389648438,207.8000030517578,201.39999389648438,203.10000610351562,190.07083129882812,301519,KGH.WA,-0.014077640274196002,2.124921554851097,191.44500122070312,164.24599975585937,119.8642997932434,0.538907702099495,2.2588406545346658,-0.05928665194453775
2021-01-14,202.6999969482422,207.39999389648438,202.1999969482422,205.0,191.84893798828125,419042,KGH.WA,0.009354967205249531,2.144800126310457,192.22750091552734,165.98899978637695,120.59449979782104,0.5348585303490253,2.2588406545346658,-0.0504863094239385
2021-01-15,204.5,206.1999969482422,196.0,198.0500030517578,185.3448028564453,542697,KGH.WA,-0.033902424137766785,2.0720862027375437,193.16250076293946,167.58699981689452,121.2885498046875,0.5116923047686686,2.2588406545346658,-0.08267712528646454
2021-01-18,198.1999969482422,201.39999389648438,193.60000610351562,200.10000610351562,187.2633056640625,412084,KGH.WA,0.010350936734002891,2.0935342359294804,194.32000122070312,169.185,121.96404983520507,0.5070216943926881,2.2588406545346658,-0.07318197424565098
2021-01-19,201.8000030517578,205.5,195.1999969482422,195.60000610351562,183.05197143554688,398472,KGH.WA,-0.022488754936229594,2.0464532575470558,194.8500015258789,170.47800018310548,122.59704986572265,0.49520777381798475,2.2588406545346658,-0.09402495769732067
2021-01-20,197.0,202.1999969482422,197.0,198.14999389648438,185.43838500976562,727875,KGH.WA,0.013036747001016202,2.073132350915102,195.51750106811522,171.87300018310546,123.25029983520508,0.4961099449161494,2.2588406545346658,-0.08221399028158571
2021-01-21,200.6999969482422,202.5,192.64999389648438,192.64999389648438,180.2912139892578,442416,KGH.WA,-0.02775675079189388,2.0155889328921384,195.80750045776367,173.08,123.86684982299805,0.5077140511276704,2.2588406545346658,-0.10768874783362647
2021-01-22,191.39999389648438,192.85000610351562,186.9499969482422,187.85000610351562,175.7991485595703,591893,KGH.WA,-0.024915587568343778,1.9653693503328797,195.90500106811524,174.08,124.45939987182618,0.5161934395770384,2.2588406545346658,-0.12992120697519627
2021-01-25,190.0,193.89999389648438,187.14999389648438,189.9499969482422,177.76443481445312,441776,KGH.WA,0.01117908318602523,1.9873403777915153,196.30250091552733,175.13,125.06244987487793,0.5106169402182685,2.2588406545346658,-0.12019452376957551
2021-01-26,188.3000030517578,193.39999389648438,184.6999969482422,192.35000610351562,180.01048278808594,339101,KGH.WA,0.01263495232341283,2.012450328715304,196.86500091552733,176.28400024414063,125.64939990997314,0.5109770791212778,2.2588406545346658,-0.1090782235235267
2021-01-27,190.85000610351562,192.10000610351562,172.64999389648438,175.0500030517578,163.82028198242188,897854,KGH.WA,-0.08994022616483621,1.8314500910051508,196.35500106811523,177.0920004272461,126.17334991455078,0.60285970338134,2.2588406545346658,-0.18920792959499833
2021-01-28,168.9499969482422,187.0,167.14999389648438,185.25,173.36595153808594,970553,KGH.WA,0.058269047531671836,1.9381669434098145,196.21500091552736,178.0570004272461,126.74649990081787,0.6377029044331618,2.2588406545346658,-0.1419638479062667
2021-01-29,182.0,193.5,175.25,188.39999389648438,176.31387329101562,957480,KGH.WA,0.0170040156355431,1.9711235644198477,196.31000061035155,179.1140002441406,127.32629985809326,0.6396632668964304,2.2588406545346658,-0.1273737877602037
2021-02-01,197.0,201.6999969482422,193.14999389648438,195.1999969482422,182.67764282226562,835986,KGH.WA,0.036093435626617154,2.0422681859043434,196.92000045776368,180.12000030517578,127.93819984436035,0.646473726839387,2.2588406545346658,-0.09587770974262788
2021-02-02,192.85000610351562,194.0500030517578,182.25,183.0,171.2602996826172,910023,KGH.WA,-0.06249998534311996,1.9146264542186018,196.33250045776367,180.92800018310547,128.5043998336792,0.6464587816072571,2.2588406545346658,-0.15238533963210177
2021-02-03,184.60000610351562,187.1999969482422,179.35000610351562,182.25,170.55841064453125,536053,KGH.WA,-0.004098360655737654,1.9067796244881978,195.59750061035157,181.75300018310546,129.0556498336792,0.6444647204032665,2.2588406545346658,-0.15585917020737994
2021-02-04,183.4499969482422,186.9499969482422,181.0,181.14999389648438,169.52896118164062,334413,KGH.WA,-0.00603569878472221,1.8952708770259414,193.86000061035156,182.65700012207031,129.59239978790282,0.5269889866530642,2.2588406545346658,-0.1609541499878936
2021-02-05,183.4499969482422,190.0,183.0,190.0,177.81121826171875,401797,KGH.WA,0.04885457577532604,1.9878635317023738,192.7300003051758,183.6070001220703,130.17839977264404,0.5634726978940207,2.2588406545346658,-0.11996292092950434
2021-02-08,194.14999389648438,195.3000030517578,188.4499969482422,193.3000030517578,180.89952087402344,435996,KGH.WA,0.017368437114514856,2.0223896144449838,192.12000045776367,184.65300018310546,130.78239978790282,0.5583255452256127,2.2588406545346658,-0.10467805226322713
2021-02-09,194.0,194.85000610351562,190.35000610351562,192.6999969482422,180.3380126953125,408434,KGH.WA,-0.0031040149717688204,2.016112086802997,191.4550003051758,185.5470001220703,131.3781997680664,0.5580282263324742,2.2588406545346658,-0.1074571449935553
2021-02-10,195.35000610351562,196.5,190.10000610351562,191.6999969482422,179.4021453857422,533652,KGH.WA,-0.0051894136784474965,2.0056496471624583,190.8849998474121,186.335,131.94819976806642,0.5565216233736603,2.2588406545346658,-0.11208891909392615
2021-02-11,192.60000610351562,195.0500030517578,191.85000610351562,194.3000030517578,181.8353729248047,504368,KGH.WA,0.013562890688086915,2.032852054085523,190.35,187.1070001220703,132.53479976654052,0.557888121901476,2.2588406545346658,-0.10004627816285605
2021-02-12,192.5500030517578,193.25,185.8000030517578,189.4499969482422,177.29649353027344,382160,KGH.WA,-0.024961430917855854,1.9821091579712458,189.9199996948242,187.78800018310548,133.09714973449707,0.5519952631327657,2.2588406545346658,-0.1225104108197611
2021-02-15,193.0,196.10000610351562,192.5500030517578,195.0,182.49044799804688,460940,KGH.WA,0.029295345163157016,2.040175729905068,189.66499938964844,188.70800018310547,133.70214973449708,0.5614645348375177,2.2588406545346658,-0.09680405042764917
2021-02-16,195.60000610351562,199.85000610351562,194.0,194.85000610351562,182.35009765625,456864,KGH.WA,-0.000769199469150661,2.038606427816651,189.62749938964845,189.46500030517578,134.3020997619629,0.5555394553092529,2.2588406545346658,-0.09749878827259917
2021-02-17,195.0500030517578,196.0,192.6999969482422,193.3000030517578,180.89952087402344,445819,KGH.WA,-0.007954852467052853,2.022389614444984,189.3849998474121,190.03800048828126,134.89859977722168,0.5542025804561512,2.2588406545346658,-0.10467805226322702
2021-02-18,195.89999389648438,204.3000030517578,195.8000030517578,196.0,183.42630004882812,880386,KGH.WA,0.013967909496200193,2.050638169545607,189.5525001525879,190.6220004272461,135.5026997756958,0.5468753388714097,2.2588406545346658,-0.09217227632727798
2021-02-19,200.0,207.5,200.0,207.5,194.18856811523438,820504,KGH.WA,0.058673469387755084,2.1709562254118033,190.5349998474121,191.2640005493164,136.1551997756958,0.5733029841728559,2.2588406545346658,-0.0389068741730112
2021-02-22,209.5,213.0,206.39999389648438,210.3000030517578,196.8089599609375,728117,KGH.WA,0.01349399061088108,2.200251088334144,191.5525001525879,191.92600067138673,136.82999980926513,0.5736596089524946,2.2588406545346658,-0.025937892556919362
2021-02-23,213.0,214.3000030517578,197.8000030517578,201.60000610351562,188.6670684814453,683434,KGH.WA,-0.041369457070816074,2.1092278953902883,192.0150001525879,192.27800079345704,137.45979984283449,0.5966120920888656,2.2588406545346658,-0.06623431309509453
2021-02-24,201.0,206.8000030517578,199.1999969482422,203.39999389648438,190.35157775878906,596285,KGH.WA,0.008928510607507212,2.1280601590279304,193.43249969482423,192.64600067138673,138.1077997970581,0.4850541362507501,2.2588406545346658,-0.05789717625463797
2021-02-25,208.10000610351562,210.60000610351562,200.0,200.0,187.16970825195312,798234,KGH.WA,-0.01671580136927009,2.0924879281077624,194.1699996948242,192.85900054931642,138.7477997970581,0.45396951126452756,2.2588406545346658,-0.07364517992579378
2021-02-26,194.0,196.9499969482422,186.5500030517578,189.35000610351562,177.2029266357422,1174352,KGH.WA,-0.05324996948242189,1.9810630097936879,194.21750030517578,193.0590005493164,139.33074981689452,0.4944356210967411,2.2588406545346658,-0.12297354582463971
2021-03-01,193.25,195.0,189.5,195.0,182.49044799804688,531733,KGH.WA,0.029838889434181448,2.0401757299050685,194.20750045776367,193.42000061035156,139.9001498031616,0.4889680651682841,2.2588406545346658,-0.09680405042764895
2021-03-02,193.5,196.35000610351562,192.4499969482422,194.25,181.78857421875,426406,KGH.WA,-0.0038461538461538325,2.0323289001746643,194.77000045776367,193.60500061035157,140.45689979553222,0.42961634501587437,2.2588406545346658,-0.10027788100292723
2021-03-03,195.60000610351562,199.1999969482422,190.14999389648438,191.5500030517578,179.2617950439453,453225,KGH.WA,-0.013899598189148987,2.0040803450740414,195.23500061035156,193.74000061035156,140.99914981842042,0.43325868024286984,2.2588406545346658,-0.11278365693887626
2021-03-04,189.6999969482422,191.35000610351562,183.0,186.10000610351562,174.16143798828125,618629,KGH.WA,-0.028452084893830887,1.947060080961937,195.4825012207031,193.72500061035157,141.5241498565674,0.4464581131754235,2.2588406545346658,-0.13802681165084552
2021-03-05,186.10000610351562,188.0,183.5500030517578,185.1999969482422,173.3191375732422,535947,KGH.WA,-0.004836158655324385,1.9376437894989562,195.24250106811525,193.71100067138673,142.05054985046388,0.410514374509096,2.2588406545346658,-0.14219545074633777
2021-03-08,186.3000030517578,188.0,184.0500030517578,187.85000610351562,175.7991485595703,493326,KGH.WA,0.014308904961883195,1.96536935033288,194.97000122070312,193.82800079345702,142.58759986877442,0.408842781134672,2.2588406545346658,-0.12992120697519616
2021-03-09,186.4499969482422,191.89999389648438,185.35000610351562,189.0,176.87538146972656,671786,KGH.WA,0.006121873085543905,1.9774010920618357,194.785001373291,193.9860006713867,143.10659988403322,0.409558125640078,2.2588406545346658,-0.12459469502987508
2021-03-10,189.8000030517578,192.35000610351562,188.6999969482422,189.89999389648438,177.71763610839844,433175,KGH.WA,0.00476187246817128,1.9868172238806567,194.69500122070312,194.07900054931642,143.6294998550415,0.40961937170132046,2.2588406545346658,-0.1204261266096468
2021-03-11,193.0,194.89999389648438,188.75,191.5500030517578,179.2617950439453,417813,KGH.WA,0.008688832060589124,2.004080345074042,194.55750122070313,194.1490005493164,144.1603498840332,0.4078158368773775,2.2588406545346658,-0.11278365693887604
2021-03-12,189.1999969482422,190.5500030517578,186.75,189.8000030517578,177.62405395507812,340224,KGH.WA,-0.009135995677990838,1.985771075703099,194.57500152587892,194.21500061035155,144.6779499053955,0.3989463355143419,2.2588406545346658,-0.12088926161452529
2021-03-15,190.35000610351562,192.60000610351562,186.9499969482422,187.39999389648438,175.3780059814453,276840,KGH.WA,-0.01264493739032746,1.9606611247793102,194.19500122070312,194.30300048828124,145.1778498840332,0.3862206744401257,2.2588406545346658,-0.1320055618605741
2021-03-16,187.5,188.6999969482422,184.1999969482422,185.5500030517578,173.64669799804688,388615,KGH.WA,-0.009871883164246253,1.9413057072308093,193.73000106811523,194.1190005493164,145.6650999069214,0.38727844391539656,2.2588406545346658,-0.14057430154110206
2021-03-17,185.9499969482422,186.0,181.5,184.64999389648438,172.80442810058594,712697,KGH.WA,-0.004850493885588225,1.9318894157678288,193.29750061035156,193.87300048828126,146.14904987335206,0.38681882024751624,2.2588406545346658,-0.14474294063659432
2021-03-18,184.89999389648438,190.8000030517578,183.60000610351562,189.75,177.57725524902344,501973,KGH.WA,0.027619855250982095,1.9852479217922405,192.98500061035156,193.35000061035157,146.65679988861083,0.39719174602161156,2.2588406545346658,-0.12112086445459647
2021-03-19,188.6999969482422,188.6999969482422,184.0,184.25,172.43008422851562,831307,KGH.WA,-0.02898550724637683,1.927704503769277,191.82250061035157,192.78300048828126,147.1204499053955,0.33922805630894126,2.2588406545346658,-0.14659562200663712
2021-03-22,182.10000610351562,186.1999969482422,181.0,181.0,169.38858032226562,406015,KGH.WA,-0.01763907734056991,1.8937015749375259,190.35750045776368,192.29300048828125,147.5714498901367,0.33381617961938026,2.2588406545346658,-0.16164888783284304
2021-03-23,180.0,181.60000610351562,175.5,177.0500030517578,165.6919708251953,404464,KGH.WA,-0.02182318755934909,1.8523749702862295,189.13000030517577,191.7140005493164,148.0135998916626,0.3139465898602815,2.2588406545346658,-0.17994438139425573
2021-03-24,176.0,177.0,171.60000610351562,174.6999969482422,163.49273681640625,592438,KGH.WA,-0.013273120943288808,1.8277881732732995,187.69500045776368,191.14600036621093,148.4375998687744,0.30953841479681143,2.2588406545346658,-0.19082907880023325
2021-03-25,171.4499969482422,173.5,166.0,166.6999969482422,156.00595092773438,766939,KGH.WA,-0.045792788435881526,1.7440886561489888,186.03000030517578,190.38000030517577,148.82159984588623,0.33713020915166864,2.2588406545346658,-0.22788327160320165
2021-03-26,170.1999969482422,177.3000030517578,169.5,176.8000030517578,165.4580078125,736889,KGH.WA,0.060587920146462304,1.8497593603760945,185.4025001525879,189.9550003051758,149.26859985351564,0.37796890049267734,2.2588406545346658,-0.18110232491934874
2021-03-29,177.0,183.3000030517578,176.0500030517578,181.0,169.38858032226562,626205,KGH.WA,0.023755638437475968,1.8937015749375257,184.7025001525879,189.57300018310548,149.74909984588624,0.37148685112381874,2.2588406545346658,-0.16164888783284315
2021-03-30,180.5,187.3000030517578,180.14999389648438,181.0,169.38858032226562,794984,KGH.WA,0.0,1.8937015749375257,184.04000015258788,189.28100006103514,150.21549983978272,0.3716846850334782,2.2588406545346658,-0.16164888783284315
2021-03-31,183.0,190.5,182.39999389648438,190.1999969482422,177.99838256835938,861593,KGH.WA,0.05082871242122766,1.989955987701651,183.9724998474121,189.12200012207032,150.7323998260498,0.4155549423128115,2.2588406545346658,-0.11903658024448227
2021-04-01,190.0,193.85000610351562,188.1999969482422,190.39999389648438,178.185546875,372144,KGH.WA,0.001051508682708313,1.9920484437009267,184.18749923706054,189.0770001220703,151.25189979553224,0.4017601655044198,2.2588406545346658,-0.11811023955946098
2021-04-06,195.60000610351562,200.60000610351562,195.3000030517578,199.9499969482422,187.12289428710938,576519,KGH.WA,0.05015758066121534,2.0919647741969043,184.92499923706055,189.31899993896485,151.81214977264403,0.43629893616301374,2.2588406545346658,-0.07387678276586485
2021-04-07,199.89999389648438,200.1999969482422,195.85000610351562,198.0,185.29798889160156,342899,KGH.WA,-0.00975242299577006,2.0715630488266856,185.43249893188477,189.48,152.3675497817993,0.43725864336471193,2.2588406545346658,-0.08290872812653549
2021-04-08,199.10000610351562,199.6999969482422,195.10000610351562,199.1999969482422,186.42100524902344,538416,KGH.WA,0.006060590647687825,2.0841179444665,185.94249877929687,189.61699981689452,152.91404975891112,0.43725287615792596,2.2588406545346658,-0.07735061334114313
2021-04-09,199.0,199.0,191.75,192.14999389648438,179.82327270507812,560930,KGH.WA,-0.03539158212733107,2.0103577130718695,186.05499877929688,189.95899963378906,153.4319997406006,0.4578370492493397,2.2588406545346658,-0.11000463488381174
2021-04-12,191.0,191.25,185.5,186.3000030517578,174.3485870361328,614396,KGH.WA,-0.030444918191764758,1.949152536961213,185.79249877929686,189.97999969482422,153.9141997528076,0.47000868222511216,2.2588406545346658,-0.137100470965824
2021-04-13,185.10000610351562,191.5,184.75,186.5,174.53575134277344,549314,KGH.WA,0.001073520906956782,1.9512449929604887,185.62749862670898,189.94199981689454,154.40329975128174,0.46905430608086884,2.2588406545346658,-0.1361741302808026
2021-04-14,189.10000610351562,195.9499969482422,188.75,195.75,183.19235229492188,505922,KGH.WA,0.04959785522788196,2.0480225596354726,186.04499893188478,189.9529998779297,154.92974975585938,0.498717682099678,2.2588406545346658,-0.09333021985237067
2021-04-15,197.85000610351562,201.1999969482422,195.5,201.1999969482422,188.29273986816406,533094,KGH.WA,0.027841619148108343,2.1050428237475773,186.82749862670897,190.31699981689454,155.48124973297118,0.5041012864134446,2.2588406545346658,-0.0680870651404013
2021-04-16,200.8000030517578,204.3000030517578,198.3000030517578,199.5,186.70176696777344,416021,KGH.WA,-0.008449289135324944,2.087256708287493,187.56999893188475,190.66199981689454,156.01394973754884,0.5051503590958347,2.2588406545346658,-0.07596106697597926
2021-04-19,203.10000610351562,207.3000030517578,198.1999969482422,198.6999969482422,185.95310974121094,440108,KGH.WA,-0.004010040359688327,2.07888672464623,188.0174987792969,191.0129998779297,156.53054973602295,0.4982564992547758,2.2588406545346658,-0.07966650039132905
2021-04-20,200.0,201.6999969482422,196.3000030517578,196.9499969482422,184.31536865234375,287375,KGH.WA,-0.008807247241457428,2.060577455275287,188.652498626709,191.15199981689454,157.043999710083,0.48620230227520633,2.2588406545346658,-0.0877721050669783
2021-04-21,197.85000610351562,197.85000610351562,192.0500030517578,196.8000030517578,184.17498779296875,395343,KGH.WA,-0.0007615836446231983,2.0590081531868702,189.44249877929687,191.22199981689454,157.5429997253418,0.47999287177895333,2.2588406545346658,-0.0884668429119283
2021-04-22,198.39999389648438,199.6999969482422,197.0,197.60000610351562,184.92367553710938,217224,KGH.WA,0.004065056094269437,2.067378136828133,190.46999893188476,191.32,158.04599975585938,0.46976266201746486,2.2588406545346658,-0.08476140949657873
2021-04-23,197.60000610351562,201.0,195.64999389648438,200.89999389648438,188.011962890625,478783,KGH.WA,0.01670034256598152,2.1019040599265835,191.77999877929688,191.50399993896485,158.56449974060058,0.46555261440531226,2.2588406545346658,-0.0694766115055655
2021-04-26,203.39999389648438,204.89999389648438,201.5,204.60000610351562,191.474609375,320455,KGH.WA,0.0184171842679981,2.1406152143119046,193.67499923706055,191.71,159.08049976348877,0.4219724697358696,2.2588406545346658,-0.05233899079398152
2021-04-27,206.60000610351562,209.0,204.1999969482422,206.10000610351562,192.87838745117188,518709,KGH.WA,0.007331378080414508,2.1563088737727125,195.13999938964844,192.04300018310548,159.60099979400636,0.3784395147047072,2.2588406545346658,-0.04539132964342518
2021-04-28,203.1999969482422,207.0,201.6999969482422,205.0,191.84893798828125,407575,KGH.WA,-0.005337244400483554,2.144800126310456,196.33999938964843,192.24300018310547,160.08724979400634,0.3764221020988072,2.2588406545346658,-0.050486309423938946
2021-04-29,208.0,208.3000030517578,200.10000610351562,200.10000610351562,187.2633056640625,376216,KGH.WA,-0.023902409251143286,2.0935342359294795,197.2949996948242,192.34800018310546,160.55999980926515,0.39117642611569664,2.2588406545346658,-0.07318197424565143
2021-04-30,201.1999969482422,203.3000030517578,194.60000610351562,194.60000610351562,182.1161346435547,722249,KGH.WA,-0.027486256033169454,2.0359908179065163,197.5150001525879,192.37400024414063,160.99749984741212,0.36843446717846673,2.2588406545346658,-0.09865673179769197
2021-05-04,197.0,200.39999389648438,195.75,197.60000610351562,184.92367553710938,404014,KGH.WA,0.015416237954299916,2.067378136828133,197.87500076293946,192.40600036621095,161.4504998779297,0.37176874820758066,2.2588406545346658,-0.08476140949657873
2021-05-05,200.5,209.39999389648438,199.9499969482422,209.39999389648438,195.9666748046875,616324,KGH.WA,0.059716535569271034,2.1908347968711634,198.34750061035157,192.44400024414062,161.96124984741212,0.3892877327190165,2.2588406545346658,-0.030106531652411728
2021-05-06,210.0,213.5,206.8000030517578,211.5,197.9319610595703,564874,KGH.WA,0.010028682735080396,2.2128059839739587,199.02250061035156,192.46800018310546,162.4657498550415,0.38729430240254187,2.2588406545346658,-0.020379777771526997
2021-05-07,215.0,224.5,214.10000610351562,220.1999969482422,206.07383728027344,908990,KGH.WA,0.0411347373439348,2.3038291769178145,200.07250061035157,192.84,163.00174983978272,0.4096370791002907,2.3038291769178145,0.0
2021-05-10,228.10000610351562,230.8000030517578,217.10000610351562,218.5,204.48289489746094,832796,KGH.WA,-0.007720240562227532,2.2860430614577303,201.39000091552734,193.1420001220703,163.5192498397827,0.3841290483703034,2.3038291769178145,-0.007720240562227532
2021-05-11,219.0,223.8000030517578,215.5,221.3000030517578,207.103271484375,510161,KGH.WA,0.012814659275779405,2.3153379243800707,203.14000091552734,193.56800018310548,164.0307498550415,0.3584508956974305,2.3153379243800707,0.0
2021-05-12,221.5,223.1999969482422,218.5,221.1999969482422,207.0096893310547,356432,KGH.WA,-0.0004519028564686778,2.314291616558353,204.87500076293946,194.205,164.5407498550415,0.35893226747259666,2.3153379243800707,-0.0004519028564686778
2021-05-13,220.0,225.3000030517578,215.1999969482422,223.8000030517578,209.4429168701172,867143,KGH.WA,0.011754096471004782,2.3414940234814177,206.27750091552736,194.78100006103514,165.00774990081788,0.3254677292523277,2.3414940234814177,0.0
2021-05-14,223.5,223.8000030517578,210.3000030517578,212.0,198.39988708496094,807047,KGH.WA,-0.05272566081703245,2.218037203794228,206.81750106811523,195.13600006103516,165.42049991607666,0.37814406959856517,2.3414940234814177,-0.05272566081703234
2021-05-17,213.39999389648438,215.0,208.10000610351562,214.10000610351562,200.36517333984375,478516,KGH.WA,0.009905689167526432,2.240008390897023,207.54750137329103,195.58700012207032,165.83399997711183,0.3764554868683902,2.3414940234814177,-0.0433422556567119
2021-05-18,219.10000610351562,220.5,213.0,214.0,200.27157592773438,537734,KGH.WA,-0.00046709995639737656,2.2389620830753056,208.3125015258789,196.145,166.27449996948243,0.37568938254684925,2.3414940234814177,-0.04378911044738176
2021-05-19,208.89999389648438,210.8000030517578,201.0,202.0,189.04141235351562,889191,KGH.WA,-0.05607476635514019,2.11341280738884,208.56500167846679,196.48100006103516,166.65424995422364,0.43049773789467527,2.3414940234814177,-0.09740841266528544
2021-05-20,204.60000610351562,205.8000030517578,196.89999389648438,199.5,186.70176696777344,903538,KGH.WA,-0.012376237623762387,2.087256708287493,208.70000152587892,196.71399993896483,167.0009999847412,0.43331413614174563,2.3414940234814177,-0.10857910062734877
2021-05-21,197.75,201.39999389648438,195.60000610351562,198.0,185.29798889160156,453534,KGH.WA,-0.007518796992481258,2.0715630488266847,208.72000122070312,196.89399993896484,167.34375,0.4341905926097336,2.3414940234814177,-0.11528151340458681
2021-05-24,197.89999389648438,201.10000610351562,195.1999969482422,199.60000610351562,186.7953643798828,464903,KGH.WA,0.00808083890664446,2.0883030161092107,208.65500183105468,197.08800018310546,167.65575004577636,0.43098013547814074,2.3414940234814177,-0.10813224583667891
2021-05-25,201.39999389648438,202.39999389648438,191.6999969482422,195.85000610351562,183.28594970703125,911302,KGH.WA,-0.01878757457580038,2.04906886745719,208.21750183105468,197.17400024414061,167.93825004577636,0.4301573271072138,2.3414940234814177,-0.12488827777977385
2021-05-26,196.4499969482422,198.9499969482422,194.3000030517578,198.8000030517578,186.04669189453125,510690,KGH.WA,0.015062531816736113,2.0799330324679475,207.8525016784668,197.35400024414062,168.25225006103517,0.4332065486383429,2.3414940234814177,-0.11170687962063297
2021-05-27,198.8000030517578,201.6999969482422,197.1999969482422,200.0,187.16970825195312,1582034,KGH.WA,0.006036201860267321,2.092487928107762,207.6025016784668,197.60600036621094,168.56225006103514,0.43373267434500495,2.3414940234814177,-0.10634496303493635
2021-05-28,200.5,203.5,200.0,202.89999389648438,189.8836669921875,1457736,KGH.WA,0.014499969482421937,2.1228289392076607,207.74250106811525,197.95300018310547,168.9167500305176,0.42807881243595897,2.3414940234814177,-0.09338699227113034
2021-05-31,204.0,206.5,201.3000030517578,202.0,189.04141235351562,337348,KGH.WA,-0.004435652654299904,2.1134128073888396,208.11250076293945,198.3000003051758,169.255,0.4153343810911851,2.3414940234814177,-0.09740841266528566
2021-06-01,202.5,210.8000030517578,202.5,208.8000030517578,195.40516662597656,587952,KGH.WA,0.033663381444345664,2.1845574288733354,208.67250061035156,198.68100036621092,169.63150001525878,0.4278990286106858,2.3414940234814177,-0.06702412777237987
2021-06-02,208.89999389648438,209.89999389648438,205.1999969482422,209.5,196.0602569580078,751486,KGH.WA,0.003352475756758899,2.191881104692881,208.67750091552733,199.18600036621095,170.0190000152588,0.3721396262094836,2.3414940234814177,-0.06389634877909567
2021-06-04,204.0,204.89999389648438,200.5,204.3000030517578,191.19387817382812,900603,KGH.WA,-0.024820987819771823,2.137476450490911,208.31750106811523,199.6520004272461,170.36075004577637,0.38050846522124493,2.3414940234814177,-0.08713136610409355
2021-06-07,203.5,203.60000610351562,200.3000030517578,201.39999389648438,188.47988891601562,559004,KGH.WA,-0.014194856152492275,2.1071352797468528,207.37750091552735,200.13900024414062,170.68775001525879,0.34763949360150376,2.3414940234814177,-0.10008940504836816
2021-06-08,200.6999969482422,201.60000610351562,197.8000030517578,200.10000610351562,187.2633056640625,724916,KGH.WA,-0.006454755870732187,2.09353423592948,206.45750122070314,200.6470004272461,170.99700004577636,0.347499502247249,2.3414940234814177,-0.10589810824426626
2021-06-09,200.60000610351562,201.0,195.0,195.35000610351562,182.81802368164062,596789,KGH.WA,-0.02373813021046456,2.0438376476369204,205.160001373291,201.22000061035158,171.30225006103515,0.34804455958508296,2.3414940234814177,-0.1271224153721866
2021-06-10,196.0,199.8000030517578,194.35000610351562,197.39999389648438,184.73648071289062,587132,KGH.WA,0.010493922338975947,2.0652855211846974,203.97000122070312,201.63200042724608,171.62,0.3524926326671004,2.3414940234814177,-0.11796250578766942
2021-06-11,199.5,202.8000030517578,197.85000610351562,197.85000610351562,185.1576385498047,468112,KGH.WA,0.0022796971679099887,2.069993746738268,202.67250137329103,201.9690005493164,171.91975006103516,0.3479389825232774,2.3414940234814177,-0.11595172741012316
2021-06-14,196.89999389648438,198.85000610351562,194.5,197.5500030517578,184.8768768310547,427772,KGH.WA,-0.0015163156052714344,2.0668549829172744,201.95000152587892,202.30000061035156,172.23975006103515,0.3008503148200331,2.3414940234814177,-0.11729222360166436
2021-06-15,194.0,195.5500030517578,186.0500030517578,186.0500030517578,174.1146240234375,1104070,KGH.WA,-0.058213109705632426,1.9465369270510782,200.54750137329103,202.21700073242187,172.48275009155273,0.3535871501466336,2.3414940234814177,-0.1686773882271555
2021-06-16,185.0,187.5,182.5500030517578,185.5,173.5998992919922,871751,KGH.WA,-0.0029562109257520452,1.9407825533199499,199.12250137329102,202.11900085449219,172.73175010681152,0.3531099981580744,2.3414940234814177,-0.17113495321490313
2021-06-17,183.0,183.9499969482422,176.8000030517578,178.9499969482422,167.47007751464844,1149848,KGH.WA,-0.03530998949734665,1.8722535417455888,197.97000122070312,201.6990008544922,172.9432501220703,0.3209717677921427,2.3414940234814177,-0.2004021693116027
2021-06-18,177.0,181.6999969482422,176.5500030517578,178.9499969482422,168.88571166992188,1537953,KGH.WA,0.0,1.8722535417455888,196.94250106811523,201.31800079345703,173.15375007629393,0.3206366990789223,2.3414940234814177,-0.2004021693116027
2021-06-21,178.0,184.8000030517578,174.60000610351562,183.39999389648438,173.08544921875,582171,KGH.WA,0.02486726473389811,1.9188113662171546,196.21250076293944,201.00200073242186,173.38950004577637,0.3377157928201892,2.3414940234814177,-0.18051835837522368
2021-06-22,185.0,186.0,181.85000610351562,184.9499969482422,174.54827880859375,621357,KGH.WA,0.008451489113094901,1.9350281795888218,195.4800003051758,200.85800079345702,173.62325004577636,0.3378884112202946,2.3414940234814177,-0.17359251820265076
2021-06-23,188.0,190.85000610351562,183.5500030517578,189.5,178.84239196777344,510880,KGH.WA,0.024601260485725307,1.9826323118821052,195.1625,200.92200073242188,173.90500007629396,0.3469770481673634,2.3414940234814177,-0.15326185247560187
2021-06-24,186.60000610351562,190.60000610351562,186.39999389648438,189.9499969482422,179.26707458496094,379113,KGH.WA,0.0023746540804336913,1.9873403777915157,194.71999969482422,200.99100067138673,174.18225006103515,0.3418701376605076,2.3414940234814177,-0.1512511422785242
2021-06-25,190.0,192.5500030517578,188.39999389648438,189.6999969482422,179.0311279296875,343664,KGH.WA,-0.0013161358463623651,1.984724767881381,194.20499954223632,200.87000061035155,174.44575004577638,0.3405569851225208,2.3414940234814177,-0.15236821107473053
2021-06-28,189.0,190.1999969482422,185.89999389648438,187.89999389648438,177.33236694335938,423724,KGH.WA,-0.009488682555165884,1.9658923445995793,193.45499954223632,200.6040005493164,174.72950004577638,0.33535651889395574,2.3414940234814177,-0.16041112004350977
2021-06-29,187.14999389648438,187.85000610351562,184.10000610351562,185.64999389648438,175.20889282226562,450736,KGH.WA,-0.011974454886036545,1.942351855408367,192.63749923706055,200.3270004272461,174.97075004577636,0.33666541547708284,2.3414940234814177,-0.17046473920936678
2021-06-30,186.25,189.60000610351562,184.8000030517578,187.64999389648438,177.096435546875,529039,KGH.WA,0.010772960224901373,1.9632767346894446,191.5799987792969,200.10600036621094,175.2347499847412,0.3115759021146161,2.3414940234814177,-0.1615281888397161
2021-07-01,188.0,194.5,187.10000610351562,193.39999389648438,182.52304077148438,659725,KGH.WA,0.0306421539409798,2.0234357626225425,190.7749984741211,200.03500030517577,175.5194999694824,0.33557471488019436,2.3414940234814177,-0.13583560652697058
2021-07-02,193.39999389648438,194.25,191.0,191.14999389648438,180.3995819091797,257802,KGH.WA,-0.011633919705314466,1.9998952734313302,190.11749801635742,199.9220001220703,175.79099990844728,0.3277797125313775,2.3414940234814177,-0.14588922569282758
2021-07-05,192.5,194.8000030517578,190.75,191.4499969482422,180.68270874023438,191081,KGH.WA,0.0015694640927912396,2.0030340372523234,189.6199981689453,199.79899993896484,176.06674987792968,0.3254809253498097,2.3414940234814177,-0.1445487295012864
2021-07-06,194.35000610351562,194.8000030517578,186.5,186.5,176.0111083984375,261483,KGH.WA,-0.02585529917548346,1.951244992960488,188.93999786376952,199.51100006103516,176.3232498931885,0.3358634440691566,2.3414940234814177,-0.16666667803007817
2021-07-07,189.0,193.3000030517578,187.64999389648438,191.6999969482422,180.9186553955078,361955,KGH.WA,0.027882021170199334,2.005649647162458,188.75749740600585,199.25299987792968,176.6217498779297,0.34407771616194865,2.3414940234814177,-0.14343166070508018
2021-07-08,190.60000610351562,190.6999969482422,183.10000610351562,184.8000030517578,174.40672302246094,633624,KGH.WA,-0.03599370895320009,1.9334588775004038,188.12749786376952,198.82699981689453,176.87549987792968,0.3630362208244501,2.3414940234814177,-0.17426273220818755
2021-07-09,185.4499969482422,188.85000610351562,185.4499969482422,187.8000030517578,177.23800659179688,306134,KGH.WA,0.016233765965684377,1.96484619642202,187.62499771118163,198.4829998779297,177.17649990081787,0.36907738734625006,2.3414940234814177,-0.1608579066537117
2021-07-12,187.5,187.9499969482422,185.5,185.5,175.0673370361328,272965,KGH.WA,-0.012247087403528534,1.940782553319949,187.02249755859376,198.19099975585937,177.47024990081786,0.3707204437426972,2.3414940234814177,-0.17113495321490357
2021-07-13,186.60000610351562,188.35000610351562,185.3000030517578,187.39999389648438,176.86048889160156,223272,KGH.WA,0.010242554698028927,1.9606611247793089,187.0899971008301,198.04699951171875,177.8029998779297,0.3098399720045847,2.3414940234814177,-0.16264525763592286
2021-07-14,186.5,189.5500030517578,186.5,187.25,176.71893310546875,220491,KGH.WA,-0.0008003943509583555,1.9590918226908918,187.17749710083007,197.83999938964843,178.15549987792969,0.3096114595608439,2.3414940234814177,-0.16331547164145932
2021-07-15,188.0,190.35000610351562,185.60000610351562,189.5500030517578,178.8895721435547,284992,KGH.WA,0.01228306035651694,1.9831554657929629,187.70749740600587,197.4429995727539,178.5129998779297,0.28106942026888954,2.3414940234814177,-0.15303842508026744
2021-07-16,190.14999389648438,190.39999389648438,185.3000030517578,186.8000030517578,176.29425048828125,182365,KGH.WA,-0.014508045137034853,1.9543837567814812,188.09999771118163,196.94899963378907,178.83974990844726,0.2877818632907759,2.3414940234814177,-0.16532618183853698
2021-07-19,185.5,185.85000610351562,180.0500030517578,181.5,171.2923126220703,465137,KGH.WA,-0.028372606879933038,1.8989327947577936,188.00499801635743,196.1749996948242,179.15599990844726,0.2943966265012631,2.3414940234814177,-0.18900805395420484
2021-07-20,181.6999969482422,183.5500030517578,176.60000610351562,181.14999389648438,170.9619903564453,325904,KGH.WA,-0.0019284082838326722,1.8952708770259412,187.81499786376952,195.42799957275392,179.47174987792968,0.2925775709808698,2.3414940234814177,-0.19057197754108113
2021-07-21,181.60000610351562,186.85000610351562,180.35000610351562,184.75,174.35952758789062,395397,KGH.WA,0.019873067760481478,1.9329357235895448,187.57749786376954,194.69699951171876,179.81974987030029,0.2875551093133496,2.3414940234814177,-0.17448615960352254
2021-07-22,186.0,190.1999969482422,185.35000610351562,185.6999969482422,175.256103515625,369122,KGH.WA,0.0051420673788480364,1.9428750093192246,187.36499786376953,193.98699951171875,180.1732498550415,0.28816733024272434,2.3414940234814177,-0.17024131181403224
2021-07-23,186.6999969482422,190.64999389648438,186.6999969482422,190.1999969482422,179.50302124023438,356814,KGH.WA,0.02423263367771744,1.9899559877016493,187.38999786376954,193.31499938964845,180.53274982452393,0.3017167191107482,2.3414940234814177,-0.15013407348231833
2021-07-26,191.89999389648438,194.6999969482422,190.60000610351562,193.89999389648438,182.99493408203125,448739,KGH.WA,0.01945319141750068,2.028666982442811,187.68999786376952,192.95299926757812,180.91624980926514,0.30670740424338044,2.3414940234814177,-0.13360146893455838
2021-07-27,193.89999389648438,194.6999969482422,190.0,194.6999969482422,183.7499237060547,427981,KGH.WA,0.0041258539295514485,2.0370369660840737,188.14249801635742,192.56499908447265,181.28974979400635,0.3024464567977659,2.3414940234814177,-0.13002683515060454
2021-07-28,193.4499969482422,194.10000610351562,191.39999389648438,192.64999389648438,181.8152313232422,191004,KGH.WA,-0.010529034842783114,2.0155889328921375,188.39249801635742,192.13799896240235,181.67224975585938,0.30421724421341306,2.3414940234814177,-0.13918681291558999
2021-07-29,194.10000610351562,200.5,193.6999969482422,200.5,189.22373962402344,634526,KGH.WA,0.04074750247712755,2.097719147928031,188.74749832153321,192.10799896240235,182.07499977111817,0.31882460045220934,2.3414940234814177,-0.10411082544252392
2021-07-30,198.0,199.89999389648438,194.0,194.60000610351562,183.6555633544922,461543,KGH.WA,-0.029426403473737484,2.035990817906516,188.91999893188478,192.00999908447267,182.43849979400636,0.3347697131702643,2.3414940234814177,-0.1304736217608058
2021-08-02,195.75,197.10000610351562,194.9499969482422,196.0,184.97683715820312,125790,KGH.WA,0.007194213014256823,2.050638169545606,189.14749908447266,191.96999908447265,182.82349979400635,0.33546760869680875,2.3414940234814177,-0.12421806377423783
2021-08-03,196.89999389648438,198.9499969482422,192.8000030517578,196.3000030517578,185.2599639892578,447968,KGH.WA,0.0015306278150908348,2.0537769333665996,189.63749923706055,191.9039990234375,183.18249980926512,0.31968413493814385,2.3414940234814177,-0.12287756758269663
2021-08-04,197.0,199.89999389648438,196.0500030517578,198.25,187.10028076171875,380784,KGH.WA,0.009933759133605502,2.0741786587368183,189.96499938964843,191.95199890136718,183.55124980926513,0.3070744779414286,2.3414940234814177,-0.11416444460838093
2021-08-05,197.5,197.5,194.25,194.75,183.797119140625,341040,KGH.WA,-0.017654476670870167,2.0375601199949323,190.46249923706054,191.87099884033202,183.89324981689452,0.283051244277434,2.3414940234814177,-0.12980340775526966
2021-08-06,197.0,197.8000030517578,194.3000030517578,194.5,183.56118774414062,359362,KGH.WA,-0.0012836970474967568,2.034944510084798,190.79749908447266,191.76099884033204,184.24074981689452,0.27880302538113827,2.3414940234814177,-0.13092047655147587
2021-08-09,194.5,195.64999389648438,188.5,188.5,177.89862060546875,356860,KGH.WA,-0.03084832904884316,1.972169872241565,190.94749908447267,191.47299896240236,184.54224983215332,0.2984484907143252,2.3414940234814177,-0.1577301276604277
2021-08-10,189.5500030517578,192.9499969482422,188.5,192.4499969482422,181.62648010253906,264901,KGH.WA,0.02095489097210712,2.0134964768928616,191.19999923706055,191.2819989013672,184.84849983215332,0.3052084216514303,2.3414940234814177,-0.14008045431646132
2021-08-11,191.5,192.8000030517578,189.0500030517578,192.0500030517578,181.24896240234375,456860,KGH.WA,-0.002078430256311936,2.00931156489431,191.43999938964845,190.94699890136718,185.1732498550415,0.3053701863458873,2.3414940234814177,-0.1418677371182041
2021-08-12,192.89999389648438,193.85000610351562,190.64999389648438,191.89999389648438,181.10739135742188,237553,KGH.WA,-0.0007810942613367677,2.0077421031617333,191.55749893188477,190.59499877929687,185.50024982452393,0.30272849431513815,2.3414940234814177,-0.14253801930420906
2021-08-13,192.10000610351562,192.75,190.25,191.89999389648438,181.10739135742188,176829,KGH.WA,0.0,2.0077421031617333,191.8124984741211,190.3469985961914,185.83474979400634,0.29733767496212143,2.3414940234814177,-0.14253801930420906
2021-08-16,189.89999389648438,190.14999389648438,187.10000610351562,187.60000610351562,177.0492401123047,269920,KGH.WA,-0.022407441009551388,1.9627537404227442,192.11749877929688,190.07099884033204,186.1434998321533,0.29004986743770833,2.3414940234814177,-0.16175154805458303
2021-08-17,187.89999389648438,191.25,184.6999969482422,186.0500030517578,175.58642578125,459427,KGH.WA,-0.008262276126486556,1.946536927051077,192.36249923706055,189.78999877929687,186.4572498321533,0.29199818609570405,2.3414940234814177,-0.16867738822715594
2021-08-18,188.0,188.14999389648438,178.0,178.0,167.98915100097656,866656,KGH.WA,-0.043267954419320076,1.8623142560159076,192.02499923706054,189.44299865722655,186.7579998397827,0.3235992407873658,2.3414940234814177,-0.20464701710109356
2021-08-19,175.0,175.60000610351562,169.0,172.75,163.034423828125,1022433,KGH.WA,-0.0294943820224719,1.8073864479030788,191.37749938964845,188.94999877929686,187.03099983215333,0.3370189546734601,2.3414940234814177,-0.22810546182142655
2021-08-20,173.6999969482422,174.1999969482422,170.10000610351562,172.3000030517578,162.60972595214844,527289,KGH.WA,-0.002604902739462789,1.802678381993668,190.4824996948242,188.43899871826173,187.2914998626709,0.320920897909972,2.3414940234814177,-0.23011617201850432
2021-08-23,174.8000030517578,178.0,173.1999969482422,177.14999389648438,167.18695068359375,651645,KGH.WA,0.028148524427301647,1.8534211184637854,189.6449996948242,188.03099853515624,187.52249984741212,0.3309410915181509,2.3414940234814177,-0.2084450782803826
2021-08-24,178.5,180.89999389648438,176.0500030517578,180.60000610351562,170.44293212890625,535315,KGH.WA,0.019475090747376633,1.889516662938972,188.94000015258788,187.9219985961914,187.78349990844725,0.3404721371866502,2.3414940234814177,-0.19302947434836049
2021-08-25,179.9499969482422,180.4499969482422,177.85000610351562,180.10000610351562,169.97105407714844,357572,KGH.WA,-0.002768549186611957,1.8842854431187024,188.31250076293946,187.81399871826173,188.02249992370605,0.33946997784686034,2.3414940234814177,-0.19526361194077324
2021-08-26,178.6999969482422,179.35000610351562,177.10000610351562,177.10000610351562,167.13978576660156,248659,KGH.WA,-0.016657411984071224,1.8528981241970859,187.14250106811522,187.7769989013672,188.21874992370604,0.29987422464760466,2.3414940234814177,-0.20866843749524921
2021-08-27,178.0,181.0,176.39999389648438,181.0,170.8204345703125,324074,KGH.WA,0.022021421581458478,1.8937015749375234,186.46250076293944,187.81799896240236,188.43649993896486,0.3022003679782462,2.3414940234814177,-0.1912421915466178
2021-08-30,182.0,183.39999389648438,179.85000610351562,180.6999969482422,170.5373077392578,380199,KGH.WA,-0.001657475424076349,1.8905628111165298,185.69750061035157,187.7639990234375,188.66674995422363,0.2996911224064972,2.3414940234814177,-0.19258268773815923
2021-08-31,181.0,182.1999969482422,176.75,178.3000030517578,168.2722930908203,868538,KGH.WA,-0.013281648793673217,1.8654530198369006,184.79750061035156,187.63099914550781,188.885,0.30075127593681134,2.3414940234814177,-0.20330652090955248
2021-09-01,177.0,177.0,173.14999389648438,174.35000610351562,164.54444885253906,607851,KGH.WA,-0.022153656088808704,1.8241264151856043,183.60250091552734,187.32799926757812,189.0717500305176,0.3017148640035494,2.3414940234814177,-0.22095619425351876
2021-09-02,174.6999969482422,176.4499969482422,172.39999389648438,174.9499969482422,165.11068725585938,514424,KGH.WA,0.0034413009677232154,1.8304037831834319,182.61250076293945,187.02799926757814,189.26875,0.30041013701712177,2.3414940234814177,-0.21827527005090464
2021-09-03,175.8000030517578,178.0500030517578,174.4499969482422,176.8000030517578,166.85665893554688,364045,KGH.WA,0.010574484914469329,1.8497593603760927,181.72750091552734,186.76999938964843,189.42825004577637,0.3053557551111549,2.3414940234814177,-0.2100089336867904
2021-09-06,176.75,180.8000030517578,176.25,180.8000030517578,170.63168334960938,236642,KGH.WA,0.022624433998618354,1.891609118938248,181.34250106811524,186.6279995727539,189.61925003051758,0.30333684348744405,2.3414940234814177,-0.19213583294748904
2021-09-07,179.8000030517578,179.8000030517578,175.39999389648438,176.6999969482422,166.76226806640625,399244,KGH.WA,-0.022677024526055467,1.8487130525543751,180.55500106811525,186.44899963378907,189.7977500152588,0.2992292952800251,2.3414940234814177,-0.21045578847746027
2021-09-08,176.5500030517578,176.6999969482422,173.25,173.25,163.50628662109375,368310,KGH.WA,-0.019524601062968494,1.8126176677233483,179.61500091552733,186.16099975585936,189.9842500305176,0.3040429865876018,2.3414940234814177,-0.2258713242290138
2021-09-09,173.39999389648438,176.8000030517578,173.39999389648438,175.9499969482422,166.054443359375,354511,KGH.WA,0.015584397969651942,1.8408662228239714,178.81750106811523,185.81199981689454,190.1515000152588,0.3124613127588706,2.3414940234814177,-0.21380699486607901
2021-09-10,177.0500030517578,181.39999389648438,176.6999969482422,180.39999389648438,170.25418090820312,500750,KGH.WA,0.025291259024864843,1.887424047295537,178.24250106811525,185.59699981689454,190.3484999847412,0.32935092873707533,2.3414940234814177,-0.1939231839297002
2021-09-13,181.0,181.6999969482422,177.1999969482422,178.25,168.22509765625,490318,KGH.WA,-0.011917926658678635,1.8649298659260425,177.77500076293944,185.3329998779297,190.49974998474121,0.3231483969710595,2.3414940234814177,-0.20352994830488713
2021-09-14,177.5,177.5500030517578,174.4499969482422,174.4499969482422,164.63880920410156,677586,KGH.WA,-0.02131839019218973,1.825172563363163,177.19500045776368,185.09199981689454,190.61049995422363,0.32957314850599984,2.3414940234814177,-0.22050940764331706
2021-09-15,174.60000610351562,178.14999389648438,174.1999969482422,176.8000030517578,166.85665893554688,614430,KGH.WA,0.013470943792637913,1.8497593603760931,177.13500061035157,184.79399993896484,190.71599998474122,0.29763684448493016,2.3414940234814177,-0.2100089336867902
2021-09-16,175.0,175.6999969482422,169.60000610351562,170.9499969482422,161.33566284179688,876781,KGH.WA,-0.033088269245125757,1.7885540246212774,177.04500045776368,184.51699981689453,190.79375,0.302565509264853,2.3414940234814177,-0.23614837079020556
2021-09-17,172.0,172.89999389648438,167.39999389648438,167.64999389648438,158.22125244140625,1144578,KGH.WA,-0.019303908222688904,1.7540279418786675,176.8125,184.11399963378906,190.88699996948242,0.3099321263359673,2.3414940234814177,-0.25089369253622285
2021-09-20,165.60000610351562,165.60000610351562,157.8000030517578,159.0,150.0577392578125,933243,KGH.WA,-0.051595551514456495,1.6635279028456706,175.90500030517578,183.58399963378906,190.8969999694824,0.33783326869820995,2.3414940234814177,-0.2895442456127745
2021-09-21,159.35000610351562,163.8000030517578,155.75,155.75,146.99050903320312,777568,KGH.WA,-0.020440251572327095,1.6295249740139195,174.6625,182.95099975585939,190.8525,0.3287984872551447,2.3414940234814177,-0.30406613996345677
2021-09-22,161.0,164.25,159.6999969482422,163.1999969482422,154.02151489257812,667864,KGH.WA,0.047833046216643194,1.7074701174071016,173.81749954223633,182.46999969482422,190.8344999694824,0.38246226707640535,2.3414940234814177,-0.2707775034726019
2021-09-23,164.10000610351562,164.4499969482422,161.10000610351562,162.64999389648438,153.50244140625,710205,KGH.WA,-0.003370116801731604,1.7017157436759733,173.09499893188476,181.93199951171874,190.7707499694824,0.37982338929788806,2.3414940234814177,-0.2732350684603495
2021-09-24,162.9499969482422,163.9499969482422,160.39999389648438,160.4499969482422,151.42616271972656,433208,KGH.WA,-0.013525957766972518,1.6786984083956198,172.06749877929687,181.40499938964842,190.68699996948243,0.36834069382746787,2.3414940234814177,-0.28306526023087153
2021-09-27,162.0,163.0500030517578,157.0,158.4499969482422,149.53866577148438,572544,KGH.WA,-0.012464942586724703,1.6577735291145423,170.9549987792969,180.94399932861327,190.55924995422365,0.36874491043594537,2.3414940234814177,-0.2920018106005221
2021-09-28,158.0,159.85000610351562,154.8000030517578,155.10000610351562,146.37709045410156,451778,KGH.WA,-0.021142258815068593,1.622724452105233,169.79499893188478,180.4229995727539,190.4097499847412,0.3717643887951996,2.3414940234814177,-0.30697049156140577
2021-09-29,155.0,155.6999969482422,152.85000610351562,154.25,145.5748748779297,418235,KGH.WA,-0.005480374404036592,1.6138313145531114,168.78999862670898,179.8129995727539,190.23424995422363,0.3672466706832528,2.3414940234814177,-0.3107685527406947
2021-09-30,155.14999389648438,157.8000030517578,153.14999389648438,157.64999389648438,148.7836456298828,791381,KGH.WA,0.02204209981513361,1.6494035454732794,167.92499847412108,179.25199951171874,190.12574989318847,0.37922914896927995,2.3414940234814177,-0.29557644438447606
2021-10-01,156.0,158.1999969482422,155.3000030517578,156.10000610351562,147.32083129882812,484980,KGH.WA,-0.009831829070583442,1.6331868917457717,166.88999862670897,178.56999969482422,190.02149993896484,0.37506478863591436,2.3414940234814177,-0.3025022163765806
2021-10-04,155.5,161.3000030517578,153.0500030517578,157.64999389648438,148.7836456298828,662950,KGH.WA,0.009929453762743012,1.6494035454732794,165.7324981689453,177.84499969482422,189.88474990844728,0.3648075480927656,2.3414940234814177,-0.29557644438447606
2021-10-05,157.0,157.35000610351562,154.14999389648438,156.89999389648438,148.07583618164062,520109,KGH.WA,-0.0047573741137755254,1.6415567157428752,164.74249801635742,177.08899963378906,189.7452498626709,0.3598295794756088,2.3414940234814177,-0.298927650773095
2021-10-06,156.1999969482422,156.39999389648438,150.14999389648438,150.14999389648438,141.7054443359375,1003483,KGH.WA,-0.043021034178327255,1.5709352481692382,163.58749771118164,176.23899963378906,189.56174980163576,0.3808703355139559,2.3414940234814177,-0.32908850827066594
2021-10-07,151.5,157.6999969482422,151.5,155.5,146.75457763671875,1247297,KGH.WA,0.035631077728874194,1.6269093641037846,162.56499786376952,175.33899963378906,189.40974983215332,0.40256481313549947,2.3414940234814177,-0.3051832087596631
2021-10-08,156.89999389648438,157.89999389648438,153.6999969482422,153.75,145.1029815673828,1059172,KGH.WA,-0.0112540192926045,1.6086000947328416,161.2324981689453,174.52199951171875,189.2684998321533,0.38560968746466195,2.3414940234814177,-0.31300269033310746
2021-10-11,155.60000610351562,164.8000030517578,155.39999389648438,164.8000030517578,155.5315399169922,1198491,KGH.WA,0.07186993854801838,1.7242100846896276,160.55999832153321,173.89799957275392,189.18699981689454,0.47721423519819595,2.3414940234814177,-0.263628235904694
2021-10-12,162.8000030517578,164.60000610351562,160.5,163.0,153.832763671875,1010613,KGH.WA,-0.01092234841277584,1.7053776614078258,159.98749847412108,173.23199951171875,189.07574981689453,0.47347538230283964,2.3414940234814177,-0.2716711448734732
2021-10-13,163.0,165.85000610351562,161.5500030517578,162.5500030517578,153.40806579589844,938993,KGH.WA,-0.0027607174738784046,1.7006695954984152,159.2749984741211,172.5179995727539,188.94824981689453,0.4694882733153967,2.3414940234814177,-0.2736818550705509
2021-10-14,167.1999969482422,169.8000030517578,165.75,167.39999389648438,157.9853057861328,1424851,KGH.WA,0.029836916356022813,1.7514123319685326,159.0974983215332,171.9709994506836,188.85274978637696,0.47052502977045635,2.3414940234814177,-0.2520107613324293
2021-10-15,169.0,169.5500030517578,165.0,168.1999969482422,158.7403106689453,727739,KGH.WA,0.004778990925486504,1.7597823156097954,159.1249984741211,171.44499938964844,188.77874977111816,0.4655923723939964,2.3414940234814177,-0.24843612754847544
2021-10-18,170.5,174.5500030517578,169.5,169.6999969482422,160.15594482421875,1003272,KGH.WA,0.008917954977499587,1.7754759750706035,159.6599983215332,171.06899932861327,188.65349975585937,0.4233006853877183,2.3414940234814177,-0.2417337147712374
2021-10-19,173.5,174.1999969482422,167.14999389648438,168.0,158.55157470703125,746324,KGH.WA,-0.01001766045264385,1.7576898596105195,160.2724983215332,170.57999938964844,188.50874977111818,0.41702224816113065,2.3414940234814177,-0.24932976894934678
2021-10-20,166.5,170.75,165.10000610351562,170.4499969482422,160.86376953125,570362,KGH.WA,0.01458331516810829,1.7833228048010077,160.6349983215332,170.14799926757811,188.28149978637694,0.38636512395415235,2.3414940234814177,-0.23838250838261843
2021-10-21,166.5500030517578,167.75,160.10000610351562,160.10000610351562,151.0958709716797,697020,KGH.WA,-0.06072156661797645,1.6750366503079266,160.50749893188475,169.51199951171876,188.01899978637695,0.4467428688182898,2.3414940234814177,-0.28462911563727944
2021-10-22,161.0,163.85000610351562,159.10000610351562,162.14999389648438,153.0305633544922,576153,KGH.WA,0.012804420454820553,1.6964845238557036,160.59249877929688,168.91699951171876,187.80224975585938,0.44627084781751075,2.3414940234814177,-0.27546920605276226
2021-10-25,163.9499969482422,164.5,158.64999389648438,160.5,151.47337341308594,578944,KGH.WA,-0.010175725924095436,1.6792215623064783,160.69499893188475,168.37499938964845,187.5747497558594,0.44543468654566587,2.3414940234814177,-0.28284183283553666
2021-10-26,160.8000030517578,161.89999389648438,158.5,159.0500030517578,150.10491943359375,351360,KGH.WA,-0.009034248898705188,1.664051056756529,160.8924987792969,167.83499938964843,187.35449974060057,0.43947995662045325,2.3414940234814177,-0.2893208182174397
2021-10-27,157.64999389648438,157.64999389648438,153.1999969482422,155.10000610351562,146.37709045410156,534502,KGH.WA,-0.02483493789658575,1.6227244521052326,160.93499908447265,167.37699951171874,187.10499977111817,0.44889686362282255,2.3414940234814177,-0.306970491561406
2021-10-28,155.8000030517578,157.3000030517578,154.10000610351562,154.60000610351562,145.90518188476562,414184,KGH.WA,-0.00322372650112146,1.6174932322849631,160.78249969482422,167.01399963378907,186.88774978637696,0.44183330841210766,2.3414940234814177,-0.30920462915381863
2021-10-29,154.3000030517578,157.60000610351562,152.39999389648438,153.39999389648438,144.77267456054688,525730,KGH.WA,-0.007762045017176478,1.604938177000989,160.64749908447266,166.63599945068358,186.6542497253418,0.4413211376200523,2.3414940234814177,-0.31456661391998386
2021-11-02,151.0,151.85000610351562,148.4499969482422,149.39999389648438,140.9976348876953,652774,KGH.WA,-0.026075620333461225,1.5630884184388338,160.23499908447266,166.0809994506836,186.42324966430664,0.4484765316875668,2.3414940234814177,-0.3324397146592851
2021-11-03,151.60000610351562,154.8000030517578,150.8000030517578,152.35000610351562,143.78173828125,435588,KGH.WA,0.019745731777440545,1.5939527430937508,160.00749969482422,165.51599945068358,186.1942497253418,0.45508628677453017,2.3414940234814177,-0.31925824831967564
2021-11-04,153.89999389648438,156.39999389648438,151.25,152.0,143.451416015625,654018,KGH.WA,-0.002297381617942351,1.5902908253618984,160.1,164.9539993286133,185.99099975585938,0.42742804946476187,2.3414940234814177,-0.32082217190655193
2021-11-05,152.35000610351562,152.4499969482422,148.8000030517578,150.0,141.5638885498047,727921,KGH.WA,-0.013157894736842146,1.5693659460808207,159.825,164.41199920654296,185.8017497253418,0.40964506110852167,2.3414940234814177,-0.3297587222762026
2021-11-08,151.0,154.5,149.60000610351562,154.3000030517578,145.62205505371094,575595,KGH.WA,0.028666687011718706,1.6143544684639695,159.85250015258788,163.87799926757813,185.62349975585937,0.42136013644883685,2.3414940234814177,-0.31054512534536005
2021-11-09,154.3000030517578,156.5500030517578,150.89999389648438,152.10000610351562,143.54579162597656,695914,KGH.WA,-0.01425791901964013,1.591337133183616,159.21750030517578,163.3059994506836,185.42224975585938,0.3286042224400114,2.3414940234814177,-0.3203753171158821
2021-11-10,152.0,153.64999389648438,147.39999389648438,151.5500030517578,143.02671813964844,575159,KGH.WA,-0.003616061996628006,1.5855827594524876,158.64500045776367,162.7709994506836,185.30474975585938,0.3275241640424918,2.3414940234814177,-0.3228328821036297
2021-11-12,153.89999389648438,160.39999389648438,153.0,158.9499969482422,150.01052856445312,900920,KGH.WA,0.04882872812583905,1.6630047489348108,158.4650001525879,162.4629992675781,185.1732497406006,0.3764606375696783,2.3414940234814177,-0.2897676730081098
2021-11-15,160.39999389648438,160.5,152.10000610351562,152.75,144.15924072265625,719082,KGH.WA,-0.03900595827165099,1.598137655092302,157.73250045776368,162.0189993286133,184.99499977111816,0.38131137880781185,2.3414940234814177,-0.3174709655179331
2021-11-16,153.6999969482422,155.0,151.5,152.0500030517578,143.4986114501953,512363,KGH.WA,-0.004582631412387461,1.590813979272757,156.92500076293945,161.5239993286133,184.77924980163573,0.3798023864352105,2.3414940234814177,-0.32059874451121706
2021-11-17,152.0500030517578,154.85000610351562,144.6999969482422,150.5,142.03578186035156,1196522,KGH.WA,-0.010194034992752954,1.5745971659010898,155.96500091552736,160.91799926757812,184.61674980163573,0.37671937847298925,2.3414940234814177,-0.3275245846837901
2021-11-18,147.39999389648438,147.60000610351562,140.3000030517578,141.4499969482422,133.4947509765625,1257694,KGH.WA,-0.06013291064290904,1.4799120552253817,154.63750076293945,160.2129992675781,184.41274978637696,0.42341565478824067,2.3414940234814177,-0.3679624887425529
2021-11-19,144.14999389648438,146.64999389648438,140.60000610351562,142.85000610351562,134.81602478027344,864037,KGH.WA,0.009897555217238452,1.4945595665086318,153.25750122070312,159.60499938964844,184.2212498474121,0.4203841515934338,2.3414940234814177,-0.3617068625755163
2021-11-22,144.0,146.85000610351562,141.0,146.10000610351562,137.88323974609375,427644,KGH.WA,0.022751136584795884,1.528562495340383,152.55750122070313,159.0079995727539,184.00174987792968,0.3857320029492726,2.3414940234814177,-0.347184968224834
2021-11-23,146.10000610351562,146.5500030517578,142.75,144.85000610351562,136.7035369873047,616242,KGH.WA,-0.008555783352358959,1.5154844457897094,151.6925018310547,158.29699981689453,183.7594998931885,0.3805998706771052,2.3414940234814177,-0.35277031220586563
2021-11-24,145.0,146.9499969482422,142.85000610351562,143.3000030517578,135.24070739746094,455312,KGH.WA,-0.010700745505320297,1.4992676324180423,150.83250198364257,157.59799987792968,183.51249992370606,0.3806926974821149,2.3414940234814177,-0.35969615237843866
2021-11-25,144.85000610351562,145.10000610351562,142.0,142.6999969482422,134.67445373535156,320858,KGH.WA,-0.004187062740668046,1.4929901047760552,150.0150016784668,156.9629998779297,183.26749992370605,0.3804638499861616,2.3414940234814177,-0.3623771447615213
2021-11-26,139.3000030517578,139.3000030517578,132.5500030517578,133.10000610351562,125.61437225341797,1041862,KGH.WA,-0.06727393868276332,1.3925507800133785,148.9150016784668,156.08899993896483,182.96149993896483,0.43545804395614673,2.3414940234814177,-0.4052725456275631
2021-11-29,134.5,137.25,131.5,134.5500030517578,126.98281860351562,669266,KGH.WA,0.010894041185200987,1.407721285563328,147.9125015258789,155.36100006103516,182.68699996948243,0.4400515273207937,2.3414940234814177,-0.39879356024566004
2021-11-30,133.1999969482422,143.89999389648438,133.0,141.0500030517578,133.11724853515625,1552006,KGH.WA,0.04830917764825049,1.4757271432268304,147.29500198364258,154.82900024414062,182.4172499847412,0.4811007868716003,2.3414940234814177,-0.36974977154429545
2021-12-01,143.89999389648438,146.5,141.60000610351562,145.5,137.31698608398438,1044536,KGH.WA,0.0315490737466293,1.5222849676983963,147.10000228881836,154.55900024414063,182.17049995422363,0.4890471249315454,2.3414940234814177,-0.3498659606079164
2021-12-02,144.0500030517578,145.3000030517578,140.3000030517578,145.3000030517578,137.1282196044922,599243,KGH.WA,-0.0013745494724548557,1.5201925116991204,146.74750213623048,154.35000030517577,181.93049995422362,0.4829492070233298,2.3414940234814177,-0.35075960200878775
2021-12-03,145.8000030517578,146.0,139.1999969482422,139.1999969482422,131.37130737304688,668530,KGH.WA,-0.04198214711215609,1.4563715660341698,146.10750198364258,153.87000030517578,181.64649993896484,0.5034665511197008,2.3414940234814177,-0.37801610790840967
2021-12-06,139.5500030517578,141.6999969482422,138.0,139.5,131.65443420410156,289507,KGH.WA,0.002155194384590109,1.4595103298551635,145.58250198364257,153.4070004272461,181.30649993896483,0.5026680208129463,2.3414940234814177,-0.37667561171686825
2021-12-07,142.8000030517578,147.85000610351562,142.0500030517578,147.14999389648438,138.87417602539062,772031,KGH.WA,0.05483866592461917,1.5395479292476215,145.2250015258789,153.14100036621093,180.99074989318848,0.53234188732906,2.3414940234814177,-0.342493333825142
2021-12-08,147.3000030517578,148.35000610351562,144.35000610351562,145.39999389648438,137.2226104736328,356574,KGH.WA,-0.011892627064810313,1.5212386598766785,144.89000091552734,152.88000030517577,180.7097498321533,0.5316754128070118,2.3414940234814177,-0.3503128153985864
2021-12-09,146.0,146.0,140.0,141.5500030517578,133.58912658691406,607749,KGH.WA,-0.026478617650200986,1.4809583630470997,144.39000091552734,152.60900024414062,180.4004998779297,0.5389048139417575,2.3414940234814177,-0.3675156339518828
2021-12-10,141.5500030517578,143.14999389648438,140.8000030517578,142.25,134.249755859375,311939,KGH.WA,0.004945227362419979,1.488282038866645,143.55500106811525,152.36900024414064,180.1117498779297,0.5044972378883408,2.3414940234814177,-0.3643878549585988
2021-12-13,142.5500030517578,145.0500030517578,142.5500030517578,144.4499969482422,136.32601928710938,601834,KGH.WA,0.015465707896254344,1.5112993741469982,143.14000091552734,152.1050003051758,179.88724983215332,0.49278915394463624,2.3414940234814177,-0.3545576631880769
2021-12-14,144.5500030517578,145.8000030517578,142.14999389648438,144.3000030517578,136.18446350097656,285497,KGH.WA,-0.001038379367623743,1.5097300720585813,142.75250091552735,151.86900024414064,179.6337498474121,0.4927346204521153,2.3414940234814177,-0.35522787719361326
2021-12-15,143.25,143.25,136.0,136.1999969482422,128.54002380371094,637263,KGH.WA,-0.056133097243319496,1.4249842471125533,142.03750076293946,151.44000030517577,179.34349983215333,0.5283753605531494,2.3414940234814177,-0.39142093346288565
2021-12-16,139.5,143.39999389648438,139.5,143.14999389648438,135.09913635253906,595721,KGH.WA,0.051027878883751265,1.4976981706854662,142.12250061035155,151.1650003051758,179.10149978637696,0.5202648677542198,2.3414940234814177,-0.3603664345644434
2021-12-17,142.3000030517578,143.8000030517578,141.0500030517578,142.1999969482422,134.20257568359375,957433,KGH.WA,-0.0066363743538064845,1.4877588849557863,142.0900001525879,151.00600036621094,178.88199974060058,0.5198714151509627,2.3414940234814177,-0.3646112823539337
2021-12-20,139.0,139.0,134.60000610351562,135.8000030517578,128.16250610351562,715257,KGH.WA,-0.04500699039264988,1.4207993351140018,141.575,150.6120004272461,178.63499977111817,0.5364078359045978,2.3414940234814177,-0.3932082162646283
2021-12-21,139.0,139.39999389648438,136.5,137.1999969482422,129.48377990722656,411116,KGH.WA,0.010309233173954935,1.4354466867530922,141.19249954223633,150.28100036621095,178.3817497253418,0.5380420721329032,2.3414940234814177,-0.38695265827806025
2021-12-22,137.75,139.0,136.75,138.9499969482422,131.13534545898438,244594,KGH.WA,0.01275510232452981,1.4537559561240352,140.97499923706056,149.76400024414062,178.131499710083,0.539544059564388,2.3414940234814177,-0.379133176704616
2021-12-23,139.39999389648438,140.8000030517578,138.60000610351562,139.5500030517578,131.7016143798828,339996,KGH.WA,0.004318144056808526,1.4600334837660223,140.81749954223633,149.2950003051758,177.87974975585936,0.5397197877508889,2.3414940234814177,-0.3764521843215334
2021-12-27,138.5,138.89999389648438,136.25,137.9499969482422,130.1916046142578,363959,KGH.WA,-0.01146546806539439,1.4432935164834964,141.05999908447265,148.80300018310547,177.6117497253418,0.4814374487047997,2.3414940234814177,-0.3836014518894413
2021-12-28,138.0,141.1999969482422,137.64999389648438,139.6999969482422,131.84317016601562,488293,KGH.WA,0.012685755989226832,1.4616027858544391,141.31749877929687,148.24900024414063,177.3612496948242,0.4819069869284818,2.3414940234814177,-0.375781970315997
2021-12-29,139.5,141.75,138.85000610351562,141.6999969482422,133.73068237304688,269303,KGH.WA,0.014316392581890991,1.4825276651355168,141.3499984741211,147.71900024414063,177.132749710083,0.4531257597451165,2.3414940234814177,-0.36684541994634634
2021-12-30,141.6999969482422,141.6999969482422,138.60000610351562,139.39999389648438,131.56004333496094,290655,KGH.WA,-0.01623149683339742,1.4584640220334455,141.0449981689453,147.11300018310547,176.90199966430663,0.44145788322280516,2.3414940234814177,-0.37712246650753833
2022-01-03,140.75,144.5,139.10000610351562,140.0,132.1262969970703,379198,KGH.WA,0.004304204661308431,1.4647415496754326,140.7799980163574,146.55300018310547,176.6787496948242,0.44198543968809384,2.3414940234814177,-0.3744414741244557
2022-01-04,140.9499969482422,143.14999389648438,138.0,143.14999389648438,135.09913635253906,489513,KGH.WA,0.02249995640345981,1.497698170685466,140.97749786376954,146.0070001220703,176.44574966430665,0.42246380723927923,2.3414940234814177,-0.3603664345644434
2022-01-05,143.10000610351562,146.0,141.39999389648438,146.0,137.7888641357422,549243,KGH.WA,0.01990922965443187,1.5275161875186654,141.30249786376953,145.725,176.25449966430665,0.4273689819984064,2.3414940234814177,-0.3476318230155039
2022-01-07,144.0,144.14999389648438,141.1999969482422,141.5500030517578,133.58912658691406,630582,KGH.WA,-0.03047943115234375,1.4809583630470995,141.0224983215332,145.31300018310546,176.05724967956542,0.3952118152166373,2.3414940234814177,-0.3675156339518829
2022-01-10,142.85000610351562,143.35000610351562,138.5500030517578,138.8000030517578,130.99378967285156,361628,KGH.WA,-0.01942776362212062,1.4521866540356176,140.69249877929687,144.87900024414063,175.86599967956542,0.39869389007435513,2.3414940234814177,-0.37980339071015257
2022-01-11,140.64999389648438,146.25,139.4499969482422,143.10000610351562,135.05197143554688,654684,KGH.WA,0.030979848394919518,1.4971751764187664,140.76999893188477,144.56000030517578,175.7079997253418,0.40407120323312423,2.3414940234814177,-0.36058979377931
2022-01-12,146.39999389648438,155.3000030517578,146.25,155.3000030517578,146.56582641601562,1394547,KGH.WA,0.0852550414247848,1.6248169081045079,141.42249908447266,144.56400024414063,175.65099975585937,0.5032425720709921,2.3414940234814177,-0.3060768501605349
2022-01-13,157.0,157.64999389648438,152.3000030517578,152.4499969482422,143.87611389160156,729342,KGH.WA,-0.0183516165325881,1.5949988912713084,141.82249908447267,144.52100006103515,175.5292497253418,0.5080925674190575,2.3414940234814177,-0.3188114617094744
2022-01-14,151.5,154.1999969482422,149.60000610351562,151.0500030517578,142.55484008789062,542179,KGH.WA,-0.009183298947258667,1.5803515396322179,142.15999908447264,144.47400024414063,175.37949974060058,0.5098090152302277,2.3414940234814177,-0.32506701969604246
2022-01-17,151.64999389648438,153.5500030517578,150.75,153.5500030517578,144.91424560546875,353229,KGH.WA,0.016550810655352022,1.6065076387335648,143.02749938964843,144.5570004272461,175.24224975585938,0.4614095105000027,2.3414940234814177,-0.31389633173397924
2022-01-18,153.1999969482422,153.1999969482422,147.0,148.25,139.91232299804688,726998,KGH.WA,-0.03451646334367908,1.5510566767098772,143.28249969482422,144.47500030517577,175.03249977111815,0.4514970463276027,2.3414940234814177,-0.3375782038496471
2022-01-19,146.75,152.0,145.10000610351562,150.0500030517578,141.611083984375,634274,KGH.WA,0.012141673199040914,1.569889099991679,143.675,144.43600036621095,174.83074981689452,0.4515819648197188,2.3414940234814177,-0.32953529488086786
2022-01-20,152.25,153.6999969482422,148.60000610351562,151.0500030517578,142.55484008789062,542888,KGH.WA,0.006664445049395118,1.5803515396322179,144.4375,144.4570004272461,174.58624984741212,0.414334602795599,2.3414940234814177,-0.32506701969604246
2022-01-21,148.6999969482422,149.75,142.0,144.4499969482422,136.32601928710938,992882,KGH.WA,-0.043694180537382166,1.5112993741469978,144.8,144.2600003051758,174.31849983215332,0.4491630658169371,2.3414940234814177,-0.354557663188077
2022-01-24,141.0,143.85000610351562,133.6999969482422,135.0500030517578,127.45469665527344,1068172,KGH.WA,-0.06507437933593363,1.412952505383597,144.6050003051758,143.91900024414062,173.9977498626709,0.5077709338832569,2.3414940234814177,-0.3965594226532476
2022-01-25,137.10000610351562,139.0,135.4499969482422,138.3000030517578,130.52191162109375,710249,KGH.WA,0.024065160507656058,1.446955434215348,144.5425003051758,143.65400024414063,173.72849990844728,0.5152658392386512,2.3414940234814177,-0.3820375283025653
2022-01-26,140.0,144.1999969482422,140.0,142.6999969482422,134.67445373535156,618612,KGH.WA,0.03181485032099163,1.4929901047760545,144.78000030517578,143.32900024414062,173.51049987792967,0.5252460905460171,2.3414940234814177,-0.3623771447615215
2022-01-27,141.0,149.3000030517578,139.3000030517578,146.75,138.49668884277344,1155117,KGH.WA,0.028381241334060947,1.5353630172490687,145.13250045776368,143.2090002441406,173.31174987792969,0.5323047598239418,2.3414940234814177,-0.34428061662688525
2022-01-28,146.75,146.75,139.8000030517578,142.1999969482422,134.20257568359375,1162814,KGH.WA,-0.03100513152816231,1.4877588849557852,145.15750045776366,143.0120001220703,173.0439998626709,0.5437094797030388,2.3414940234814177,-0.36461128235393414
2022-01-31,143.10000610351562,144.5500030517578,138.10000610351562,139.5500030517578,131.7016143798828,916370,KGH.WA,-0.018635681809816895,1.4600334837660212,145.16500091552734,142.79300018310548,172.73574989318848,0.5447701732259326,2.3414940234814177,-0.3764521843215338
2022-02-01,141.3000030517578,143.9499969482422,139.1999969482422,142.75,134.72164916992188,769667,KGH.WA,0.02293082678798175,1.4935132586869133,145.30250091552733,142.81900024414062,172.45199989318849,0.5504284259321712,2.3414940234814177,-0.3621537173661866
2022-02-02,143.8000030517578,146.9499969482422,142.4499969482422,145.0,136.8450927734375,692980,KGH.WA,0.015761821366024442,1.5170537478781254,145.39500122070314,142.8620001220703,172.18349990844726,0.5475375870363571,2.3414940234814177,-0.3521000982003297
2022-02-03,145.1999969482422,145.9499969482422,143.10000610351562,144.3000030517578,136.18446350097656,314819,KGH.WA,-0.004827565160290925,1.5097300720585802,145.31000137329102,142.82600006103516,171.92024993896484,0.5433541839471832,2.3414940234814177,-0.3552278771936137
2022-02-04,143.6999969482422,144.75,139.89999389648438,139.89999389648438,132.0319366455078,534313,KGH.WA,-0.030492093293270628,1.463695241853714,145.22750091552734,142.72699981689453,171.6357498931885,0.5433635962688511,2.3414940234814177,-0.37488832891512613
2022-02-07,140.85000610351562,142.1999969482422,138.8000030517578,139.5,131.65443420410156,456105,KGH.WA,-0.002859141629272255,1.4595103298551622,145.26250076293945,142.65099975585937,171.3452498626709,0.5386825671824357,2.3414940234814177,-0.3766756117168689
2022-02-08,139.6999969482422,143.9499969482422,139.39999389648438,143.10000610351562,135.05197143554688,592512,KGH.WA,0.02580649536570334,1.4971751764187655,145.26250076293945,142.65899993896485,171.05624992370605,0.5351391454561051,2.3414940234814177,-0.36058979377931033
2022-02-09,143.10000610351562,146.39999389648438,142.8000030517578,145.64999389648438,137.4585418701172,653641,KGH.WA,0.017819620434705863,1.5238542697868116,144.78000030517578,142.90999969482422,170.7614998626709,0.43832346388662574,2.3414940234814177,-0.34919574660238073
2022-02-10,148.14999389648438,152.75,147.35000610351562,152.39999389648438,143.8289031982422,1442758,KGH.WA,0.04634397722527428,1.5944757373604486,144.7775001525879,143.26699951171875,170.49299980163573,0.46715801660413836,2.3414940234814177,-0.3190348891048098
2022-02-11,148.0,153.3000030517578,146.3000030517578,153.10000610351562,144.4895477294922,674863,KGH.WA,0.004593256135605461,1.6017995728241534,144.88000030517577,143.5079995727539,170.2334998321533,0.46596781605033705,2.3414940234814177,-0.31590704193105734
2022-02-14,149.5,151.35000610351562,145.25,150.6999969482422,142.22451782226562,753898,KGH.WA,-0.015676087913743864,1.5766896219003645,144.7375,143.61199951171875,169.98649978637695,0.46582602017917263,2.3414940234814177,-0.3266309432829192
2022-02-15,151.0,156.4499969482422,151.0,154.0,145.33892822265625,671752,KGH.WA,0.021897830912970706,1.6112157046429745,145.025,143.7859994506836,169.78349975585937,0.45411906457992707,2.3414940234814177,-0.3118856215369019
2022-02-16,156.0,157.10000610351562,152.6999969482422,154.3000030517578,145.62205505371094,516036,KGH.WA,0.0019480717646611634,1.6143544684639681,145.2375,144.08799957275392,169.56699974060058,0.4526274703255142,2.3414940234814177,-0.3105451253453606
2022-02-17,154.3000030517578,155.0,151.0,151.5,142.97952270507812,442881,KGH.WA,-0.018146487338814854,1.5850596055416275,145.2599998474121,144.3279995727539,169.27749977111816,0.4576228557717118,2.3414940234814177,-0.32305630949896524
2022-02-18,151.0500030517578,154.6999969482422,151.0500030517578,153.0500030517578,144.44236755371094,457066,KGH.WA,0.010231043245926053,1.6012764189132944,145.69000015258788,144.44599975585936,168.98524978637695,0.4275201300752563,2.3414940234814177,-0.3161304693263923
2022-02-21,154.5,155.6999969482422,149.10000610351562,152.4499969482422,143.87611389160156,493400,KGH.WA,-0.003920327288805869,1.5949988912713073,146.55999984741212,144.58699981689452,168.64649978637695,0.34506499999340945,2.3414940234814177,-0.31881146170947494
2022-02-22,148.35000610351562,157.85000610351562,147.60000610351562,157.5500030517578,148.68927001953125,756339,KGH.WA,0.033453632047281134,1.648357397295719,147.52249984741212,144.90699981689454,168.34174980163573,0.35299338500873445,2.3414940234814177,-0.2960232309946784
2022-02-23,158.35000610351562,160.5,151.0,151.0,142.5076446533203,897156,KGH.WA,-0.04157412202401567,1.579828385721358,147.9375,145.08199981689452,167.99024978637695,0.3790954535805554,2.3414940234814177,-0.3252904470913779
2022-02-24,143.25,146.10000610351562,140.3000030517578,142.39999389648438,134.39132690429688,1104184,KGH.WA,-0.056953682804739225,1.4898513409550604,147.71999969482422,145.0409997558594,167.59624977111815,0.4221890100250891,2.3414940234814177,-0.363717640953063
2022-02-25,147.5,158.0,146.39999389648438,155.6999969482422,146.94332885742188,1296274,KGH.WA,0.09339890183861987,1.6290018201030583,148.3949996948242,145.26899963378906,167.25574974060058,0.5241893752708708,2.3414940234814177,-0.30428956735879276
2022-02-28,154.0,165.5,153.8000030517578,165.5,156.19216918945312,1524426,KGH.WA,0.06294157510494713,1.7315337605091705,149.69249954223633,145.85499969482422,167.0232497406006,0.5544008070406897,2.3414940234814177,-0.2605004569114109
2022-03-01,166.5,171.9499969482422,161.25,166.14999389648438,156.80560302734375,929882,KGH.WA,0.003927455567881433,1.738334282417857,150.86249923706055,146.31499969482422,166.78349967956544,0.5522278268534625,2.3414940234814177,-0.2575961053134619
2022-03-02,168.0,179.5,166.3000030517578,176.5,166.57351684570312,1312005,KGH.WA,0.062293147660083203,1.8466205965550972,152.43749923706054,147.00099975585937,166.59599967956544,0.5844573064284013,2.3414940234814177,-0.2113494298783325
2022-03-03,179.5,182.5,173.6999969482422,176.25,166.3375701904297,1020778,KGH.WA,-0.0014164305949008194,1.8440049866449626,154.03499908447264,147.80999969482423,166.46724967956544,0.5833944743561631,2.3414940234814177,-0.21246649867453882
2022-03-04,176.5,179.64999389648438,171.64999389648438,178.1999969482422,168.1779022216797,993029,KGH.WA,0.011063812472296153,1.8644067120151815,155.94999923706055,148.62999969482422,166.36074966430664,0.5627806149027875,2.3414940234814177,-0.203753375700223
2022-03-07,181.5,193.60000610351562,174.64999389648438,176.0500030517578,166.14881896972656,1946717,KGH.WA,-0.012065061354119111,1.841912530645687,157.77749938964843,149.37199981689454,166.25099967956544,0.5671011399684943,2.3414940234814177,-0.21336014007541004
2022-03-08,182.0,182.5500030517578,171.1999969482422,173.1999969482422,163.4591064453125,749883,KGH.WA,-0.016188617177573916,1.8120945138124875,159.28249893188476,150.0449996948242,166.11899963378906,0.573390935281346,2.3414940234814177,-0.22609475162434955
2022-03-09,177.0,177.0,168.64999389648438,170.14999389648438,160.58062744140625,658380,KGH.WA,-0.017609717699182514,1.7801840409800123,160.50749893188475,150.68899963378905,165.99049957275392,0.5808879673125352,2.3414940234814177,-0.23972300457416051
2022-03-10,169.0,182.0,167.60000610351562,178.0,167.98915100097656,1264292,KGH.WA,0.04613580008878171,1.8623142560159056,161.78749923706056,151.4549996948242,165.8864995574951,0.5807081824250057,2.3414940234814177,-0.20464701710109445
2022-03-11,181.1999969482422,182.25,173.39999389648438,174.39999389648438,164.5916290283203,776717,KGH.WA,-0.020224753390537198,1.8246494094523023,162.85249862670898,152.10899963378907,165.75849952697754,0.58949117498165,2.3414940234814177,-0.22073283503865293
2022-03-14,172.0,173.85000610351562,167.5500030517578,167.5500030517578,158.1268768310547,622250,KGH.WA,-0.039277471814548326,1.7529817937011072,163.69499893188475,152.67199981689453,165.5817495727539,0.6073096127386423,2.3414940234814177,-0.2513404791464252
2022-03-15,166.60000610351562,167.9499969482422,160.64999389648438,164.1999969482422,154.9652862548828,824748,KGH.WA,-0.0199940676962016,1.7179325570476383,164.2049987792969,153.15599975585937,165.3927495574951,0.610955058794493,2.3414940234814177,-0.2663092282877775
2022-03-16,167.9499969482422,171.0500030517578,166.39999389648438,171.0500030517578,161.43002319335938,1225142,KGH.WA,0.04171745572976371,1.7896003324429928,165.04249877929686,153.71399993896483,165.2039995574951,0.6254070176757485,2.3414940234814177,-0.2357015159995367
2022-03-17,173.0,176.4499969482422,170.10000610351562,176.4499969482422,166.5263214111328,683034,KGH.WA,0.03156968021129125,1.8460974426442385,166.28999862670898,154.32299987792967,165.03874954223633,0.624963074597315,2.3414940234814177,-0.21157285727366737
2022-03-18,176.3000030517578,178.35000610351562,170.3000030517578,171.14999389648438,161.52439880371094,1474981,KGH.WA,-0.030036855445865762,1.790646480620551,167.19499816894532,154.91499969482422,164.87299949645995,0.6395527204437426,2.3414940234814177,-0.23525472938933523
2022-03-21,171.1999969482422,176.75,171.14999389648438,174.89999389648438,165.06349182128906,533970,KGH.WA,0.021910605514062098,1.8298806292725716,168.31749801635743,155.63699951171876,164.74049949645996,0.6406164313592227,2.3414940234814177,-0.2184986974462403
2022-03-22,173.0,179.89999389648438,172.6999969482422,179.4499969482422,169.35760498046875,988102,KGH.WA,0.026014883993939808,1.877484761565855,169.41249771118163,156.3639993286133,164.63724945068358,0.6371779161693762,2.3414940234814177,-0.1981680317191914
2022-03-23,179.60000610351562,181.9499969482422,175.89999389648438,178.39999389648438,168.3666534423828,331331,KGH.WA,-0.005851229142459391,1.8664991680144574,170.78249740600586,156.8259991455078,164.55249938964843,0.6130084212413642,2.3414940234814177,-0.20285973429935167
2022-03-24,180.0,182.3000030517578,176.64999389648438,182.1999969482422,171.95294189453125,504793,KGH.WA,0.02130046626550186,1.9062564705773366,172.77249755859376,157.4209991455078,164.47649940490723,0.5620419353780047,2.3414940234814177,-0.18588027496092185
2022-03-25,182.0,182.60000610351562,176.0,177.35000610351562,167.375732421875,362602,KGH.WA,-0.026619050087604013,1.8555137341072192,173.85499801635743,157.94699920654296,164.37399940490724,0.49128667309370294,2.3414940234814177,-0.20755136869904345
2022-03-28,176.0,182.39999389648438,175.1999969482422,181.89999389648438,171.6697998046875,550563,KGH.WA,0.025655413794082538,1.9031177067563432,174.67499771118165,158.5139990234375,164.29574935913087,0.4511427967204161,2.3414940234814177,-0.18722077115246305
2022-03-29,182.0,182.39999389648438,176.3000030517578,177.0,167.04539489746094,901232,KGH.WA,-0.026937845304562558,1.851851816375367,175.2174980163574,159.0889990234375,164.25049934387206,0.4653019899396636,2.3414940234814177,-0.20911529228591963
2022-03-30,179.8000030517578,180.6999969482422,176.4499969482422,177.3000030517578,167.32852172851562,413036,KGH.WA,0.0016949324958068779,1.8549905801963606,175.25749816894532,159.6339990234375,164.20949935913086,0.4103459636963168,2.3414940234814177,-0.20777479609437832
2022-03-31,177.0,177.75,172.35000610351562,172.89999389648438,163.1759796142578,633065,KGH.WA,-0.024816746077488627,1.8089557499914943,175.08999786376953,160.07099884033204,164.17924934387207,0.42011779025205115,2.3414940234814177,-0.22743524781589075
2022-04-01,173.0,176.89999389648438,171.5,175.85000610351562,165.9600830078125,476658,KGH.WA,0.017061956686924118,1.8398200746464115,174.9724983215332,160.6989990234375,164.16374938964844,0.42286230953934406,2.3414940234814177,-0.21425378147628127
2022-04-04,175.85000610351562,176.39999389648438,172.1999969482422,174.4499969482422,164.63880920410156,230983,KGH.WA,-0.007961382466198597,1.8251725633631615,174.89249801635742,161.4869989013672,164.1189994049072,0.4216006129382649,2.3414940234814177,-0.22050940764331772
2022-04-05,175.0,176.14999389648438,172.14999389648438,173.3000030517578,163.55349731445312,353798,KGH.WA,-0.006592111875046713,1.8131408216342058,174.8974983215332,162.1869989013672,164.0607494354248,0.4181121155155325,2.3414940234814177,-0.22564789683367947
2022-04-06,172.6999969482422,173.0500030517578,165.10000610351562,170.4499969482422,160.86376953125,562875,KGH.WA,-0.016445505212509648,1.7833228048010064,174.9124984741211,162.7419989013672,163.96549942016603,0.417468521121676,2.3414940234814177,-0.23838250838261899
2022-04-07,171.0,171.6999969482422,165.0,165.0,155.7202911376953,531715,KGH.WA,-0.031974168646638934,1.7263025406889019,174.2624984741211,163.10699890136718,163.8407494354248,0.39550346824831123,2.3414940234814177,-0.2627345945038232
2022-04-08,167.10000610351562,169.5,165.64999389648438,167.0,157.6077880859375,536540,KGH.WA,0.0121212121212122,1.7472274199699795,173.8924987792969,163.60299896240235,163.7272494506836,0.3940144607637796,2.3414940234814177,-0.2537980441341725
2022-04-11,166.5,170.0,164.14999389648438,170.0,160.43907165527344,354359,KGH.WA,0.017964071856287456,1.778614738891596,174.01499862670897,164.2119989013672,163.63774948120118,0.37381445786740697,2.3414940234814177,-0.24039321857969653
2022-04-12,170.0,170.9499969482422,167.6999969482422,168.75,159.25938415527344,439318,KGH.WA,-0.007352941176470562,1.7655366893409226,174.24249877929688,164.73199890136718,163.55324951171875,0.36703484973618156,2.3414940234814177,-0.24597856256072825
2022-04-13,170.0,171.8000030517578,169.14999389648438,171.0,161.38284301757812,249946,KGH.WA,0.01333333333333342,1.789077178532135,174.239998626709,165.2519989013672,163.46999954223634,0.33863891099804966,2.3414940234814177,-0.23592494339487113
2022-04-14,171.5,172.6999969482422,168.6999969482422,170.89999389648438,161.2884521484375,192165,KGH.WA,-0.0005848310147112956,1.7880308707104173,173.9624984741211,165.78399871826173,163.35749954223633,0.31772438440147416,2.3414940234814177,-0.2363717981855411
2022-04-19,172.0,173.9499969482422,169.25,172.85000610351562,163.12879943847656,624043,KGH.WA,0.011410253228050893,1.8084327557247954,174.04749908447266,166.44299896240236,163.2659996032715,0.30185384341113525,2.3414940234814177,-0.22765860703075702
2022-04-20,173.8000030517578,173.8000030517578,168.10000610351562,168.10000610351562,158.6459503173828,575270,KGH.WA,-0.027480473429404073,1.7587361674322362,173.7074996948242,167.01499908447266,163.14924964904785,0.30662682840327904,2.3414940234814177,-0.24888291415867725
2022-04-21,169.60000610351562,169.8000030517578,161.6999969482422,161.6999969482422,152.6058807373047,708199,KGH.WA,-0.03807262892859342,1.6917764579462922,172.81999969482422,167.38699890136718,163.02524963378906,0.3138157275285527,2.3414940234814177,-0.27747991624984036
2022-04-22,160.6999969482422,160.6999969482422,150.75,150.75,142.27171325683594,882962,KGH.WA,-0.06771797869450258,1.5772127758112242,171.4375,167.4889990234375,162.82049964904786,0.38482672606250234,2.3414940234814177,-0.3264075158875839
2022-04-25,145.0,147.8000030517578,140.60000610351562,140.60000610351562,132.69256591796875,1128697,KGH.WA,-0.06732997609608204,1.4710190773174192,169.35750045776368,167.25299926757813,162.59949966430665,0.42183621438375873,2.3414940234814177,-0.3717604817413733
2022-04-26,145.0,145.0,138.60000610351562,138.60000610351562,130.80503845214844,1260894,KGH.WA,-0.014224750449352896,1.4500941980363415,167.42000045776368,166.9629992675781,162.35349967956543,0.41862870057446555,2.3414940234814177,-0.380697032111024
2022-04-27,140.0,144.3000030517578,138.25,143.5,135.42945861816406,1066443,KGH.WA,0.0353534897597676,1.5013600884173177,165.50000076293946,166.81899932861327,162.14349967956542,0.4313925815134349,2.3414940234814177,-0.35880251097756743
2022-04-28,144.60000610351562,146.8000030517578,140.39999389648438,142.85000610351562,134.81602478027344,1047201,KGH.WA,-0.0045295741915287735,1.4945595665086313,163.79250106811523,166.5959994506836,161.9207497406006,0.4280268453272229,2.3414940234814177,-0.36170686257551654
2022-04-29,145.0,146.5,143.8000030517578,144.9499969482422,136.79791259765625,580955,KGH.WA,0.014700670318521514,1.516530593967267,162.17500076293945,166.40899932861328,161.7092497253418,0.43529176964642863,2.3414940234814177,-0.3523235255956645
2022-05-02,142.10000610351562,143.0,138.60000610351562,139.9499969482422,132.07911682128906,366077,KGH.WA,-0.03449465405497987,1.4642183957645731,160.52750091552736,166.17799926757812,161.46124969482423,0.4410792308307653,2.3414940234814177,-0.37466490151979104
2022-05-04,140.14999389648438,140.64999389648438,134.25,139.0500030517578,131.22972106933594,542144,KGH.WA,-0.006430824695317527,1.454802263945752,158.68750076293946,165.89799926757811,161.22249969482422,0.429596128237443,2.3414940234814177,-0.37868632191394636
2022-05-05,144.0,144.6999969482422,133.0500030517578,133.39999389648438,125.8974838256836,1362224,KGH.WA,-0.04063293082539787,1.395689384190212,156.63500061035157,165.51699920654298,160.98199966430664,0.44169632118321456,2.3414940234814177,-0.4039321176164905
2022-05-06,132.8000030517578,132.8000030517578,124.0,127.94999694824219,120.75399780273438,1107811,KGH.WA,-0.04085455170613628,1.3386691200781076,154.36750030517578,164.92499908447266,160.71599967956544,0.45178474312561256,2.3414940234814177,-0.4282842037376947
2022-05-09,126.0,127.6500015258789,119.5999984741211,120.1500015258789,113.39268493652344,871088,KGH.WA,-0.06096127869013157,1.2570621387751528,151.8525005340576,164.30799911499022,160.39299968719482,0.48081614584682814,2.3414940234814177,-0.4631367297251916
2022-05-10,122.5,123.44999694824219,117.0,117.0,110.41983795166016,1242787,KGH.WA,-0.02621724083124899,1.2241054379430396,149.4525005340576,163.79999923706055,160.0494997024536,0.478850641373309,2.3414940234814177,-0.4772118033754382
2022-05-11,118.1500015258789,123.19999694824219,117.44999694824219,120.9000015258789,114.10050201416016,1237043,KGH.WA,0.03333334637503338,1.2649089685055568,147.14750061035156,163.10399932861327,159.70299972534178,0.5011269853200805,2.3414940234814177,-0.45978552333657274
2022-05-12,117.3499984741211,117.5999984741211,112.30000305175781,115.5999984741211,109.09857940673828,1295557,KGH.WA,-0.04383790723628189,1.2094580064818692,144.42750053405763,162.1059992980957,159.31149974822998,0.4942962261508811,2.3414940234814177,-0.4834673954522406
2022-05-13,120.0,121.30000305175781,117.19999694824219,119.19999694824219,112.49610900878906,1222898,KGH.WA,0.03114185572352768,1.247122773223393,141.95000038146972,161.16699935913087,158.93399974822998,0.523941707783781,2.3414940234814177,-0.4673816116049163
2022-05-16,119.30000305175781,124.9000015258789,118.44999694824219,124.5,117.49803924560547,964269,KGH.WA,0.04446311398866154,1.3025737352470803,139.62500038146973,160.12699935913085,158.59324977874755,0.5581481681713785,2.3414940234814177,-0.44369973948924846
2022-05-17,126.5,130.89999389648438,125.25,129.39999389648438,122.12245178222656,1179534,KGH.WA,0.039357380694653665,1.3538396256280567,137.55000038146972,159.18999923706053,158.23774974823,0.5891192560743376,2.3414940234814177,-0.4218052183557919
2022-05-18,129.3000030517578,131.0,127.69999694824219,130.6999969482422,123.34933471679688,1004731,KGH.WA,0.010046391909398267,1.3674408290895892,135.44249992370607,158.23999923706054,157.9182497024536,0.5883845210457271,2.3414940234814177,-0.41599644697942517
2022-05-19,128.10000610351562,134.25,127.30000305175781,133.35000610351562,125.85030364990234,983296,KGH.WA,0.020275510460209478,1.3951663899235127,133.70499992370605,157.3859992980957,157.60499973297118,0.5973831068519285,2.3414940234814177,-0.404155476831357
2022-05-20,135.5,137.9499969482422,132.35000610351562,133.5500030517578,126.03905487060547,485967,KGH.WA,0.0014997895694652819,1.3972588459227886,132.29750022888183,156.59299942016602,157.29124973297118,0.58991754739852,2.3414940234814177,-0.40326183543048566
2022-05-23,136.0,137.60000610351562,134.3000030517578,135.6999969482422,128.06813049316406,518917,KGH.WA,0.016098793316022153,1.4197530272922831,131.54500007629395,155.90399948120117,156.9784997177124,0.5528502798791822,2.3414940234814177,-0.3936550710552986
2022-05-24,134.64999389648438,137.4499969482422,132.85000610351562,135.14999389648438,127.54906463623047,483155,KGH.WA,-0.004053080796807884,1.4139986535611548,131.2724994659424,155.04699935913087,156.6804996871948,0.5009044797338048,2.3414940234814177,-0.39611263604304625
2022-05-25,137.0,137.8000030517578,134.1999969482422,137.0,129.29502868652344,419568,KGH.WA,0.013688540044867414,1.4333542307538154,131.1924991607666,154.29899948120118,156.39299968719482,0.5012978110042309,2.3414940234814177,-0.387846299678932
2022-05-26,136.5,142.60000610351562,135.5,141.64999389648438,133.68348693847656,581374,KGH.WA,0.03394156128820702,1.482004511224657,131.09999885559083,153.7809992980957,156.15874965667726,0.49999666559551764,2.3414940234814177,-0.36706884734168177
2022-05-27,142.60000610351562,145.0,141.4499969482422,144.75,136.60914611816406,602710,KGH.WA,0.02188497167024983,1.514438137967991,131.19499855041505,153.39199935913086,155.92024967193603,0.5057031270326403,2.3414940234814177,-0.35321716699653594
2022-05-30,146.1999969482422,147.10000610351562,143.5,146.5500030517578,138.30792236328125,410858,KGH.WA,0.012435254243577276,1.5332705612497928,131.2749988555908,152.90199935913085,155.69274967193604,0.5049612490601061,2.3414940234814177,-0.3451742580277566
2022-05-31,147.0,148.1999969482422,144.35000610351562,145.5500030517578,137.3641815185547,1499605,KGH.WA,-0.006823609547430887,1.522808121609254,131.5549991607666,152.28399948120116,155.4609997177124,0.4884208729657891,2.3414940234814177,-0.349642533212582
2022-06-01,145.0,145.0500030517578,140.39999389648438,141.75,133.7778778076172,622234,KGH.WA,-0.026107887132139185,1.4830508190463747,131.68999900817872,151.69599960327147,155.21024974822998,0.4980482975289646,2.3414940234814177,-0.3666219925510118
2022-06-02,142.0,146.89999389648438,142.0,146.89999389648438,138.63824462890625,339576,KGH.WA,0.03633152660659178,1.5369323193374858,132.3649990081787,151.13599960327147,155.00674968719483,0.48662676218995776,2.3414940234814177,-0.3436104026213488
2022-06-03,149.0,149.35000610351562,144.3000030517578,145.5500030517578,137.3641815185547,265310,KGH.WA,-0.009189863177787805,1.5228081216092542,133.2449993133545,150.4579997253418,154.8042496871948,0.4590061442946988,2.3414940234814177,-0.3496425332125819
2022-06-06,146.0,148.89999389648438,144.64999389648438,147.60000610351562,139.2988739013672,225490,KGH.WA,0.01408452771401758,1.5442561548011908,134.61749954223632,149.84199996948243,154.6522497177124,0.3829184207558565,2.3414940234814177,-0.3404825554475962
2022-06-07,144.5500030517578,149.6999969482422,144.1999969482422,149.6999969482422,141.28076171875,642685,KGH.WA,0.01422757966048982,1.5662271822598264,136.25249938964845,149.19199996948242,154.5369997024536,0.3573779528727457,2.3414940234814177,-0.33109921846774415
2022-06-08,148.5500030517578,149.0,144.60000610351562,146.6999969482422,138.44947814941406,398762,KGH.WA,-0.0200400805688542,1.5348398633382099,137.5424991607666,148.57899978637695,154.40899967193604,0.3664902503255944,2.3414940234814177,-0.34450404402222023
2022-06-09,147.0500030517578,149.39999389648438,144.4499969482422,146.64999389648438,138.4022979736328,632428,KGH.WA,-0.0003408524389776346,1.5343167094273509,139.09499893188476,147.87399978637694,154.25649967193604,0.30994896697586516,2.3414940234814177,-0.3447274714175552
2022-06-10,145.8000030517578,146.0,140.10000610351562,140.10000610351562,132.22068786621094,633063,KGH.WA,-0.04466408500222774,1.4657878574971492,140.13999938964844,147.13599990844727,154.05399967193603,0.36093913172174313,2.3414940234814177,-0.3739946193337863
2022-06-13,137.0,139.0,133.8000030517578,136.8000030517578,129.1062774658203,788889,KGH.WA,-0.023554624610933605,1.4312617747545393,140.75499954223633,146.32599990844727,153.83749965667724,0.35131585237748464,2.3414940234814177,-0.3887399410798035
2022-06-14,138.64999389648438,139.75,135.4499969482422,137.5500030517578,129.81410217285156,453015,KGH.WA,0.00548245601804731,1.4391086044849435,141.1625,145.61900009155272,153.63974964141846,0.32705989214408265,2.3414940234814177,-0.3853887346911845
2022-06-15,138.0,140.4499969482422,134.85000610351562,139.5,131.65443420410156,577313,KGH.WA,0.014176640530559892,1.4595103298551622,141.60250015258788,144.8919999694824,153.43224964141845,0.328521703779194,2.3414940234814177,-0.3766756117168689
2022-06-17,134.0,136.10000610351562,130.8000030517578,130.8000030517578,123.44371795654297,1517597,KGH.WA,-0.06236556952144934,1.3684871369113065,141.475,144.01900009155273,153.18274967193602,0.3964003621088405,2.3414940234814177,-0.4155495921887554
2022-06-20,132.0,132.0,124.30000305175781,124.3499984741211,117.35647583007812,774758,KGH.WA,-0.049311960452206094,1.3010043533365834,141.01499977111817,143.04,152.91299964904786,0.432142747464847,2.3414940234814177,-0.4443699875850192
2022-06-21,125.80000305175781,131.35000610351562,125.80000305175781,129.5,122.21683502197266,446116,KGH.WA,0.04141537265037187,1.354885933449774,140.70499992370605,142.22100006103517,152.68874961853027,0.45583618117094454,2.3414940234814177,-0.421358363565122
2022-06-22,127.0,127.5999984741211,119.5999984741211,120.0999984741211,113.34548950195312,956799,KGH.WA,-0.07258688436972127,1.2565389848642934,139.9525001525879,141.3230000305176,152.41449962615968,0.5203944106325371,2.3414940234814177,-0.4633601571205268
2022-06-23,120.0,120.0999984741211,113.0,114.30000305175781,107.87168884277344,1168250,KGH.WA,-0.04829305159077957,1.1958568828424163,138.81750030517577,140.26900009155273,152.10199962615968,0.5365518051097765,2.3414940234814177,-0.4892761327383731
2022-06-24,115.0,117.9000015258789,114.0,117.30000305175781,110.70296478271484,597398,KGH.WA,0.026246718459329577,1.2272442017640326,137.60000076293946,139.2150001525879,151.78449962615966,0.5291295278346925,2.3414940234814177,-0.47587130718389714
2022-06-27,119.19999694824219,123.5999984741211,118.94999694824219,122.94999694824219,116.03520202636719,608900,KGH.WA,0.04816703963759794,1.286356921875413,136.51000061035157,138.29900009155273,151.51574962615967,0.5568739820823965,2.3414940234814177,-0.4506255796618216
2022-06-28,125.0999984741211,129.0500030517578,124.44999694824219,125.75,118.677734375,1082607,KGH.WA,0.02277351054296095,1.3156517847977534,135.47000045776366,137.39400009155273,151.27824962615966,0.5629671655682027,2.3414940234814177,-0.43811439550821707
2022-06-29,122.5999984741211,126.0,120.0,124.5,117.49803924560547,653837,KGH.WA,-0.00994035785288272,1.3025737352470799,134.4175003051758,136.46600021362303,151.02099964141846,0.5630615436037502,2.3414940234814177,-0.4436997394892487
2022-06-30,123.0,124.0999984741211,117.6500015258789,118.9000015258789,112.21298217773438,1195167,KGH.WA,-0.04497990742265934,1.2439840892244787,133.27500038146974,135.3870001220703,150.71349967956542,0.5753294594718172,2.3414940234814177,-0.46872207370622354
2022-07-01,117.30000305175781,118.3499984741211,113.5999984741211,114.19999694824219,107.77731323242188,928561,KGH.WA,-0.03952905397241524,1.1948105750206985,131.6400005340576,134.30899993896483,150.39324966430664,0.5604183878378582,2.3414940234814177,-0.4897229875290431
2022-07-04,115.9000015258789,117.6500015258789,112.9000015258789,116.75,110.18389892578125,578951,KGH.WA,0.022329274254828002,1.2214898280329045,130.20000038146972,133.41,150.10474967956543,0.5734644920077785,2.3414940234814177,-0.47832887217164477
2022-07-05,116.9000015258789,117.0,103.0,103.0,97.20721435546875,1375731,KGH.WA,-0.11777301927194861,1.0776312829754962,127.97000007629394,132.455,149.73574966430664,0.6800865288389705,2.3414940234814177,-0.5397676559629927
2022-07-06,100.5999984741211,104.19999694824219,96.0999984741211,100.75,97.93626403808594,1107193,KGH.WA,-0.021844660194174748,1.0540907937842838,125.52250022888184,131.65799987792968,149.38474967956543,0.6701501373761375,2.3414940234814177,-0.5498212751288497
2022-07-07,102.9000015258789,112.0,102.69999694824219,111.80000305175781,108.67766571044922,1306823,KGH.WA,0.10967744964523884,1.1697007837410696,123.77750053405762,131.12199981689454,149.1054997253418,0.8103176178031587,2.3414940234814177,-0.5004468207004362
2022-07-08,111.5999984741211,112.0999984741211,106.69999694824219,111.6500015258789,108.53185272216797,806795,KGH.WA,-0.001341695185906766,1.1681314018305728,122.02750091552734,130.4849998474121,148.8687497329712,0.8101303617397768,2.3414940234814177,-0.5011170687962069
2022-07-11,107.0,108.55000305175781,104.6500015258789,106.75,103.7686996459961,528283,KGH.WA,-0.043887160402260705,1.1168654316275168,120.36000061035156,129.76299972534179,148.6237497329712,0.809723244487022,2.3414940234814177,-0.5230116240198978
2022-07-12,105.9000015258789,106.1500015258789,101.8499984741211,103.75,100.85247802734375,699065,KGH.WA,-0.02810304449648715,1.0854781127059003,118.70750045776367,128.93899978637694,148.32649974823,0.810725290360503,2.3414940234814177,-0.5364164495743737
2022-07-13,104.30000305175781,105.3499984741211,100.5999984741211,101.75,98.90834045410156,572080,KGH.WA,-0.01927710843373498,1.0645532334248227,116.91750030517578,128.1749998474121,148.02199977874756,0.8082075732532964,2.3414940234814177,-0.5453529999440243
2022-07-14,101.05000305175781,103.69999694824219,96.9000015258789,98.0999984741211,95.36026763916016,644080,KGH.WA,-0.035872250868588806,1.0263653127724401,114.84750022888184,127.35599975585937,147.71024978637695,0.8048117976407924,2.3414940234814177,-0.5616622111866836
2022-07-15,97.5,99.0999984741211,96.4000015258789,97.80000305175781,95.06865692138672,586932,KGH.WA,-0.003058057360137645,1.0232266287735263,113.19750022888184,126.64399993896484,147.40699981689454,0.7870526969740659,2.3414940234814177,-0.5630026732879907
2022-07-18,101.55000305175781,104.05000305175781,101.0999984741211,103.1500015258789,100.26924133300781,587775,KGH.WA,0.0547034591736133,1.0792006648859929,112.13750038146972,126.14800003051758,147.14724979400634,0.8101233277533114,2.3414940234814177,-0.5390974078672222
2022-07-19,101.0,104.6500015258789,100.5999984741211,104.5,101.58153533935547,469871,KGH.WA,0.013087721319930301,1.0933249424363043,110.88750038146972,125.835,146.89849979400634,0.79324306273014,2.3414940234814177,-0.5330652431857548
2022-07-20,106.1500015258789,107.5999984741211,105.0,107.5999984741211,104.59495544433594,541225,KGH.WA,0.029665057168623,1.1257584893575587,110.26250038146972,125.64699996948242,146.64824981689452,0.7679784386747245,2.3414940234814177,-0.5192135969308431
2022-07-21,107.4000015258789,107.5999984741211,103.5,104.80000305175781,101.87315368652344,533025,KGH.WA,-0.026022262658644046,1.096463706257298,109.78750038146973,125.325,146.39174980163574,0.7550415925157709,2.3414940234814177,-0.5317247469942135
2022-07-22,105.94999694824219,107.5,105.19999694824219,107.5,104.49774932861328,421821,KGH.WA,0.02576332890857591,1.1247122613579208,109.29750022888183,125.16300003051758,146.1409998321533,0.7547930454957271,2.3414940234814177,-0.5196604176312788
2022-07-25,107.0,107.0,102.30000305175781,103.0,100.12342834472656,403643,KGH.WA,-0.041860465116279055,1.0776312829754962,108.30000038146973,124.83900009155273,145.8714998626709,0.7409391793729355,2.3414940234814177,-0.5397676559629927
2022-07-26,105.25,107.80000305175781,103.25,104.0999984741211,101.19270324707031,713879,KGH.WA,0.01067959683612707,1.089139950615673,107.21750030517578,124.43100006103515,145.6412498855591,0.7355499816405887,2.3414940234814177,-0.5348525600777317
2022-07-27,104.75,105.1500015258789,99.4800033569336,101.55000305175781,98.71392822265625,604206,KGH.WA,-0.024495633619026402,1.0624607774255468,106.07000045776367,123.87400024414063,145.37149990081787,0.7377709249667744,2.3414940234814177,-0.5462466413448958
2022-07-28,104.80000305175781,109.69999694824219,104.4000015258789,109.05000305175781,106.00447082519531,1164014,KGH.WA,0.07385524150282308,1.1409290747295877,105.57750053405762,123.44100036621094,145.14799991607666,0.7804867670202428,2.3414940234814177,-0.512734577458706
2022-07-29,110.19999694824219,115.5,110.1500015258789,115.44999694824219,112.22572326660156,1077138,KGH.WA,0.058688617307482094,1.207888624571372,105.64000053405762,123.08300018310547,144.90124988555908,0.7974756317942971,2.3414940234814177,-0.48413764354801136
2022-08-01,115.44999694824219,115.9000015258789,112.6500015258789,115.44999694824219,112.22572326660156,554111,KGH.WA,0.0,1.207888624571372,105.57500038146972,122.72100006103516,144.66349987030029,0.7937617930624741,2.3414940234814177,-0.48413764354801136
2022-08-02,113.44999694824219,114.0,109.30000305175781,110.1500015258789,107.07373809814453,605676,KGH.WA,-0.04590728074890593,1.1524377423697643,105.93250045776367,122.2100001525879,144.4014998626709,0.6851413070679805,2.3414940234814177,-0.507819481573445
2022-08-03,110.0,110.94999694824219,107.6500015258789,109.75,106.6849136352539,463605,KGH.WA,-0.0036314255137339657,1.1482527505491327,106.38250045776367,121.7020002746582,144.11324989318848,0.6789730913108313,2.3414940234814177,-0.509606798465422
2022-08-04,110.0,111.75,108.3499984741211,109.5,106.44189453125,355189,KGH.WA,-0.002277904328018221,1.145637140638998,106.26750030517579,121.1520002746582,143.81974990844728,0.5553928660900624,2.3414940234814177,-0.5107238672616283
2022-08-05,111.5,111.9000015258789,106.25,109.0,105.95585632324219,382739,KGH.WA,-0.004566210045662156,1.1404059208187285,106.13500022888184,120.49900039672852,143.51624992370606,0.5555783195814549,2.3414940234814177,-0.5129580048540411
2022-08-08,110.1500015258789,115.0,109.5999984741211,115.0,111.78829193115234,384575,KGH.WA,0.05504587155963292,1.203180558661961,106.54750022888183,119.90400039672852,143.25124992370604,0.5643233018825016,2.3414940234814177,-0.48614835374508925
2022-08-09,114.75,114.9000015258789,112.30000305175781,113.44999694824219,110.28157806396484,248106,KGH.WA,-0.013478287406589629,1.1869637452902941,107.03250007629394,119.24200027465821,142.96624992370604,0.5554972195411534,2.3414940234814177,-0.49307419391766216
2022-08-10,112.0,114.69999694824219,109.30000305175781,113.3499984741211,110.18436431884766,477658,KGH.WA,-0.0008814321446540818,1.1859175172906562,107.6125,118.59800018310547,142.7324998855591,0.5486065074580487,2.3414940234814177,-0.49352101461809783
2022-08-11,114.5,115.9000015258789,113.05000305175781,115.9000015258789,112.66315460205078,544797,KGH.WA,0.022496718889149392,1.212596770302862,108.50250015258788,118.08100021362304,142.50124992370604,0.5283073470749965,2.3414940234814177,-0.4821268992606996
2022-08-12,115.30000305175781,115.75,111.94999694824219,113.55000305175781,110.3787841796875,404150,KGH.WA,-0.020276086653858827,1.1880100531120117,109.2900001525879,117.41400039672851,142.26649993896484,0.5369369184683953,2.3414940234814177,-0.4926273391269923
2022-08-16,113.25,115.1500015258789,112.0,112.80000305175781,109.64973449707031,423489,KGH.WA,-0.006605019637543674,1.1801632233816075,109.77250022888184,116.75900039672851,142.03524993896485,0.5096624689279154,2.3414940234814177,-0.49597854551561127
2022-08-17,113.0,113.05000305175781,108.4000015258789,108.75,105.71283721923828,323312,KGH.WA,-0.03590428140236379,1.1377903109085936,109.98500022888183,115.9820002746582,141.80349990844726,0.5286219474794607,2.3414940234814177,-0.5140750736502475
2022-08-18,107.0,108.5999984741211,101.0,106.19999694824219,103.23405456542969,1177032,KGH.WA,-0.023448303924209823,1.1111110578963876,109.9150001525879,115.1120002746582,141.5614998626709,0.5260546843828711,2.3414940234814177,-0.5254691890076457
2022-08-19,105.0,105.6500015258789,101.69999694824219,101.69999694824219,98.85973358154297,652652,KGH.WA,-0.0423728825735572,1.064030079513963,109.7599998474121,114.21200027465821,141.3029998779297,0.5397473502911699,2.3414940234814177,-0.5455764273393597
2022-08-22,101.5999984741211,102.4000015258789,99.0999984741211,102.0,99.15135192871094,473207,KGH.WA,0.0029498826033445003,1.0671688433349564,109.48499984741211,113.31900039672851,141.06599990844725,0.530767222230313,2.3414940234814177,-0.5442359311478184
2022-08-23,102.0,105.30000305175781,101.0999984741211,104.19999694824219,101.28990936279297,625637,KGH.WA,0.021568597531786082,1.0901861786153098,109.54499969482421,112.60100021362305,140.8252498626709,0.515274000123983,2.3414940234814177,-0.5344057393772965
2022-08-24,103.44999694824219,103.44999694824219,99.80000305175781,100.80000305175781,97.98487091064453,413939,KGH.WA,-0.032629500921897425,1.0546139476951417,109.37999992370605,111.88100021362305,140.56924987792968,0.52735502408044,2.3414940234814177,-0.5495978477335152
2022-08-25,101.94999694824219,103.5,99.5999984741211,102.0,99.15135192871094,507180,KGH.WA,0.011904731268966628,1.0671688433349564,109.40249977111816,111.17000015258789,140.3292498779297,0.5217296022796662,2.3414940234814177,-0.5442359311478184
2022-08-26,102.80000305175781,104.55000305175781,101.3499984741211,102.94999694824219,100.07482147216797,830267,KGH.WA,0.009313695571001812,1.0771081290646363,109.09749946594238,110.43900009155273,140.0724998474121,0.44664140846805245,2.3414940234814177,-0.5399910833583281
2022-08-29,99.9000015258789,99.9000015258789,95.30000305175781,96.23999786376953,93.55221557617188,830203,KGH.WA,-0.06517726355879438,1.0069051686552706,108.13699951171876,109.74779998779297,139.79319980621338,0.43790156333789915,2.3414940234814177,-0.5699732057576778
2022-08-30,96.45999908447266,97.19999694824219,93.76000213623047,93.76000213623047,91.1414794921875,701825,KGH.WA,-0.0257688672338664,0.980958363047099,107.05249977111816,109.13600006103516,139.50424980163575,0.440660784555051,2.3414940234814177,-0.5810545091255135
2022-08-31,94.0199966430664,94.5,88.41999816894531,88.5,86.02838134765625,1194587,KGH.WA,-0.056100704099684706,0.9259259081876826,105.96999969482422,108.31600006103515,139.15199981689454,0.45299563942342114,2.3414940234814177,-0.6045576461429603
2022-09-01,87.5,87.58000183105469,84.22000122070312,84.22000122070312,81.86791229248047,1233211,KGH.WA,-0.04836156812764836,0.8811466792977093,104.69349975585938,107.5984001159668,138.80934982299806,0.4714602615049995,2.3414940234814177,-0.6236818584795751
2022-09-02,86.0,87.62000274658203,83.69999694824219,87.62000274658203,85.17295837402344,538869,KGH.WA,0.040370475856073895,0.9167189900399572,103.59949989318848,107.06480010986328,138.48719982147216,0.5069669206058552,2.3414940234814177,-0.6084897160331222
2022-09-05,87.0,89.36000061035156,85.83999633789062,88.66000366210938,86.18392181396484,538996,KGH.WA,0.011869446278554463,0.9275999368447672,102.58250007629394,106.49200012207031,138.17799983978273,0.512882021843622,2.3414940234814177,-0.6038427057500757
2022-09-06,89.80000305175781,91.80000305175781,84.87999725341797,86.0,83.59819793701172,774623,KGH.WA,-0.030002295874550944,0.8997698090863356,101.13250007629395,105.75300018310547,137.9007498550415,0.456016512946022,2.3414940234814177,-0.6157283341050235
2022-09-07,84.94000244140625,86.18000030517578,83.0,84.5,82.14009094238281,627336,KGH.WA,-0.01744186046511631,0.8840761496255274,99.68500022888183,104.92800018310547,137.60899982452392,0.4561703091605116,2.3414940234814177,-0.6224307468822614
2022-09-08,86.0,87.5,84.66000366210938,85.80000305175781,83.4037857055664,600668,KGH.WA,0.015384651500092383,0.8976773530870596,98.30750045776367,104.15400024414062,137.30749980926512,0.4660284602904558,2.3414940234814177,-0.6166219755058948
2022-09-09,89.0,94.37999725341797,88.66000366210938,92.94000244140625,90.3443832397461,1143621,KGH.WA,0.08321677314325182,0.9723791657347403,97.15950050354004,103.63480026245117,137.0479497909546,0.5669871619087685,2.3414940234814177,-0.5847184934134609
2022-09-12,95.22000122070312,97.9800033569336,94.27999877929688,95.63999938964844,92.96897888183594,702723,KGH.WA,0.029050967046664322,1.000627720835363,96.26400032043458,103.26360031127929,136.80964977264404,0.582389636913907,2.3414940234814177,-0.5726541640505263
2022-09-13,97.0999984741211,97.45999908447266,91.81999969482422,92.05999755859375,89.48896026611328,602052,KGH.WA,-0.03743205618884782,0.9631721677649351,95.22700004577636,102.76980026245117,136.5564497756958,0.591679905171587,2.3414940234814177,-0.5886505973938572
2022-09-14,91.0,93.04000091552734,89.04000091552734,89.5999984741211,87.09765625,631650,KGH.WA,-0.026721694000773066,0.9374345758278593,94.26949996948242,102.5018002319336,136.33894973754883,0.5871149187185575,2.3414940234814177,-0.5996425502576992
2022-09-15,90.5,92.30000305175781,90.0199966430664,91.04000091552734,88.49744415283203,545044,KGH.WA,0.016071456092961345,0.9525005144533005,93.51150016784668,102.30760025024414,136.12139972686768,0.5909546265148659,2.3414940234814177,-0.5932082230826758
2022-09-16,89.5,90.0199966430664,87.30000305175781,88.91999816894531,86.43665313720703,1576070,KGH.WA,-0.023286497421601604,0.9303201136794096,92.87250022888183,101.8500001525879,135.8607497024536,0.5795828103647025,2.3414940234814177,-0.6026809787469899
2022-09-19,88.62000274658203,90.77999877929688,88.16000366210938,89.80000305175781,87.29207611083984,484278,KGH.WA,0.00989659132853915,0.9395271116492148,92.26250038146972,101.41300018310547,135.58224971771241,0.5815365207344624,2.3414940234814177,-0.5987488747665937
2022-09-20,90.55999755859375,91.4000015258789,86.5,86.83999633789062,84.41473388671875,462452,KGH.WA,-0.03296221172911473,0.9085582200697897,91.39450035095214,101.01480010986329,135.28994968414307,0.5798174283758347,2.3414940234814177,-0.6119749993130827
2022-09-21,87.13999938964844,90.9800033569336,86.80000305175781,90.0999984741211,87.58369445800781,535236,KGH.WA,0.03754033019008829,0.9426657956481285,90.85950012207032,100.74180007934571,135.04444969177246,0.5943094074630724,2.3414940234814177,-0.5974084126652867
2022-09-22,88.5,91.58000183105469,87.80000305175781,90.4800033569336,87.95308685302734,447010,KGH.WA,0.004217590335716226,0.9466415737976642,90.28350028991699,100.51640014648437,134.79934970855712,0.5920431326421187,2.3414940234814177,-0.5957104462773031
2022-09-23,90.0,90.0,85.0,85.0,82.62612915039062,1004549,KGH.WA,-0.06056590576500742,0.8893073694457966,89.38600044250488,100.25440017700195,134.48859973907471,0.6204226600072623,2.3414940234814177,-0.6201966092898489
2022-09-26,83.18000030517578,85.86000061035156,81.26000213623047,84.41999816894531,82.06232452392578,1003663,KGH.WA,-0.006823550953584556,0.883239135296985,88.79500045776368,99.9868000793457,134.183699760437,0.5835906521899745,2.3414940234814177,-0.6227882170787038
2022-09-27,85.0,86.69999694824219,84.30000305175781,85.16000366210938,82.78166198730469,844406,KGH.WA,0.008765760592450267,0.8909813981028811,88.36500053405761,99.62700012207031,133.90174976348877,0.5808588460675899,2.3414940234814177,-0.6194816688969644
2022-09-28,82.5,84.63999938964844,80.68000030517578,84.22000122070312,81.86791229248047,1656108,KGH.WA,-0.011038074224795857,0.8811466792977092,88.15100059509277,99.22140014648437,133.6115997695923,0.548546089916964,2.3414940234814177,-0.6236818584795751
2022-09-29,84.9000015258789,88.04000091552734,83.36000061035156,84.36000061035156,82.0040054321289,1150501,KGH.WA,0.0016623057185853884,0.8826114144616183,88.15800056457519,98.75660018920898,133.31114978790282,0.5203820365643246,2.3414940234814177,-0.6230563026809183
2022-09-30,86.54000091552734,87.94000244140625,85.5199966430664,87.66000366210938,85.21183776855469,550751,KGH.WA,0.039118101326244936,0.9171374972042282,88.16000061035156,98.41380020141601,133.02794979095458,0.5191296925317485,2.3414940234814177,-0.608310980934901
2022-10-03,86.5999984741211,92.9800033569336,86.18000030517578,92.91999816894531,90.32493591308594,668331,KGH.WA,0.06000449791344864,0.9721698722415648,88.37300033569336,98.12220016479492,132.8115497970581,0.55961903669433,2.3414940234814177,-0.5848078780076886
2022-10-04,96.5,97.94000244140625,94.0199966430664,97.0,94.2909927368164,692048,KGH.WA,0.04390875927092153,1.0148566451322623,88.92300033569336,98.00220016479493,132.58079982757567,0.5634121564967625,2.3414940234814177,-0.5665773070719451
2022-10-05,97.0,97.0,92.94000244140625,93.55999755859375,90.94705963134766,422320,KGH.WA,-0.03546394269490982,0.9788658272257432,89.37600021362304,97.79140014648438,132.33759983062745,0.577089808163479,2.3414940234814177,-0.5819481846166192
2022-10-06,96.0,96.31999969482422,91.26000213623047,92.19999694824219,89.62503814697266,366853,KGH.WA,-0.014536133452759392,0.9646369029288441,89.69599990844726,97.60440002441406,132.11959980010985,0.5802136055605803,2.3414940234814177,-0.5880250415952003
2022-10-07,91.36000061035156,92.76000213623047,89.91999816894531,91.0,88.45855712890625,353535,KGH.WA,-0.013015151713245965,0.9520820072890295,89.59899978637695,97.2433999633789,131.88859981536865,0.5017033890884401,2.3414940234814177,-0.593386958180897
2022-10-10,90.80000305175781,91.58000183105469,89.13999938964844,89.87999725341797,87.36984252929688,386021,KGH.WA,-0.01230772248991241,0.9403640461556774,89.31099967956543,96.73199996948242,131.64324981689452,0.4906635076698622,2.3414940234814177,-0.5983914386603857
2022-10-11,89.0,90.91999816894531,87.0199966430664,89.08000183105469,86.5921859741211,648191,KGH.WA,-0.008900705905760975,0.9319941423364942,89.16199989318848,96.20460006713867,131.390899810791,0.47400650668324995,2.3414940234814177,-0.6019660383541052
2022-10-12,89.77999877929688,90.9000015258789,86.63999938964844,87.54000091552734,85.0951919555664,757160,KGH.WA,-0.01728784108523085,0.9158819757114149,89.05900001525879,95.75240005493164,131.13884983062744,0.4684253517638214,2.3414940234814177,-0.6088471862295644
2022-10-13,87.05999755859375,89.5999984741211,85.9000015258789,87.91999816894531,85.4645767211914,523002,KGH.WA,0.0043408413233243515,0.919857674038871,88.90299987792969,95.31580001831054,130.87994983673096,0.46467385724777416,2.3414940234814177,-0.6071492539318151
2022-10-14,91.19999694824219,91.68000030517578,88.27999877929688,88.54000091552734,86.06726837158203,801992,KGH.WA,0.00705189671854467,0.9263444153519538,88.88400001525879,94.8966000366211,130.6141498565674,0.4580988689624327,2.3414940234814177,-0.6043789110447391
2022-10-17,89.77999877929688,90.87999725341797,87.0999984741211,90.5999984741211,88.0697250366211,469601,KGH.WA,0.023266292492577723,0.9478970154683982,88.92399978637695,94.52860000610352,130.37014987945557,0.4642765255784679,2.3414940234814177,-0.5951742750728739
2022-10-18,91.0999984741211,92.30000305175781,89.31999969482422,90.22000122070312,87.7003402709961,708843,KGH.WA,-0.004194230240815222,0.9439213171409422,89.09300003051757,94.03300003051758,130.12124988555908,0.44741364732260863,2.3414940234814177,-0.5968722073706232
2022-10-19,89.0,89.77999877929688,87.62000274658203,88.54000091552734,86.06726837158203,450533,KGH.WA,-0.01862115143476928,0.9263444153519538,89.01500015258789,93.53480010986328,129.8481999206543,0.4328996570625936,2.3414940234814177,-0.6043789110447391
2022-10-20,88.73999786376953,92.4000015258789,88.0,92.08000183105469,89.5083999633789,410401,KGH.WA,0.03998193899845015,0.9633814612581105,89.09500007629394,93.10940017700196,129.57859992980957,0.4560855576782699,2.3414940234814177,-0.5885612127996294
2022-10-21,90.58000183105469,90.66000366210938,88.27999877929688,89.83999633789062,87.3309555053711,470597,KGH.WA,-0.024326731631412746,0.9399455389914062,89.33699989318848,92.58820007324219,129.32004989624022,0.40635155219591207,2.3414940234814177,-0.5985701737586068
2022-10-24,90.9000015258789,91.5,89.0999984741211,90.0,87.48648834228516,564383,KGH.WA,0.0017809847354355313,0.9416195676484906,89.61599998474121,92.11720001220704,129.07604988098146,0.404714937261256,2.3414940234814177,-0.5978552333657223
2022-10-25,90.5,91.36000061035156,87.9800033569336,90.87999725341797,88.34191131591797,595938,KGH.WA,0.009777747260199643,0.9508264857962161,89.90199966430664,91.67879989624024,128.81494983673096,0.40490515586664133,2.3414940234814177,-0.5939231634755604
2022-10-26,91.0,95.37999725341797,90.4000015258789,95.37999725341797,92.71623992919922,607128,KGH.WA,0.04951584656689412,0.9979074641786406,90.45999946594239,91.4113998413086,128.51534980773926,0.4320890653950019,2.3414940234814177,-0.5738159251438464
2022-10-27,95.0,96.33999633789062,93.12000274658203,96.33999633789062,93.64942169189453,576685,KGH.WA,0.010064993836412128,1.0079513966549083,91.05899925231934,91.21419982910156,128.2347998046875,0.4318480461317304,2.3414940234814177,-0.5695263850572423
2022-10-28,93.5,95.44000244140625,92.0999984741211,94.72000122070312,92.07466888427734,825115,KGH.WA,-0.016815395253968357,0.9910022955233666,91.41199913024903,91.07459991455079,127.95314979553223,0.42222073467501287,2.3414940234814177,-0.5767649690389094
2022-10-31,94.36000061035156,96.27999877929688,93.69999694824219,95.66000366210938,92.98841857910156,1236150,KGH.WA,0.009924012133572413,1.0008370143285386,91.54899940490722,90.94779998779296,127.66369979858399,0.36844707219826045,2.3414940234814177,-0.5725647794562986
2022-11-02,97.12000274658203,101.75,96.68000030517578,98.73999786376953,95.9823989868164,1249178,KGH.WA,0.03219730382343822,1.0330612677566173,91.6359992980957,90.83860000610352,127.41614978790284,0.3526627738395613,2.3414940234814177,-0.5588025177956146
2022-11-03,96.80000305175781,97.5999984741211,94.5999984741211,97.5999984741211,94.87423706054688,745353,KGH.WA,-0.011545467027670786,1.0211340929521695,91.83799934387207,90.77459991455078,127.15389976501464,0.32919141657141093,2.3414940234814177,-0.5638963487790968
2022-11-04,99.9000015258789,109.9000015258789,99.80000305175781,109.0,105.95585632324219,1843199,KGH.WA,0.11680329614863316,1.1404059208187276,92.67799949645996,90.91459991455078,126.94364974975586,0.5167205220469121,2.3414940234814177,-0.5129580048540414
2022-11-07,108.94999694824219,114.1500015258789,107.0,109.75,106.6849136352539,1152615,KGH.WA,0.006880733944954143,1.1482527505491318,93.61549949645996,91.05059997558594,126.77014976501465,0.5103233103960692,2.3414940234814177,-0.5096067984654225
2022-11-08,109.44999694824219,113.9000015258789,109.0999984741211,113.9000015258789,110.71900939941406,561033,KGH.WA,0.03781322574832724,1.1916718910217838,94.81649971008301,91.40380004882813,126.66439975738525,0.5124297379860956,2.3414940234814177,-0.49106344963035053
2022-11-09,113.69999694824219,115.80000305175781,112.19999694824219,114.5999984741211,111.39945983886719,603556,KGH.WA,0.0061457150032007135,1.198995566841329,96.09249954223633,91.82059997558594,126.54589973449707,0.5068934583182431,2.3414940234814177,-0.48793567063706644
2022-11-10,113.55000305175781,118.9000015258789,109.9000015258789,118.9000015258789,115.57937622070312,799862,KGH.WA,0.03752184213797216,1.2439840892244778,97.6604995727539,92.42860000610352,126.42689975738526,0.5005566819311131,2.3414940234814177,-0.468722073706224
2022-11-14,122.25,128.1999969482422,122.25,127.19999694824219,123.64757537841797,1655150,KGH.WA,0.06980652073883076,1.3308222903477018,99.62449951171875,93.2881999206543,126.32914974212646,0.5334062055118671,2.3414940234814177,-0.43163541012631446
2022-11-15,128.85000610351562,129.75,121.3499984741211,124.75,121.2659912109375,942534,KGH.WA,-0.019260982759607304,1.3051893451572136,101.43499946594238,94.03079986572266,126.24189975738526,0.5492643414836409,2.3414940234814177,-0.4425826706930428
2022-11-16,121.0,124.6500015258789,118.0,122.5999984741211,119.17603302001953,827321,KGH.WA,-0.017234481169369986,1.2826950839656392,103.03499946594238,94.70959976196289,126.15714973449707,0.5626056414202758,2.3414940234814177,-0.45218946915846403
2022-11-17,123.0,124.4000015258789,115.0999984741211,115.0999984741211,111.885498046875,815909,KGH.WA,-0.06117455214800127,1.2042267866615983,104.27899932861328,95.29159973144532,126.01889972686767,0.6226326279066013,2.3414940234814177,-0.4857015330446539
2022-11-18,115.5999984741211,117.19999694824219,112.5,113.94999694824219,110.76760864257812,827801,KGH.WA,-0.009991325292132536,1.1921949651105628,105.54949913024902,95.88059967041016,125.86364971160889,0.6175596143346866,2.3414940234814177,-0.49084005632524985
2022-11-21,113.0,113.0,109.69999694824219,109.69999694824219,106.63630676269531,580128,KGH.WA,-0.037297061112958274,1.147729596638273,106.4304988861084,96.35859954833984,125.69064968109132,0.6341315141707826,2.3414940234814177,-0.5098302258607574
2022-11-22,110.0,116.30000305175781,110.0,114.3499984741211,111.15644836425781,799764,KGH.WA,0.04238834690280657,1.1963799569311944,107.65599899291992,96.78679946899415,125.5628997039795,0.631101356472617,2.3414940234814177,-0.48905273943327277
2022-11-23,116.0,117.0,114.5,115.4000015258789,112.1771240234375,544764,KGH.WA,0.009182361746995937,1.207365550482592,108.92599906921387,97.18199951171874,125.44239971160889,0.6299230138849009,2.3414940234814177,-0.4843610368531125
2022-11-24,116.69999694824219,117.0,115.5,117.0,113.73243713378906,368657,KGH.WA,0.013864804618414883,1.224105437943038,110.23199920654297,97.68079956054687,125.3118996810913,0.6297925397947074,2.3414940234814177,-0.4772118033754389
2022-11-25,116.9000015258789,117.19999694824219,115.0999984741211,115.5999984741211,112.37153625488281,402385,KGH.WA,-0.011965825007511977,1.2094580064818679,111.24299926757813,98.20079956054687,125.16164970397949,0.620830329451866,2.3414940234814177,-0.48346739545224116
2022-11-28,114.4000015258789,114.6500015258789,112.4000015258789,112.4000015258789,109.26091003417969,566797,KGH.WA,-0.027681634865752702,1.1759782315609757,112.04599952697754,98.62799957275391,124.96164974212647,0.6353610565896701,2.3414940234814177,-0.49776586240758847
2022-11-29,113.30000305175781,116.75,113.1500015258789,115.4000015258789,112.1771240234375,878570,KGH.WA,0.026690391096741095,1.2073655504825922,113.07999954223632,99.15759963989258,124.77314971923828,0.6311437908260813,2.3414940234814177,-0.4843610368531125
2022-11-30,115.19999694824219,120.0,112.5999984741211,115.80000305175781,112.56595611572266,1926801,KGH.WA,0.00346621768275468,1.2115505423032238,114.08699951171874,99.67759963989258,124.59864974975586,0.6316588339166117,2.3414940234814177,-0.4825737199611354
2022-12-01,119.80000305175781,120.9000015258789,116.80000305175781,119.94999694824219,116.60004425048828,775596,KGH.WA,0.03583759747078341,1.254969602953796,115.14749946594239,100.33979965209961,124.42839973449708,0.6334598597764838,2.3414940234814177,-0.4640304052162978
2022-12-02,119.8499984741211,119.8499984741211,116.25,118.19999694824219,114.89891815185547,467500,KGH.WA,-0.014589412626288878,1.2366603335828532,116.17749938964843,100.90179962158203,124.2478997039795,0.6349560634800797,2.3414940234814177,-0.47184988678974205
2022-12-05,118.8499984741211,123.3499984741211,118.8499984741211,121.25,117.86373901367188,557707,KGH.WA,0.025803748989040587,1.2685708064153283,116.78999938964844,101.51719955444337,124.0966497039795,0.5005675057098399,2.3414940234814177,-0.4582216338399312
2022-12-06,120.0,120.94999694824219,117.5999984741211,120.4000015258789,117.03748321533203,479045,KGH.WA,-0.00701029669378217,1.2596777486852864,117.32249946594239,102.22519958496093,123.9333996963501,0.5025979566622479,2.3414940234814177,-0.46201966092898583
2022-12-07,118.80000305175781,120.6500015258789,117.5999984741211,120.1500015258789,116.79446411132812,384171,KGH.WA,-0.00207641193381769,1.2570621387751517,117.63499946594239,102.93979965209961,123.77189971923828,0.4879094221820115,2.3414940234814177,-0.46313672972519215
2022-12-08,120.5,122.5,118.80000305175781,122.19999694824219,118.7872085571289,418469,KGH.WA,0.017061967510018983,1.2785100921450083,118.01499938964844,103.68059951782226,123.59514968872071,0.4903395332190151,2.3414940234814177,-0.4539767860504408
2022-12-09,123.5,123.69999694824219,120.94999694824219,121.55000305175781,118.15536499023438,669537,KGH.WA,-0.005319099122070181,1.271709570236322,118.14749946594239,104.42719955444336,123.44789970397949,0.4744315160798382,2.3414940234814177,-0.4568811376483899
2022-12-12,121.5,121.5,119.05000305175781,120.5,117.13468933105469,761227,KGH.WA,-0.008638445293256858,1.2607239766849243,117.81249961853027,105.14999954223633,123.33839973449707,0.4006705208253733,2.3414940234814177,-0.46157284022855016
2022-12-13,121.0,129.10000610351562,119.3499984741211,127.80000305175781,124.23081970214844,1195448,KGH.WA,0.060580938188861566,1.3370998179896894,117.96499977111816,105.9527995300293,123.19889976501464,0.45292658950731635,2.3414940234814177,-0.4289544177432316
2022-12-14,127.5,129.60000610351562,126.0,128.25,124.66825103759766,895985,KGH.WA,0.0035211027973132136,1.3418078838990999,118.24749984741212,106.6593995666504,123.01264976501464,0.44744120405961824,2.3414940234814177,-0.42694370754615396
2022-12-15,125.75,126.9000015258789,124.0,125.94999694824219,122.43247985839844,724262,KGH.WA,-0.01793374699226369,1.3177442407970288,118.78999977111816,107.23839950561523,122.81164978027344,0.3880394119144351,2.3414940234814177,-0.43722075410734584
2022-12-16,124.0,126.69999694824219,121.55000305175781,124.3499984741211,120.87716674804688,1272461,KGH.WA,-0.012703441944334481,1.3010043533365827,119.30999984741212,107.85419952392579,122.55089977264404,0.3895266477717844,2.3414940234814177,-0.44436998758501955
2022-12-19,125.0,126.25,123.80000305175781,123.80000305175781,120.342529296875,219774,KGH.WA,-0.004422962839663702,1.2952500594275342,120.01500015258789,108.4861996459961,122.28864978790283,0.3588327292942265,2.3414940234814177,-0.4468275184825329
2022-12-20,122.0999984741211,125.80000305175781,121.3499984741211,125.5999984741211,122.09225463867188,450285,KGH.WA,0.014539542633215774,1.3140824028872562,120.57750015258789,109.17819961547852,122.02564979553223,0.3344781027683819,2.3414940234814177,-0.43878464360398783
2022-12-21,125.94999694824219,128.6999969482422,125.0999984741211,128.6999969482422,125.10567474365234,346212,KGH.WA,0.024681516813551685,1.3465159498085104,121.24249992370605,109.954599609375,121.78889976501465,0.34155349315849803,2.3414940234814177,-0.4249329973490763
2022-12-22,127.9000015258789,128.39999389648438,123.55000305175781,123.80000305175781,120.342529296875,599266,KGH.WA,-0.03807299155146793,1.2952500594275342,121.58250007629394,110.64899963378906,121.54189979553223,0.3733345812942899,2.3414940234814177,-0.4468275184825329
2022-12-23,123.5,125.25,122.4000015258789,124.0999984741211,120.63414764404297,320225,KGH.WA,0.0024232262921501935,1.298388743426448,122.00750007629395,111.38019958496093,121.3116498184204,0.36910897414926747,2.3414940234814177,-0.4454870563812259
2022-12-27,127.0,127.3499984741211,125.05000305175781,125.4000015258789,121.89784240722656,317322,KGH.WA,0.010475447765850854,1.3119899468879805,122.65750007629394,112.1297996520996,121.04864982604981,0.350305460119235,2.3414940234814177,-0.43967828500485917
2022-12-28,125.30000305175781,127.1500015258789,124.69999694824219,125.3499984741211,121.84923553466797,343369,KGH.WA,-0.0003987484142693454,1.3114667929771215,123.15499992370606,112.86599960327149,120.80339984893799,0.341889174790528,2.3414940234814177,-0.43990171240019416
2022-12-29,125.80000305175781,129.4499969482422,124.5,128.35000610351562,124.76545715332031,414633,KGH.WA,0.02393304879069369,1.3428541917208177,123.78250007629394,113.62099975585937,120.60739986419678,0.34882702685850114,2.3414940234814177,-0.426496852755484
2022-12-30,127.69999694824219,128.4499969482422,126.3499984741211,126.75,123.21013641357422,268390,KGH.WA,-0.012465960478608817,1.3261142244382917,124.12250022888183,114.35159973144532,120.42014987945556,0.33475241740797584,2.3414940234814177,-0.4336461203233919
2023-01-02,126.75,128.5,126.75,127.6500015258789,124.08500671386719,89041,KGH.WA,0.007100603754468748,1.3355304360791926,124.59500045776367,115.13379974365235,120.20314987182617,0.32845750904181586,2.3414940234814177,-0.4296246658390023
2023-01-03,128.10000610351562,132.0500030517578,128.10000610351562,130.5,126.85540771484375,587431,KGH.WA,0.022326662280088616,1.3653483730903122,125.05750045776367,115.90219970703124,119.97339988708497,0.32562339227860104,2.3414940234814177,-0.41689008838029706
2023-01-04,131.0,132.85000610351562,129.0500030517578,132.5,128.79954528808594,520586,KGH.WA,0.015325670498084198,1.3862732523713897,125.66250038146973,116.75539978027344,119.78014991760254,0.3253678169540649,2.3414940234814177,-0.4079535380106465
2023-01-05,132.0,138.6999969482422,130.9499969482422,136.5,132.68783569335938,607072,KGH.WA,0.030188679245283012,1.4281230109335448,126.48000030517578,117.68539978027344,119.58814994812012,0.3360467393028154,2.3414940234814177,-0.3900804372713452
2023-01-09,141.5,148.10000610351562,141.0,148.10000610351562,143.96388244628906,1182731,KGH.WA,0.08498172969608508,1.5494873746214584,127.77500076293946,118.82979995727538,119.43139999389649,0.4357556979758207,2.3414940234814177,-0.33824841785518434
2023-01-10,146.89999389648438,150.85000610351562,144.0,150.85000610351562,146.6370849609375,931450,KGH.WA,0.01856853400855285,1.5782590836329402,129.24000091552733,119.93920013427734,119.29365005493165,0.4328532976078548,2.3414940234814177,-0.3259606610969147
2023-01-11,151.89999389648438,154.6999969482422,149.3000030517578,150.5500030517578,146.345458984375,798722,KGH.WA,-0.001988750676960138,1.5751203198119468,130.74250106811525,121.02340026855468,119.13540008544922,0.42944114469916395,2.3414940234814177,-0.3273011572884559
2023-01-12,150.8000030517578,154.6999969482422,149.8000030517578,151.10000610351562,146.88009643554688,677410,KGH.WA,0.0036532915350970807,1.580874693543075,131.90750122070312,122.15100036621094,119.00415008544923,0.38882759096789415,2.3414940234814177,-0.32484359230070825
2023-01-13,151.0,154.39999389648438,150.1999969482422,153.8000030517578,149.5046844482422,508019,KGH.WA,0.017868940034274194,1.609123248643698,133.18500137329102,123.3138003540039,118.86365013122558,0.38963414195317464,2.3414940234814177,-0.3127792629377736
2023-01-16,154.0,154.25,149.0,150.3000030517578,146.10243225097656,534573,KGH.WA,-0.02275682659656486,1.5725047099018121,134.4025016784668,124.34500045776367,118.73015014648438,0.3944685286440329,2.3414940234814177,-0.3284182260846622
2023-01-17,149.10000610351562,151.8000030517578,147.9499969482422,148.85000610351562,144.6929473876953,615879,KGH.WA,-0.009647351422493733,1.5573342043518628,135.62750205993652,125.37000061035157,118.58790016174316,0.3923652233802629,2.3414940234814177,-0.33489721146656515
2023-01-18,151.0,153.75,149.25,152.64999389648438,148.3867950439453,691668,KGH.WA,0.025528973040995995,1.5970913472705823,137.07000160217285,126.24300048828125,118.48665016174317,0.39285954479439045,2.3414940234814177,-0.31791782030860394
2023-01-19,149.60000610351562,149.60000610351562,143.8000030517578,146.39999389648438,142.31134033203125,899407,KGH.WA,-0.04094333606222267,1.531701099517215,138.11000137329103,126.97600036621094,118.339400100708,0.4331762370502835,2.3414940234814177,-0.3458445402137621
2023-01-20,147.0,148.14999389648438,144.5,144.5,140.4644317626953,419638,KGH.WA,-0.012978100926888114,1.511822528057855,138.9000015258789,127.58800033569337,118.1896501159668,0.4346105034693088,2.3414940234814177,-0.3543342357927428
2023-01-23,146.0,151.14999389648438,146.0,147.8000030517578,143.67225646972656,674230,KGH.WA,0.022837391361645754,1.546348610800465,140.1000015258789,128.2520004272461,118.0621501159668,0.4051801917061917,2.3414940234814177,-0.33958891404672553
2023-01-24,149.75,152.60000610351562,147.0,148.6999969482422,144.547119140625,620394,KGH.WA,0.006089268456707764,1.555764742619286,141.33000144958496,128.84800033569337,117.9534001159668,0.4045752721615895,2.3414940234814177,-0.3355674936525702
2023-01-25,148.0,151.0500030517578,146.9499969482422,148.14999389648438,144.01248168945312,451712,KGH.WA,-0.0036987428584094317,1.5500103688881577,142.46750106811524,129.26700027465822,117.86915008544922,0.4071886239855503,2.3414940234814177,-0.33802505864031784
2023-01-26,150.0,151.0,148.6999969482422,149.25,145.08177185058594,402806,KGH.WA,0.007424948692770217,1.561519116350414,143.6625011444092,129.7570002746582,117.78040008544922,0.4058207181595045,2.3414940234814177,-0.3331099286648227
2023-01-27,149.6999969482422,150.25,146.1999969482422,146.1999969482422,142.116943359375,405137,KGH.WA,-0.020435531335060708,1.5296086435179388,144.5550006866455,130.22900024414062,117.66140007019042,0.41472712275342943,2.3414940234814177,-0.34673818161463354
2023-01-30,145.8000030517578,145.8000030517578,142.64999389648438,143.6999969482422,139.68675231933594,571111,KGH.WA,-0.0170998635580345,1.5034525444165918,145.40250053405762,130.80100021362304,117.53615005493164,0.4179035171598251,2.3414940234814177,-0.3579088695766969
2023-01-31,142.5,143.0,139.14999389648438,140.64999389648438,136.72193908691406,1056463,KGH.WA,-0.021224795522134632,1.4715420715841165,146.0525001525879,131.3350001525879,117.38440002441406,0.4294060472648475,2.3414940234814177,-0.3715371225265077
2023-02-01,141.0,142.10000610351562,138.25,138.85000610351562,134.9722137451172,556160,KGH.WA,-0.012797638614143847,1.4527098079464744,146.47000045776366,131.91800033569336,117.22415008544922,0.42892671331074644,2.3414940234814177,-0.37957996331481847
2023-02-02,140.0500030517578,144.89999389648438,138.1999969482422,141.4499969482422,137.49960327148438,1074310,KGH.WA,0.01872517630851389,1.4799120552253795,146.9175003051758,132.46000030517578,117.06715003967285,0.4303430149986621,2.3414940234814177,-0.3679624887425538
2023-02-03,140.0,140.0,135.1999969482422,137.75,133.90292358398438,892407,KGH.WA,-0.026157631870406095,1.441201060484218,146.9800003051758,132.9070002746582,116.91540000915528,0.43067391385725845,2.3414940234814177,-0.3844950932903137
2023-02-06,136.0,137.0,133.8000030517578,134.89999389648438,131.1325225830078,616779,KGH.WA,-0.020689699481057144,1.4113830436510186,146.31999969482422,133.2650001525879,116.78139999389649,0.30033757241599995,2.3414940234814177,-0.39722970483925324
2023-02-07,136.0,138.75,134.6999969482422,138.35000610351562,134.48617553710938,607895,KGH.WA,0.02557459127595374,1.4474785881262051,145.69499969482422,133.72000030517577,116.71940002441406,0.3083921365210186,2.3414940234814177,-0.3818141009072311
2023-02-08,140.39999389648438,141.4499969482422,137.9499969482422,137.9499969482422,134.09735107421875,392533,KGH.WA,-0.0028912839727245343,1.443293516483494,145.06499938964845,134.23100021362305,116.7061499786377,0.3083254311926392,2.3414940234814177,-0.3836014518894423
2023-02-09,140.0500030517578,141.0,138.14999389648438,138.75,134.875,409128,KGH.WA,0.005799224860135066,1.4516635001247566,144.44749908447267,134.69800018310548,116.70689994812011,0.30914162892551345,2.3414940234814177,-0.38002681810548844
2023-02-10,138.14999389648438,138.14999389648438,132.8000030517578,133.64999389648438,129.9174346923828,714488,KGH.WA,-0.03675680074605858,1.398304994100345,143.43999862670898,135.055,116.65764991760254,0.3183887494460864,2.3414940234814177,-0.40281504882028496
2023-02-13,134.85000610351562,135.10000610351562,131.0,133.14999389648438,129.431396484375,403478,KGH.WA,-0.003741115023074837,1.3930737742800756,142.5824981689453,135.31899993896485,116.60914985656738,0.3128595579881668,2.3414940234814177,-0.4050491864126976
2023-02-14,133.39999389648438,134.9499969482422,132.0,133.75,130.01463317871094,350088,KGH.WA,0.004506242065486665,1.3993513019220627,141.82749786376954,135.63,116.55314987182618,0.31461253231857766,2.3414940234814177,-0.402368194029615
2023-02-15,132.0,133.6999969482422,130.60000610351562,132.60000610351562,128.89675903320312,275027,KGH.WA,-0.008598085207359829,1.387319560193107,140.8249984741211,135.8570001220703,116.51639991760254,0.2930637034211709,2.3414940234814177,-0.40750668321997663
2023-02-16,134.0,135.35000610351562,132.14999389648438,134.0,130.25765991210938,289000,KGH.WA,0.010558022866088423,1.4019669118321976,140.2049987792969,136.12900009155274,116.49114990234375,0.2696923124798863,2.3414940234814177,-0.40125112523340856
2023-02-17,133.5,134.85000610351562,131.8000030517578,133.39999389648438,129.67440795898438,391189,KGH.WA,-0.004477657488922593,1.3956893841902105,139.6499984741211,136.39399993896484,116.49114990234375,0.2677360255499243,2.3414940234814177,-0.40393211761649117
2023-02-20,134.10000610351562,138.14999389648438,134.10000610351562,136.6999969482422,132.88226318359375,322028,KGH.WA,0.024737655192986985,1.4302154669328202,139.09499816894532,136.68399993896483,116.53489990234375,0.27032100427820743,2.3414940234814177,-0.389186795870474
2023-02-21,137.0,137.0,133.39999389648438,135.60000610351562,131.81298828125,304789,KGH.WA,-0.008046751055474033,1.4187068791147233,138.43999862670898,136.965,116.61214992523193,0.2681396828876976,2.3414940234814177,-0.39410185766550077
2023-02-22,134.39999389648438,134.39999389648438,127.19999694824219,128.5,124.91126251220703,669184,KGH.WA,-0.05235992466029504,1.344423493809234,137.45749893188477,137.125,116.66964992523194,0.31740532383444237,2.3414940234814177,-0.42582663874994786
2023-02-23,128.5,130.75,128.0,128.35000610351562,124.76545715332031,516812,KGH.WA,-0.0011672676769212131,1.342854191720817,136.41249923706056,137.13600006103516,116.70689994812011,0.31370681975001835,2.3414940234814177,-0.4264968527554843
2023-02-24,127.8499984741211,127.8499984741211,123.6500015258789,124.0,120.53693389892578,739845,KGH.WA,-0.03389174831832342,1.2973425154268095,135.30249938964843,137.05100006103515,116.74889995574951,0.32461115475199154,2.3414940234814177,-0.44593387708166177
2023-02-27,123.55000305175781,127.30000305175781,122.80000305175781,125.80000305175781,122.28666687011719,361886,KGH.WA,0.01451615364320813,1.316174938708611,134.40749969482422,137.04800018310547,116.78189998626709,0.33216762227118984,2.3414940234814177,-0.43789096811288264
2023-02-28,125.80000305175781,128.0,124.25,127.4000015258789,123.84198760986328,727762,KGH.WA,0.012718588515954199,1.332914826169057,133.74500007629393,137.10900024414062,116.79639999389649,0.33394846558212243,2.3414940234814177,-0.43074173463520893
2023-03-01,129.60000610351562,134.6999969482422,129.5,132.1999969482422,128.50791931152344,1118534,KGH.WA,0.03767657272271108,1.3831344885503953,133.41249961853026,137.27700012207032,116.81040000915527,0.36443035397420365,2.3414940234814177,-0.40929403420218813
2023-03-02,131.0,131.0,126.75,128.0500030517578,124.47383880615234,902505,KGH.WA,-0.031391785115616466,1.3397154278998233,132.74249992370605,137.32600021362305,116.79715003967286,0.3696498218898279,2.3414940234814177,-0.42783734894702563
2023-03-03,129.1999969482422,130.89999389648438,128.6999969482422,130.89999389648438,127.24423217773438,1134827,KGH.WA,0.022256858858289874,1.369533285088863,132.39999961853027,137.3700001525879,116.7848999786377,0.3723212282487771,2.3414940234814177,-0.4151028055785546
2023-03-06,132.0,132.5,128.0500030517578,130.0,126.36936950683594,621796,KGH.WA,-0.006875431156979972,1.360117153270042,132.15499992370604,137.49400009155272,116.76714996337891,0.3664461416166415,2.3414940234814177,-0.41912422597271004
2023-03-07,129.9499969482422,130.0,125.4000015258789,125.8499984741211,122.33527374267578,997726,KGH.WA,-0.031923088660607,1.31669801279739,131.52999954223634,137.52900009155275,116.71789997100831,0.3667459216017796,2.3414940234814177,-0.43766757480778196
2023-03-08,125.80000305175781,126.6500015258789,123.5999984741211,126.0,122.4810791015625,1230866,KGH.WA,0.0011919072522654783,1.3182673947078867,130.93249969482423,137.54100006103516,116.67215000152588,0.36726472170044966,2.3414940234814177,-0.4369973267120113
2023-03-09,125.5,127.0,121.80000305175781,121.9000015258789,118.49559020996094,824151,KGH.WA,-0.03253967042953254,1.2753714081460936,130.08999977111816,137.4720001220703,116.59665000915527,0.3783783053443117,2.3414940234814177,-0.45531724815174823
2023-03-10,119.9000015258789,121.5999984741211,118.19999694824219,121.44999694824219,118.05815124511719,789683,KGH.WA,-0.0036915879573732324,1.2706632624146033,129.47999992370606,137.33399993896484,116.49565002441406,0.3607316017262033,2.3414940234814177,-0.4573279924390602
2023-03-13,122.5,122.9000015258789,115.19999694824219,119.55000305175781,116.21122741699219,1221263,KGH.WA,-0.015644248202773436,1.2507846909552434,128.80000038146972,137.19,116.36965003967285,0.36285581240865694,2.3414940234814177,-0.4658176880180409
2023-03-14,118.5,121.6500015258789,118.25,120.5,117.13468933105469,576088,KGH.WA,0.007946440183952852,1.2607239766849232,128.13750038146972,137.0469999694824,116.23940002441407,0.36426929299694377,2.3414940234814177,-0.4615728402285506
2023-03-15,120.5,120.5,113.30000305175781,113.30000305175781,110.13577270507812,992386,KGH.WA,-0.05975101201860733,1.185394443201876,127.17250022888183,136.7030000305176,116.07815002441406,0.4130511998243588,2.3414940234814177,-0.49374440792319907
2023-03-16,114.5,116.0,110.30000305175781,114.9000015258789,111.69108581542969,1074204,KGH.WA,0.014121786681595916,1.202134330662322,126.21750030517578,136.35100006103517,115.94390003204346,0.41530609688341963,2.3414940234814177,-0.48659517444552547
2023-03-17,116.80000305175781,120.25,113.69999694824219,114.4000015258789,111.20504760742188,1620825,KGH.WA,-0.004351610037945819,1.1969031108420525,125.2675006866455,135.90900009155274,115.78140007019043,0.41531781848178945,2.3414940234814177,-0.4888293120379381
2023-03-20,113.80000305175781,117.80000305175781,112.19999694824219,117.3499984741211,114.07266235351562,677300,KGH.WA,0.02578668626656322,1.22776727585281,124.30000076293945,135.29399993896484,115.64040004730225,0.4164071531227262,2.3414940234814177,-0.47564791387879723
2023-03-21,118.0,122.5,117.25,118.9000015258789,115.57937622070312,770778,KGH.WA,0.01320837726384494,1.2439840892244771,123.46500053405762,134.6549998474121,115.49690002441406,0.4226700161756725,2.3414940234814177,-0.4687220737062242
2023-03-22,118.94999694824219,119.55000305175781,117.4000015258789,118.6500015258789,115.33635711669922,399873,KGH.WA,-0.0021026072059855405,1.2413684793143425,122.97250061035156,134.01699981689453,115.34165004730225,0.3859381023058114,2.3414940234814177,-0.46983914250243053
2023-03-23,118.0,119.55000305175781,114.5,117.4000015258789,114.12126922607422,455218,KGH.WA,-0.010535187390851908,1.228290429763669,122.42500038146973,133.3429997253418,115.19515007019044,0.38655627424964367,2.3414940234814177,-0.47542448648346214
2023-03-24,117.69999694824219,118.0,113.5,114.94999694824219,111.73968505859375,419452,KGH.WA,-0.020868863252072933,1.2026574047511012,121.97250022888184,132.56599960327148,115.03665008544922,0.37588979500359426,2.3414940234814177,-0.4863717811404247
2023-03-27,116.75,116.80000305175781,113.5,116.44999694824219,113.19779205322266,374687,KGH.WA,0.013049152151568988,1.2183510642119093,121.50499992370605,131.88899948120118,114.91840003967285,0.37499157507698283,2.3414940234814177,-0.47966936836318674
2023-03-28,117.30000305175781,118.55000305175781,116.5,117.0,113.73243713378906,554846,KGH.WA,0.004723083436423581,1.2241054379430376,120.98499984741211,131.25199935913085,114.81940002441407,0.3714379191206501,2.3414940234814177,-0.4772118033754391
2023-03-29,117.9000015258789,118.6500015258789,115.9000015258789,118.5,115.19054412841797,567347,KGH.WA,0.012820512820512775,1.2397990974038458,120.3,130.56899948120116,114.72415000915527,0.3439202072079943,2.3414940234814177,-0.4705093905982012
2023-03-30,119.0,123.6500015258789,118.80000305175781,123.25,119.80789184570312,794909,KGH.WA,0.040084388185654074,1.289495685696405,120.05999984741212,130.10599960327147,114.64290000915527,0.36475606319195675,2.3414940234814177,-0.44928508347028095
2023-03-31,124.0,124.55000305175781,121.4000015258789,122.25,118.83580780029297,615602,KGH.WA,-0.008113590263691739,1.2790332460558662,119.62750015258788,129.66099960327148,114.60014999389648,0.3541260119975945,2.3414940234814177,-0.45375335865510624
2023-04-03,121.94999694824219,123.0999984741211,120.25,120.6500015258789,117.2804946899414,437583,KGH.WA,-0.013087922078700132,1.2622933585954201,119.16000022888184,129.11799957275392,114.58165000915527,0.35567067999069063,2.3414940234814177,-0.46090259213277984
2023-04-04,121.44999694824219,121.44999694824219,117.9000015258789,118.44999694824219,115.14193725585938,538364,KGH.WA,-0.01823460049575576,1.239275943492987,118.7900001525879,128.5129995727539,114.52639999389649,0.34429075009204935,2.3414940234814177,-0.47073281799353606
2023-04-05,117.9000015258789,118.19999694824219,115.75,116.3499984741211,113.10059356689453,548946,KGH.WA,-0.017728987152601627,1.2173048362122716,118.30750007629395,127.87699966430664,114.50764999389648,0.34791330231842615,2.3414940234814177,-0.4801161890636223
2023-04-06,117.44999694824219,118.0999984741211,115.8499984741211,116.44999694824219,113.19779205322266,306816,KGH.WA,0.0008594626165236985,1.2183510642119095,118.03499984741211,127.22099960327148,114.51839996337891,0.33104169174498727,2.3414940234814177,-0.47966936836318663
2023-04-11,118.19999694824219,121.19999694824219,117.0999984741211,119.94999694824219,116.60004425048828,609252,KGH.WA,0.030055818735277517,1.2549696029537951,117.9599998474121,126.69599960327149,114.53164993286133,0.3499884075594404,2.3414940234814177,-0.4640304052162981
2023-04-12,119.9000015258789,122.94999694824219,118.55000305175781,122.0,118.5927963256836,636370,KGH.WA,0.01709048023271209,1.2764176361457316,118.08249969482422,126.26199966430664,114.52689994812012,0.3503515582997764,2.3414940234814177,-0.45487042745131256
2023-04-13,121.80000305175781,124.4000015258789,120.6500015258789,123.8499984741211,120.39112854003906,544632,KGH.WA,0.01516392191902538,1.2957731335163123,118.24999961853027,125.92599975585938,114.51739994049072,0.3531074891666959,2.3414940234814177,-0.44660412517743264
2023-04-14,124.8499984741211,128.64999389648438,124.80000305175781,125.94999694824219,122.43247985839844,833176,KGH.WA,0.016955983043955403,1.317744240797028,118.88249931335449,125.6679995727539,114.52464992523193,0.271973087558603,2.3414940234814177,-0.4372207541073463
2023-04-17,127.05000305175781,127.5999984741211,121.3499984741211,122.1500015258789,118.73860931396484,714461,KGH.WA,-0.03017066704594562,1.2779870180562283,119.2449993133545,125.28199966430664,114.54089992523194,0.2974787393193093,2.3414940234814177,-0.4542001793555419
2023-04-18,123.0999984741211,128.85000610351562,122.3499984741211,128.85000610351562,125.25149536132812,1098400,KGH.WA,0.05485063032289239,1.348085411541086,119.96749954223633,125.10399978637696,114.6141499710083,0.34748930063555555,2.3414940234814177,-0.4242627151630718
2023-04-19,128.5,128.5,124.8499984741211,125.69999694824219,122.18946075439453,603758,KGH.WA,-0.024447101327591536,1.3151286308868932,120.38499946594239,124.91999984741211,114.65889995574952,0.35557215291685146,2.3414940234814177,-0.4383378229035526
2023-04-20,125.69999694824219,127.80000305175781,125.5,126.05000305175781,122.52969360351562,622931,KGH.WA,0.0027844559428251703,1.318790548618746,120.74249954223633,124.67399978637695,114.7741499710083,0.3537874934787707,2.3414940234814177,-0.4367738993166762
2023-04-21,124.30000305175781,124.30000305175781,121.1500015258789,122.75,119.32185363769531,548133,KGH.WA,-0.026180110843811666,1.284264465876136,120.94749946594239,124.3699998474121,114.8841499710083,0.3685507464301614,2.3414940234814177,-0.4515192210626934
2023-04-24,121.0,122.5,120.0999984741211,120.75,117.3777084350586,448750,KGH.WA,-0.016293279022403295,1.2633395865950583,121.11499938964843,124.0099998474121,114.92889995574951,0.37169201514746897,2.3414940234814177,-0.46045577143234406
2023-04-25,120.4000015258789,120.75,116.0999984741211,116.19999694824219,112.95477294921875,960212,KGH.WA,-0.03768118469364645,1.2157354543017749,121.17749938964843,123.66099990844727,114.95164993286133,0.3895716678996803,2.3414940234814177,-0.48078643715939295
2023-04-26,117.80000305175781,118.44999694824219,116.0,117.94999694824219,114.6559066772461,614955,KGH.WA,0.01506024135938211,1.2340447236727177,121.25249938964843,123.35699996948242,115.00764991760254,0.39047299897788407,2.3414940234814177,-0.4729669555859487
2023-04-27,117.19999694824219,119.5,117.19999694824219,119.30000305175781,115.96820831298828,531549,KGH.WA,0.011445579808772921,1.248169081045109,121.36749954223633,123.06800003051758,115.08539993286132,0.39206602072590296,2.3414940234814177,-0.4669347568142471
2023-04-28,120.0,120.3499984741211,116.30000305175781,119.4000015258789,116.0654067993164,622218,KGH.WA,0.0008382101555999277,1.2492153090447469,121.41249961853028,122.80399993896485,115.17364994049072,0.38968049860011117,2.3414940234814177,-0.46648793611381145
2023-05-02,119.0,120.0,116.0,116.0,112.76036834716797,563399,KGH.WA,-0.028475724308445582,1.213642998302499,121.04999961853028,122.44399993896485,115.26314994812012,0.373339930373355,2.3414940234814177,-0.4816800785602643
2023-05-04,116.19999694824219,118.75,115.5,116.1500015258789,112.90618133544922,600274,KGH.WA,0.0012931166024043872,1.2152123802129957,120.74499969482422,122.09900009155274,115.35489994049072,0.37304574119496686,2.3414940234814177,-0.48100983046449375
2023-05-05,117.30000305175781,118.94999694824219,116.5999984741211,118.55000305175781,115.23915100097656,297657,KGH.WA,0.020662948724492036,1.2403222513147047,120.63999977111817,121.73600021362304,115.43189994812012,0.37928007247372647,2.3414940234814177,-0.4702859632028661
2023-05-08,119.44999694824219,123.69999694824219,119.0999984741211,122.0999984741211,118.69000244140625,450372,KGH.WA,0.029945131429590877,1.2774638641453697,120.8224998474121,121.46600006103516,115.51989994049072,0.3880382178915595,2.3414940234814177,-0.4544236067508768
2023-05-09,121.4000015258789,121.4000015258789,119.0999984741211,120.44999694824219,117.08607482910156,371050,KGH.WA,-0.013513526179352309,1.2602008227740646,121.02749977111816,121.305,115.58414993286132,0.3855044178729682,2.3414940234814177,-0.4617962676238855
2023-05-10,120.69999694824219,122.5,118.94999694824219,119.1500015258789,115.82239532470703,456640,KGH.WA,-0.010792822376922917,1.246599699134612,121.1625,121.12099990844726,115.65589992523194,0.38817616967807916,2.3414940234814177,-0.4676050049100178
2023-05-11,118.0,118.9000015258789,114.19999694824219,114.80000305175781,111.59387969970703,992161,KGH.WA,-0.036508589327850616,1.2010881026626843,120.90500030517578,120.93699996948243,115.69239994049072,0.3949221784919035,2.3414940234814177,-0.487041995145961
2023-05-12,115.5,115.94999694824219,114.05000305175781,114.6500015258789,111.44806671142578,684339,KGH.WA,-0.0013066334659527223,1.1995187207521876,120.53750038146973,120.71399993896485,115.75064994812011,0.38853728394968756,2.3414940234814177,-0.4877122432417317
2023-05-15,115.5999984741211,116.4000015258789,114.4000015258789,116.19999694824219,112.95477294921875,581788,KGH.WA,0.013519366783553144,1.2157354543017749,120.15500030517578,120.48999984741211,115.81114994049072,0.3875704255852432,2.3414940234814177,-0.48078643715939295
2023-05-16,114.80000305175781,116.75,113.69999694824219,114.80000305175781,111.59387969970703,581841,KGH.WA,-0.012048140561552345,1.2010881026626843,119.59750061035156,120.14199996948243,115.87739994049072,0.3814882210622177,2.3414940234814177,-0.487041995145961
2023-05-17,115.0,115.0,112.8499984741211,113.0999984741211,109.94135284423828,505445,KGH.WA,-0.014808401850566755,1.1833019073805204,119.14500045776367,119.84299987792969,115.89764991760254,0.37146357639080385,2.3414940234814177,-0.4946380834143046
2023-05-18,113.44999694824219,114.44999694824219,110.3499984741211,111.3499984741211,108.24022674560547,648212,KGH.WA,-0.015473032923165153,1.1649926380095774,118.27000007629394,119.45199996948242,115.87714992523193,0.3021491794401057,2.3414940234814177,-0.502457564987749
2023-05-19,112.30000305175781,113.5999984741211,111.6500015258789,112.69999694824219,109.55252075195312,534649,KGH.WA,0.012123920005574496,1.1791169155598888,117.62000007629395,119.10599990844726,115.86339992523193,0.3021862739607732,2.3414940234814177,-0.4964254003062817
2023-05-22,112.9000015258789,114.75,111.8499984741211,113.5999984741211,110.4273910522461,411367,KGH.WA,0.007985816772401844,1.1885331272007897,116.99749984741212,118.86099990844727,115.88064990997314,0.30457968078438163,2.3414940234814177,-0.49240394582189206
2023-05-23,113.0,114.05000305175781,110.5,111.0,107.90000915527344,598724,KGH.WA,-0.022887310819052487,1.1613308000998048,116.40999984741211,118.56099990844727,115.88689990997314,0.3017553769572763,2.3414940234814177,-0.504021454484391
2023-05-24,110.0,110.19999694824219,105.0999984741211,105.69999694824219,102.74801635742188,1109641,KGH.WA,-0.04774777524106133,1.1058798380761174,115.65749969482422,118.23699981689452,115.86789989471436,0.3362649072849924,2.3414940234814177,-0.5277033266000588
2023-05-25,106.05000305175781,107.6500015258789,104.5,105.30000305175781,102.35919952392578,504435,KGH.WA,-0.0037842375405199302,1.1016949260775657,115.1125,117.91399993896485,115.84939990997314,0.3153431175465271,2.3414940234814177,-0.5294906094018015
2023-05-26,107.19999694824219,109.5,106.4000015258789,109.30000305175781,106.24748229980469,403362,KGH.WA,0.03798670355245748,1.1435446846397208,114.68000030517578,117.70899993896484,115.82089992523193,0.34365063203360413,2.3414940234814177,-0.5116175086625003
2023-05-29,110.0,110.55000305175781,108.6500015258789,109.5999984741211,106.53910064697266,196849,KGH.WA,0.0027446972917395396,1.1466833686386346,114.19500007629395,117.49099990844726,115.80164993286132,0.33997402140757743,2.3414940234814177,-0.5102770465611932
2023-05-30,109.19999694824219,110.0,106.55000305175781,106.8499984741211,103.86590576171875,438950,KGH.WA,-0.02509124122523898,1.117911659627153,113.56749992370605,117.36199981689452,115.76914993286132,0.34744427135751504,2.3414940234814177,-0.5225648033194628
2023-05-31,105.9000015258789,107.0999984741211,104.5999984741211,104.5999984741211,101.67874145507812,1301004,KGH.WA,-0.02105755762406447,1.0943711704359407,112.99749984741212,117.15599975585937,115.71264991760253,0.34183647790984667,2.3414940234814177,-0.5326184224853198
2023-06-01,106.5999984741211,108.94999694824219,106.3499984741211,108.55000305175781,105.51842498779297,526104,KGH.WA,0.03776295062388546,1.1356978549093169,112.61749992370605,117.03899978637695,115.68764991760254,0.37368264795678136,2.3414940234814177,-0.5149687150511192
2023-06-02,110.6500015258789,114.44999694824219,110.6500015258789,114.4000015258789,111.20504760742188,915883,KGH.WA,0.053892199996823154,1.1969031108420527,112.40999984741211,116.9799998474121,115.69564990997314,0.4177438833164017,2.3414940234814177,-0.488829312037938
2023-06-05,114.19999694824219,115.19999694824219,112.19999694824219,113.25,110.08716583251953,533280,KGH.WA,-0.01005246075646915,1.1848712892910171,111.96749992370606,116.86699981689453,115.71814990997315,0.40168960774470613,2.3414940234814177,-0.49396783531853405
2023-06-06,113.55000305175781,114.55000305175781,111.0,113.55000305175781,110.3787841796875,493530,KGH.WA,0.0026490335696054412,1.1880100531120108,111.62250022888183,116.76499984741211,115.75489994049072,0.40041559992529135,2.3414940234814177,-0.49262733912699264
2023-06-07,112.55000305175781,114.4000015258789,112.0,113.80000305175781,110.62181091308594,659747,KGH.WA,0.002201673212514521,1.1906256630221455,111.35500030517578,116.6929998779297,115.8153999710083,0.3995642820505672,2.3414940234814177,-0.4915102703307863
2023-06-09,115.0,115.0,113.0,114.1500015258789,110.96202850341797,904394,KGH.WA,0.0030755576866012824,1.194287500931918,111.32250022888184,116.67699996948242,115.8761499786377,0.37835770037848465,2.3414940234814177,-0.4899463808341443
2023-06-12,113.80000305175781,114.3499984741211,110.80000305175781,110.9000015258789,107.80279541015625,879699,KGH.WA,-0.028471309299660352,1.160284572100167,111.13500022888184,116.56600006103515,115.90965000152588,0.39164081040421866,2.3414940234814177,-0.5044682751848266
2023-06-13,113.0999984741211,115.1500015258789,112.75,114.30000305175781,111.10784149169922,862881,KGH.WA,0.030658264013508685,1.195856882842415,111.04000053405761,116.51200012207032,115.97715000152589,0.40478964773972337,2.3414940234814177,-0.48927613273837367
2023-06-14,114.0,119.69999694824219,113.55000305175781,118.94999694824219,115.62797546386719,1493011,KGH.WA,0.04068236021287541,1.2445071633132565,111.24750022888183,116.52100006103515,116.0618999862671,0.42750431654638155,2.3414940234814177,-0.4684986804011234
2023-06-15,118.19999694824219,120.8499984741211,117.44999694824219,120.75,117.3777084350586,763033,KGH.WA,0.015132434619069768,1.2633395865950583,111.63000030517578,116.47100006103516,116.15090000152588,0.42498327437096345,2.3414940234814177,-0.46045577143234406
2023-06-16,121.0,122.55000305175781,119.5,120.69999694824219,117.3291015625,1263656,KGH.WA,-0.00041410394830487807,1.2628164326841995,112.09750022888184,116.44,116.27319999694824,0.4193359319941257,2.3414940234814177,-0.46067919882767905
2023-06-19,119.30000305175781,121.0,117.1500015258789,117.1500015258789,113.87825012207031,399028,KGH.WA,-0.02941172752378418,1.2256748198535348,112.32000045776367,116.37,116.39014999389649,0.4347833072348718,2.3414940234814177,-0.47654155527966824
2023-06-20,116.94999694824219,118.0,114.5999984741211,114.6500015258789,111.44806671142578,666556,KGH.WA,-0.021340161907276944,1.1995187207521878,112.37250061035157,116.29400009155273,116.52090000152587,0.4420904360725278,2.3414940234814177,-0.48771224324173157
2023-06-21,115.0,116.30000305175781,114.05000305175781,115.4000015258789,112.1771240234375,427621,KGH.WA,0.006541648408358025,1.207365550482592,112.59250068664551,116.2750001525879,116.67680000305175,0.4334102450567886,2.3414940234814177,-0.4843610368531125
2023-06-22,115.0,116.75,114.0,116.5,113.24639892578125,465883,KGH.WA,0.009532049043122548,1.2188742181227687,113.1325008392334,116.27600021362305,116.82119998931884,0.391336570320409,2.3414940234814177,-0.47944594096785154
2023-06-23,115.0999984741211,115.25,111.9000015258789,112.44999694824219,109.30950164794922,633136,KGH.WA,-0.03476397469320014,1.1765013056497546,113.49000053405761,116.12600021362304,116.94014995574952,0.41543805589259225,2.3414940234814177,-0.4975424691024878
2023-06-26,112.30000305175781,113.94999694824219,111.69999694824219,113.1500015258789,109.98995971679688,272379,KGH.WA,0.006225029761084855,1.1838250612913797,113.68250045776367,115.94900024414062,117.0758999633789,0.39539732370747305,2.3414940234814177,-0.4944146560189695
2023-06-27,114.44999694824219,114.55000305175781,110.25,111.94999694824219,108.8234634399414,431032,KGH.WA,-0.010605431387133102,1.1712700858294853,113.80000038146973,115.71100021362305,117.21314994812012,0.39790670017751323,2.3414940234814177,-0.4997766066949004
2023-06-28,112.0999984741211,113.30000305175781,109.30000305175781,110.69999694824219,107.6083755493164,482044,KGH.WA,-0.011165699277132735,1.1581920362788118,113.99250030517578,115.40600021362305,117.33764991760253,0.38859135699560265,2.3414940234814177,-0.505361950675932
2023-06-29,110.6500015258789,111.4000015258789,109.9000015258789,110.5,107.4139633178711,372096,KGH.WA,-0.0018066572154983307,1.156099580279536,114.28750038146973,115.17300018310547,117.42544990539551,0.37930325520194963,2.3414940234814177,-0.5062555920768034
2023-06-30,111.19999694824219,112.8499984741211,110.30000305175781,112.4000015258789,109.26091003417969,317326,KGH.WA,0.01719458394460549,1.1759782315609757,114.48000030517578,114.84400009155273,117.50924991607666,0.3608926323391446,2.3414940234814177,-0.49776586240758847
2023-07-03,113.19999694824219,115.25,112.8499984741211,115.05000305175781,111.83689880371094,543522,KGH.WA,0.02357652571088953,1.2037037125728194,114.51250038146972,114.63100021362305,117.62419994354248,0.31636005347528984,2.3414940234814177,-0.4859249263497545
2023-07-04,115.05000305175781,115.5,113.80000305175781,115.1500015258789,111.9341049194336,197251,KGH.WA,0.0008691740240642787,1.2047499405724573,114.60750045776368,114.41300018310547,117.75194995880128,0.31390702923439134,2.3414940234814177,-0.4854781056493188
2023-07-05,114.30000305175781,114.30000305175781,111.5,111.94999694824219,108.8234634399414,431431,KGH.WA,-0.027789878725425377,1.1712700858294853,114.52750015258789,114.1970001220703,117.85649993896484,0.32999225669044185,2.3414940234814177,-0.4997766066949004
2023-07-06,111.0,111.3499984741211,108.8499984741211,108.8499984741211,105.81005096435547,498121,KGH.WA,-0.027690920577285172,1.138836538908231,114.27999992370606,113.95900009155274,117.95614994049072,0.34352352513850465,2.3414940234814177,-0.513628252949812
2023-07-07,109.0,112.4000015258789,108.94999694824219,112.1500015258789,109.01788330078125,401702,KGH.WA,0.030316978392446847,1.1733626216508408,114.17999992370605,113.87800018310547,118.06789993286132,0.36197441619554055,2.3414940234814177,-0.4988829312037948
2023-07-10,111.0,112.5999984741211,109.55000305175781,112.05000305175781,108.92068481445312,351877,KGH.WA,-0.0008916493335759945,1.1723163936512029,114.2375,113.76000030517578,118.19394996643067,0.34676499814443396,2.3414940234814177,-0.49932975190423057
2023-07-11,113.1500015258789,115.3499984741211,113.1500015258789,113.75,110.57319641113281,413707,KGH.WA,0.015171770655436179,1.190102509111287,114.2099998474121,113.64900024414062,118.31219997406006,0.3331342559701516,2.3414940234814177,-0.4917336977261212
2023-07-12,114.9000015258789,119.69999694824219,114.19999694824219,119.69999694824219,116.3570327758789,976945,KGH.WA,0.05230766547905219,1.2523539930436607,114.24749984741212,113.65500015258789,118.4582999420166,0.3538878497895993,2.3414940234814177,-0.46514747401250434
2023-07-13,120.0,123.0999984741211,119.55000305175781,123.0,119.56486511230469,942139,KGH.WA,0.02756894850368896,1.2868800757862706,114.35999984741211,113.79500015258789,118.6482999420166,0.36331293293621925,2.3414940234814177,-0.45040215226648717
2023-07-14,122.69999694824219,122.94999694824219,120.0999984741211,121.05000305175781,117.66932678222656,565149,KGH.WA,-0.015853633725546268,1.266478350416052,114.37750015258788,113.89300018310547,118.83144996643067,0.36830576215234684,2.3414940234814177,-0.45911527524080276
2023-07-17,118.5,119.6500015258789,117.0,118.19999694824219,114.89891815185547,407120,KGH.WA,-0.023544039914621395,1.2366603335828525,114.42999992370605,113.88600006103516,118.99664993286133,0.36255058840190235,2.3414940234814177,-0.47184988678974227
2023-07-18,118.4000015258789,119.25,115.75,117.0,113.73243713378906,426129,KGH.WA,-0.010152258707482376,1.224105437943038,114.54749984741211,113.78400009155274,119.16054992675781,0.3556421070243084,2.3414940234814177,-0.4772118033754389
2023-07-19,117.94999694824219,118.19999694824219,115.80000305175781,116.5999984741211,113.3436050415039,405786,KGH.WA,-0.00341881646050346,1.2199204461224067,114.60749969482421,113.70700012207031,119.32174991607666,0.3554346166307756,2.3414940234814177,-0.47899912026741587
2023-07-20,117.0,119.5,116.69999694824219,117.5999984741211,114.31568145751953,348970,KGH.WA,0.008576329443279906,1.2303828857629455,114.66249961853028,113.67600006103515,119.47144989013673,0.3551376305052964,2.3414940234814177,-0.47453084508259047
2023-07-21,118.0,118.3499984741211,115.6500015258789,116.30000305175781,113.05198669433594,328314,KGH.WA,-0.011054382986657618,1.2167817621234929,114.85499992370606,113.70600006103516,119.58834991455078,0.3330128656577781,2.3414940234814177,-0.4803395823687229
2023-07-24,116.1500015258789,117.0,115.30000305175781,117.0,113.73243713378906,445215,KGH.WA,0.006018890196680893,1.224105437943038,115.04749984741211,113.75300003051758,119.68834991455078,0.33297809061851796,2.3414940234814177,-0.4772118033754389
2023-07-25,118.75,123.0,118.75,123.0,119.56486511230469,1084771,KGH.WA,0.05128205128205132,1.2868800757862708,115.6,113.88900009155273,119.8355499267578,0.3723361979826332,2.3414940234814177,-0.45040215226648705
2023-07-26,121.69999694824219,122.1500015258789,119.25,119.8499984741211,117.45777893066406,540682,KGH.WA,-0.0256097685030805,1.2539233749541578,116.05750007629395,113.99,119.9737999343872,0.38398900939251834,2.3414940234814177,-0.46447722591673357
2023-07-27,120.0,122.0,119.0,120.0999984741211,117.70278930664062,576768,KGH.WA,0.0020859407858397905,1.2565389848642925,116.5375,114.13,120.11929992675782,0.3834223839799725,2.3414940234814177,-0.46336015712052725
2023-07-28,120.0,120.69999694824219,118.5999984741211,120.4000015258789,117.9968032836914,309571,KGH.WA,0.002497943843208672,1.259677748685286,116.9375,114.31100006103516,120.27189994812012,0.38048003338431313,2.3414940234814177,-0.46201966092898594
2023-07-31,120.4000015258789,125.30000305175781,120.4000015258789,124.05000305175781,121.5739517211914,947767,KGH.WA,0.030315626907150506,1.2978656693376684,117.3875,114.53800018310547,120.44674995422363,0.38586021227735934,2.3414940234814177,-0.4457104496863268
2023-08-01,124.05000305175781,125.0999984741211,121.8499984741211,122.1500015258789,119.71187591552734,445828,KGH.WA,-0.01531641659924965,1.2779870180562287,117.7375,114.70900024414063,120.61979995727539,0.3918606442992825,2.3414940234814177,-0.4542001793555417
2023-08-02,120.25,120.69999694824219,118.1500015258789,118.1500015258789,115.79171752929688,413937,KGH.WA,-0.032746622595436925,1.2361372594940736,118.04750022888183,114.85200027465821,120.77094997406006,0.39742220517190086,2.3414940234814177,-0.47207328009484295
2023-08-03,118.0,118.80000305175781,116.4000015258789,118.5,116.13472747802734,444773,KGH.WA,0.002962323060524241,1.2397990974038462,118.53000030517578,115.10800033569336,120.92074996948242,0.38057043210840436,2.3414940234814177,-0.47050939059820096
2023-08-04,118.8499984741211,119.80000305175781,117.8499984741211,119.55000305175781,117.16377258300781,279308,KGH.WA,0.00886078524690137,1.2507846909552438,118.90000038146972,115.39300033569336,121.0654999923706,0.36872126657926163,2.3414940234814177,-0.4658176880180407
2023-08-07,119.0,119.4000015258789,117.05000305175781,117.75,115.39969635009766,263453,KGH.WA,-0.015056486874187036,1.231952267673442,119.18500022888183,115.5620002746582,121.20314998626709,0.37432064470833615,2.3414940234814177,-0.4738605969868199
2023-08-08,116.6500015258789,116.80000305175781,114.19999694824219,115.05000305175781,112.75359344482422,594525,KGH.WA,-0.0229299103884687,1.2037037125728192,119.25000038146973,115.67100036621093,121.33569999694824,0.38190042252887213,2.3414940234814177,-0.4859249263497546
2023-08-09,116.94999694824219,117.6500015258789,115.05000305175781,115.6500015258789,113.34161376953125,369486,KGH.WA,0.005215110458112404,1.2099811603927264,119.04750061035156,115.84700042724609,121.45354999542236,0.3309043718682748,2.3414940234814177,-0.4832439680569063
2023-08-10,116.3499984741211,117.75,115.75,116.25,113.92963409423828,310364,KGH.WA,0.005188054182488022,1.2162586082126337,118.71000061035156,116.08000045776367,121.58560001373291,0.3139148145804976,2.3414940234814177,-0.48056300976405797
2023-08-11,116.0,116.0,113.19999694824219,113.94999694824219,111.67554473876953,426354,KGH.WA,-0.019784972488239294,1.1921949651105626,118.35500030517578,116.18800033569336,121.70534999847412,0.31641088526287847,2.3414940234814177,-0.49084005632524996
2023-08-14,113.94999694824219,114.4000015258789,111.80000305175781,112.5,110.25448608398438,369195,KGH.WA,-0.012724852892280425,1.1770244595606132,118.07000045776367,116.15000030517578,121.81345001220703,0.3092670420136931,2.3414940234814177,-0.4973190417071529
2023-08-16,111.0,111.4000015258789,108.0999984741211,109.0999984741211,106.92234802246094,870098,KGH.WA,-0.030222235785590246,1.1414521488183653,117.67500038146973,116.0670002746582,121.88205001831055,0.3238941043070781,2.3414940234814177,-0.5125111841536059
2023-08-17,109.25,110.5,106.8499984741211,107.75,105.59929656982422,659560,KGH.WA,-0.012373955022935368,1.127327871268054,117.23250045776368,115.95100021362305,121.9391000366211,0.3254961015768135,2.3414940234814177,-0.5185433488350732
2023-08-18,106.5,107.19999694824219,105.30000305175781,106.30000305175781,104.1782455444336,487162,KGH.WA,-0.013457048243546987,1.1121573657181045,116.66750068664551,115.80100021362304,121.99700004577636,0.32382972666319665,2.3414940234814177,-0.5250223342169762
2023-08-21,106.69999694824219,108.55000305175781,105.8499984741211,107.8499984741211,105.69730377197266,411044,KGH.WA,0.014581329989318936,1.1283740992676918,116.24500045776367,115.67500015258788,122.05795001983643,0.33003343709777166,2.3414940234814177,-0.5180965281346375
2023-08-22,109.3499984741211,110.55000305175781,108.6500015258789,109.69999694824219,107.5103759765625,630445,KGH.WA,0.01715343996564833,1.1477295966382728,115.88000030517578,115.65100006103516,122.11275001525878,0.33662087315850164,2.3414940234814177,-0.5098302258607574
2023-08-23,110.8499984741211,112.25,108.30000305175781,112.25,110.00947570800781,577900,KGH.WA,0.02324524268638717,1.1744088496504788,115.34250030517578,115.61,122.18600002288818,0.2878276549650557,2.3414940234814177,-0.4984361105033591
2023-08-24,112.5,112.9000015258789,109.0999984741211,109.8499984741211,107.65737915039062,387155,KGH.WA,-0.021380859918743056,1.1492989785487697,114.84250030517578,115.42800003051758,122.19025001525878,0.2840624764401215,2.3414940234814177,-0.5091599777649867
2023-08-25,109.0,111.80000305175781,108.44999694824219,110.44999694824219,108.24540710449219,520109,KGH.WA,0.0054619798129760255,1.155576426368677,114.36000022888183,115.22199996948243,122.19375,0.2853025196066831,2.3414940234814177,-0.5064790194721385
2023-08-28,110.8499984741211,113.55000305175781,110.80000305175781,113.4000015258789,111.13652801513672,332408,KGH.WA,0.026708960245776403,1.1864406712015143,114.01000022888184,115.07600006103516,122.19125,0.30491458750916967,2.3414940234814177,-0.4932975872227632
2023-08-29,113.69999694824219,116.3499984741211,112.94999694824219,115.94999694824219,113.6356201171875,605132,KGH.WA,0.022486731817030536,1.2131198443916404,113.60499992370606,115.05199996948242,122.19799999237061,0.29472848434822957,2.3414940234814177,-0.48190350595559917
2023-08-30,116.3499984741211,116.44999694824219,114.69999694824219,115.80000305175781,113.4886245727539,343215,KGH.WA,-0.001293608455645967,1.2115505423032236,113.2875,115.075,122.1825,0.2912695561792035,2.3414940234814177,-0.4825737199611355
2023-08-31,115.0999984741211,115.5999984741211,113.1500015258789,114.0999984741211,111.82254791259766,757684,KGH.WA,-0.014680522736056245,1.1937643470210597,113.0849998474121,115.04899993896484,122.1170000076294,0.27286983370776735,2.3414940234814177,-0.4901698082294791
2023-09-01,114.44999694824219,118.6500015258789,114.19999694824219,117.9000015258789,115.54670715332031,686008,KGH.WA,0.03330414638541557,1.2335216495839392,113.05499992370605,115.07699996948242,122.0827500152588,0.299552137587685,2.3414940234814177,-0.47319034889104916
2023-09-04,118.5,118.80000305175781,116.19999694824219,116.5,114.17464447021484,242352,KGH.WA,-0.011874482678200904,1.218874218122769,112.90249977111816,115.15800003051758,122.05225002288819,0.30038051511035435,2.3414940234814177,-0.4794459409678514
2023-09-05,115.5,117.30000305175781,114.6500015258789,114.75,112.45957946777344,330341,KGH.WA,-0.015021459227467782,1.2005649487518262,112.75249977111817,115.19,122.05050003051758,0.3003589881221707,2.3414940234814177,-0.4872654225412957
2023-09-06,114.55000305175781,115.55000305175781,111.8499984741211,113.0,110.7445068359375,500068,KGH.WA,-0.015250544662309351,1.1822556793808834,112.64999961853027,115.21100006103515,122.04575004577637,0.294135635801107,2.3414940234814177,-0.49508490411473993
2023-09-07,111.9000015258789,112.75,108.4000015258789,109.25,107.0693588256836,632292,KGH.WA,-0.0331858407079646,1.143021530728863,112.32999954223632,115.1820001220703,122.04350006103516,0.314696930188486,2.3414940234814177,-0.5118409360578349
2023-09-08,110.0,110.80000305175781,108.5999984741211,110.30000305175781,108.09840393066406,391746,KGH.WA,0.009611011915403367,1.1540071242802605,112.03249969482422,115.17800018310547,122.02325008392334,0.3165453377715148,2.3414940234814177,-0.5071492334776746
2023-09-11,112.30000305175781,113.1500015258789,111.1500015258789,111.9000015258789,109.66646575927734,347119,KGH.WA,0.014505878783795723,1.1707470117407066,111.92999992370605,115.16800018310546,122.00575008392335,0.31501587046306845,2.3414940234814177,-0.5000000000000009
2023-09-12,112.3499984741211,113.0999984741211,111.5,112.5999984741211,110.35249328613281,601262,KGH.WA,0.006255557986567961,1.1780706875602518,111.93499984741212,115.11900009155273,121.98375007629394,0.31261827326658276,2.3414940234814177,-0.4968722210067169
2023-09-13,112.55000305175781,112.8499984741211,110.69999694824219,111.3499984741211,109.12744140625,594270,KGH.WA,-0.011101243489690549,1.1649926380095783,112.04749984741211,115.04300003051758,121.96250007629395,0.2947743273934295,2.3414940234814177,-0.5024575649877485
2023-09-14,112.9000015258789,116.94999694824219,112.0,116.30000305175781,113.97864532470703,786205,KGH.WA,0.044454464710092845,1.216781762123493,112.475,115.1300001525879,121.98200008392334,0.3273288677318072,2.3414940234814177,-0.48033958236872276
2023-09-15,116.5999984741211,117.75,116.05000305175781,116.80000305175781,114.46866607666016,1108825,KGH.WA,0.004299226026481584,1.2220129819437626,113.0,115.28900024414062,121.98900009155274,0.32075230835346247,2.3414940234814177,-0.4781054447763101
2023-09-18,116.5,116.75,112.30000305175781,112.5,110.25448608398438,315389,KGH.WA,-0.03681509365930702,1.1770244595606139,113.23250007629395,115.29600021362305,121.97250007629394,0.3506936517453121,2.3414940234814177,-0.4973190417071527
2023-09-19,112.5,113.8499984741211,111.4000015258789,111.5999984741211,109.37245178222656,379674,KGH.WA,-0.008000013563368102,1.167608247919713,113.32750015258789,115.28700012207031,121.93075008392334,0.34796095999922544,2.3414940234814177,-0.5013404961915423
2023-09-20,112.30000305175781,115.19999694824219,112.05000305175781,115.1500015258789,112.85159301757812,425524,KGH.WA,0.03181006362272498,1.2047499405724575,113.47250022888184,115.31500015258788,121.91550010681152,0.35642030951028864,2.3414940234814177,-0.4854781056493187
2023-09-21,113.4000015258789,113.69999694824219,110.80000305175781,111.69999694824219,109.47045135498047,528262,KGH.WA,-0.02996095989509273,1.168654475919351,113.56500015258788,115.15500015258789,121.86775009155274,0.364930161880854,2.3414940234814177,-0.5008936754911066
2023-09-22,111.80000305175781,112.69999694824219,111.3499984741211,111.44999694824219,109.2254409790039,308096,KGH.WA,-0.00223813793044092,1.1660388660092162,113.6150001525879,114.92400009155273,121.82300006866456,0.36472897079436967,2.3414940234814177,-0.502010744287313
2023-09-25,111.0,111.05000305175781,108.19999694824219,108.19999694824219,106.04031372070312,496208,KGH.WA,-0.029161059569246195,1.1320359371774653,113.35499992370606,114.66699996948242,121.76325004577637,0.36580418878822385,2.3414940234814177,-0.5165326386379951
2023-09-26,108.0,110.0,106.55000305175781,109.3499984741211,107.1673583984375,563791,KGH.WA,0.010628480206233304,1.1440677587285009,113.025,114.49,121.69900005340577,0.3575651860765669,2.3414940234814177,-0.5113941153573991
2023-09-27,109.75,110.6500015258789,108.0999984741211,108.55000305175781,106.38333129882812,270333,KGH.WA,-0.0073159161730816935,1.1356978549093177,112.6625,114.32100006103515,121.63400005340576,0.3578930766015862,2.3414940234814177,-0.5149687150511189
2023-09-28,108.5999984741211,111.8499984741211,108.5999984741211,111.4000015258789,109.17644500732422,337400,KGH.WA,0.02625516714874876,1.1655157919204373,112.52750015258789,114.21700012207032,121.58850006103516,0.36946418919927865,2.3414940234814177,-0.5022341375924135
2023-09-29,112.5,113.0999984741211,111.5999984741211,111.94999694824219,109.71546173095703,327013,KGH.WA,0.0049371222157077455,1.171270085829486,112.22999992370606,114.10400009155273,121.50925003051758,0.3476708860237801,2.3414940234814177,-0.4997766066949001
2023-10-02,111.5,112.75,108.69999694824219,108.80000305175781,106.62834167480469,444142,KGH.WA,-0.02813750765835854,1.1383134648194526,111.84500007629394,113.95400009155273,121.41200004577637,0.358207751809147,2.3414940234814177,-0.5138516462549124
2023-10-03,108.55000305175781,109.4000015258789,106.5,107.25,105.1092758178711,506678,KGH.WA,-0.014246351179056926,1.1220966514477857,111.47000007629394,113.75900009155274,121.31850006103515,0.35787807992393633,2.3414940234814177,-0.5207774864274853
2023-10-04,106.5,109.19999694824219,106.0,106.75,104.61925506591797,458863,KGH.WA,-0.004662004662004615,1.1168654316275164,111.15750007629394,113.43400009155273,121.23050006866455,0.35508565344465265,2.3414940234814177,-0.5230116240198979
2023-10-05,107.80000305175781,107.80000305175781,105.0,105.0,102.90419006347656,464145,KGH.WA,-0.016393442622950838,1.0985561622565734,110.94500007629395,113.13700012207032,121.13650005340577,0.34061143929052806,2.3414940234814177,-0.5308311055933423
2023-10-06,105.25,107.6500015258789,104.25,107.4000015258789,105.25628662109375,483227,KGH.WA,0.022857157389322813,1.1236660333582824,110.8,112.88300018310547,121.04550006866455,0.3496050849607464,2.3414940234814177,-0.5201072383317147
2023-10-09,109.0,109.4000015258789,106.5,107.9000015258789,105.74630737304688,308033,KGH.WA,0.004655493416166445,1.1288972531785517,110.6,112.63300018310547,120.94150009155274,0.3454970210138732,2.3414940234814177,-0.517873100739302
2023-10-10,109.1500015258789,110.9000015258789,107.55000305175781,110.05000305175781,107.8533935546875,565624,KGH.WA,0.019925871135073603,1.151391514370126,110.47250022888184,112.35300018310546,120.87275009155273,0.35294370653052026,2.3414940234814177,-0.5082663022738808
2023-10-11,110.5,111.94999694824219,109.25,110.80000305175781,108.58842468261719,684114,KGH.WA,0.006815083863716653,1.1592383441005303,110.44500045776367,112.12600021362304,120.80625011444091,0.3518104174322689,2.3414940234814177,-0.5049150958852617
2023-10-12,111.5,112.4000015258789,109.0,109.69999694824219,107.5103759765625,401705,KGH.WA,-0.009927852646373858,1.1477295966382737,110.1150001525879,111.95700012207031,120.72775009155274,0.3112632920856571,2.3414940234814177,-0.509830225860757
2023-10-13,109.44999694824219,110.5999984741211,108.69999694824219,109.1500015258789,106.97135925292969,344012,KGH.WA,-0.005013632066213969,1.1419753027292252,109.73250007629395,111.7700001525879,120.64675010681152,0.3102261007129996,2.3414940234814177,-0.5122877567582704
2023-10-16,110.5,114.30000305175781,110.05000305175781,112.5,110.25448608398438,824343,KGH.WA,0.030691694249100232,1.1770244595606143,109.73250007629395,111.62900009155274,120.56750007629394,0.3057198907957469,2.3414940234814177,-0.49731904170715246
2023-10-17,112.19999694824219,114.5,110.30000305175781,111.9000015258789,109.66646575927734,739415,KGH.WA,-0.005333319769965317,1.1707470117407068,109.74750022888183,111.51200012207032,120.49325008392334,0.30491950547866753,2.3414940234814177,-0.5000000000000009
2023-10-18,112.8499984741211,114.30000305175781,112.3499984741211,113.30000305175781,111.03852081298828,672170,KGH.WA,0.012511184153604527,1.185394443201877,109.65500030517578,111.47700012207031,120.42150009155273,0.28555665679523523,2.3414940234814177,-0.4937444079231986
2023-10-19,112.69999694824219,113.30000305175781,109.69999694824219,110.19999694824219,108.00039672851562,560112,KGH.WA,-0.027361041659455854,1.152960816458543,109.58000030517579,111.36800003051758,120.32000007629395,0.28214658823298566,2.3414940234814177,-0.5075960882683445
2023-10-20,109.19999694824219,109.80000305175781,107.6500015258789,107.94999694824219,105.79530334472656,541900,KGH.WA,-0.020417423432931292,1.1294203272673307,109.40500030517578,111.20199996948242,120.19725006103516,0.2908550120102772,2.3414940234814177,-0.5176497074342015
2023-10-23,107.30000305175781,107.69999694824219,105.5999984741211,105.5999984741211,103.4922103881836,713752,KGH.WA,-0.02176932413669108,1.1048336100764804,109.27500038146972,111.035,120.04275005340577,0.28257494043163606,2.3414940234814177,-0.5281501473004941
2023-10-24,107.0999984741211,108.55000305175781,106.0999984741211,107.4000015258789,105.25628662109375,665346,KGH.WA,0.017045483690976804,1.123666033358282,109.17750053405761,110.93300003051758,119.83925003051758,0.28698066416788187,2.3414940234814177,-0.5201072383317149
2023-10-25,108.0,111.1500015258789,107.5,110.80000305175781,108.58842468261719,882432,KGH.WA,0.03165736943737052,1.1592383441005298,109.29000053405761,110.96700012207032,119.63900001525879,0.3077373498783786,2.3414940234814177,-0.504915095885262
2023-10-26,108.9000015258789,111.9000015258789,108.0999984741211,111.9000015258789,109.66646575927734,620124,KGH.WA,0.00992778378902437,1.1707470117407066,109.31500053405762,111.05000015258788,119.4457500076294,0.29531617741816923,2.3414940234814177,-0.5000000000000009
2023-10-27,112.9000015258789,113.19999694824219,110.5,111.3499984741211,109.12744140625,541347,KGH.WA,-0.004915129975495258,1.1649926380095783,109.28500061035156,111.15100006103516,119.24699996948242,0.2953740548674614,2.3414940234814177,-0.5024575649877485
2023-10-30,112.5,113.5,111.44999694824219,111.5999984741211,109.37245178222656,372574,KGH.WA,0.002245172909078219,1.167608247919713,109.42500038146973,111.22600006103515,119.03599994659425,0.2761956587043189,2.3414940234814177,-0.5013404961915423
2023-10-31,111.6500015258789,113.19999694824219,111.0,112.25,110.00947570800781,771626,KGH.WA,0.005824386512242041,1.1744088496504792,109.67500038146973,111.27700012207032,118.84574993133545,0.27022546712437456,2.3414940234814177,-0.498436110503359
2023-11-02,113.30000305175781,114.44999694824219,112.5,113.19999694824219,110.94051361083984,594906,KGH.WA,0.008463224483226561,1.184348135380159,109.99750022888183,111.29600006103516,118.66749988555908,0.2696801106864916,2.3414940234814177,-0.4941912627138687
2023-11-03,114.19999694824219,114.30000305175781,112.9000015258789,113.80000305175781,111.5285415649414,333470,KGH.WA,0.005300407417766717,1.1906256630221461,110.43750038146973,111.37500015258789,118.47324993133545,0.2597195951711653,2.3414940234814177,-0.4915102703307861
2023-11-06,114.5,114.8499984741211,112.69999694824219,113.5,111.23452758789062,411589,KGH.WA,-0.002636230612589441,1.1874868992011525,110.74250030517578,111.43600021362305,118.30874996185302,0.2509954372719596,2.3414940234814177,-0.4928507665223274
2023-11-07,112.5999984741211,112.69999694824219,108.75,109.0,106.82434844970703,728419,KGH.WA,-0.03964757709251099,1.140405920818728,110.79750022888183,111.34800018310547,118.13124996185303,0.2926571337030698,2.3414940234814177,-0.5129580048540412
2023-11-08,109.05000305175781,110.55000305175781,107.5,107.5,105.35428619384766,443720,KGH.WA,-0.013761467889908285,1.12471226135792,110.67000007629395,111.17900024414062,117.92974994659424,0.287644670471219,2.3414940234814177,-0.5196604176312791
2023-11-09,107.55000305175781,109.94999694824219,107.0999984741211,109.5,107.31436920166016,367774,KGH.WA,0.018604651162790642,1.1456371406389974,110.60499992370606,111.05300018310547,117.73374996185302,0.2948551003803559,2.3414940234814177,-0.5107238672616286
2023-11-10,108.69999694824219,109.30000305175781,105.25,105.9000015258789,103.78622436523438,977572,KGH.WA,-0.03287669839379992,1.1079723738974736,110.4150001525879,110.88900024414062,117.5225,0.31521390439231306,2.3414940234814177,-0.526809651108953
2023-11-13,107.0,107.69999694824219,106.0999984741211,106.0999984741211,103.98223114013672,432995,KGH.WA,0.001888545281968801,1.1100648298967495,110.2625,110.65300018310546,117.30674999237061,0.3151668313754358,2.3414940234814177,-0.5259160097080815
2023-11-14,107.05000305175781,112.4000015258789,107.0,112.4000015258789,110.15648651123047,771845,KGH.WA,0.05937797495156838,1.1759782315609757,110.25750007629395,110.57100021362305,117.13775001525879,0.366043243701734,2.3414940234814177,-0.49776586240758847
2023-11-15,112.19999694824219,115.5,111.1500015258789,114.5,112.21456909179688,1216921,KGH.WA,0.018683260192283724,1.197949338841691,110.3875,110.56600021362304,116.99175003051758,0.3711146605451575,2.3414940234814177,-0.4883824913375022
2023-11-16,112.19999694824219,115.3499984741211,111.75,114.94999694824219,112.65558624267578,761122,KGH.WA,0.003930104351460129,1.2026574047511016,110.46999969482422,110.60500015258789,116.86325004577637,0.3689530587653489,2.3414940234814177,-0.48637178114042445
2023-11-17,114.1500015258789,115.9000015258789,113.5999984741211,115.75,113.43962097167969,514373,KGH.WA,0.006959574362738197,1.2110273883923646,110.74749984741212,110.73500015258789,116.74775001525879,0.3537908298317776,2.3414940234814177,-0.4827971473564705
2023-11-20,115.94999694824219,119.3499984741211,115.5999984741211,119.0,116.62474822998047,624688,KGH.WA,0.02807775377969768,1.2450303172241157,111.3,110.90900009155274,116.63550003051758,0.3536518719022481,2.3414940234814177,-0.4682752530057882
2023-11-21,119.94999694824219,120.0,117.55000305175781,118.6500015258789,116.28173828125,568498,KGH.WA,-0.0029411636480763947,1.2413684793143431,111.95250015258789,111.04400009155273,116.54000003814697,0.34074507924884895,2.3414940234814177,-0.4698391425024302
2023-11-22,118.0,119.0,116.30000305175781,117.3499984741211,115.00768280029297,418467,KGH.WA,-0.010956620607158296,1.2277672758528109,112.45,111.13900009155273,116.45225006103516,0.3432600078140037,2.3414940234814177,-0.4756479138787968
2023-11-23,118.0999984741211,118.9000015258789,115.69999694824219,116.0,113.68463134765625,197222,KGH.WA,-0.011504034867276136,1.2136429983024994,112.7099998474121,111.23200012207032,116.34050003051757,0.3322509942172088,2.3414940234814177,-0.4816800785602642
2023-11-24,116.0,117.6500015258789,115.0,116.30000305175781,113.97864532470703,226474,KGH.WA,0.0025862332048087744,1.216781762123493,112.92999992370605,111.23200012207032,116.23225006103516,0.3310947775236657,2.3414940234814177,-0.48033958236872276
2023-11-27,116.25,116.9000015258789,114.80000305175781,114.94999694824219,112.65558624267578,281234,KGH.WA,-0.011607962752286594,1.2026574047511018,113.10999984741211,111.195,116.11325004577637,0.3338260482504503,2.3414940234814177,-0.48637178114042445
2023-11-28,114.5999984741211,117.4000015258789,113.9000015258789,117.4000015258789,115.05668640136719,358463,KGH.WA,0.021313655003748044,1.2282904297636699,113.4,111.29300003051758,116.03200008392334,0.3409489896673376,2.3414940234814177,-0.4754244864834618
2023-11-29,117.44999694824219,119.25,115.5999984741211,117.25,114.90967559814453,468073,KGH.WA,-0.0012776961152409783,1.2267210478531732,113.65,111.40600006103516,115.95250011444092,0.34103269199975333,2.3414940234814177,-0.47609473457923246
2023-11-30,117.25,117.3499984741211,115.0,115.30000305175781,112.99860382080078,1190127,KGH.WA,-0.016631104036180733,1.2063193224829545,113.75500030517578,111.40900009155274,115.86025012969971,0.3467001421012247,2.3414940234814177,-0.48480785755354805
2023-12-01,115.6500015258789,121.4000015258789,115.5999984741211,121.4000015258789,118.97684478759766,938782,KGH.WA,0.052905449372649294,1.270140188325825,114.13500022888184,111.60300018310546,115.80425010681152,0.3924336455802959,2.3414940234814177,-0.45755138574416054
2023-12-04,120.05000305175781,122.0999984741211,118.9000015258789,120.19999694824219,117.80078887939453,471382,KGH.WA,-0.009884716330756493,1.2575852128639307,114.47000007629394,111.77800018310546,115.73525009155273,0.39477930937468286,2.3414940234814177,-0.46291333642009147
2023-12-05,119.5,121.80000305175781,118.5999984741211,118.80000305175781,116.42874145507812,672322,KGH.WA,-0.011647204093417796,1.2429378612248403,114.96000022888184,111.99000030517578,115.6622501373291,0.3659682513054193,2.3414940234814177,-0.46916889440665943
2023-12-06,120.0,121.0,118.5999984741211,119.4000015258789,117.01676177978516,346628,KGH.WA,0.005050492076668522,1.2492153090447478,115.55500030517578,112.19100036621094,115.57575016021728,0.35951102811427255,2.3414940234814177,-0.466487936113811
2023-12-07,118.9000015258789,119.0,116.5,117.25,114.90967559814453,398315,KGH.WA,-0.018006712716941764,1.2267210478531734,115.94250030517578,112.36500030517578,115.48400012969971,0.36525716507779776,2.3414940234814177,-0.47609473457923235
2023-12-08,118.4000015258789,119.4000015258789,117.1500015258789,117.94999694824219,115.595703125,602576,KGH.WA,0.0059701232259461445,1.2340447236727186,116.54500007629395,112.49600021362305,115.43125011444091,0.33876999563716964,2.3414940234814177,-0.47296695558594837
2023-12-11,117.80000305175781,118.94999694824219,117.1500015258789,118.44999694824219,116.08572387695312,533455,KGH.WA,0.004239084467457799,1.2392759434929879,117.1625,112.62600021362304,115.38175006866454,0.338529792574528,2.3414940234814177,-0.4707328179935357
2023-12-12,118.5,119.5,115.1500015258789,115.6500015258789,113.34161376953125,558459,KGH.WA,-0.023638628066717127,1.209981160392727,117.325,112.76300018310548,115.34000007629395,0.28862266319702173,2.3414940234814177,-0.48324396805690606
2023-12-13,115.44999694824219,116.5999984741211,114.5999984741211,115.5999984741211,113.29261016845703,591271,KGH.WA,-0.0004323653359107338,1.2094580064818683,117.37999992370605,112.9300001525879,115.28900005340576,0.281487433090465,2.3414940234814177,-0.48346739545224093
2023-12-14,117.9000015258789,122.0999984741211,117.9000015258789,121.5,119.07484436035156,1152537,KGH.WA,0.051038076157065904,1.271186416325463,117.70750007629394,113.2250001525879,115.25950004577636,0.3336561087881208,2.3414940234814177,-0.4571045650437249
2023-12-15,121.69999694824219,125.30000305175781,121.5,123.30000305175781,120.83892059326172,2030034,KGH.WA,0.014814839932163038,1.2900188396072647,118.08500022888184,113.59100021362305,115.21500007629395,0.3360550339893014,2.3414940234814177,-0.44906165607494564
2023-12-18,122.5999984741211,124.9000015258789,122.5,124.19999694824219,121.72095489501953,482148,KGH.WA,0.0072992203909887365,1.2994349714260858,118.34500007629394,113.92700012207031,115.19575004577636,0.3236610806640246,2.3414940234814177,-0.4450402356807902
2023-12-19,123.55000305175781,127.0,123.4000015258789,126.0999984741211,123.5830307006836,474447,KGH.WA,0.01529791926380386,1.3193136227075253,118.71749992370606,114.29100006103516,115.17175006866455,0.3261834447700203,2.3414940234814177,-0.4365505060115753
2023-12-20,127.0,128.39999389648438,123.80000305175781,123.94999694824219,121.47594451904297,500296,KGH.WA,-0.01704997265578989,1.296819361515951,119.04749984741211,114.56899993896485,115.14150005340576,0.33039243069999236,2.3414940234814177,-0.44615730447699664
2023-12-21,123.94999694824219,124.55000305175781,122.9000015258789,123.9000015258789,121.42694091796875,354356,KGH.WA,-0.0004033515417040112,1.2962962874271717,119.44249992370605,114.83099990844727,115.13175006866454,0.3262791607337745,2.3414940234814177,-0.44638069778209744
2023-12-22,124.44999694824219,125.6500015258789,123.80000305175781,123.80000305175781,121.32894134521484,188580,KGH.WA,-0.0008070901766712435,1.2952500594275338,119.81749992370605,115.11300003051758,115.12075008392334,0.32662690446190157,2.3414940234814177,-0.4468275184825331
2023-12-27,125.0,126.44999694824219,124.69999694824219,125.5999984741211,123.09300994873047,539071,KGH.WA,0.014539542633215774,1.3140824028872558,120.35,115.44199996948242,115.13925006866455,0.32394557869499824,2.3414940234814177,-0.43878464360398806
2023-12-28,125.75,126.69999694824219,124.5999984741211,124.69999694824219,122.21097564697266,420054,KGH.WA,-0.007165617331311824,1.3046661912463549,120.71499977111816,115.68599990844727,115.15550006866455,0.3202497770317693,2.3414940234814177,-0.4428060980883777
2023-12-29,125.0,125.25,122.69999694824219,122.69999694824219,120.25089263916016,474559,KGH.WA,-0.016038492774222868,1.2837413119652774,120.98749961853028,115.90199981689453,115.17125003814698,0.32720418490734227,2.3414940234814177,-0.45174264845802825
2024-01-02,123.0999984741211,123.8499984741211,119.0,120.1500015258789,117.75179290771484,470629,KGH.WA,-0.0207823592973595,1.2570621387751513,121.22999954223633,116.03899978637695,115.16950004577637,0.3307315405149784,2.3414940234814177,-0.46313672972519226
2024-01-03,119.9000015258789,120.1500015258789,115.80000305175781,117.19999694824219,114.86067199707031,643158,KGH.WA,-0.02455268031770541,1.226197893942314,121.01999931335449,116.17899978637695,115.18900001525878,0.28448253370135856,2.3414940234814177,-0.47631816197456756
2024-01-04,118.0,118.5,115.19999694824219,116.25,113.92963409423828,708352,KGH.WA,-0.008105776219957783,1.216258608212634,120.82249946594239,116.34499984741211,115.1957500076294,0.2838654933778005,2.3414940234814177,-0.48056300976405786
2024-01-05,116.0,116.69999694824219,113.6500015258789,115.8499984741211,113.5376205444336,496019,KGH.WA,-0.003440873340893824,1.2120736163920025,120.67499923706055,116.54999984741211,115.20299999237061,0.28146654549688427,2.3414940234814177,-0.48235032665603483
2024-01-08,116.0,116.0,113.30000305175781,114.94999694824219,112.65558624267578,416631,KGH.WA,-0.007768679652421007,1.2026574047511016,120.4524990081787,116.70099975585937,115.19099998474121,0.2814241876799904,2.3414940234814177,-0.48637178114042445
2024-01-09,115.9000015258789,116.5999984741211,114.19999694824219,114.5,112.21456909179688,299818,KGH.WA,-0.0039147190969026635,1.197949338841691,120.31499900817872,116.77499969482422,115.16899997711181,0.27499948942012375,2.3414940234814177,-0.4883824913375022
2024-01-10,114.44999694824219,114.80000305175781,112.0999984741211,112.44999694824219,110.20548248291016,483197,KGH.WA,-0.01790395678391099,1.1765013056497546,120.03999900817871,116.78599960327148,115.13799995422363,0.279935150453893,2.3414940234814177,-0.4975424691024878
2024-01-11,114.0999984741211,114.25,110.5999984741211,110.8499984741211,108.63742065429688,728012,KGH.WA,-0.014228532837199936,1.1597614181893086,119.65999908447266,116.77599960327149,115.10524993896485,0.2819354282448897,2.3414940234814177,-0.5046917025801614
2024-01-12,112.0,112.8499984741211,110.69999694824219,111.05000305175781,108.83343505859375,407524,KGH.WA,0.0018042812845271428,1.1618539540106643,119.4299991607666,116.76499969482421,115.08574996948242,0.27170645173358676,2.3414940234814177,-0.5037980270890557
2024-01-15,111.9000015258789,112.19999694824219,108.80000305175781,109.1500015258789,106.97135925292969,650482,KGH.WA,-0.017109423445881067,1.1419753027292245,119.1074993133545,116.7029997253418,115.0492499923706,0.2769186142752066,2.3414940234814177,-0.5122877567582707
2024-01-16,109.0,111.05000305175781,108.3499984741211,110.30000305175781,108.09840393066406,510318,KGH.WA,0.010535973520863884,1.15400712428026,118.54749946594238,116.64499984741211,115.01575000762939,0.198979635946768,2.3414940234814177,-0.5071492334776748
2024-01-17,108.9000015258789,109.0,105.80000305175781,105.9000015258789,103.78622436523438,1077959,KGH.WA,-0.03989121853255273,1.1079723738974736,117.67749938964843,116.48699981689452,114.95275001525879,0.22115951161901465,2.3414940234814177,-0.526809651108953
2024-01-18,108.0,108.0,105.80000305175781,106.0,103.88423156738281,543082,KGH.WA,0.0009442726409845115,1.1090186018971115,116.76749954223632,116.33699981689453,114.8665000152588,0.2166293590095689,2.3414940234814177,-0.5263628304085173
2024-01-19,107.5,108.30000305175781,106.5,107.0999984741211,104.96227264404297,402361,KGH.WA,0.010377344095481966,1.120527269537288,115.81749954223633,116.29899978637695,114.7907500076294,0.21028132459320398,2.3414940234814177,-0.5214477345232563
2024-01-22,108.05000305175781,108.5,105.4000015258789,105.75,103.63922119140625,524180,KGH.WA,-0.012605027949158187,1.1064029919869767,114.90749969482422,116.26399978637696,114.71625,0.2083405471324533,2.3414940234814177,-0.5274798992047236
2024-01-23,107.0999984741211,108.69999694824219,105.69999694824219,108.0999984741211,105.94231414794922,566389,KGH.WA,0.02222220779310735,1.130989709177827,114.11749954223633,116.23599975585938,114.6645000076294,0.23304653416907384,2.3414940234814177,-0.5169794593384309
2024-01-24,110.30000305175781,114.4000015258789,110.19999694824219,113.0,110.7445068359375,1015636,KGH.WA,0.04532841438524127,1.182255679380883,113.57749938964844,116.3779997253418,114.6477500152588,0.2972115193308832,2.3414940234814177,-0.49508490411474015
2024-01-25,113.0,113.5999984741211,111.0999984741211,111.8499984741211,109.61746215820312,547101,KGH.WA,-0.010177004653795674,1.1702238578298474,112.88999938964844,116.4929997253418,114.62475002288818,0.2891758008272029,2.3414940234814177,-0.5002234273953361
2024-01-26,111.25,114.19999694824219,110.5,113.3499984741211,111.08751678466797,416980,KGH.WA,0.013410818242854505,1.1859175172906555,112.32249946594239,116.51199966430664,114.59175003051757,0.29684287276401267,2.3414940234814177,-0.49352101461809816
2024-01-29,113.3499984741211,113.94999694824219,112.4000015258789,113.55000305175781,111.28353118896484,303176,KGH.WA,0.001764486813666588,1.188010053112011,111.86499977111816,116.4929997253418,114.54950004577637,0.2944570317176655,2.3414940234814177,-0.4926273391269925
2024-01-30,113.69999694824219,113.80000305175781,111.05000305175781,111.05000305175781,108.83343505859375,502294,KGH.WA,-0.022016732125145433,1.161853954010664,111.40999984741211,116.4149998474121,114.48550006866455,0.2954375135052133,2.3414940234814177,-0.5037980270890559
2024-01-31,111.19999694824219,112.80000305175781,110.5,112.44999694824219,110.20548248291016,412514,KGH.WA,0.012606878505279084,1.1765013056497546,111.17249984741211,116.34899978637695,114.41800006866455,0.2901596021979961,2.3414940234814177,-0.4975424691024878
2024-02-01,110.5,112.69999694824219,110.5,111.8499984741211,109.61746215820312,555726,KGH.WA,-0.005335691333075432,1.1702238578298474,110.95249977111817,116.20599975585938,114.36650005340576,0.2895408302970457,2.3414940234814177,-0.5002234273953361
2024-02-02,111.94999694824219,113.25,110.80000305175781,111.05000305175781,108.83343505859375,573026,KGH.WA,-0.007152395469619766,1.1618539540106643,110.7125,116.05399978637695,114.27750003814697,0.2901240748048147,2.3414940234814177,-0.5037980270890557
2024-02-05,112.0,112.05000305175781,109.19999694824219,109.25,107.0693588256836,607400,KGH.WA,-0.01620894193869471,1.1430215307288625,110.4275001525879,115.89199981689453,114.19525005340576,0.2938896047373368,2.3414940234814177,-0.5118409360578351
2024-02-06,110.25,111.8499984741211,109.25,111.19999694824219,108.98043060302734,305863,KGH.WA,0.017848942318006378,1.1634232560990814,110.2625,115.79599975585937,114.12100002288818,0.30240981472746775,2.3414940234814177,-0.5031278130835193
2024-02-07,111.5,111.94999694824219,110.30000305175781,110.8499984741211,108.63742065429688,300607,KGH.WA,-0.003147468378834617,1.1597614181893088,110.18250007629395,115.68699966430664,114.06150001525879,0.2961280458414613,2.3414940234814177,-0.5046917025801614
2024-02-08,111.0,111.3499984741211,109.4000015258789,109.75,107.55937957763672,408178,KGH.WA,-0.00992330617287196,1.148252750549132,110.12750015258788,115.5829997253418,114.0065000152588,0.2938765245611704,2.3414940234814177,-0.5096067984654223
2024-02-09,109.0999984741211,109.8499984741211,108.0,108.19999694824219,106.04031372070312,439207,KGH.WA,-0.01412303464016229,1.132035937177465,109.98499984741211,115.39899963378906,113.96650001525879,0.2977506377865971,2.3414940234814177,-0.5165326386379951
2024-02-12,109.0,111.5999984741211,108.55000305175781,111.1500015258789,108.93143463134766,356015,KGH.WA,0.027264368399639194,1.1629001820103022,110.0849998474121,115.27699966430664,113.93250003814697,0.30766752813206816,2.3414940234814177,-0.5033512063886201
2024-02-13,111.80000305175781,111.8499984741211,109.19999694824219,109.30000305175781,107.11836242675781,598979,KGH.WA,-0.016644160582313328,1.1435446846397213,110.03499984741211,115.15699966430664,113.88250003814697,0.311696099941635,2.3414940234814177,-0.5116175086625001
2024-02-14,109.30000305175781,110.3499984741211,108.25,110.0999984741211,107.90238952636719,340641,KGH.WA,0.007319262580298913,1.1519145884589044,110.24499969482422,114.93099960327149,113.83600002288819,0.27499608337084985,2.3414940234814177,-0.5080429089687803
2024-02-15,110.55000305175781,110.80000305175781,109.19999694824219,110.4000015258789,108.19640350341797,358467,KGH.WA,0.002724823396144993,1.155053352279898,110.46499977111816,114.73499969482423,113.80800003051758,0.2749705229588425,2.3414940234814177,-0.506702412777239
2024-02-16,111.44999694824219,113.69999694824219,111.44999694824219,113.44999694824219,111.1855239868164,1038332,KGH.WA,0.027626769748262392,1.1869637452902935,110.78249969482422,114.62799957275391,113.7945000076294,0.28828830785041076,2.3414940234814177,-0.4930741939176625
2024-02-19,113.19999694824219,113.5,112.0,112.0,109.76446533203125,338606,KGH.WA,-0.012780934219889795,1.171793239740344,111.09499969482422,114.47999954223633,113.76174999237061,0.2884155619608722,2.3414940234814177,-0.49955317929956544
2024-02-20,111.80000305175781,113.25,110.6500015258789,111.75,109.51945495605469,623702,KGH.WA,-0.0022321428571429047,1.1691776298302095,111.27749977111816,114.36999954223633,113.71,0.27976613585420457,2.3414940234814177,-0.5006702480957718
2024-02-21,113.30000305175781,113.3499984741211,110.5,111.4000015258789,109.17644500732422,711240,KGH.WA,-0.003131977397056729,1.1655157919204369,111.1974998474121,114.23899963378906,113.66475002288819,0.22784680194268167,2.3414940234814177,-0.5022341375924138
2024-02-22,112.8499984741211,113.19999694824219,111.1500015258789,111.5,109.27444458007812,531980,KGH.WA,0.0008976523586299301,1.1665620199200746,111.17999992370605,114.09999969482422,113.62650001525878,0.22505690596288533,2.3414940234814177,-0.5017873168919782
2024-02-23,111.69999694824219,112.19999694824219,110.0,111.3499984741211,109.12744140625,656444,KGH.WA,-0.0013453051648332215,1.1649926380095779,111.07999992370605,114.01399963378907,113.60924999237061,0.21936433254898663,2.3414940234814177,-0.5024575649877487
2024-02-26,110.9000015258789,111.0,109.5999984741211,110.0,107.80438995361328,460387,KGH.WA,-0.012123920005574607,1.1508683604592664,110.90249977111816,113.90199966430664,113.5859999847412,0.22272521959580074,2.3414940234814177,-0.5084897296692161
2024-02-27,110.55000305175781,112.0999984741211,110.44999694824219,111.30000305175781,109.07844543457031,426195,KGH.WA,0.011818209561434756,1.164469563920799,110.91499977111816,113.6979997253418,113.56150001525879,0.21356834173276232,2.3414940234814177,-0.5026809582928494
2024-02-28,110.80000305175781,110.94999694824219,108.0,108.05000305175781,105.893310546875,712298,KGH.WA,-0.029200358588387987,1.1304666350890478,110.69500007629395,113.3929997253418,113.52775001525879,0.23210516230049855,2.3414940234814177,-0.5172028526435317
2024-02-29,108.5999984741211,109.25,107.44999694824219,107.80000305175781,105.64830017089844,1437596,KGH.WA,-0.002313743571855764,1.1278510251789131,110.49250030517578,113.06499984741211,113.50125003814698,0.2317581928919484,2.3414940234814177,-0.518319921439738
2024-03-01,108.80000305175781,109.4000015258789,107.5999984741211,109.0999984741211,106.92234802246094,381633,KGH.WA,0.012059326396671066,1.1414521488183658,110.39500007629394,112.7249998474121,113.49000003814697,0.23580682265092717,2.3414940234814177,-0.5125111841536056
2024-03-04,109.94999694824219,110.4000015258789,107.4000015258789,107.5,105.35428619384766,446677,KGH.WA,-0.014665430765341547,1.1247122613579197,110.30750007629395,112.39599990844727,113.46400005340575,0.23452759195485526,2.3414940234814177,-0.5196604176312793
2024-03-05,107.19999694824219,107.80000305175781,106.1500015258789,106.1500015258789,104.03123474121094,607457,KGH.WA,-0.012558125340661364,1.1105879838076083,110.05500030517578,112.04099990844726,113.42675006866455,0.227351614968821,2.3414940234814177,-0.5256925823127466
2024-03-06,106.3499984741211,108.69999694824219,106.25,108.19999694824219,106.04031372070312,294245,KGH.WA,0.019312250521857033,1.1320359371774649,109.92250022888183,111.72899978637696,113.41275005340576,0.2397800967073834,2.3414940234814177,-0.5165326386379954
2024-03-07,108.19999694824219,111.30000305175781,107.5999984741211,110.44999694824219,108.24540710449219,683237,KGH.WA,0.02079482498577412,1.155576426368677,109.95750007629394,111.42599975585938,113.43650005340577,0.24938952063308725,2.3414940234814177,-0.5064790194721385
2024-03-08,110.9000015258789,111.1500015258789,109.0,109.80000305175781,107.60838317871094,558583,KGH.WA,-0.005884960746435963,1.1487759044599906,110.03750038146973,111.12799987792968,113.45900005340576,0.2446813343913172,2.3414940234814177,-0.5093833710700875
2024-03-11,109.19999694824219,111.0,108.44999694824219,111.0,108.78443145751953,314836,KGH.WA,0.010928933651090489,1.1613308000998053,110.03000030517578,110.89399993896484,113.46750003814697,0.22756097641729908,2.3414940234814177,-0.5040214544843908
2024-03-12,111.4000015258789,112.80000305175781,110.5999984741211,112.80000305175781,110.54850006103516,1093084,KGH.WA,0.0162162437095299,1.180163223381607,110.20500030517579,110.74699996948242,113.48350006103516,0.22551102531448725,2.3414940234814177,-0.4959785455156115
2024-03-13,112.9000015258789,115.94999694824219,112.55000305175781,115.94999694824219,113.6356201171875,1660234,KGH.WA,0.02792547705020021,1.2131198443916404,110.49750022888183,110.72199996948243,113.52900005340577,0.24349873356247848,2.3414940234814177,-0.48190350595559917
2024-03-14,115.94999694824219,118.5999984741211,115.25,116.0,113.68463134765625,1531706,KGH.WA,0.00043124668455263304,1.2136429983024994,110.77750015258789,110.71699996948242,113.58600006103515,0.24363212204483364,2.3414940234814177,-0.4816800785602642
2024-03-15,118.0,119.5,117.3499984741211,118.44999694824219,116.08572387695312,2825009,KGH.WA,0.021120663346915425,1.2392759434929876,111.02750015258789,110.76899993896484,113.63550003051758,0.23573038812277122,2.3414940234814177,-0.47073281799353583
2024-03-18,118.5999984741211,119.19999694824219,116.0,117.94999694824219,115.595703125,693833,KGH.WA,-0.00422119048444114,1.2340447236727183,111.325,110.82899993896484,113.6532500076294,0.23038243275943135,2.3414940234814177,-0.47296695558594837
2024-03-19,117.0,117.75,114.75,116.25,113.92963409423828,824722,KGH.WA,-0.014412861316038583,1.2162586082126343,111.55,110.86399993896484,113.6682500076294,0.2377737678982968,2.3414940234814177,-0.48056300976405775
2024-03-20,116.19999694824219,116.19999694824219,113.9000015258789,114.0,111.72454833984375,465052,KGH.WA,-0.01935483870967747,1.192718119021422,111.67999992370605,110.895,113.67049999237061,0.24919137831155797,2.3414940234814177,-0.49061662892991476
2024-03-21,117.0,118.0,115.94999694824219,117.5,115.1546859741211,780795,KGH.WA,0.030701754385964897,1.2293366577633078,111.97999992370606,111.02800003051757,113.68899997711182,0.2701729072975801,2.3414940234814177,-0.47497766578302614
2024-03-22,115.6500015258789,119.3499984741211,115.25,117.05000305175781,114.71367645263672,754995,KGH.WA,-0.003829761261635589,1.2246285918538973,112.26500015258789,111.14800003051758,113.70349998474121,0.2708169499290068,2.3414940234814177,-0.4769883759801038
2024-03-25,114.0999984741211,114.30000305175781,109.5,109.69999694824219,107.5103759765625,1503171,KGH.WA,-0.06279372842276265,1.1477295966382735,112.25,111.15899993896484,113.69749996185303,0.3543043745698297,2.3414940234814177,-0.5098302258607572
2024-03-26,109.9000015258789,111.30000305175781,109.05000305175781,110.6500015258789,108.44141387939453,777284,KGH.WA,0.00866002373805852,1.1576689621900331,112.21749992370606,111.16599990844726,113.67924995422364,0.35309471851512336,2.3414940234814177,-0.5055853439810326
2024-03-27,110.69999694824219,110.9000015258789,108.69999694824219,109.6500015258789,107.46137237548828,576766,KGH.WA,-0.00903750552381255,1.1472065225494943,112.29749984741211,111.24099990844726,113.63274997711181,0.3379490890339175,2.3414940234814177,-0.5100536191658579
2024-03-28,110.0,114.19999694824219,110.0,114.1500015258789,111.8715591430664,838958,KGH.WA,0.0410396711115224,1.194287500931919,112.61499977111816,111.40399993896484,113.59974998474121,0.36624264548616237,2.3414940234814177,-0.489946380834144
2024-04-02,114.4000015258789,119.1500015258789,114.25,118.44999694824219,116.08572387695312,1392294,KGH.WA,0.03766969220222416,1.2392759434929879,113.08249969482422,111.63099990844727,113.5884999847412,0.385317702477141,2.3414940234814177,-0.4707328179935357
2024-04-03,118.6500015258789,122.0,117.44999694824219,121.4000015258789,118.97684478759766,1322593,KGH.WA,0.024905062504355646,1.270140188325825,113.77749977111816,111.94399993896485,113.60974998474121,0.3849476336647519,2.3414940234814177,-0.45755138574416054
2024-04-04,122.5999984741211,128.0,122.5999984741211,128.0,125.44510650634766,2230990,KGH.WA,0.054365719861330986,1.339192273988965,114.86999969482422,112.34199996948242,113.67649997711182,0.4135174192227642,2.3414940234814177,-0.4280607763423604
2024-04-05,126.80000305175781,128.39999389648438,125.1500015258789,128.25,125.69011688232422,1550364,KGH.WA,0.001953125,1.3418078838990997,115.87249984741212,112.64699996948242,113.74074996948242,0.41277075911503475,2.3414940234814177,-0.42694370754615407
2024-04-08,128.0,132.5500030517578,127.5999984741211,129.3000030517578,126.71916198730469,1148268,KGH.WA,0.00818715829830663,1.3527934774504975,116.81500015258788,112.99600006103516,113.8047499847412,0.4103543753516468,2.3414940234814177,-0.4222520049659937
2024-04-09,130.8000030517578,142.5500030517578,129.6999969482422,140.60000610351562,137.79360961914062,2702998,KGH.WA,0.0873936796987893,1.4710190773174177,118.35500030517578,113.54100021362305,113.94550003051758,0.4930523713806367,2.3414940234814177,-0.371760481741374
2024-04-10,142.10000610351562,145.0,138.89999389648438,142.35000610351562,139.50868225097656,1663105,KGH.WA,0.012446656643183784,1.4893283466883607,119.92250061035156,114.11700027465821,114.09150005340577,0.49300163823654275,2.3414940234814177,-0.36394100016792974
2024-04-11,141.60000610351562,143.5500030517578,139.5500030517578,141.14999389648438,138.33262634277344,938585,KGH.WA,-0.00843001163033752,1.4767732914043865,121.34000015258789,114.71900009155273,114.23750003814698,0.49857890048542997,2.3414940234814177,-0.36930298493409486
2024-04-12,143.25,146.75,143.1999969482422,144.5,141.6157684326172,1015831,KGH.WA,0.023733660987420357,1.5118225280578552,122.76750030517579,115.36000015258789,114.40650005340576,0.49699311389548506,2.3414940234814177,-0.3543342357927427
2024-04-15,145.1999969482422,147.5500030517578,143.0,144.1999969482422,141.32174682617188,583759,KGH.WA,-0.002076145686905284,1.5086837642368616,124.1775001525879,116.00700012207031,114.57500003814697,0.4978145557494093,2.3414940234814177,-0.355674731984284
2024-04-16,141.0,141.14999389648438,135.39999389648438,137.5500030517578,134.8044891357422,925226,KGH.WA,-0.04611646350361065,1.4391086044849424,125.13250045776367,116.53700012207031,114.70075004577637,0.5361402257632596,2.3414940234814177,-0.38538873469118495
2024-04-17,138.0,143.39999389648438,137.0,142.39999389648438,139.55767822265625,832330,KGH.WA,0.035259838147016165,1.4898513409550598,126.35500030517578,117.2,114.8375,0.5424449186490315,2.3414940234814177,-0.36371764095306336
2024-04-18,145.0,147.1999969482422,141.85000610351562,143.60000610351562,140.73373413085938,706931,KGH.WA,0.00842705237686725,1.502406396239034,127.72250061035156,117.84800018310547,114.97975002288818,0.5348089951980897,2.3414940234814177,-0.35835565618689813
2024-04-19,143.0,144.1999969482422,141.0,142.39999389648438,139.55767822265625,448299,KGH.WA,-0.008356630612997407,1.4898513409550598,129.1425003051758,118.47900009155273,115.1320000076294,0.5278671209829525,2.3414940234814177,-0.36371764095306336
2024-04-22,143.0,143.5,139.25,139.64999389648438,136.86256408691406,580462,KGH.WA,-0.01931179858054677,1.4610796319435781,130.25,119.07699996948242,115.28599998474121,0.5338149872261129,2.3414940234814177,-0.3760053977113329
2024-04-23,137.85000610351562,137.89999389648438,132.0500030517578,132.64999389648438,130.00228881835938,1400385,KGH.WA,-0.05012531547397525,1.3878425544598068,131.02999954223634,119.56599990844727,115.38849994659424,0.5726870308812737,2.3414940234814177,-0.40728332400511
2024-04-24,134.5,137.0,132.10000610351562,132.89999389648438,130.24729919433594,816131,KGH.WA,0.0018846589634606836,1.3904581643699416,132.18999938964845,120.00099975585937,115.49274990081787,0.5110044438881947,2.3414940234814177,-0.4061662552089036
2024-04-25,134.1999969482422,139.1999969482422,134.0,137.9499969482422,135.19650268554688,933973,KGH.WA,0.03799851981702318,1.4432935164834946,133.5549991607666,120.57399963378906,115.61374988555909,0.5204151578141196,2.3414940234814177,-0.38360145188944206
2024-04-26,141.0500030517578,142.75,139.5500030517578,139.6999969482422,136.9115753173828,966763,KGH.WA,0.012685755989226832,1.4616027858544374,135.05749893188477,121.16599960327149,115.71374988555908,0.5146758368394315,2.3414940234814177,-0.3757819703159978
2024-04-29,140.3000030517578,143.8000030517578,139.5,143.8000030517578,140.9297332763672,792777,KGH.WA,0.02934864848303942,1.5044988522383105,136.5399990081787,121.83399963378906,115.81774990081787,0.5077572900966616,2.3414940234814177,-0.35746201478602646
2024-04-30,143.85000610351562,143.9499969482422,139.6999969482422,140.64999389648438,137.8426055908203,1520080,KGH.WA,-0.021905487402108403,1.4715420715841177,137.6499988555908,122.37799957275391,115.9157498550415,0.5119735871650123,2.3414940234814177,-0.3715371225265073
2024-05-02,140.75,141.39999389648438,138.4499969482422,139.9499969482422,137.15658569335938,504042,KGH.WA,-0.004976871515240622,1.4642183957645725,138.57749862670897,122.93699951171875,116.0244998550415,0.5107352323808594,2.3414940234814177,-0.37466490151979126
2024-05-06,141.75,144.39999389648438,141.6999969482422,144.1999969482422,141.32174682617188,603682,KGH.WA,0.03036798922955164,1.5086837642368625,139.3874984741211,123.58599945068359,116.16049983978272,0.48821026631772346,2.3414940234814177,-0.3556747319842837
2024-05-07,144.0,145.9499969482422,140.64999389648438,143.8000030517578,140.9297332763672,425369,KGH.WA,-0.0027738828359888945,1.5044988522383107,140.16499862670898,124.23399948120117,116.2964998626709,0.48907139860952387,2.3414940234814177,-0.35746201478602635
2024-05-08,145.0,149.6999969482422,144.5,147.0,144.06585693359375,997735,KGH.WA,0.022253107651815762,1.537978627159203,141.04999847412108,124.94399948120117,116.44349987030029,0.4923733572877444,2.3414940234814177,-0.34316354783067904
2024-05-09,148.0,149.39999389648438,145.39999389648438,149.1999969482422,146.22195434570312,404779,KGH.WA,0.014965965634300638,1.5609959624395566,141.47999801635743,125.7009994506836,116.60799983978272,0.3922426966740419,2.3414940234814177,-0.333333356060157
2024-05-10,150.5,154.39999389648438,149.0,150.0,147.0059814453125,908923,KGH.WA,0.005361950858721043,1.5693659460808196,141.86249771118165,126.5009994506836,116.77299983978271,0.3908468233144315,2.3414940234814177,-0.32975872227620306
2024-05-13,150.0,152.85000610351562,149.35000610351562,152.1999969482422,149.1620635986328,452368,KGH.WA,0.014666646321614518,1.592383281361173,142.41499786376954,127.31899932861329,116.91899982452392,0.39055685653823435,2.3414940234814177,-0.31992853050568115
2024-05-14,154.0,155.5,151.85000610351562,154.4499969482422,151.36715698242188,567203,KGH.WA,0.01478318032269832,1.6159237705523852,142.91249771118163,128.24699920654297,117.09199981689453,0.3858424459631838,2.3414940234814177,-0.30987491133982414
2024-05-15,156.6999969482422,159.0,151.89999389648438,153.0,149.94610595703125,871669,KGH.WA,-0.009388131931968191,1.6007532650024359,143.35249786376954,129.15099914550783,117.25649982452393,0.38813979142706295,2.3414940234814177,-0.3163538967217272
2024-05-16,155.6999969482422,158.5,153.6999969482422,157.14999389648438,154.0132598876953,972299,KGH.WA,0.027124143114277022,1.644172325653008,144.33249740600587,130.1119990539551,117.44024978637695,0.3497530230561708,2.3414940234814177,-0.2978105819768895
2024-05-17,156.9499969482422,165.0,155.0,164.35000610351562,161.06956481933594,1112840,KGH.WA,0.04581617872523713,1.719502018780215,145.42999801635742,131.2489991760254,117.64174980163574,0.3628616389867702,2.3414940234814177,-0.2656389461017724
2024-05-20,170.0,171.5500030517578,167.39999389648438,170.0,166.60678100585938,982282,KGH.WA,0.03437781373081128,1.7786147388915952,146.74999771118163,132.52599914550783,117.88099979400634,0.3752756739252379,2.3414940234814177,-0.24039321857969698
2024-05-21,168.0,170.6999969482422,167.10000610351562,169.64999389648438,166.26376342773438,728002,KGH.WA,-0.0020588594324448817,1.7749528211597427,148.11249771118165,133.75499908447264,118.13849975585937,0.37212295717722793,2.3414940234814177,-0.24195714216657327
2024-05-22,168.0,168.9499969482422,159.6999969482422,161.0,157.7864227294922,1041570,KGH.WA,-0.05098729270666735,1.6844527821267459,149.17999801635742,134.7659991455078,118.35099975585938,0.4182726987883942,2.3414940234814177,-0.2806076952431248
2024-05-23,159.0,159.64999389648438,153.89999389648438,157.0500030517578,153.91526794433594,1115960,KGH.WA,-0.02453414253566577,1.6431261774754495,150.3999984741211,135.7109991455078,118.53849975585938,0.3796120131751547,2.3414940234814177,-0.29825736858709107
2024-05-24,155.0,158.4499969482422,154.60000610351562,158.0500030517578,154.8953094482422,430656,KGH.WA,0.006367398793812429,1.6535886171159884,151.65749893188476,136.65199920654297,118.73999977111816,0.37886944527270294,2.3414940234814177,-0.2937890934022658
2024-05-27,157.5,159.14999389648438,156.6999969482422,158.8000030517578,155.63034057617188,243961,KGH.WA,0.004745333663513929,1.6614354468463923,152.69999923706055,137.57199920654296,118.95874977111816,0.3631436236199832,2.3414940234814177,-0.2904378870136468
2024-05-28,159.5,160.39999389648438,155.14999389648438,157.25,154.11126708984375,646238,KGH.WA,-0.009760724319713088,1.6452186334747254,153.57749938964844,138.39799926757811,119.16674976348877,0.36745348063562605,2.3414940234814177,-0.29736372718621973
2024-05-29,157.25,157.5500030517578,151.75,151.75,148.72105407714844,791288,KGH.WA,-0.03497615262321141,1.5876752154517622,153.97499923706056,139.11299926757812,119.34424976348878,0.3842403245388165,2.3414940234814177,-0.3219392407027589
2024-05-31,148.3000030517578,153.14999389648438,148.0,151.6999969482422,148.6720428466797,1855411,KGH.WA,-0.0003295094020284717,1.5871520615409032,154.52749938964843,139.77799926757814,119.53299976348877,0.37318527078682323,2.3414940234814177,-0.3221626680980939
2024-06-03,153.0,155.5,152.64999389648438,154.14999389648438,151.07315063476562,341244,KGH.WA,0.016150276845938727,1.6127850067313911,155.23749923706055,140.50199920654296,119.7412497329712,0.3739401180715873,2.3414940234814177,-0.3112154075313657
2024-06-04,155.0,155.14999389648438,147.8000030517578,148.25,145.29090881347656,610761,KGH.WA,-0.03827436996492106,1.5510566767098761,155.43999938964845,141.14199920654298,119.93699974060058,0.39141597713880116,2.3414940234814177,-0.33757820384964754
2024-06-05,148.25,148.85000610351562,142.0500030517578,143.75,140.8807373046875,832838,KGH.WA,-0.030354131534570006,1.5039756983274515,155.43749923706054,141.73699920654298,120.11699974060059,0.4074883829136297,2.3414940234814177,-0.35768544218136156
2024-06-06,144.1999969482422,147.14999389648438,144.1999969482422,146.64999389648438,143.72283935546875,452513,KGH.WA,0.02017387058423914,1.5343167094273502,155.41999893188478,142.31999908447267,120.31874969482422,0.4060668672628653,2.3414940234814177,-0.34472747141755555
2024-06-07,146.6999969482422,146.8000030517578,141.60000610351562,143.1999969482422,140.34170532226562,668268,KGH.WA,-0.023525380783018912,1.4982213245963232,155.11999893188477,142.84299896240233,120.49549968719482,0.4104571154583198,2.3414940234814177,-0.3601430071691092
2024-06-10,141.8000030517578,144.4499969482422,140.39999389648438,144.25,141.37075805664062,407879,KGH.WA,0.0073324237020571115,1.5092069181477206,154.83249893188477,143.5339990234375,120.66824970245361,0.410968022596696,2.3414940234814177,-0.355451304588949
2024-06-11,144.25,144.60000610351562,140.10000610351562,142.14999389648438,139.3126678466797,545252,KGH.WA,-0.014558101237543308,1.4872357310449253,154.3299987792969,144.1639988708496,120.81774967193604,0.4086815855372475,2.3414940234814177,-0.36483470974926957
2024-06-12,144.0,146.5500030517578,142.39999389648438,144.39999389648438,141.51776123046875,503569,KGH.WA,0.01582835101377822,1.5107762202361374,153.82749862670897,144.85899871826172,120.99049964904785,0.40930432864919275,2.3414940234814177,-0.3547810905834127
2024-06-13,143.0,145.1999969482422,142.35000610351562,142.9499969482422,140.09669494628906,412801,KGH.WA,-0.010041530536917032,1.495605714686188,153.3249984741211,145.434998626709,121.15299964904786,0.4094452507405007,2.3414940234814177,-0.3612600759653156
2024-06-14,142.6999969482422,143.5,139.10000610351562,141.4499969482422,138.6266326904297,396881,KGH.WA,-0.010493179657381169,1.47991205522538,152.53999862670898,145.894998626709,121.29324962615966,0.394134241903954,2.3414940234814177,-0.36796248874255366
2024-06-17,140.0,141.5,138.3000030517578,141.10000610351562,138.28363037109375,460118,KGH.WA,-0.002474307898745476,1.4762502971376872,151.37749862670898,146.28899871826172,121.41899967193604,0.3459598750256161,2.3414940234814177,-0.36952634414896135
2024-06-18,142.14999389648438,142.85000610351562,138.9499969482422,140.85000610351562,138.0386199951172,475513,KGH.WA,-0.0017717929779293984,1.4736346872275525,149.91999893188478,146.54599884033203,121.54424968719482,0.3100347915389657,2.3414940234814177,-0.37064341294516767
2024-06-19,142.5500030517578,143.75,141.3000030517578,141.85000610351562,139.01866149902344,637206,KGH.WA,0.0070997512010404495,1.4840971268680911,148.52999954223634,146.81799896240236,121.6829997253418,0.3144960968108442,2.3414940234814177,-0.3661751377603424
2024-06-20,142.3000030517578,144.89999389648438,141.64999389648438,144.0500030517578,141.17474365234375,458228,KGH.WA,0.015509318671701244,1.5071144621484447,147.68249969482423,147.11299896240234,121.81374973297119,0.2829580898387503,2.3414940234814177,-0.35634494598982036
2024-06-21,143.64999389648438,144.89999389648438,141.5,142.10000610351562,139.263671875,1656977,KGH.WA,-0.013536944858942745,1.486712736778226,146.93499984741212,147.14299896240234,121.94174976348877,0.2756913687862265,2.3414940234814177,-0.36505806896413595
2024-06-24,143.14999389648438,152.5,142.10000610351562,151.9499969482422,148.91705322265625,727185,KGH.WA,0.06931731471954428,1.5897676714510374,146.62999954223633,147.33499877929688,122.12774974822997,0.3803387393225676,2.3414940234814177,-0.3210455993018878
2024-06-25,151.8000030517578,153.39999389648438,149.6999969482422,150.9499969482422,147.93701171875,576911,KGH.WA,-0.006581112340137918,1.5793052318104985,146.23749923706055,147.53099884033202,122.31749973297119,0.37991894659301684,2.3414940234814177,-0.3255138744867131
2024-06-26,151.60000610351562,154.5500030517578,150.10000610351562,150.3000030517578,147.3000030517578,618876,KGH.WA,-0.004306021262837412,1.5725047099018121,145.88999938964844,147.6469989013672,122.52274974822998,0.37898347859139053,2.3414940234814177,-0.3284182260846622
2024-06-27,150.39999389648438,150.64999389648438,147.60000610351562,148.0,148.0,323220,KGH.WA,-0.015302747871307587,1.548441066799741,145.70249938964844,147.72299896240236,122.7112497329712,0.36234135724965405,2.3414940234814177,-0.3386952726458541
2024-06-28,150.0,151.89999389648438,148.25,150.35000610351562,150.35000610351562,385806,KGH.WA,0.015878419618348794,1.573027863812671,145.6349998474121,147.9789990234375,122.90349975585937,0.36727710540772457,2.3414940234814177,-0.3281947986893272
2024-07-01,150.5500030517578,151.0,147.6999969482422,147.89999389648438,147.89999389648438,358461,KGH.WA,-0.016295391470382947,1.5473947589780233,145.3224998474121,148.0889990234375,123.07999973297119,0.36617985086091676,2.3414940234814177,-0.33914212743652405
2024-07-02,147.75,148.0,144.6999969482422,146.6999969482422,146.6999969482422,429436,KGH.WA,-0.008113569964594225,1.5348398633382085,145.24499969482423,148.15099884033202,123.25674972534179,0.341149672005818,2.3414940234814177,-0.3445040440222208
2024-07-03,150.0,152.89999389648438,149.5500030517578,152.4499969482422,152.4499969482422,456630,KGH.WA,0.039195638170522074,1.5949988912713065,145.67999954223632,148.35199890136718,123.43749969482423,0.3491481283409189,2.3414940234814177,-0.3188114617094753
2024-07-04,152.89999389648438,153.1999969482422,151.0500030517578,151.9499969482422,151.9499969482422,223347,KGH.WA,-0.003279763922656942,1.589767671451037,145.94499969482422,148.59799896240236,123.61324966430664,0.3438815936156052,2.3414940234814177,-0.32104559930188803
2024-07-05,153.3000030517578,156.25,152.0,152.3000030517578,152.3000030517578,496511,KGH.WA,0.0023034294869703764,1.5934295891828896,146.4,148.9909991455078,123.81224967956543,0.3304177348709252,2.3414940234814177,-0.3194816757150116
2024-07-08,150.9499969482422,154.89999389648438,150.5,153.35000610351562,153.35000610351562,439819,KGH.WA,0.006894307489941243,1.6044151827342872,146.8550003051758,149.39999938964843,124.0209997177124,0.3303502177624591,2.3414940234814177,-0.31478997313485135
2024-07-09,154.25,155.1999969482422,153.0,154.64999389648438,154.64999389648438,445837,KGH.WA,0.008477259479802157,1.61801622655166,147.4800003051758,149.7339993286133,124.21849967956543,0.32392490623813425,2.3414940234814177,-0.30898126993895325
2024-07-10,154.25,154.39999389648438,150.75,153.35000610351562,153.35000610351562,421616,KGH.WA,-0.008405999639669592,1.6044151827342872,147.92750091552733,150.00699951171876,124.4267497253418,0.3240224692291529,2.3414940234814177,-0.31478997313485135
2024-07-11,152.85000610351562,156.60000610351562,152.25,154.5,154.5,393582,KGH.WA,0.0074991447715242465,1.6164469244632431,148.50500106811523,150.2209994506836,124.64199974060058,0.3204753096822251,2.3414940234814177,-0.3096514839444896
2024-07-12,153.9499969482422,156.6999969482422,152.60000610351562,156.0,156.0,290817,KGH.WA,0.009708737864077666,1.6321405839240513,149.2325012207031,150.5279995727539,124.88099975585938,0.3162859855633312,2.3414940234814177,-0.30294907116725167
2024-07-15,155.25,155.8000030517578,151.64999389648438,153.35000610351562,153.35000610351562,360744,KGH.WA,-0.016987140362079378,1.6044151827342872,149.84500122070312,150.79599975585938,125.10099979400634,0.3249661734673117,2.3414940234814177,-0.31478997313485135
2024-07-16,152.6999969482422,152.6999969482422,144.75,145.75,145.75,821066,KGH.WA,-0.049559868281879305,1.5249005776085285,150.09000091552736,150.82699981689453,125.28699977874756,0.3770372254902375,2.3414940234814177,-0.3487488918117112
2024-07-17,145.75,148.25,144.39999389648438,145.3000030517578,145.3000030517578,556625,KGH.WA,-0.0030874576208725912,1.520192511699118,150.26250076293945,150.85699981689453,125.45649978637695,0.3769350475528529,2.3414940234814177,-0.35075960200878886
2024-07-18,146.25,146.6999969482422,141.75,142.25,142.25,742761,KGH.WA,-0.0209910735560781,1.4882820388666427,150.17250061035156,150.76199981689453,125.60799980163574,0.38114311144983354,2.3414940234814177,-0.3643878549585997
2024-07-19,139.0,139.75,133.10000610351562,137.39999389648438,137.39999389648438,1101513,KGH.WA,-0.0340949462461555,1.4375391427523658,149.9375,150.52599975585937,125.75099975585937,0.39721747865541435,2.3414940234814177,-0.3860590168771899
2024-07-22,137.14999389648438,137.39999389648438,133.0,133.75,133.75,852039,KGH.WA,-0.026564731139902653,1.3993513019220631,149.0275001525879,150.20099975585939,125.88349975585938,0.3062517569243588,2.3414940234814177,-0.40236819402961477
2024-07-23,132.6999969482422,132.6999969482422,129.3000030517578,130.5,130.5,1234124,KGH.WA,-0.024299065420560706,1.3653483730903122,148.00500030517577,149.76699981689453,126.00224975585938,0.3129437988460651,2.3414940234814177,-0.41689008838029706
2024-07-24,130.3000030517578,133.0,129.1999969482422,130.64999389648438,130.64999389648438,958813,KGH.WA,0.001149378517121713,1.3669176751787293,147.02249984741212,149.2909997558594,126.13049972534179,0.3141787615982845,2.3414940234814177,-0.4162198743747606
2024-07-25,127.0,131.85000610351562,126.30000305175781,131.5,131.5,1116035,KGH.WA,0.006505978899540521,1.375810812730851,146.1974998474121,148.86099975585938,126.2509997177124,0.3158775502939656,2.3414940234814177,-0.41242181319547166
2024-07-26,132.4499969482422,132.85000610351562,130.35000610351562,131.3000030517578,131.3000030517578,694466,KGH.WA,-0.0015208893402447465,1.3737183567315752,145.24499969482423,148.34399993896486,126.3679997253418,0.3059938983941193,2.3414940234814177,-0.413315454596343
2024-07-29,132.85000610351562,134.10000610351562,130.60000610351562,131.85000610351562,131.85000610351562,720845,KGH.WA,0.004188903571776814,1.3794727304627035,144.44250030517577,147.69399993896485,126.47699974060059,0.3060009567862894,2.3414940234814177,-0.4108578896085954
2024-07-30,133.0,133.0,129.89999389648438,130.14999389648438,130.14999389648438,506009,KGH.WA,-0.012893531500457911,1.36168645535846,143.6150001525879,146.89699981689452,126.57374969482422,0.3070010323554236,2.3414940234814177,-0.41845401196717324
2024-07-31,133.6999969482422,136.3000030517578,132.9499969482422,136.10000610351562,136.10000610351562,1378896,KGH.WA,0.045716576919424545,1.4239380989349937,142.79750061035156,146.22600006103517,126.70574974060058,0.32026012111290186,2.3414940234814177,-0.3918677200730877
2024-08-01,137.0,137.0,132.1999969482422,132.1999969482422,132.1999969482422,439151,KGH.WA,-0.028655466424499232,1.3831344885503967,141.81000061035155,145.65,126.8209997177124,0.3304709908199038,2.3414940234814177,-0.40929403420218746
2024-08-02,130.5,132.89999389648438,129.6999969482422,130.5,130.5,720805,KGH.WA,-0.012859281297167957,1.3653483730903127,140.72000045776366,145.11899993896483,126.9109997177124,0.3293542769877628,2.3414940234814177,-0.41689008838029684
2024-08-05,122.0,126.75,121.05000305175781,124.0999984741211,124.0999984741211,1781743,KGH.WA,-0.049042157286428356,1.2983887434264485,139.25750007629395,144.4399998474121,126.97199970245362,0.35574781519379933,2.3414940234814177,-0.44548705638122565
2024-08-06,126.0,127.0,123.0,124.0,124.0,1048977,KGH.WA,-0.0008057894871122961,1.2973425154268106,137.72500038146973,143.74399978637695,127.02549968719482,0.35074493058422207,2.3414940234814177,-0.4459338770816613
2024-08-07,125.0,125.0,122.8499984741211,124.0999984741211,124.0999984741211,475604,KGH.WA,0.0008064393074280751,1.2983887434264483,136.2625,143.08099975585938,127.09499969482422,0.3530781049128138,2.3414940234814177,-0.44548705638122577
2024-08-08,123.1500015258789,124.0999984741211,120.4000015258789,123.9000015258789,123.9000015258789,405157,KGH.WA,-0.0016115789742244813,1.2962962874271724,134.73250007629395,142.52399978637695,127.1747497177124,0.34844082490684636,2.3414940234814177,-0.4463806977820971
2024-08-09,125.94999694824219,126.80000305175781,122.4000015258789,122.94999694824219,122.94999694824219,475733,KGH.WA,-0.007667510620960716,1.2863569218754125,133.07999992370605,141.94899978637696,127.261499710083,0.3402759902087669,2.3414940234814177,-0.4506255796618218
2024-08-12,124.44999694824219,126.75,124.19999694824219,126.69999694824219,126.69999694824219,401844,KGH.WA,0.03050020409173837,1.325591070527433,131.74749946594238,141.39999984741212,127.35799968719482,0.3707189934996153,2.3414940234814177,-0.4338695477187269
2024-08-13,126.0999984741211,126.4000015258789,124.0999984741211,124.8499984741211,124.8499984741211,529954,KGH.WA,-0.014601408987222286,1.306235573156852,130.70249938964844,140.93199981689452,127.42824966430663,0.33976597009263726,2.3414940234814177,-0.4421358499926069
2024-08-14,129.5,129.5,124.5,125.30000305175781,125.30000305175781,1286919,KGH.WA,0.003604361899371522,1.3109437188883424,129.70249938964844,140.56299987792968,127.49524967193604,0.3417409598286208,2.3414940234814177,-0.44012510570529495
2024-08-16,129.0,136.8000030517578,128.5500030517578,136.8000030517578,136.8000030517578,1551458,KGH.WA,0.09177972641588594,1.4312617747545386,129.42999954223632,140.36600006103515,127.62249969482421,0.4854281130240268,2.3414940234814177,-0.3887399410798038
2024-08-19,136.89999389648438,139.39999389648438,135.6999969482422,138.9499969482422,138.9499969482422,554192,KGH.WA,0.015716329302061016,1.4537559561240332,129.50749969482422,140.28100006103514,127.75924968719482,0.47313760420183504,2.3414940234814177,-0.37913317670461677
2024-08-20,139.60000610351562,140.5500030517578,137.5,138.1999969482422,138.1999969482422,519015,KGH.WA,-0.0053976251635282635,1.445909126393629,129.72999954223633,140.16,127.88899967193603,0.4626477319782136,2.3414940234814177,-0.38248438309323585
2024-08-21,138.5500030517578,141.5,138.3000030517578,139.85000610351562,139.85000610351562,549175,KGH.WA,0.011939285034075597,1.4631722475870137,130.1974998474121,140.1140002441406,128.0222497177124,0.4530777847591442,2.3414940234814177,-0.37511168812999296
2024-08-22,140.0,140.5,135.5500030517578,136.89999389648438,136.89999389648438,434969,KGH.WA,-0.02109411568311037,1.4323079229320965,130.5099998474121,139.96400024414064,128.13774967193604,0.46163050217013096,2.3414940234814177,-0.38829315446960244
2024-08-23,137.5,139.89999389648438,137.10000610351562,138.64999389648438,138.64999389648438,400497,KGH.WA,0.01278305389351031,1.4506171923030393,130.86749954223632,139.87800018310546,128.26349964141846,0.462847535035686,2.3414940234814177,-0.3804736728961582
2024-08-26,141.0,142.8000030517578,139.35000610351562,140.0,140.0,432093,KGH.WA,0.0097367916548452,1.4647415496754306,131.30249938964843,139.84900024414063,128.41849964141846,0.4630998108589066,2.3414940234814177,-0.3744414741244566
2024-08-27,140.25,142.4499969482422,139.25,142.10000610351562,142.10000610351562,454278,KGH.WA,0.01500004359654028,1.486712736778226,131.81499938964845,139.86900024414064,128.59149967193605,0.46486660926562084,2.3414940234814177,-0.36505806896413595
2024-08-28,140.0,140.3000030517578,136.5500030517578,136.85000610351562,136.85000610351562,654481,KGH.WA,-0.036945811220975844,1.4317849286653974,132.15,139.78900024414062,128.7282497024536,0.48400707368988954,2.3414940234814177,-0.3885165136844688
2024-08-29,137.75,138.9499969482422,134.8000030517578,136.89999389648438,136.89999389648438,481922,KGH.WA,0.0003652743203454989,1.4323079229320965,132.18999938964845,139.69,128.88324966430665,0.4568627470285175,2.3414940234814177,-0.38829315446960244
2024-08-30,138.1999969482422,139.39999389648438,137.5500030517578,138.8000030517578,138.8000030517578,825937,KGH.WA,0.01387881110287048,1.4521866540356159,132.5199996948242,139.585,129.04674968719482,0.44544727107019255,2.3414940234814177,-0.37980339071015334
2024-09-02,136.5,139.1999969482422,135.39999389648438,138.9499969482422,138.9499969482422,334959,KGH.WA,0.001080647645435917,1.453755956124033,132.94249954223633,139.52199981689452,129.17949966430663,0.44167832334455637,2.3414940234814177,-0.3791331767046169
2024-09-03,137.60000610351562,137.8000030517578,131.14999389648438,131.39999389648438,131.39999389648438,844147,KGH.WA,-0.0543361152758437,1.374764504909133,133.3074993133545,139.11099975585938,129.26399963378907,0.45034597513579033,2.3414940234814177,-0.41286866798614175
2024-09-04,132.0,135.8000030517578,131.10000610351562,134.60000610351562,134.60000610351562,745197,KGH.WA,0.024353214274516644,1.4082444394741849,133.83749961853027,138.78399993896485,129.36224967956542,0.45616798304880085,2.3414940234814177,-0.39857013285032594
2024-09-05,134.0,134.8000030517578,132.85000610351562,134.14999389648438,134.14999389648438,541119,KGH.WA,-0.0033433297669033246,1.4035362139206147,134.33999938964843,138.46099975585938,129.45424964904785,0.4568502849499116,2.3414940234814177,-0.4005809112278722
2024-09-06,134.5,134.75,131.5500030517578,131.6999969482422,131.6999969482422,724899,KGH.WA,-0.018263116360129783,1.3779032687301265,134.7299991607666,138.13499969482422,129.51774963378907,0.46347735918790184,2.3414940234814177,-0.41152817179460055
2024-09-09,132.0,134.35000610351562,131.3000030517578,133.39999389648438,133.39999389648438,341142,KGH.WA,0.012908101652502557,1.3956893841902105,135.25249900817872,137.79599945068358,129.5914995956421,0.4626826570457465,2.3414940234814177,-0.40393211761649117
2024-09-10,133.39999389648438,133.75,130.75,131.5,131.5,678575,KGH.WA,-0.014242833458888549,1.3758108127308506,135.4924991607666,137.4679995727539,129.66224960327148,0.45653143230270127,2.3414940234814177,-0.4124218131954719
2024-09-11,132.8000030517578,134.5,130.89999389648438,131.6999969482422,131.6999969482422,506801,KGH.WA,0.0015208893402447465,1.3779032687301265,135.83499908447266,137.1679995727539,129.7407495880127,0.4522067781520281,2.3414940234814177,-0.41152817179460055
2024-09-12,134.3000030517578,136.5,133.85000610351562,135.0,135.0,689514,KGH.WA,0.025056971360862823,1.4124293514727366,136.31999893188475,136.81899963378908,129.83424957275392,0.458916001789738,2.3414940234814177,-0.39678285004858316
2024-09-13,136.0,138.0,134.5,138.0,138.0,442910,KGH.WA,0.022222222222222143,1.443816670394353,136.37999877929687,136.53999969482422,129.94949958801269,0.3314111274961997,2.3414940234814177,-0.3833780244941073
2024-09-16,138.5,139.35000610351562,135.85000610351562,138.60000610351562,138.60000610351562,459418,KGH.WA,0.004347870315330571,1.45009419803634,136.36249923706055,136.26599975585938,130.05549961090088,0.3269822715580186,2.3414940234814177,-0.3806970321110247
2024-09-17,139.0,142.64999389648438,139.0,141.0,141.0,795086,KGH.WA,0.017315972516566136,1.4752039893159692,136.50249938964845,136.01899963378906,130.1742496109009,0.3318409621668382,2.3414940234814177,-0.36997319893963143
2024-09-18,140.1999969482422,141.35000610351562,139.5500030517578,140.75,140.75,512885,KGH.WA,-0.0017730496453900457,1.4725883794058345,136.54749908447266,135.74099975585938,130.3014995956421,0.32952459300330766,2.3414940234814177,-0.37109026773583775
2024-09-19,142.8000030517578,148.3000030517578,142.75,146.14999389648438,146.14999389648438,1085680,KGH.WA,0.03836585361623013,1.5290854896070802,137.00999908447267,135.59699951171876,130.4252495574951,0.3450059890072243,2.3414940234814177,-0.3469616090099684
2024-09-20,146.9499969482422,148.0,145.0500030517578,146.85000610351562,146.85000610351562,2137442,KGH.WA,0.004789683450326043,1.5364093250707849,137.4199996948242,135.44399963378908,130.55849960327149,0.34331647321318365,2.3414940234814177,-0.34383376183621595
2024-09-23,147.0,149.85000610351562,145.1999969482422,149.85000610351562,149.85000610351562,457677,KGH.WA,0.020429008343964883,1.5677966439924014,137.9125,135.32099975585936,130.71374961853027,0.3481213832463927,2.3414940234814177,-0.33042893628173997
2024-09-24,156.10000610351562,159.39999389648438,156.0,157.14999389648438,157.14999389648438,1415752,KGH.WA,0.048715298602830526,1.6441723256530067,138.66499938964844,135.39699951171875,130.9024995803833,0.38167266660352495,2.3414940234814177,-0.29781058197689003
2024-09-25,157.14999389648438,157.85000610351562,154.6999969482422,156.0500030517578,156.0500030517578,618375,KGH.WA,-0.006999623846318026,1.6326637378349098,139.62499923706054,135.6029995727539,131.0964995956421,0.35127939534283203,2.3414940234814177,-0.3027256437719168
2024-09-26,158.1999969482422,165.0,158.1999969482422,163.6999969482422,163.6999969482422,1172255,KGH.WA,0.04902270904760608,1.7127013372273676,140.96499938964843,135.9709994506836,131.32524959564208,0.38065429797595207,2.3414940234814177,-0.2685433658801907
2024-09-27,163.0,164.39999389648438,160.3000030517578,163.5500030517578,163.5500030517578,927401,KGH.WA,-0.0009162730560819954,1.7111320351389505,142.20249938964844,136.39699951171875,131.55074962615967,0.38189018276992115,2.3414940234814177,-0.26921357988572703
2024-09-30,164.3000030517578,166.8000030517578,158.25,159.35000610351562,159.35000610351562,1000143,KGH.WA,-0.02568020097751411,1.6671898205775195,143.2224998474121,136.83599975585938,131.76924964904785,0.40017406707299996,2.3414940234814177,-0.2879803220258996
2024-10-01,160.5,163.25,154.0,162.0500030517578,162.0500030517578,950959,KGH.WA,0.01694381452667315,1.6954383756781426,144.75500030517577,137.40199981689454,132.00149967193605,0.32841059117303,2.3414940234814177,-0.27591599266296496
2024-10-02,161.0,163.35000610351562,159.85000610351562,163.35000610351562,163.35000610351562,511174,KGH.WA,0.008022234046750398,1.709039579139675,146.19250030517577,138.05899993896483,132.21074970245363,0.3245244406377761,2.3414940234814177,-0.27010722128659825
2024-10-03,162.3000030517578,163.0,158.5500030517578,158.85000610351562,158.85000610351562,514352,KGH.WA,-0.027548208337062063,1.6619586007572504,147.42750091552733,138.62300018310546,132.3884997177124,0.3481600828362712,2.3414940234814177,-0.29021445961831216
2024-10-04,158.85000610351562,161.0,157.9499969482422,161.0,161.0,362312,KGH.WA,0.013534742296977376,1.684452782126745,148.89250106811522,139.21300018310546,132.57249973297118,0.33347037650355027,2.3414940234814177,-0.28060769524312523
2024-10-07,161.0,161.60000610351562,158.60000610351562,161.60000610351562,161.60000610351562,277379,KGH.WA,0.003726745984569124,1.690730309768732,150.3025016784668,139.81900024414062,132.74999977111815,0.33411056488383056,2.3414940234814177,-0.2779267028600426
2024-10-08,156.1999969482422,157.35000610351562,154.0500030517578,154.89999389648438,154.89999389648438,416144,KGH.WA,-0.04146047001223163,1.6206318364617944,151.472501373291,140.28,132.90474975585937,0.37195873522117656,2.3414940234814177,-0.30786420114274704
2024-10-09,155.0,156.4499969482422,153.4499969482422,155.0,155.0,399555,KGH.WA,0.0006456172205044908,1.621678144283512,152.63750152587892,140.77700012207032,133.06024974822998,0.37218889082033646,2.3414940234814177,-0.3074173463520772
2024-10-10,155.6999969482422,156.0,153.14999389648438,155.4499969482422,155.4499969482422,326798,KGH.WA,0.002903206117691459,1.6263862101929225,153.660001373291,141.16399993896485,133.2184997177124,0.3673448993528315,2.3414940234814177,-0.3054066361549995
2024-10-11,155.4499969482422,158.9499969482422,155.0,158.9499969482422,158.9499969482422,434665,KGH.WA,0.02251527866652414,1.6630047489348083,154.70750122070314,141.69899993896485,133.385249710083,0.36750390773233,2.3414940234814177,-0.2897676730081109
2024-10-14,158.75,158.75,155.5500030517578,156.1999969482422,156.1999969482422,387252,KGH.WA,-0.017301038394454737,1.6342330399233267,155.58750076293944,142.2129998779297,133.542749710083,0.377737455606269,2.3414940234814177,-0.30205542976638045
2024-10-15,154.64999389648438,155.5,151.75,153.75,153.75,469778,KGH.WA,-0.015684999975089653,1.6086000947328387,156.22500076293946,142.80599990844726,133.6979997253418,0.38305574670750736,2.3414940234814177,-0.3130026903331087
2024-10-16,154.0,158.89999389648438,153.64999389648438,157.6999969482422,157.6999969482422,537460,KGH.WA,0.02569103706173781,1.649926699384135,157.07250061035157,143.4799998474121,133.8857497024536,0.3893373398996815,2.3414940234814177,-0.2953530169891424
2024-10-17,155.89999389648438,156.64999389648438,153.0,153.89999389648438,153.89999389648438,362231,KGH.WA,-0.024096405360140793,1.6101693968212558,157.46000061035156,144.07599975585939,134.06924968719483,0.38352634185860895,2.3414940234814177,-0.31233247632757233
2024-10-18,156.25,158.5500030517578,156.0500030517578,157.6999969482422,157.6999969482422,308483,KGH.WA,0.024691378833411548,1.6499266993841353,158.00250015258788,144.75199966430665,134.27649967193602,0.391280424172063,2.3414940234814177,-0.2953530169891423
2024-10-21,160.0,162.39999389648438,159.0500030517578,159.5500030517578,159.5500030517578,545134,KGH.WA,0.01173117399693302,1.669282276576796,158.4875,145.48399978637696,134.49499969482423,0.3875954472806942,2.3414940234814177,-0.28708668062502807
2024-10-22,159.5500030517578,161.9499969482422,158.1999969482422,160.10000610351562,160.10000610351562,435614,KGH.WA,0.0034472142979489195,1.6750366503079244,158.63500061035157,146.15199996948243,134.72074974060058,0.34880240310550303,2.3414940234814177,-0.2846291156372803
2024-10-23,159.3000030517578,159.6999969482422,153.0,154.6999969482422,154.6999969482422,649699,KGH.WA,-0.03372897532422303,1.6185393804625192,158.56750030517577,146.74899993896486,134.92174972534178,0.3693917843245319,2.3414940234814177,-0.30875784254361816
2024-10-24,155.1999969482422,157.4499969482422,154.10000610351562,154.75,154.75,356881,KGH.WA,0.00032322593887657014,1.619062534373378,158.12000045776367,147.3379998779297,135.13324974060058,0.3205866420628719,2.3414940234814177,-0.30853441514828317
2024-10-25,154.4499969482422,156.85000610351562,152.8000030517578,155.25,155.25,430610,KGH.WA,0.003231017770597644,1.6242937541936473,157.7050003051758,147.70699981689452,135.35524974823,0.32121499217784893,2.3414940234814177,-0.3063002775558705
2024-10-28,155.4499969482422,155.5,152.5500030517578,154.6999969482422,154.6999969482422,326496,KGH.WA,-0.0035426927649456763,1.618539380462519,157.4724998474121,148.02199981689452,135.5734997177124,0.3093314417239778,2.3414940234814177,-0.30875784254361827
2024-10-29,154.0,157.14999389648438,152.89999389648438,154.64999389648438,154.64999389648438,499327,KGH.WA,-0.00032322593887668116,1.6180162265516602,157.10249938964844,148.35099975585936,135.80099967956542,0.30180691303857393,2.3414940234814177,-0.30898126993895314
2024-10-30,155.0,156.3000030517578,149.85000610351562,152.1999969482422,152.1999969482422,547498,KGH.WA,-0.015842205269546272,1.5923832813611722,156.54499893188478,148.5979995727539,136.01049964904786,0.30301288334755383,2.3414940234814177,-0.3199285305056814
2024-10-31,150.10000610351562,152.85000610351562,148.64999389648438,149.4499969482422,149.4499969482422,1270522,KGH.WA,-0.01806833150552023,1.5636115723496904,156.0749984741211,148.84899963378905,136.22824962615968,0.2947290529399333,2.3414940234814177,-0.332216287263951
2024-11-04,153.14999389648438,153.3000030517578,150.14999389648438,152.1999969482422,152.1999969482422,440148,KGH.WA,0.018400803319871484,1.592383281361172,155.6349983215332,149.11999969482423,136.45924961090088,0.2988016185327991,2.3414940234814177,-0.3199285305056815
2024-11-05,153.0,153.60000610351562,147.85000610351562,149.8000030517578,149.8000030517578,540876,KGH.WA,-0.015768685575601737,1.5672734900815428,155.0449981689453,149.31599975585937,136.67274963378907,0.3012977096913116,2.3414940234814177,-0.33065236367707485
2024-11-06,149.10000610351562,151.89999389648438,145.10000610351562,145.60000610351562,145.60000610351562,684373,KGH.WA,-0.02803736223417186,1.5233312755201118,154.5799987792969,149.3859997558594,136.87199966430663,0.28208861296054183,2.3414940234814177,-0.34941910581724744
2024-11-07,148.5,151.4499969482422,147.3000030517578,151.4499969482422,151.4499969482422,461663,KGH.WA,0.04017850686467317,1.584536451630768,154.402498626709,149.67799957275392,137.08874965667724,0.32097775656236377,2.3414940234814177,-0.32327973689430045
2024-11-08,151.0,151.4499969482422,145.8000030517578,146.64999389648438,146.64999389648438,431869,KGH.WA,-0.031693649049053474,1.53431670942735,153.9624984741211,149.8729995727539,137.25699962615965,0.3384658105032197,2.3414940234814177,-0.34472747141755555
2024-11-12,140.25,140.89999389648438,133.0500030517578,133.14999389648438,133.14999389648438,1838667,KGH.WA,-0.09205591927626822,1.3930737742800763,152.6724983215332,149.75999938964844,137.3634996032715,0.4509315281564115,2.3414940234814177,-0.40504918641269727
2024-11-13,134.0,134.89999389648438,131.64999389648438,133.9499969482422,133.9499969482422,820874,KGH.WA,0.006008284554483545,1.4014437579213395,151.55999832153321,149.65999938964845,137.4664995956421,0.4524327709788865,2.3414940234814177,-0.4014745526287432
2024-11-14,132.0,133.8000030517578,126.55000305175781,130.64999389648438,130.64999389648438,1293446,KGH.WA,-0.02463608157477537,1.3669176751787295,150.4049980163574,149.64499938964843,137.5519995498657,0.45574783344605496,2.3414940234814177,-0.4162198743747605
2024-11-15,130.89999389648438,132.3000030517578,129.35000610351562,130.1999969482422,130.1999969482422,1232535,KGH.WA,-0.0034442936797893786,1.362209609269319,149.0299980163574,149.55699920654297,137.64774951934814,0.4388529859213906,2.3414940234814177,-0.41823058457183815
2024-11-18,130.0,130.9499969482422,127.55000305175781,130.5,130.5,633048,KGH.WA,0.002304170958445262,1.3653483730903124,147.8599983215332,149.4839993286133,137.73799953460693,0.43693801212780975,2.3414940234814177,-0.41689008838029695
2024-11-19,131.0,131.64999389648438,125.0,126.75,126.75,570049,KGH.WA,-0.028735632183908066,1.326114224438292,146.3124984741211,149.38499938964844,137.81249954223634,0.42517625096324135,2.3414940234814177,-0.4336461203233918
2024-11-20,128.0,130.10000610351562,127.6500015258789,129.8000030517578,129.8000030517578,560641,KGH.WA,0.02406314044779334,1.358024697270767,144.8249984741211,149.3129995727539,137.90624954223634,0.43585255542375,2.3414940234814177,-0.42001786737358104
2024-11-21,131.3000030517578,131.8000030517578,128.5,130.3000030517578,130.3000030517578,496643,KGH.WA,0.003852080032699323,1.3632559170910363,143.3349983215332,149.28899963378908,138.0114995574951,0.4360192845738605,2.3414940234814177,-0.4177837297811684
2024-11-22,130.4499969482422,131.5,128.10000610351562,130.5,130.5,411039,KGH.WA,0.0015348959597702994,1.3653483730903122,142.1249984741211,149.2649996948242,138.1079995727539,0.4283324279882709,2.3414940234814177,-0.41689008838029706
2024-11-25,132.0500030517578,133.0,129.5500030517578,129.9499969482422,129.9499969482422,1076578,KGH.WA,-0.004214582772090525,1.359593999359184,140.8849983215332,149.16399963378908,138.2034995651245,0.42744905303127945,2.3414940234814177,-0.4193476533680447
2024-11-26,128.85000610351562,130.5,127.69999694824219,130.0,130.0,451925,KGH.WA,0.0003847868636559504,1.3601171532700427,139.62249832153321,149.00399963378905,138.30474956512452,0.4265456511295284,2.3414940234814177,-0.4191242259727097
2024-11-27,130.0,130.39999389648438,126.9000015258789,127.75,127.75,489952,KGH.WA,-0.017307692307692357,1.3365766640788304,138.2749984741211,148.78699951171876,138.4024995803833,0.42722961126814374,2.3414940234814177,-0.4291778451385667
2024-11-28,127.5999984741211,128.39999389648438,126.0,127.3499984741211,127.3499984741211,311255,KGH.WA,-0.0031311274041401216,1.332391672258199,136.90999870300294,148.51399948120118,138.4834995651245,0.42657419355200155,2.3414940234814177,-0.4309651620305436
2024-11-29,127.30000305175781,127.80000305175781,126.19999694824219,127.25,127.25,459959,KGH.WA,-0.0007852255619886783,1.331345444258561,135.66249885559083,148.24399948120117,138.57324954986572,0.4268644939320988,2.3414940234814177,-0.43141198273097936
2024-12-02,126.5,130.0500030517578,125.94999694824219,130.0500030517578,130.0500030517578,478339,KGH.WA,0.022003953255464115,1.3606403071809015,134.6924991607666,147.92199966430664,138.6729995727539,0.4385619653615896,2.3414940234814177,-0.41890079857737483
2024-12-03,131.60000610351562,132.64999389648438,128.60000610351562,130.4499969482422,130.4499969482422,640963,KGH.WA,0.0030756930957178685,1.3648252191794532,133.6049991607666,147.59399948120117,138.7732495498657,0.43029203327668375,2.3414940234814177,-0.41711351577563205
2024-12-04,130.9499969482422,130.9499969482422,128.64999389648438,130.0500030517578,130.0500030517578,352436,KGH.WA,-0.003066262214195925,1.3606403071809017,132.6174991607666,147.197999420166,138.8562495803833,0.42934551531614423,2.3414940234814177,-0.4189007985773747
2024-12-05,130.5,131.6999969482422,129.75,130.39999389648438,130.39999389648438,342777,KGH.WA,0.0026912021262104346,1.3643020652685944,131.85749855041504,146.66299942016602,138.94824954986572,0.42288355978665454,2.3414940234814177,-0.41733694317096703
2024-12-06,131.0,131.75,128.64999389648438,128.64999389648438,128.64999389648438,273187,KGH.WA,-0.013420246026922378,1.3459927958976516,130.71749839782714,146.11499923706054,139.03274951934816,0.3880501693494311,2.3414940234814177,-0.4251564247444113
2024-12-09,131.0,134.5500030517578,129.5,133.39999389648438,133.39999389648438,671489,KGH.WA,0.03692188282435516,1.395689384190211,130.05499839782715,145.50899917602538,139.14274948120118,0.40800458493356917,2.3414940234814177,-0.40393211761649095
2024-12-10,132.60000610351562,132.8000030517578,130.0500030517578,130.64999389648438,130.64999389648438,508287,KGH.WA,-0.020614693596867295,1.3669176751787293,129.92999839782715,144.85099899291993,139.2384994506836,0.2542790496782545,2.3414940234814177,-0.4162198743747606
2024-12-11,130.0,131.39999389648438,128.6999969482422,130.5500030517578,130.5500030517578,473580,KGH.WA,-0.0007653337114258418,1.3658715270011712,129.75999870300294,144.27499893188477,139.33449947357178,0.2529980374547613,2.3414940234814177,-0.41666666098496197
2024-12-12,131.85000610351562,132.89999389648438,127.19999694824219,127.19999694824219,127.19999694824219,489695,KGH.WA,-0.02566071256380964,1.3308222903477025,129.5874988555908,143.57799880981446,139.42049945831297,0.25428170669826977,2.3414940234814177,-0.4316354101263141
2024-12-13,127.19999694824219,128.6999969482422,126.0999984741211,127.0,127.0,576182,KGH.WA,-0.0015723030899408297,1.3287298343484266,129.4274990081787,142.85099868774415,139.4989994430542,0.2541508918743746,2.3414940234814177,-0.43252905152718557
2024-12-16,127.0,127.30000305175781,123.9000015258789,124.75,124.75,495650,KGH.WA,-0.017716535433070835,1.3051893451572143,129.1399990081787,142.16899856567383,139.5824994277954,0.2604294689001224,2.3414940234814177,-0.44258267069304247
2024-12-17,124.0,124.3499984741211,121.0999984741211,121.8499984741211,121.8499984741211,606771,KGH.WA,-0.023246505217466185,1.2748482542352357,128.89499893188477,141.38599853515626,139.65274940490724,0.2536300557733528,2.3414940234814177,-0.4555406755470828
2024-12-18,121.75,122.5999984741211,120.5,121.05000305175781,121.05000305175781,659175,KGH.WA,-0.006565411837351709,1.2664783504160526,128.45749893188477,140.5749984741211,139.71249942779542,0.2347253352098621,2.3414940234814177,-0.4591152752408024
2024-12-19,117.55000305175781,119.1500015258789,115.5,117.4000015258789,117.4000015258789,734568,KGH.WA,-0.03015284125452078,1.22829042976367,127.81249885559082,139.82499862670898,139.7619994354248,0.25128108648702896,2.3414940234814177,-0.4754244864834617
2024-12-20,117.0999984741211,117.19999694824219,114.69999694824219,116.44999694824219,116.44999694824219,1165722,KGH.WA,-0.008092032072310573,1.2183510642119104,127.10999870300293,139.05399856567382,139.81349941253663,0.2502411000781076,2.3414940234814177,-0.4796693683631863
2024-12-23,117.0,118.9000015258789,116.5,117.30000305175781,117.30000305175781,662915,KGH.WA,0.0072993226774700215,1.2272442017640321,126.47749900817871,138.29099868774415,139.8589994430542,0.25436672101006047,2.3414940234814177,-0.47587130718389736
2024-12-27,117.30000305175781,117.80000305175781,116.30000305175781,117.3499984741211,117.3499984741211,326364,KGH.WA,0.0004262184233807531,1.227767275852811,125.84499893188476,137.4589987182617,139.8934994506836,0.2543783658815037,2.3414940234814177,-0.4756479138787967
2024-12-30,117.4000015258789,117.4000015258789,115.0,115.0,115.0,401169,KGH.WA,-0.020025551808075526,1.2031805586619608,125.20749893188477,136.63499877929686,139.9194994354248,0.2563004198186057,2.3414940234814177,-0.48614835374508936
2025-01-02,116.1500015258789,117.69999694824219,116.0,117.55000305175781,117.55000305175781,385725,KGH.WA,0.022173939580502733,1.2298598116741666,124.71749916076661,135.91099884033204,139.95224945068358,0.27403135586891286,2.3414940234814177,-0.47475423838769115
2025-01-03,117.94999694824219,117.94999694824219,115.5999984741211,116.94999694824219,116.94999694824219,420144,KGH.WA,-0.0051042627642590155,1.2235822840321795,124.2024990081787,135.09599884033204,139.97299942016602,0.2738185094114314,2.3414940234814177,-0.47743523077077377
2025-01-07,119.94999694824219,121.0,118.1500015258789,119.30000305175781,119.30000305175781,597660,KGH.WA,0.020094110002889964,1.2481690810451094,123.66499900817871,134.4039990234375,139.9897494506836,0.2714803358939265,2.3414940234814177,-0.4669347568142469
2025-01-08,119.5,119.6500015258789,117.4000015258789,119.6500015258789,119.6500015258789,572464,KGH.WA,0.0029337675202678604,1.2518309189548822,123.12499923706055,133.64299911499023,140.00799945831298,0.271430586450546,2.3414940234814177,-0.4653708673176048
2025-01-09,120.0,123.44999694824219,119.5,122.30000305175781,122.30000305175781,630904,KGH.WA,0.02214794393718189,1.2795563999667259,122.73749923706055,132.89799911499023,140.02724948883056,0.28709823574020915,2.3414940234814177,-0.4535299312597709
2025-01-10,123.05000305175781,124.0,120.9000015258789,121.5999984741211,121.5999984741211,505110,KGH.WA,-0.005723667703756874,1.2722326443251009,122.29749946594238,132.12799896240233,140.04549949645997,0.2864730216016989,2.3414940234814177,-0.4566577443432892
2025-01-13,121.30000305175781,122.8499984741211,120.0999984741211,121.1500015258789,121.1500015258789,269569,KGH.WA,-0.0037006328444810777,1.2675245784156903,121.92249984741211,131.4569990539551,140.06999950408937,0.2840007274645859,2.3414940234814177,-0.45866845454036687
2025-01-14,122.30000305175781,123.5999984741211,120.25,120.9000015258789,120.9000015258789,385905,KGH.WA,-0.0020635575472658374,1.2649089685055557,121.29750022888183,130.77999908447265,140.10449951171876,0.24223942604560664,2.3414940234814177,-0.4597855233365732
2025-01-15,121.0,123.75,120.05000305175781,123.5999984741211,123.5999984741211,309296,KGH.WA,0.022332480679615685,1.2931575236061785,120.94500045776367,130.14699905395508,140.13499950408936,0.2527834950648584,2.3414940234814177,-0.4477211939736385
2025-01-16,124.8499984741211,125.5999984741211,123.3499984741211,124.25,124.25,377240,KGH.WA,0.005258912086596901,1.2999581253369448,120.63000030517578,129.53799911499024,140.17099948883057,0.25427896707665704,2.3414940234814177,-0.4448168082854552
2025-01-17,125.05000305175781,126.69999694824219,124.1500015258789,126.4000015258789,126.4000015258789,435226,KGH.WA,0.017303835218341224,1.322452386528519,120.59000053405762,128.97299926757813,140.25449951171876,0.24768396732889236,2.3414940234814177,-0.435210009820034
2025-01-20,126.4000015258789,127.80000305175781,125.05000305175781,126.80000305175781,126.80000305175781,274278,KGH.WA,0.0031645689956498746,1.3266373783491503,120.5800006866455,128.46499938964843,140.33524951934814,0.2479064101890512,2.3414940234814177,-0.43342269292805713
2025-01-21,126.5,126.55000305175781,124.0,125.0,125.0,266524,KGH.WA,-0.014195607322052495,1.3078049550673485,120.59250068664551,127.97599945068359,140.41199951171876,0.2448584060991403,2.3414940234814177,-0.44146560189683637
2025-01-22,124.19999694824219,125.0,123.0999984741211,123.5,123.5,458656,KGH.WA,-0.01200000000000001,1.2921112956065404,120.67500076293945,127.40199951171876,140.45874950408935,0.23356075323426054,2.3414940234814177,-0.4481680146740743
2025-01-23,123.0,123.30000305175781,121.4000015258789,123.19999694824219,123.19999694824219,328553,KGH.WA,-0.002429174508160381,1.288972531785547,120.78250045776367,126.86999938964844,140.48249950408936,0.23229452233476608,2.3414940234814177,-0.4495085108656156
2025-01-24,124.6500015258789,128.35000610351562,124.44999694824219,127.3499984741211,127.3499984741211,581630,KGH.WA,0.03368507815485078,1.332391672258199,121.28000030517578,126.50499923706055,140.51224948883058,0.22931495222565335,2.3414940234814177,-0.4309651620305436
2025-01-27,124.5999984741211,124.80000305175781,122.75,123.30000305175781,123.30000305175781,484805,KGH.WA,-0.03180208457706646,1.2900188396072647,121.62250061035157,125.94199935913086,140.48874950408936,0.25958318066615543,2.3414940234814177,-0.44906165607494564
2025-01-28,123.3499984741211,123.80000305175781,121.4000015258789,121.4000015258789,121.4000015258789,422193,KGH.WA,-0.015409582148034007,1.270140188325825,121.82750053405762,125.43699951171875,140.45449951171875,0.2669917182579595,2.3414940234814177,-0.45755138574416054
2025-01-29,121.4000015258789,124.69999694824219,120.30000305175781,124.3499984741211,124.3499984741211,328299,KGH.WA,0.024299809811891393,1.3010043533365825,122.17750053405761,125.26099960327149,140.42974948883057,0.2784998453026948,2.3414940234814177,-0.44436998758501955
2025-01-30,124.3499984741211,127.80000305175781,124.0999984741211,127.80000305175781,127.80000305175781,460093,KGH.WA,0.02774430735803124,1.3370998179896894,122.8175006866455,125.1379997253418,140.36574947357178,0.2776297086636875,2.3414940234814177,-0.4289544177432316
2025-01-31,127.5,127.6500015258789,125.1500015258789,125.75,125.75,343161,KGH.WA,-0.01604071207203006,1.315651784797753,123.22750053405761,125.0399998474121,140.2827494430542,0.2801983958470802,2.3414940234814177,-0.4381143955082173
2025-02-03,122.0,123.75,121.0,122.94999694824219,122.94999694824219,565600,KGH.WA,-0.022266425858909034,1.2863569218754125,123.52750053405762,124.89499984741211,140.19174945831298,0.2935144020827386,2.3414940234814177,-0.4506255796618218
2025-02-04,123.5,124.75,122.69999694824219,124.44999694824219,124.44999694824219,610022,KGH.WA,0.012200081636695392,1.3020505813362206,123.78500022888184,124.77399978637695,140.0914994430542,0.2885941518595247,2.3414940234814177,-0.4439231668845838
2025-02-05,124.5,126.05000305175781,122.6500015258789,123.0,123.0,596807,KGH.WA,-0.011651241332253592,1.2868800757862713,123.95250015258789,124.69899978637696,139.985499458313,0.29276414751728574,2.3414940234814177,-0.45040215226648683
2025-02-06,128.0,129.35000610351562,127.0,128.85000610351562,128.85000610351562,1402658,KGH.WA,0.047561025231834364,1.348085411541087,124.28000030517578,124.6799998474121,139.94199947357177,0.3282354928650709,2.3414940234814177,-0.42426271516307135
2025-02-07,129.5,132.89999389648438,128.0500030517578,132.3000030517578,132.3000030517578,739991,KGH.WA,0.026775295186796777,1.384180796372114,124.81500053405762,124.71999984741211,139.89149951934814,0.3371748041437714,2.3414940234814177,-0.4088471794115177
2025-02-10,132.5,144.4499969482422,131.0,140.0,140.0,1865219,KGH.WA,0.058201033791585255,1.4647415496754308,125.75750045776367,124.90999984741211,139.87349948883056,0.38549109879440824,2.3414940234814177,-0.3744414741244565
2025-02-11,139.5,139.8000030517578,135.3000030517578,136.0,136.0,929870,KGH.WA,-0.02857142857142858,1.4228917911132757,126.51250038146972,125.03099990844727,139.84149951934813,0.40522235328152134,2.3414940234814177,-0.39231457486375776
2025-02-12,137.5,138.0500030517578,131.8000030517578,134.8000030517578,134.8000030517578,847871,KGH.WA,-0.008823506972369,1.410336895473461,127.07250061035157,125.12699996948243,139.8172495651245,0.40386853338521134,2.3414940234814177,-0.3976764914494545
2025-02-13,137.35000610351562,138.39999389648438,134.6999969482422,136.35000610351562,136.35000610351562,602779,KGH.WA,0.011498538699310501,1.4265537088451279,127.67750091552735,125.29900009155273,139.83574962615967,0.40459992133088857,2.3414940234814177,-0.3907506512768816
2025-02-14,138.0,141.35000610351562,136.3000030517578,136.8000030517578,136.8000030517578,978396,KGH.WA,0.00330030750347432,1.4312617747545386,128.1975009918213,125.48800018310547,139.85524967193604,0.40197946350432395,2.3414940234814177,-0.3887399410798038
2025-02-17,136.8000030517578,139.3000030517578,135.89999389648438,138.89999389648438,138.89999389648438,392775,KGH.WA,0.015350809926020448,1.4532328022131742,128.80250053405763,125.72100006103516,139.85999965667725,0.4038612256242401,2.3414940234814177,-0.37935660409995187
2025-02-18,139.5500030517578,140.89999389648438,139.0,139.3000030517578,139.3000030517578,474682,KGH.WA,0.002879835657671359,1.4574178738558854,129.51750068664552,125.90600006103516,139.85799968719482,0.3976698886575781,2.3414940234814177,-0.3775692531177406
2025-02-19,140.0,140.64999389648438,135.60000610351562,137.1999969482422,137.1999969482422,782214,KGH.WA,-0.015075420369770942,1.4354466867530902,130.2025005340576,126.04100006103516,139.82499965667725,0.399632981286331,2.3414940234814177,-0.38695265827806113
2025-02-20,137.0,140.60000610351562,136.60000610351562,139.0500030517578,139.0500030517578,821315,KGH.WA,0.013484009800769359,1.4548022639457507,130.9950008392334,126.22100006103516,139.81699970245361,0.3993996163736891,2.3414940234814177,-0.3786863219139469
2025-02-21,138.39999389648438,140.1999969482422,137.75,137.75,137.75,1370709,KGH.WA,-0.009349176722232233,1.4412010604842185,131.51500091552734,126.36800018310547,139.8059997177124,0.38944818168857376,2.3414940234814177,-0.3844950932903135
2025-02-24,137.60000610351562,138.0500030517578,133.64999389648438,134.25,134.25,462975,KGH.WA,-0.025408348457350294,1.4045825217423327,132.06250076293946,126.48000030517578,139.75624973297118,0.38219935501584673,2.3414940234814177,-0.4001340564372021
2025-02-25,133.0,136.0500030517578,132.14999389648438,133.0,133.0,580090,KGH.WA,-0.009310986964618295,1.3915044721916592,132.64250068664552,126.47200042724609,139.7022497177124,0.37857427714593944,2.3414940234814177,-0.40571940041823373
2025-02-26,137.5,138.3000030517578,135.5,136.1999969482422,136.1999969482422,741446,KGH.WA,0.02406012743039243,1.4249842471125516,133.23500061035156,126.58300048828124,139.64824970245363,0.378411790407095,2.3414940234814177,-0.3914209334628864
2025-02-27,135.75,136.0,131.9499969482422,132.14999389648438,132.14999389648438,628608,KGH.WA,-0.02973570589209973,1.3826113346395377,133.4525001525879,126.61500030517578,139.56299968719483,0.3871484014199312,2.3414940234814177,-0.40951746159752256
2025-02-28,130.1999969482422,130.64999389648438,128.25,129.4499969482422,129.4499969482422,1096607,KGH.WA,-0.020431305886833062,1.3543627795389148,133.6375,126.66000030517579,139.46024967193603,0.39015707736998156,2.3414940234814177,-0.4215817909604572
2025-03-03,129.4499969482422,133.75,129.1999969482422,131.6999969482422,131.6999969482422,641821,KGH.WA,0.01738122868322356,1.377903268730127,134.075,126.75400024414063,139.35774967193603,0.38312811556665943,2.3414940234814177,-0.41152817179460033
2025-03-04,130.1999969482422,130.6999969482422,127.3499984741211,127.3499984741211,127.3499984741211,719226,KGH.WA,-0.033029601935607,1.3323916722581992,134.22000007629396,126.80600021362305,139.22224967956544,0.40297045063220827,2.3414940234814177,-0.4309651620305436
2025-03-05,132.3000030517578,133.3000030517578,131.14999389648438,132.75,132.75,1332455,KGH.WA,0.04240283934495892,1.3888888622815247,134.70750007629394,127.02400024414062,139.12099967956544,0.4247441143823921,2.3414940234814177,-0.40683646921443994
2025-03-06,133.5,134.0,131.39999389648438,133.10000610351562,133.10000610351562,1410338,KGH.WA,0.0026365808174435568,1.3925507800133772,134.92000007629395,127.26500030517577,139.00074974060058,0.39257408456467857,2.3414940234814177,-0.40527254562756365
2025-03-07,132.25,133.5,129.5,131.64999389648438,131.64999389648438,527922,KGH.WA,-0.010894155826736251,1.3773801148192684,134.88749961853028,127.55000015258788,138.83724967956542,0.38360033533925497,2.3414940234814177,-0.4117515991899352
2025-03-10,131.3000030517578,131.60000610351562,127.5,128.0,128.0,763016,KGH.WA,-0.027724983408311754,1.3391922739889657,134.28749961853026,127.78100021362305,138.62724967956544,0.3280020772006457,2.3414940234814177,-0.42806077634236006
2025-03-11,128.10000610351562,129.75,127.5,128.25,128.25,740526,KGH.WA,0.001953125,1.3418078838991003,133.89999961853027,128.0000001525879,138.420249710083,0.3156688517459137,2.3414940234814177,-0.42694370754615374
2025-03-12,130.4499969482422,131.0,128.39999389648438,129.14999389648438,129.14999389648438,1628083,KGH.WA,0.007017496268884038,1.3512240157179214,133.6174991607666,128.23600006103516,138.26099967956543,0.3166276619272548,2.3414940234814177,-0.4229222871519984
2025-03-13,129.0500030517578,133.39999389648438,128.0,132.60000610351562,132.60000610351562,1197127,KGH.WA,0.02671322005478749,1.3873195601931079,133.4299991607666,128.58800018310546,138.1387496948242,0.32954118040648034,2.3414940234814177,-0.4075066832199763
2025-03-14,134.10000610351562,137.89999389648438,133.5500030517578,137.14999389648438,137.14999389648438,1289245,KGH.WA,0.03431363185169656,1.4349235328422318,133.44749870300294,128.98,138.03424964904787,0.35271747942316806,2.3414940234814177,-0.3871760856733959
2025-03-17,138.0,138.8000030517578,136.10000610351562,138.8000030517578,138.8000030517578,875851,KGH.WA,0.01203069069415208,1.4521866540356168,133.4424991607666,129.4170001220703,137.93424964904784,0.35103904369067523,2.3414940234814177,-0.3798033907101529
2025-03-18,139.0,141.8000030517578,137.8000030517578,139.0,139.0,1084748,KGH.WA,0.0014409001717932135,1.4542791100348924,133.4274990081787,129.81100006103514,137.84299964904784,0.3509302561555875,2.3414940234814177,-0.3789097493092817
2025-03-19,138.5,139.5,136.60000610351562,138.89999389648438,138.89999389648438,747451,KGH.WA,-0.0007194683706159832,1.4532328022131746,133.51249885559082,130.19599990844728,137.77874961853027,0.3463536241834423,2.3414940234814177,-0.37935660409995164
2025-03-20,140.0,141.0,134.6999969482422,138.1999969482422,138.1999969482422,838725,KGH.WA,-0.0050395750828028385,1.4459091263936295,133.46999855041503,130.51399978637696,137.71124961853027,0.3436162589119194,2.3414940234814177,-0.3824843830932356
2025-03-21,137.0,138.0,134.6999969482422,135.1999969482422,135.1999969482422,1049982,KGH.WA,-0.02170767052276812,1.414521807472013,133.34249839782714,130.78599975585936,137.61649963378906,0.35076159980961796,2.3414940234814177,-0.3958892086477116
2025-03-24,138.8000030517578,140.10000610351562,137.39999389648438,139.64999389648438,139.64999389648438,940448,KGH.WA,0.03291417935420338,1.4610796319435788,133.61249809265138,131.15599960327148,137.57349960327147,0.3573107901564566,2.3414940234814177,-0.37600539771133257
2025-03-25,139.8000030517578,142.0,138.0500030517578,140.75,140.75,810304,KGH.WA,0.007876878994574232,1.4725883794058354,133.99999809265137,131.55299957275392,137.55849960327149,0.3551604513996765,2.3414940234814177,-0.3710902677358373
2025-03-26,140.75,141.9499969482422,135.39999389648438,136.3000030517578,136.3000030517578,986186,KGH.WA,-0.031616319348079513,1.4260305549342696,134.00499839782714,131.80699966430663,137.50674964904786,0.3663351626099201,2.3414940234814177,-0.39097407867221634
2025-03-27,138.8000030517578,138.89999389648438,134.5,136.1999969482422,136.1999969482422,996989,KGH.WA,-0.0007337204789177321,1.4249842471125518,134.20749855041504,132.0459996032715,137.47174964904787,0.34885662478939317,2.3414940234814177,-0.3914209334628863
2025-03-28,134.5,135.35000610351562,129.85000610351562,129.85000610351562,129.85000610351562,1410187,KGH.WA,-0.04662254762854101,1.3585478511816262,134.2274990081787,132.1149996948242,137.39974967956542,0.381768808985461,2.3414940234814177,-0.41979443997824584
2025-03-31,128.9499969482422,128.9499969482422,123.80000305175781,125.44999694824219,125.44999694824219,1435224,KGH.WA,-0.03388532112786946,1.31251302097676,133.9149990081787,132.08799957275392,137.31624969482422,0.39472877160443554,2.3414940234814177,-0.43945489169975827
2025-04-01,126.75,129.8000030517578,126.30000305175781,128.25,128.25,1126840,KGH.WA,0.022319674132100786,1.3418078838991003,133.95999908447266,132.1529995727539,137.2354997253418,0.3860695250551017,2.3414940234814177,-0.42694370754615374
2025-04-02,128.25,129.10000610351562,126.80000305175781,127.80000305175781,127.80000305175781,624645,KGH.WA,-0.003508748134442019,1.3370998179896898,133.71249923706054,132.23899963378906,137.15974975585937,0.3531852111704267,2.3414940234814177,-0.4289544177432315
2025-04-03,124.0,125.69999694824219,118.25,120.6500015258789,120.6500015258789,1555961,KGH.WA,-0.05594680246590622,1.2622933585954215,133.08999900817872,132.1879997253418,137.05574977874755,0.40162601365313993,2.3414940234814177,-0.4609025921327793
2025-04-04,119.80000305175781,119.80000305175781,108.94999694824219,109.19999694824219,109.19999694824219,2653617,KGH.WA,-0.09490264759906153,1.1424983768180044,131.9674991607666,131.8249996948242,136.8962497329712,0.5140751531242522,2.3414940234814177,-0.5120643634531696
2025-04-07,102.0,110.0999984741211,100.0,107.94999694824219,107.94999694824219,2324382,KGH.WA,-0.011446886766786846,1.1294203272673309,130.96499900817872,131.5179995727539,136.73174968719482,0.509349078811186,2.3414940234814177,-0.5176497074342012
2025-04-08,111.0,111.44999694824219,107.55000305175781,108.5999984741211,108.5999984741211,1692227,KGH.WA,0.006021320465535052,1.136220928998097,129.98249893188478,131.26199951171876,136.56549964904787,0.5106042225953958,2.3414940234814177,-0.5147453217460181
2025-04-09,105.94999694824219,108.9000015258789,104.5999984741211,106.5,106.5,1059734,KGH.WA,-0.01933700279582895,1.1142498217173813,128.84999923706056,130.90499954223634,136.37774963378905,0.5090456849124743,2.3414940234814177,-0.5241286928161044
2025-04-10,117.5,118.0,110.0,111.4000015258789,111.4000015258789,1650940,KGH.WA,0.046009403998863,1.1655157919204373,127.78999900817871,130.57699951171875,136.22424961090087,0.5311742381926541,2.3414940234814177,-0.5022341375924135
2025-04-11,112.30000305175781,114.05000305175781,110.9000015258789,111.69999694824219,111.69999694824219,1298335,KGH.WA,0.0026929570758900123,1.168654475919351,126.5174991607666,130.29599945068358,136.02299961090088,0.5090638877175747,2.3414940234814177,-0.5008936754911066
2025-04-14,114.0999984741211,115.5,113.25,115.19999694824219,115.19999694824219,649187,KGH.WA,0.03133393102617332,1.2052730146612365,125.33749885559082,130.14099945068358,135.84424961090087,0.5243778912101895,2.3414940234814177,-0.48525471234421813
2025-04-15,115.19999694824219,116.80000305175781,112.1500015258789,114.1500015258789,114.1500015258789,608480,KGH.WA,-0.009114543838356415,1.1942875009319187,124.09499893188476,129.93499954223634,135.66349960327148,0.5229957988178565,2.3414940234814177,-0.4899463808341441
2025-04-16,112.0,114.69999694824219,111.69999694824219,114.0,114.0,515370,KGH.WA,-0.0013140737965290361,1.192718119021422,122.84999923706054,129.75499954223633,135.4934996032715,0.5228710981737755,2.3414940234814177,-0.49061662892991476
2025-04-17,114.0,115.3499984741211,113.80000305175781,114.1500015258789,114.1500015258789,449271,KGH.WA,0.0013158028585869008,1.1942875009319187,121.64749946594239,129.4609994506836,135.3124995803833,0.5240433339062439,2.3414940234814177,-0.4899463808341441
2025-04-22,114.5,116.94999694824219,114.5,116.94999694824219,116.94999694824219,791114,KGH.WA,0.024529087910073244,1.2235822840321795,120.73499946594238,129.15399932861328,135.1577495956421,0.5347438622576447,2.3414940234814177,-0.47743523077077377
2025-04-23,121.4000015258789,124.5,119.05000305175781,123.6500015258789,123.6500015258789,1242858,KGH.WA,0.05728948056836547,1.2936806775170373,119.93499984741212,128.82699935913087,135.0424996185303,0.5648295898641352,2.3414940234814177,-0.44749776657830365
2025-04-24,123.0,125.5999984741211,122.0999984741211,125.5999984741211,125.5999984741211,735342,KGH.WA,0.01577029457483725,1.314082402887256,119.17749977111816,128.61899932861328,134.90824962615966,0.5679862374262978,2.3414940234814177,-0.43878464360398794
2025-04-25,125.5999984741211,126.9000015258789,123.6500015258789,125.75,125.75,753619,KGH.WA,0.0011942796791499788,1.3156517847977527,118.64999961853027,128.43799926757814,134.77724964141845,0.5595151914271232,2.3414940234814177,-0.4381143955082174
2025-04-28,125.75,126.9000015258789,124.5,125.25,125.25,667445,KGH.WA,-0.003976143141153132,1.3104205649774832,118.10249977111816,128.21599914550782,134.64199962615967,0.5594273379156196,2.3414940234814177,-0.44034853310063005
2025-04-29,125.30000305175781,126.5,123.75,124.5,124.5,549465,KGH.WA,-0.005988023952095856,1.302573735247079,117.83499946594239,127.96999908447266,134.4977495956421,0.5360667658394649,2.3414940234814177,-0.4436997394892491
2025-04-30,124.0999984741211,124.30000305175781,118.69999694824219,119.55000305175781,119.55000305175781,1204340,KGH.WA,-0.03975901163246742,1.2507846909552438,117.53999977111816,127.58299926757813,134.32224964141847,0.5411476677780698,2.3414940234814177,-0.4658176880180407
2025-05-02,122.9000015258789,123.9000015258789,121.69999694824219,123.05000305175781,123.05000305175781,715018,KGH.WA,0.029276452619450888,1.2874032296971296,117.27999992370606,127.25799926757813,134.17074962615968,0.5458105268741698,2.3414940234814177,-0.45017872487115207
2025-05-05,123.19999694824219,123.8499984741211,122.30000305175781,122.8499984741211,122.8499984741211,421414,KGH.WA,-0.001625392707650608,1.2853106938757741,117.03249969482422,126.9709992980957,134.01249961853028,0.5457592163787157,2.3414940234814177,-0.4510724003622576
2025-05-06,122.94999694824219,123.80000305175781,120.0999984741211,123.44999694824219,123.44999694824219,649835,KGH.WA,0.004883992524000513,1.2915881416956814,117.17249946594238,126.65899917602539,133.84974960327148,0.5064173438086162,2.3414940234814177,-0.4483914420694094
2025-05-07,123.5,127.19999694824219,122.94999694824219,124.0,124.0,856032,KGH.WA,0.004455269869211964,1.2973425154268097,117.91249961853028,126.38399917602538,133.7029995727539,0.3555149766575969,2.3414940234814177,-0.44593387708166166
2025-05-08,123.8499984741211,124.5999984741211,122.4000015258789,124.0,124.0,528561,KGH.WA,0.0,1.2973425154268097,118.71499977111816,126.17899917602539,133.5942495727539,0.35008407774785094,2.3414940234814177,-0.44593387708166166
2025-05-09,124.19999694824219,126.69999694824219,123.6500015258789,126.25,126.25,720530,KGH.WA,0.01814516129032251,1.3208830046180218,119.59749984741211,126.0439991760254,133.49899955749513,0.35218934956690534,2.3414940234814177,-0.43588025791580487
2025-05-12,126.9000015258789,132.3000030517578,126.8499984741211,129.6999969482422,129.6999969482422,1414377,KGH.WA,0.02732670850092811,1.3569783894490486,120.75749969482422,125.91399917602538,133.43624954223634,0.343360938421459,2.3414940234814177,-0.42046472216425124
2025-05-13,130.5,131.25,128.5,129.4499969482422,129.4499969482422,644931,KGH.WA,-0.001927525103179173,1.354362779538914,121.65999946594238,125.85999923706055,133.3964995574951,0.31814648109699556,2.3414940234814177,-0.42158179096045756
2025-05-14,130.89999389648438,130.89999389648438,126.5,127.1500015258789,127.1500015258789,700858,KGH.WA,-0.01776744284731724,1.3302992162589227,122.43249969482422,125.81399932861328,133.3634995651245,0.33048936154697556,2.3414940234814177,-0.43185880343141514
2025-05-15,127.30000305175781,127.5,122.9000015258789,123.75,123.75,953236,KGH.WA,-0.026740082462263337,1.2947269055166748,122.85999984741211,125.65499938964844,133.3297495651245,0.33730293622429236,2.3414940234814177,-0.4470509458778681
2025-05-16,124.0,125.3499984741211,122.0,123.4000015258789,123.4000015258789,982822,KGH.WA,-0.0028282704979482043,1.2910650676069022,123.3224998474121,125.5759994506836,133.29349960327147,0.33484008196699533,2.3414940234814177,-0.4486148353745101
2025-05-19,122.9000015258789,124.69999694824219,121.94999694824219,124.1500015258789,124.1500015258789,517814,KGH.WA,0.0060777957109077185,1.2989118973373062,123.82999992370605,125.40399948120117,133.25674961090087,0.33427862639365574,2.3414940234814177,-0.4452636289858911
2025-05-20,124.19999694824219,124.69999694824219,122.25,123.5999984741211,123.5999984741211,328080,KGH.WA,-0.004430149375738601,1.2931575236061779,124.30249977111816,125.21399932861328,133.2182495880127,0.3356201490211938,2.3414940234814177,-0.44772119397363885
2025-05-21,124.0,124.19999694824219,121.9000015258789,122.3499984741211,122.3499984741211,411487,KGH.WA,-0.010113268733265568,1.2800794740555044,124.5724998474121,125.02799942016601,133.17074954986572,0.33026756703197113,2.3414940234814177,-0.45330653795467046
2025-05-22,122.3499984741211,126.5999984741211,120.8499984741211,122.0999984741211,122.0999984741211,912415,KGH.WA,-0.002043318374481906,1.2774638641453697,124.49499969482422,124.90999938964843,133.1304995727539,0.259120549940879,2.3414940234814177,-0.4544236067508768
2025-05-23,124.0,127.30000305175781,121.0999984741211,123.5999984741211,123.5999984741211,973528,KGH.WA,0.012285012438537635,1.2931575236061779,124.39499969482422,124.81699935913086,133.06799953460694,0.256499474189138,2.3414940234814177,-0.44772119397363885
2025-05-26,126.9000015258789,127.5999984741211,125.55000305175781,127.30000305175781,127.30000305175781,618002,KGH.WA,0.029935312486362387,1.3318685981694194,124.47249984741211,124.77999954223633,133.0434995651245,0.27861686221139026,2.3414940234814177,-0.4311885553356446
2025-05-27,127.0,127.30000305175781,124.5,125.8499984741211,125.8499984741211,592270,KGH.WA,-0.011390452025733078,1.3166980127973902,124.50249977111817,124.64499938964843,133.0202495574951,0.28151616890623027,2.3414940234814177,-0.43766757480778185
2025-05-28,125.5999984741211,126.0999984741211,124.30000305175781,124.6500015258789,124.6500015258789,500074,KGH.WA,-0.009535136772281683,1.3041431171575755,124.5099998474121,124.39499954223633,133.02299957275392,0.2828601748796596,2.3414940234814177,-0.4430294913934786
2025-05-29,125.5,125.9000015258789,122.9000015258789,123.44999694824219,123.44999694824219,520883,KGH.WA,-0.009626992081404717,1.291588141695681,124.70499954223632,124.08799942016601,133.0202495574951,0.24393029687154003,2.3414940234814177,-0.4483914420694095
2025-05-30,123.0,123.0,121.0999984741211,122.9000015258789,122.9000015258789,1372428,KGH.WA,-0.004455208067715599,1.2858338477866325,124.69749946594239,123.7659994506836,133.0142495727539,0.22176523398638925,2.3414940234814177,-0.45084897296692295
2025-06-02,117.75,125.4000015258789,117.0,125.4000015258789,125.4000015258789,706630,KGH.WA,0.020341741000496016,1.3119899468879794,124.82499961853027,123.49599960327149,133.02174957275392,0.2330121123378364,2.3414940234814177,-0.4396782850048596
2025-06-03,124.5999984741211,124.75,121.19999694824219,122.55000305175781,122.55000305175781,543559,KGH.WA,-0.022727260282631945,1.2821720098768599,124.77999992370606,123.1829997253418,133.0197496032715,0.24728704056198977,2.3414940234814177,-0.45241286246356494
2025-06-04,123.30000305175781,126.69999694824219,123.30000305175781,126.25,126.25,723870,KGH.WA,0.030191732811948757,1.3208830046180213,124.89249992370605,123.00399978637695,133.01749961853028,0.26964710534553465,2.3414940234814177,-0.435880257915805
2025-06-05,127.0,131.1999969482422,125.9000015258789,131.1999969482422,131.1999969482422,1633066,KGH.WA,0.03920789661974,1.3726720489098563,125.25249977111817,122.8349998474121,133.0492496109009,0.30166476374653206,2.3414940234814177,-0.4137623093870135
2025-06-06,131.10000610351562,131.14999389648438,127.0,128.14999389648438,128.14999389648438,774584,KGH.WA,-0.02324697502059414,1.340761576077381,125.34749946594238,122.5829997253418,133.06349956512452,0.3097679395256586,2.3414940234814177,-0.4273905623368244
2025-06-09,128.1999969482422,129.8000030517578,127.94999694824219,129.35000610351562,129.35000610351562,428810,KGH.WA,0.009364122233205707,1.3533166313613552,125.32999992370605,122.44399978637695,133.0262495803833,0.2957068096305497,2.3414940234814177,-0.42202857757065926
2025-06-10,128.3000030517578,130.89999389648438,128.3000030517578,129.60000610351562,129.60000610351562,702927,KGH.WA,0.0019327405350095805,1.3559322412714898,125.33750038146972,122.31199996948243,132.97949962615968,0.2956856031974385,2.3414940234814177,-0.42091150877445294
2025-06-11,129.60000610351562,130.0,127.8499984741211,128.3000030517578,128.3000030517578,756699,KGH.WA,-0.010030887272639899,1.3423310378099576,125.39500045776367,122.28099990844727,132.92999965667724,0.29067574556254955,2.3414940234814177,-0.42672028015081953
2025-06-12,127.80000305175781,128.14999389648438,124.75,126.0999984741211,126.0999984741211,520442,KGH.WA,-0.017147346261162655,1.3193136227075244,125.51250038146972,122.29399993896484,132.86124961853028,0.280522281650015,2.3414940234814177,-0.43655050601157575
2025-06-13,125.0,125.6500015258789,123.4000015258789,123.8499984741211,123.8499984741211,509723,KGH.WA,-0.017842981976417316,1.2957731335163123,125.53500022888184,122.20599990844727,132.79599964141846,0.2882587857564257,2.3414940234814177,-0.44660412517743264
2025-06-16,124.3499984741211,126.75,123.94999694824219,125.1500015258789,125.1500015258789,484033,KGH.WA,0.010496593199631254,1.3093743369778446,125.58500022888184,122.15299987792969,132.72849967956543,0.2898482688096911,2.3414940234814177,-0.44079535380106605
2025-06-17,125.0,125.1500015258789,123.0999984741211,123.44999694824219,123.44999694824219,465469,KGH.WA,-0.013583735972110156,1.2915881416956807,125.57750015258789,122.20899978637695,132.64574966430663,0.29373285414128303,2.3414940234814177,-0.4483914420694096
2025-06-18,123.80000305175781,124.80000305175781,122.3499984741211,122.6500015258789,122.6500015258789,512129,KGH.WA,-0.006480319498903597,1.2832182378764976,125.59250030517578,122.47799987792969,132.54849964141846,0.29233712143326734,2.3414940234814177,-0.45196604176312927
2025-06-20,122.6500015258789,122.8499984741211,121.5,121.75,121.75,1149805,KGH.WA,-0.007337965875923835,1.2738020262355967,125.57500038146972,122.75399993896484,132.47299961090087,0.2934975792875144,2.3414940234814177,-0.455987496247519
2025-06-23,122.0,122.69999694824219,119.5,120.5,120.5,554710,KGH.WA,-0.010266940451745366,1.2607239766849232,125.42000045776368,122.99199996948242,132.39099964141846,0.2919081927970677,2.3414940234814177,-0.4615728402285506
2025-06-24,123.0,125.30000305175781,123.0,124.80000305175781,124.80000305175781,541089,KGH.WA,0.03568467262869546,1.3057124990680717,125.29500045776368,123.35800003051757,132.32099964141847,0.30060206875968165,2.3414940234814177,-0.44235924329770815
2025-06-25,125.25,125.69999694824219,123.6500015258789,123.80000305175781,123.80000305175781,348818,KGH.WA,-0.008012820316881553,1.295250059427533,125.1925006866455,123.60600006103516,132.24524967193602,0.2992632855602965,2.3414940234814177,-0.44682751848253344
2025-06-26,124.6500015258789,130.0,124.5999984741211,130.0,130.0,1083298,KGH.WA,0.050080749559029636,1.3601171532700413,125.46000061035156,123.97200012207031,132.2382497024536,0.34683521184049076,2.3414940234814177,-0.41912422597271026
2025-06-27,130.0,131.75,127.0,129.0,129.0,681046,KGH.WA,-0.007692307692307665,1.3496547136295025,125.73750076293945,124.24800018310548,132.21024967193603,0.3460178383641747,2.3414940234814177,-0.42359250115753566
2025-06-30,130.10000610351562,131.0,128.3000030517578,128.89999389648438,128.89999389648438,458871,KGH.WA,-0.0007752411125242498,1.3486084058077847,126.03750038146973,124.54300003051758,132.18399967193602,0.34529332033524174,2.3414940234814177,-0.42403935594820563
2025-07-01,128.1999969482422,130.64999389648438,128.1999969482422,129.35000610351562,129.35000610351562,833224,KGH.WA,0.0034911732221851732,1.3533166313613547,126.23500061035156,124.8500001525879,132.1722497177124,0.33893709010190615,2.3414940234814177,-0.4220285775706595
2025-07-02,129.4499969482422,136.0,129.4499969482422,136.0,136.0,1512926,KGH.WA,0.05141085104520626,1.4228917911132737,126.90750045776367,125.28700012207031,132.18524974822998,0.3687363723927937,2.3414940234814177,-0.39231457486375865
2025-07-03,136.0,137.75,134.60000610351562,134.89999389648438,134.89999389648438,981604,KGH.WA,-0.008088280172908968,1.4113830436510173,127.34000015258789,125.64600006103515,132.2022497177124,0.3596235417514959,2.3414940234814177,-0.3972297048392538
2025-07-04,134.0500030517578,134.0500030517578,130.10000610351562,132.4499969482422,132.4499969482422,842609,KGH.WA,-0.018161579385408966,1.3857500984605293,127.40250015258789,125.82199996948242,132.20599971771242,0.34138997162408524,2.3414940234814177,-0.40817696540598203
2025-07-07,130.9499969482422,132.10000610351562,130.14999389648438,131.39999389648438,131.39999389648438,420706,KGH.WA,-0.007927543042285823,1.3747645049091317,127.56500015258788,125.93799987792968,132.18799968719483,0.3313262025300367,2.3414940234814177,-0.4128686679861423
2025-07-08,131.39999389648438,133.3000030517578,131.39999389648438,132.3000030517578,132.3000030517578,657905,KGH.WA,0.006849385061482138,1.3841807963721122,127.7125,126.06899993896485,132.15949970245362,0.33064964134792946,2.3414940234814177,-0.4088471794115185
2025-07-09,134.5,134.9499969482422,128.8000030517578,130.0,130.0,1798803,KGH.WA,-0.01738475433638509,1.3601171532700411,127.73249969482421,126.16399993896485,132.11649967193603,0.33722717682798575,2.3414940234814177,-0.4191242259727104
2025-07-10,131.5,134.1999969482422,130.14999389648438,130.89999389648438,130.89999389648438,853826,KGH.WA,0.006923029972956796,1.3695332850888622,127.86249923706055,126.29199981689453,132.06599964141844,0.33566202821492414,2.3414940234814177,-0.41510280557855506
2025-07-11,132.10000610351562,132.9499969482422,129.6999969482422,132.75,132.75,461545,KGH.WA,0.014132973183930142,1.3888888622815228,128.1949993133545,126.55599975585938,132.02599964141845,0.33130665213314786,2.3414940234814177,-0.40683646921444083
2025-07-14,133.0,135.1999969482422,131.89999389648438,132.8000030517578,132.8000030517578,729981,KGH.WA,0.00037667082303438626,1.3894120161923815,128.64249954223632,126.75099975585937,131.9592496871948,0.322461939748068,2.3414940234814177,-0.40661304181910585
2025-07-15,134.0,134.85000610351562,130.64999389648438,131.39999389648438,131.39999389648438,410187,KGH.WA,-0.010542237372749064,1.3747645049091315,128.9549991607666,126.92199966430664,131.88199962615965,0.325205172825794,2.3414940234814177,-0.4128686679861424
2025-07-16,131.1999969482422,132.3000030517578,130.0,130.60000610351562,130.60000610351562,347275,KGH.WA,-0.006088187443897275,1.366394680912028,129.31249961853027,127.06499984741211,131.78574962615966,0.32131230227095803,2.3414940234814177,-0.41644323358962787
2025-07-17,130.60000610351562,131.1999969482422,129.14999389648438,130.4499969482422,130.4499969482422,314663,KGH.WA,-0.0011486152240646197,1.3648252191794514,129.70249938964844,127.19399978637695,131.65224964141845,0.31977745017096876,2.3414940234814177,-0.4171135157756328
2025-07-18,131.1999969482422,133.39999389648438,131.14999389648438,131.8000030517578,131.8000030517578,633862,KGH.WA,0.010348839671121324,1.3789495765518427,130.20499954223632,127.3499998474121,131.53099964141845,0.3181499768187645,2.3414940234814177,-0.41108131700393125
2025-07-21,133.0,134.89999389648438,132.1999969482422,134.0,134.0,689299,KGH.WA,0.01669193397042834,1.4019669118321962,130.87999954223633,127.50499984741211,131.38249965667725,0.31632184133925645,2.3414940234814177,-0.4012511252334092
2025-07-22,134.0,135.60000610351562,133.0500030517578,135.14999389648438,135.14999389648438,551230,KGH.WA,0.008582044003614842,1.4139986535611522,131.39749908447266,127.61399978637695,131.24049961090088,0.2960070597277855,2.3414940234814177,-0.39611263604304736
2025-07-23,136.0,138.60000610351562,135.60000610351562,137.75,137.75,1021126,KGH.WA,0.019237929862631287,1.4412010604842167,132.09499893188476,127.77999984741211,131.1324995803833,0.29695547290906826,2.3414940234814177,-0.3844950932903143
2025-07-24,139.0,140.10000610351562,136.64999389648438,137.8000030517578,137.8000030517578,853460,KGH.WA,0.0003629985608553099,1.4417242143950757,132.48499908447266,127.99299987792969,131.0112495803833,0.24607811898043983,2.3414940234814177,-0.3842716658949792
2025-07-25,136.89999389648438,137.4499969482422,135.35000610351562,135.89999389648438,135.89999389648438,336230,KGH.WA,-0.013788164827251759,1.4218454832915564,132.8299987792969,128.23599975585938,130.87399951934813,0.25051236801884313,2.3414940234814177,-0.3927614296544284
2025-07-28,136.75,137.25,131.89999389648438,131.9499969482422,131.9499969482422,572329,KGH.WA,-0.02906546817986555,1.38051887864026,132.98249893188478,128.40699966430665,130.73949947357178,0.274713520436087,2.3414940234814177,-0.4104111029983947
2025-07-29,132.0,133.8000030517578,131.5500030517578,132.89999389648438,132.89999389648438,599797,KGH.WA,0.007199673893246272,1.3904581643699399,133.1599983215332,128.58199951171875,130.5989994430542,0.2754184273644325,2.3414940234814177,-0.40616625520890437
2025-07-30,132.5500030517578,134.0,131.5,133.35000610351562,133.35000610351562,324391,KGH.WA,0.0033860965214322913,1.39516638992351,133.027498626709,128.77699966430663,130.4577494430542,0.20329348047181908,2.3414940234814177,-0.4041554768313581
2025-07-31,130.60000610351562,130.9499969482422,127.4000015258789,127.80000305175781,127.80000305175781,1464222,KGH.WA,-0.04161981850566632,1.3370998179896878,132.67249908447266,128.8859997558594,130.32224948883058,0.2487657146043926,2.3414940234814177,-0.4289544177432323
2025-08-01,127.94999694824219,128.5,126.1500015258789,126.5,126.5,1088436,KGH.WA,-0.010172167611227079,1.3234986145281555,132.37499923706054,128.97399978637696,130.17974948883057,0.24369410631669572,2.3414940234814177,-0.4347631891195989
2025-08-04,127.5,127.80000305175781,125.55000305175781,126.80000305175781,126.80000305175781,386224,KGH.WA,0.0023715656265439478,1.326637378349149,132.1449996948242,129.03799987792968,130.03649951934815,0.24321539042940846,2.3414940234814177,-0.4334226929280577
2025-08-05,127.80000305175781,128.1999969482422,125.9000015258789,126.55000305175781,126.55000305175781,458795,KGH.WA,-0.0019716087853558495,1.3240217684390143,131.8574996948242,129.0229998779297,129.87449954986573,0.24112511692311733,2.3414940234814177,-0.434539761724264
2025-08-06,127.0999984741211,128.1999969482422,126.44999694824219,128.0,128.0,424318,KGH.WA,0.011457897378707615,1.3391922739889635,131.75749969482422,129.06599990844725,129.7334995651245,0.2386114848741583,2.3414940234814177,-0.42806077634236106
2025-08-07,128.1999969482422,133.60000610351562,127.69999694824219,133.14999389648438,133.14999389648438,1323072,KGH.WA,0.04023432731628418,1.3930737742800743,131.86999969482423,129.23599975585938,129.63049953460694,0.2786090533665174,2.3414940234814177,-0.40504918641269816
2025-08-08,133.0,135.25,131.9499969482422,135.25,135.25,504451,KGH.WA,0.01577173263070697,1.4150449613828695,131.99499969482423,129.47199981689454,129.51824954986571,0.2796922682303438,2.3414940234814177,-0.3956657812523776
2025-08-11,135.5,136.25,133.5,133.9499969482422,133.9499969482422,423383,KGH.WA,-0.009611852508375707,1.4014437579213372,132.05249938964843,129.6929997253418,129.4184995651245,0.2822615182883042,2.3414940234814177,-0.4014745526287442
2025-08-12,133.9499969482422,136.3000030517578,133.9499969482422,135.9499969482422,135.9499969482422,543211,KGH.WA,0.014930944722401085,1.4223686372024147,132.27999954223634,129.90399963378906,129.30974956512452,0.2834269568786324,2.3414940234814177,-0.39253800225909363
2025-08-13,135.9499969482422,136.75,134.39999389648438,136.75,136.75,534530,KGH.WA,0.005884538946053786,1.4307386208436776,132.58749923706054,130.1879995727539,129.19574954986572,0.28215978802812114,2.3414940234814177,-0.3889633684751397
2025-08-14,134.60000610351562,136.0,130.8000030517578,131.5500030517578,131.5500030517578,810825,KGH.WA,-0.03802557183358091,1.3763339666417078,132.64249954223632,130.29399963378907,129.05299953460693,0.3166595378005051,2.3414940234814177,-0.41219838580013757
2025-08-18,132.0500030517578,132.64999389648438,130.39999389648438,131.5,131.5,334631,KGH.WA,-0.0003801068080412362,1.3758108127308488,132.62749938964845,130.2999996948242,128.93699954986573,0.31456647622253614,2.3414940234814177,-0.41242181319547266
2025-08-19,131.8000030517578,134.85000610351562,131.6999969482422,132.60000610351562,132.60000610351562,384142,KGH.WA,0.008365065425974372,1.3873195601931054,132.55749969482423,130.38899993896484,128.8262495803833,0.31008883991720365,2.3414940234814177,-0.4075066832199773
2025-08-20,131.3000030517578,133.0500030517578,130.60000610351562,131.5500030517578,131.5500030517578,496030,KGH.WA,-0.00791857468647561,1.3763339666417078,132.37750015258788,130.4329998779297,128.7077495956421,0.3093208991595692,2.3414940234814177,-0.41219838580013757
2025-08-21,131.5,132.10000610351562,129.39999389648438,130.89999389648438,130.89999389648438,468992,KGH.WA,-0.00494115651991045,1.369533285088862,132.0349998474121,130.45899963378906,128.5887495803833,0.29993005699714986,2.3414940234814177,-0.41510280557855517
2025-08-22,130.3000030517578,132.85000610351562,129.8000030517578,131.35000610351562,131.35000610351562,586286,KGH.WA,0.003437832146784725,1.3742415106424322,131.7125,130.5199996948242,128.47224964141844,0.3005005991986614,2.3414940234814177,-0.4130920272010089
2025-08-25,132.60000610351562,133.0,130.85000610351562,131.85000610351562,131.85000610351562,370312,KGH.WA,0.003806623348048932,1.3794727304627017,131.51000061035157,130.6349998474121,128.37049968719484,0.29799899906966065,2.3414940234814177,-0.41085788960859615
2025-08-26,131.85000610351562,132.8000030517578,130.10000610351562,131.75,131.75,793635,KGH.WA,-0.0007584838747531908,1.378426422640984,131.50000076293946,130.79299987792967,128.28199970245362,0.2794339868056418,2.3414940234814177,-0.4113047443992661
2025-08-27,131.6999969482422,132.89999389648438,127.9000015258789,128.0,128.0,682233,KGH.WA,-0.028462998102466774,1.3391922739889635,131.25500106811523,130.8499998474121,128.1609997177124,0.29557726117219035,2.3414940234814177,-0.42806077634236106
2025-08-28,129.0,130.3000030517578,128.0,128.0,128.0,544111,KGH.WA,0.0,1.3391922739889635,130.98750076293945,130.94099990844725,128.0519997024536,0.2950467406169486,2.3414940234814177,-0.42806077634236106
2025-08-29,128.89999389648438,129.60000610351562,127.25,128.0,128.0,658355,KGH.WA,0.0,1.3391922739889635,130.99750061035155,131.0479998779297,127.96399967193604,0.25496067143724516,2.3414940234814177,-0.42806077634236106
2025-09-01,129.0,130.89999389648438,128.9499969482422,129.39999389648438,129.39999389648438,775723,KGH.WA,0.01093745231628418,1.3538396256280538,131.1425003051758,131.20099975585939,127.85374965667725,0.25458043623504323,2.3414940234814177,-0.4218052183557931
2025-09-02,129.5,131.1999969482422,127.69999694824219,130.75,130.75,522046,KGH.WA,0.010432814275057822,1.367963983000445,131.3400001525879,131.40599975585937,127.77424968719482,0.2566485129409953,2.3414940234814177,-0.4157730195840914
2025-09-03,131.0500030517578,134.9499969482422,130.64999389648438,133.85000610351562,133.85000610351562,1093197,KGH.WA,0.02370941570566454,1.4003976097437794,131.7050003051758,131.58699981689452,127.77774974822998,0.26777750473863776,2.3414940234814177,-0.40192133923894546
2025-09-04,133.0500030517578,133.1999969482422,131.10000610351562,131.10000610351562,131.10000610351562,591242,KGH.WA,-0.02054538568995834,1.3716259007322977,131.86000061035156,131.7329998779297,127.76349979400635,0.2781756907086101,2.3414940234814177,-0.4142090959972151
2025-09-05,132.0,134.60000610351562,131.8000030517578,132.5,132.5,1126721,KGH.WA,0.010678824037421819,1.386273252371388,131.82750091552734,131.78299987792968,127.77274982452393,0.24061936237112477,2.3414940234814177,-0.40795353801064715
2025-09-08,133.0500030517578,133.8000030517578,132.10000610351562,133.5500030517578,133.5500030517578,559943,KGH.WA,0.007924551334021146,1.3972588459227857,131.74250106811525,131.87399993896486,127.7894998550415,0.2352925509059287,2.3414940234814177,-0.4032618354304869
2025-09-09,133.64999389648438,136.60000610351562,133.5500030517578,134.25,134.25,1212048,KGH.WA,0.00524145961996636,1.404582521742331,131.75750122070312,131.98100006103516,127.80824985504151,0.23358695408522376,2.3414940234814177,-0.4001340564372029
2025-09-10,133.1999969482422,134.39999389648438,130.35000610351562,133.5,133.5,1027938,KGH.WA,-0.005586592178770999,1.3967356920119267,131.635001373291,132.06399993896486,127.84199985504151,0.22772423298080102,2.3414940234814177,-0.40348526282582187
2025-09-11,133.64999389648438,134.35000610351562,132.5500030517578,133.85000610351562,133.85000610351562,419241,KGH.WA,0.0026217685656602097,1.4003976097437791,131.4900016784668,132.02100006103515,127.86224987030029,0.22674446621921693,2.3414940234814177,-0.4019213392389456
2025-09-12,135.0,140.60000610351562,135.0,139.14999389648438,139.14999389648438,2133386,KGH.WA,0.03959647031222313,1.4558484121233068,131.87000122070313,132.10600006103516,127.90649982452392,0.22591683376021693,2.3414940234814177,-0.3782395353037463
2025-09-15,139.14999389648438,141.85000610351562,139.0500030517578,141.0,141.0,1158569,KGH.WA,0.01329504983587615,1.4752039893159674,132.34500122070312,132.27700012207032,127.95899982452393,0.22847755555538538,2.3414940234814177,-0.3699731989396321
2025-09-16,141.39999389648438,142.25,138.6999969482422,139.35000610351562,139.35000610351562,1044645,KGH.WA,-0.011702084372229637,1.4579410277667422,132.68250122070313,132.43600036621095,128.0059998703003,0.23395512145371272,2.3414940234814177,-0.3773458257224065
2025-09-17,138.10000610351562,138.64999389648438,135.25,135.25,135.25,905204,KGH.WA,-0.02942236041575741,1.4150449613828693,132.86750106811525,132.49500030517578,128.0322498703003,0.25798201471037774,2.3414940234814177,-0.3956657812523777
2025-09-18,135.0,136.5,134.0,134.4499969482422,134.4499969482422,676546,KGH.WA,-0.005914994837395993,1.4066749777416063,133.0450012207031,132.5840002441406,128.0657498550415,0.258328084768985,2.3414940234814177,-0.3992404150363317
2025-09-19,135.0,136.5,134.64999389648438,135.5500030517578,135.5500030517578,881584,KGH.WA,0.008181525686007163,1.418183725203863,133.25500106811523,132.6770004272461,128.1067498779297,0.2593554438399615,2.3414940234814177,-0.3943252850608364
2025-09-22,137.0,140.8000030517578,136.3000030517578,140.1999969482422,140.1999969482422,820563,KGH.WA,0.034304638818110744,1.4668340056747042,133.67250061035156,132.82600036621093,128.17149986267088,0.28405596659427496,2.3414940234814177,-0.37354783272358616
2025-09-23,140.3000030517578,142.35000610351562,139.9499969482422,142.1999969482422,142.1999969482422,834218,KGH.WA,0.014265335545894153,1.487758884955782,134.19500045776368,133.01400024414062,128.23224983215331,0.28625802996171795,2.3414940234814177,-0.3646112823539356
2025-09-24,141.39999389648438,152.8000030517578,140.85000610351562,152.39999389648438,152.39999389648438,2569339,KGH.WA,0.07172993788427973,1.5944757373604455,135.41500015258788,133.43400024414063,128.34199981689454,0.349586843632033,2.3414940234814177,-0.31903488910481115
2025-09-25,152.0,154.5500030517578,149.1999969482422,151.60000610351562,151.60000610351562,1088169,KGH.WA,-0.0052492639436201305,1.5861059133633422,136.59500045776366,133.85400024414062,128.44974983215332,0.3518658670379037,2.3414940234814177,-0.3226094547082966
2025-09-26,152.85000610351562,153.0,148.25,152.0,152.0,889713,KGH.WA,0.002638482060556502,1.590290825361894,137.79500045776368,134.28500030517577,128.5577498626709,0.35112199244361936,2.3414940234814177,-0.3208221719065538
2025-09-29,155.0,160.0,154.10000610351562,160.0,160.0,1324609,KGH.WA,0.05263157894736836,1.673990342486204,139.32500076293945,134.84900024414063,128.71449989318847,0.38404638027013743,2.3414940234814177,-0.2850759704279515
2025-09-30,160.0,160.60000610351562,157.60000610351562,160.0,160.0,1135012,KGH.WA,0.0,1.673990342486204,140.78750076293946,135.36900024414064,128.84749992370607,0.3860101601299704,2.3414940234814177,-0.2850759704279515
2025-10-01,159.75,170.1999969482422,159.0,166.0500030517578,166.0500030517578,3145564,KGH.WA,0.03781251907348637,1.7372881342402955,142.39750061035156,135.9870004272461,129.02449996948243,0.3955775505709282,2.3414940234814177,-0.2580428919236647
2025-10-02,167.0,173.39999389648438,166.5,167.35000610351562,167.35000610351562,1997835,KGH.WA,0.007828985413222744,1.7508893377018278,144.21000061035156,136.57900054931642,129.20849998474122,0.3778737816161408,2.3414940234814177,-0.2522341205472981
2025-10-03,169.60000610351562,172.6999969482422,168.9499969482422,171.64999389648438,171.64999389648438,1355406,KGH.WA,0.02569457804685693,1.795877700440817,146.1675003051758,137.25600036621094,129.43074996948243,0.380639872908965,2.3414940234814177,-0.23302059179692403
2025-10-06,172.5,176.0,172.0,173.8000030517578,173.8000030517578,1073732,KGH.WA,0.012525541693698017,1.818372041454471,148.18000030517578,138.0140005493164,129.6647499847412,0.38012898617153706,2.3414940234814177,-0.2234137592412685
2025-10-07,174.64999389648438,178.14999389648438,171.5500030517578,178.0,178.0,974460,KGH.WA,0.024165689726664885,1.862314256015902,150.36750030517578,138.93500061035155,129.93099998474122,0.38059475940878124,2.3414940234814177,-0.2046470171010959
2025-10-08,178.64999389648438,188.1999969482422,178.0,186.5500030517578,186.5500030517578,3156444,KGH.WA,0.04803372500987546,1.9517681468713408,153.02000045776367,140.00800079345703,130.2545000076294,0.39057705583958485,2.3414940234814177,-0.16644325063474574
2025-10-09,189.0500030517578,195.35000610351562,187.0,189.8000030517578,189.8000030517578,2224122,KGH.WA,0.017421602502457834,1.985771075703092,155.81750030517577,141.13700073242188,130.5982500076294,0.3867893266121811,2.3414940234814177,-0.15192135628406345
2025-10-10,184.39999389648438,191.25,178.60000610351562,188.0,188.0,1887919,KGH.WA,-0.009483682944235516,1.9669386524212904,158.26000061035157,142.34100067138672,130.95125,0.3894869058568548,2.3414940234814177,-0.15996426525284269
2025-10-13,185.0,193.25,184.89999389648438,192.25,192.25,1385234,KGH.WA,0.022606382978723305,2.01140402089358,160.82250061035157,143.65600067138672,131.3302500152588,0.39020920312873425,2.3414940234814177,-0.1409740957173352
2025-10-14,188.0,188.39999389648438,183.8000030517578,186.25,186.25,1721701,KGH.WA,-0.031209362808842678,1.9486293830503472,163.1675003051758,144.84500061035158,131.675,0.41393548151175036,2.3414940234814177,-0.16778374682628705
2025-10-15,188.10000610351562,190.8000030517578,187.5500030517578,190.25,190.25,1347739,KGH.WA,0.021476510067114152,1.9904791416125023,165.9175003051758,146.1190005493164,132.03950000762939,0.3796119349347337,2.3414940234814177,-0.1499106460869859
2025-10-16,190.1999969482422,191.60000610351562,188.39999389648438,191.25,191.25,930301,KGH.WA,0.005256241787122251,2.0009415812530413,168.75750045776368,147.3840005493164,132.4207500076294,0.37248765880323864,2.3414940234814177,-0.1454423709021605
2025-10-17,190.5,192.35000610351562,186.0,187.75,187.75,1175890,KGH.WA,-0.018300653594771288,1.9643230425111555,171.36750030517578,148.4760006713867,132.77174999237062,0.39306856966954995,2.3414940234814177,-0.161081334049049
2025-10-20,190.5,194.89999389648438,190.0,194.10000610351562,194.10000610351562,839623,KGH.WA,0.033821603747087314,2.0307595980862407,174.06250076293946,149.65300079345704,133.15750003814696,0.39278539297542353,2.3414940234814177,-0.13270775935322088
2025-10-21,193.0,194.14999389648438,184.5500030517578,185.5,185.5,1696362,KGH.WA,-0.04430708826937979,1.9407825533199434,176.22750091552734,150.68400085449218,133.4885000228882,0.448624950167563,2.3414940234814177,-0.1711349532149059
2025-10-22,186.9499969482422,188.64999389648438,183.8000030517578,186.10000610351562,186.10000610351562,1017774,KGH.WA,0.0032345342507580366,1.9470600809619305,177.9125015258789,151.68700103759767,133.82075004577638,0.3937533629995367,2.3414940234814177,-0.1684539608318233
2025-10-23,188.5,194.64999389648438,188.1999969482422,193.75,193.75,1261260,KGH.WA,0.04110689761197084,2.0270976803543883,180.02000122070314,152.82700103759765,134.17800003051758,0.40368394812806996,2.3414940234814177,-0.13427168294009717
2025-10-24,194.89999389648438,195.9499969482422,189.64999389648438,191.0,191.0,666855,KGH.WA,-0.014193548387096744,1.9983259713429067,181.97000122070312,154.0160009765625,134.52500003814697,0.4135209335718272,2.3414940234814177,-0.1465594396983667
2025-10-27,194.0,195.75,189.0,189.0,189.0,776851,KGH.WA,-0.010471204188481686,1.977401092061829,183.4200012207031,155.1660009765625,134.86425003051758,0.3909413617293477,2.3414940234814177,-0.1554959900680174
2025-10-28,187.0,191.35000610351562,185.39999389648438,191.35000610351562,191.35000610351562,1212217,KGH.WA,0.012433894727595929,2.001987889074759,184.9875015258789,156.3410009765625,135.21650005340575,0.3897817626951042,2.3414940234814177,-0.14499551611149053
2025-10-29,193.85000610351562,198.0500030517578,192.6999969482422,197.1999969482422,197.1999969482422,1466443,KGH.WA,0.030572200983165265,2.0631930651854153,186.5450012207031,157.65400085449218,135.58450004577637,0.38354791908578567,2.3414940234814177,-0.11885614718854354
2025-10-30,195.0,197.1999969482422,191.75,194.0,194.0,708010,KGH.WA,-0.016227165303060676,2.029713290264523,187.87750091552735,158.9160009765625,135.93325004577636,0.3938157361239763,2.3414940234814177,-0.13315461414389074
2025-10-31,194.0,195.8000030517578,192.5500030517578,193.85000610351562,193.85000610351562,859880,KGH.WA,-0.0007731644148679662,2.028143988176106,188.9875015258789,160.1660009765625,136.27050006866455,0.388959268501914,2.3414940234814177,-0.1338248281494273
2025-11-03,194.0,195.10000610351562,189.64999389648438,190.75,190.75,457493,KGH.WA,-0.01599177717776401,1.995710361432772,189.83500137329102,161.34400085449218,136.59025005340575,0.3960942015190466,2.3414940234814177,-0.14767650849457303
2025-11-04,186.9499969482422,187.6999969482422,184.0,186.5500030517578,186.5500030517578,924519,KGH.WA,-0.02201833262512287,1.951768146871341,190.26250152587892,162.44000091552735,136.89800006866454,0.4002942522366364,2.3414940234814177,-0.16644325063474563
2025-11-05,186.3000030517578,187.85000610351562,184.4499969482422,187.0,187.0,486584,KGH.WA,0.0024122055260291653,1.9564762127807518,190.285001373291,163.62000091552736,137.21550006866454,0.3626807810367192,2.3414940234814177,-0.16443254043766786
2025-11-06,188.35000610351562,191.9499969482422,188.35000610351562,189.35000610351562,189.35000610351562,582528,KGH.WA,0.012566877558907175,1.9810630097936819,190.26250152587892,164.84700103759766,137.5462501144409,0.3600530810588535,2.3414940234814177,-0.153932066481141
2025-11-07,190.3000030517578,191.8000030517578,188.39999389648438,189.64999389648438,189.64999389648438,433732,KGH.WA,0.0015843030541269343,1.9842016139705159,190.34500122070312,166.08000091552734,137.85775009155273,0.35827436026748527,2.3414940234814177,-0.15259163847006818
2025-11-10,193.0,195.85000610351562,192.89999389648438,195.64999389648438,195.64999389648438,702388,KGH.WA,0.031637227487995245,2.0469762518137484,190.51500091552734,167.40500091552735,138.21950004577636,0.3669345274380917,2.3414940234814177,-0.12578198736111634
2025-11-12,197.89999389648438,198.0,194.6999969482422,195.60000610351562,195.60000610351562,694993,KGH.WA,-0.0002554960108774873,2.046453257547049,190.9825012207031,168.70200103759765,138.59050006866454,0.34664033617715534,2.3414940234814177,-0.12600534657598284
2025-11-13,197.0,203.5,195.60000610351562,196.5,196.5,1264313,KGH.WA,0.004601195646221301,2.05586938936587,191.2950012207031,169.95500091552734,138.95125007629395,0.3396068767585637,2.3414940234814177,-0.12198392618182752
2025-11-14,194.0,195.0,188.3000030517578,195.0,195.0,873565,KGH.WA,-0.007633587786259555,2.040175729905062,191.4825012207031,171.23300079345702,139.28725006103517,0.3409637951802775,2.3414940234814177,-0.12868633895906556
2025-11-17,195.0,195.5,190.14999389648438,192.1999969482422,192.1999969482422,437184,KGH.WA,-0.014358990009014416,2.0108808669827214,191.70500106811522,172.42700073242187,139.61950004577636,0.3382516484955679,2.3414940234814177,-0.1411975231126701
2025-11-18,189.60000610351562,189.8000030517578,186.1999969482422,189.0,189.0,859294,KGH.WA,-0.01664930800755382,1.9774010920618292,191.45000076293945,173.53600067138672,139.94975006103516,0.321071135807921,2.3414940234814177,-0.1554959900680173
2025-11-19,187.5,196.4499969482422,187.3000030517578,195.5,195.5,987228,KGH.WA,0.03439153439153442,2.0454069497253315,191.95000076293945,174.7610006713867,140.30500007629394,0.30166574048153943,2.3414940234814177,-0.1264522013666527
2025-11-20,196.10000610351562,196.9499969482422,193.0500030517578,195.10000610351562,195.10000610351562,545205,KGH.WA,-0.0020460045855977826,2.04122203772678,192.40000076293944,175.99300079345704,140.66550010681152,0.3021464377811547,2.3414940234814177,-0.12823948416839548
2025-11-21,190.0,192.10000610351562,188.14999389648438,191.0500030517578,191.0500030517578,831389,KGH.WA,-0.020758600333456556,1.9988491252537657,192.26500091552734,177.13700073242188,140.97650009155274,0.27607427439553717,2.3414940234814177,-0.14633601230303173
2025-11-24,193.39999389648438,197.25,192.0,195.89999389648438,195.89999389648438,1094045,KGH.WA,0.025385976274560074,2.049591861723883,192.51000061035157,178.27200073242187,141.29450004577637,0.2857278014840016,2.3414940234814177,-0.12466491856491013
2025-11-25,197.60000610351562,199.10000610351562,196.0500030517578,198.35000610351562,198.35000610351562,828511,KGH.WA,0.012506443508752074,2.0752249665585305,192.97750091552734,179.4190008544922,141.58625007629394,0.28468392536058357,2.3414940234814177,-0.1137175898177134
2025-11-26,199.10000610351562,205.3000030517578,198.35000610351562,205.0,205.0,1211495,KGH.WA,0.03352656260072839,2.1448001263104497,193.66000061035157,180.73200073242188,141.93125007629394,0.3035954810203583,2.3414940234814177,-0.08400358711081246
2025-11-27,204.1999969482422,206.0,203.3000030517578,205.39999389648438,205.39999389648438,407081,KGH.WA,0.0019511897389481447,2.1489850383090014,194.07000045776368,182.13500061035157,142.28425003051757,0.28641232136175054,2.3414940234814177,-0.08221630430906968
2025-11-28,206.0,212.5,204.6999969482422,211.6999969482422,211.6999969482422,913628,KGH.WA,0.030671875554839856,2.214898439973228,194.9550003051758,183.68000061035156,142.6609999847412,0.2946705895607074,2.3414940234814177,-0.05406615700857642
2025-12-01,212.3000030517578,222.89999389648438,212.0,217.89999389648438,217.89999389648438,1211791,KGH.WA,0.029286712506462642,2.2797655338157363,196.15749969482422,185.3270004272461,143.06649993896485,0.30656395325799424,2.3414940234814177,-0.026362864498753358
2025-12-02,218.0,221.0,216.10000610351562,218.0,218.0,737624,KGH.WA,0.00045895413637842,2.280811841637454,197.5199996948242,186.88300048828125,143.46199996948243,0.2962717780215816,2.3414940234814177,-0.0259160097080835
2025-12-03,219.8000030517578,225.39999389648438,217.60000610351562,222.89999389648438,222.89999389648438,778308,KGH.WA,0.022477036222405378,2.33207773201843,199.33749923706054,188.4970004272461,143.87999992370607,0.2804180712723952,2.3414940234814177,-0.004021488574626919
2025-12-04,222.89999389648438,225.10000610351562,219.5,225.10000610351562,225.10000610351562,776312,KGH.WA,0.009869951849585723,2.3550952269429426,201.24249954223632,189.9510006713867,144.31949996948242,0.2793107059644521,2.3550952269429426,0.0
2025-12-05,228.1999969482422,235.0,228.1999969482422,235.0,235.0,895373,KGH.WA,0.04398042482474085,2.4586733155266125,203.52499923706054,191.6190005493164,144.79924995422363,0.30501906139461293,2.4586733155266125,0.0
2025-12-08,235.0,239.3000030517578,233.60000610351562,234.39999389648438,234.39999389648438,554281,KGH.WA,-0.00255321746176862,2.452395787884625,205.76249923706055,193.2670004272461,145.28249992370604,0.30706542263326964,2.4586733155266125,-0.002553217461768731
2025-12-09,230.3000030517578,236.0,226.6999969482422,235.8000030517578,235.8000030517578,853893,KGH.WA,0.005972735459590872,2.467043299167875,207.7699996948242,194.78300048828126,145.79024993896485,0.29735396852977275,2.467043299167875,0.0
2025-12-10,237.8000030517578,244.6999969482422,236.39999389648438,241.5,241.5,937410,KGH.WA,0.024173014734826026,2.5266791731901135,210.06499938964845,196.41300048828126,146.33274993896484,0.2993161727947096,2.5266791731901135,0.0
2025-12-11,242.5,247.0,239.39999389648438,245.0,245.0,640729,KGH.WA,0.01449275362318847,2.5632977119319995,212.48999938964843,197.9920004272461,146.87674995422364,0.2986742327019113,2.5632977119319995,0.0
2025-12-12,247.0,249.8000030517578,244.1999969482422,244.5,244.5,713484,KGH.WA,-0.0020408163265306367,2.55806649211173,214.96499938964843,199.53500030517577,147.4384999847412,0.29461474584195396,2.5632977119319995,-0.0020408163265305257
2025-12-15,245.1999969482422,251.5,244.0,250.8000030517578,250.8000030517578,883425,KGH.WA,0.02576688364727131,2.6239798937759566,217.8949996948242,201.11800048828124,148.0452500152588,0.28199565401505083,2.6239798937759566,0.0
2025-12-16,249.0,254.8000030517578,247.39999389648438,253.6999969482422,253.6999969482422,754678,KGH.WA,0.011562973928217701,2.6543209048758554,221.12999954223633,202.71600036621095,148.6552500152588,0.2587570195808527,2.6543209048758554,0.0
2025-12-17,256.0,264.79998779296875,255.89999389648438,259.6000061035156,259.6000061035156,1054661,KGH.WA,0.023255850320239135,2.71604939454153,224.33499984741212,204.34800048828126,149.31650005340578,0.25055130791561,2.71604939454153,0.0
2025-12-18,259.79998779296875,260.29998779296875,250.6999969482422,256.29998779296875,256.29998779296875,832939,KGH.WA,-0.012711934641600142,2.6815231521547607,227.39499893188477,205.74300018310547,149.9342499923706,0.26241484980272334,2.71604939454153,-0.012711934641600031
2025-12-19,256.20001220703125,263.20001220703125,254.89999389648438,261.0,261.0,1021184,KGH.WA,0.018337933791974237,2.730696746180621,230.8924987792969,207.1670001220703,150.57374996185303,0.22850550686436144,2.730696746180621,0.0
2025-12-22,265.1000061035156,273.0,264.1000061035156,272.3999938964844,272.3999938964844,763001,KGH.WA,0.043678137534422845,2.849968494225099,234.71749877929688,208.855,151.27749996185304,0.2471297242460293,2.849968494225099,0.0
2025-12-23,273.29998779296875,274.8999938964844,269.6000061035156,273.79998779296875,273.79998779296875,422083,KGH.WA,0.005139478442926837,2.8646158458641895,238.48999786376953,210.48599975585938,152.00649990081786,0.25016576693659925,2.8646158458641895,0.0
2025-12-29,279.0,281.3999938964844,270.0,273.1000061035156,273.1000061035156,902674,KGH.WA,-0.002556543903071362,2.857292329688804,241.8949981689453,212.22299987792968,152.73074993133545,0.25012317534414713,2.8646158458641895,-0.002556543903071251
2025-12-30,275.70001220703125,281.5,274.6000061035156,280.79998779296875,280.79998779296875,739521,KGH.WA,0.028194732762234054,2.937852923347961,245.66499786376954,214.03399963378905,153.48899990081787,0.2499229868086859,2.937852923347961,0.0
2026-01-02,281.6000061035156,286.0,281.5,283.5,283.5,737439,KGH.WA,0.009615428505723278,2.9661016380927436,249.25499801635743,215.87899963378905,154.2434998703003,0.24450360797571527,2.9661016380927436,0.0
2026-01-05,290.0,297.29998779296875,286.5,296.5,296.5,1290082,KGH.WA,0.04585537918871263,3.1021133534197483,253.18499832153321,218.05399963378906,155.04024990081788,0.263816540322076,3.1021133534197483,0.0
2026-01-07,300.0,309.0,293.79998779296875,294.3999938964844,294.3999938964844,1830009,KGH.WA,-0.0070826512766125616,3.080142166316953,257.00499801635743,220.05999938964842,155.8182498550415,0.27084031769208666,3.1021133534197483,-0.0070826512766125616
2026-01-08,290.0,290.0,274.5,280.29998779296875,280.29998779296875,1564216,KGH.WA,-0.047894043464122515,2.9326217035276922,259.87499771118166,221.9559991455078,156.52474979400634,0.3497143103504082,3.1021133534197483,-0.054637477932651835
2026-01-09,285.20001220703125,297.79998779296875,282.6000061035156,297.79998779296875,297.79998779296875,1171564,KGH.WA,0.06243311010389907,3.1157143972371206,263.5099967956543,224.18999877929687,157.31924976348876,0.3930485420256778,3.1157143972371206,0.0
2026-01-12,303.0,306.70001220703125,296.3999938964844,303.0,303.0,1023782,KGH.WA,0.01746142518530358,3.1701192110832497,266.9099967956543,226.37499877929687,158.14324977874756,0.37752672787595953,3.1701192110832497,0.0
2026-01-13,303.0,308.70001220703125,300.20001220703125,308.70001220703125,308.70001220703125,930991,KGH.WA,0.0188119214753506,3.229755244749648,270.62499771118166,228.7289990234375,159.0107498550415,0.37340614256208216,3.229755244749648,0.0
2026-01-14,310.0,317.70001220703125,307.5,315.8999938964844,315.8999938964844,1048256,KGH.WA,0.023323554923037726,3.3050846185885354,274.62999725341797,231.26699890136717,159.8919998550415,0.3734622739337743,3.3050846185885354,0.0
2026-01-15,310.0,325.6000061035156,304.6000061035156,325.6000061035156,325.6000061035156,1514838,KGH.WA,0.0307059588301537,3.406570410817089,278.8349975585937,233.95199890136718,160.81624988555907,0.37630181530791007,3.406570410817089,0.0
2026-01-16,320.3999938964844,323.79998779296875,310.5,310.70001220703125,310.70001220703125,1268099,KGH.WA,-0.04576165115840736,3.2506801240307253,282.1199981689453,236.22199920654296,161.68824993133546,0.4343578122769628,3.406570410817089,-0.045761651158407246
2026-01-19,320.0,321.0,312.70001220703125,319.8999938964844,319.8999938964844,753914,KGH.WA,0.029610496710643197,3.3469343771506903,285.8899978637695,238.73999908447266,162.60674991607667,0.4350230124619868,3.406570410817089,-0.017506179668863697
2026-01-20,319.8999938964844,319.8999938964844,312.5,319.8999938964844,319.8999938964844,796615,KGH.WA,0.0,3.3469343771506903,289.34499740600586,241.26099884033204,163.5569998550415,0.4353055042793129,3.406570410817089,-0.017506179668863697
2026-01-21,319.8999938964844,325.3999938964844,318.20001220703125,319.8999938964844,319.8999938964844,942023,KGH.WA,0.0,3.3469343771506903,292.65499725341795,243.84399871826173,164.52924983978272,0.43759947235407437,3.406570410817089,-0.017506179668863697
2026-01-22,322.0,323.3999938964844,307.20001220703125,313.5,313.5,1353112,KGH.WA,-0.02000623325599482,3.279974827308906,295.34999694824216,246.38299865722655,165.4554998397827,0.449647006432744,3.406570410817089,-0.03716218021098183
2026-01-23,318.0,328.29998779296875,314.5,328.29998779296875,328.29998779296875,1270872,KGH.WA,0.04720889248155902,3.4348188062735523,298.9499969482422,249.20899841308594,166.45799976348877,0.45994434975675497,3.4348188062735523,0.0
2026-01-26,332.0,357.6000061035156,331.1000061035156,355.79998779296875,355.79998779296875,1600608,KGH.WA,0.08376485233786224,3.7225358963883686,303.68999633789065,252.537998046875,167.63374969482422,0.5244076267889035,3.7225358963883686,0.0
2026-01-27,358.20001220703125,358.5,331.0,332.0,332.0,1989651,KGH.WA,-0.06689148007171197,3.4735299606588734,306.6699966430664,255.38499816894532,168.747749710083,0.5901129363352111,3.7225358963883686,-0.06689148007171197
2026-01-28,344.0,355.0,342.29998779296875,352.70001220703125,352.70001220703125,1479203,KGH.WA,0.0623494343585278,3.6901025889333536,310.61499786376953,258.52599853515625,169.97149978637697,0.6174068396480867,3.7225358963883686,-0.00871269165906019
2026-01-29,377.0,396.3999938964844,366.6000061035156,371.8999938964844,371.8999938964844,3422027,KGH.WA,0.05443714495303986,3.890981238458706,315.554997253418,262.05199829101565,171.28799976348876,0.6308007197037109,3.890981238458706,0.0
2026-01-30,360.0,362.0,332.1000061035156,332.1000061035156,332.1000061035156,3788768,KGH.WA,-0.10701798452851485,3.474576268480591,318.1199981689453,264.7639984130859,172.41599979400635,0.7652649471890133,3.890981238458706,-0.10701798452851474
2026-02-02,282.5,320.20001220703125,280.6000061035156,312.20001220703125,312.20001220703125,3235760,KGH.WA,-0.05992169084839327,3.266373783491533,319.55499877929685,267.1079986572266,173.4199998474121,0.8040080100341096,3.890981238458706,-0.16052697679277228
2026-02-03,340.0,341.0,325.5,340.0,340.0,2281890,KGH.WA,0.08904544108260182,3.5572294777831837,321.72999877929686,270.0639987182617,174.5614998626709,0.8458809058826477,3.890981238458706,-0.08577573116433945
2026-02-04,343.79998779296875,345.5,331.0,333.8999938964844,333.8999938964844,1563723,KGH.WA,-0.017941194422104734,3.4934085321182335,323.7049987792969,272.9619985961914,175.6549998474121,0.8493588294100598,3.890981238458706,-0.10217800651692655
2026-02-05,320.0,323.29998779296875,308.0,310.20001220703125,310.20001220703125,1991802,KGH.WA,-0.07097928158932698,3.245448904210456,325.2,275.25599884033204,176.63524990081788,0.8730180986255864,3.890981238458706,-0.16590476660945253
2026-02-06,305.0,315.1000061035156,304.1000061035156,311.0,311.0,1314870,KGH.WA,0.002578941848766947,3.253818728207559,325.86000061035156,277.5739987182617,177.62024990081787,0.8476703424051211,3.890981238458706,-0.16375368350620467
2026-02-09,315.0,321.20001220703125,307.5,321.20001220703125,321.20001220703125,1194728,KGH.WA,0.032797466903637496,3.3605357402563825,326.77000122070314,280.1769989013672,178.65549995422364,0.8527439527919829,3.890981238458706,-0.13632692261771062
2026-02-10,319.0,319.0,302.0,304.6000061035156,304.6000061035156,1039999,KGH.WA,-0.05168121255492353,3.186859178365775,326.5650009155273,282.3509991455078,179.59375,0.8733039205072705,3.890981238458706,-0.18096259450786956
2026-02-11,307.0,324.5,307.0,320.0,320.0,1219854,KGH.WA,0.05055808794452488,3.3479806849724083,326.77000122070314,284.7839990234375,180.5754999923706,0.8878574285184986,3.890981238458706,-0.1395536293311429
2026-02-12,320.29998779296875,327.0,319.5,322.3999938964844,322.3999938964844,640197,KGH.WA,0.007499980926513716,3.3730904762520377,326.61000061035156,287.1319989013672,181.55949996948243,0.881755938165532,3.890981238458706,-0.13310029796283862
2026-02-13,313.20001220703125,318.70001220703125,309.1000061035156,317.3999938964844,317.3999938964844,1192333,KGH.WA,-0.015508685157126223,3.320778278049344,326.9449996948242,289.3719989013672,182.51774993896484,0.8668987333980527,3.890981238458706,-0.14654477250453946
2026-02-16,312.29998779296875,314.8999938964844,304.5,305.0,305.0,866047,KGH.WA,-0.03906740433186162,3.191044090364327,326.2,291.23799896240234,183.41649993896485,0.8726656189017764,3.890981238458706,-0.17988705295624552
2026-02-17,301.20001220703125,301.20001220703125,281.1000061035156,285.29998779296875,285.29998779296875,1408400,KGH.WA,-0.0645902039574795,2.9849339017303853,324.4699996948242,292.585998840332,184.22049987792968,0.9013893503381483,3.890981238458706,-0.2328583154739713
2026-02-18,294.29998779296875,302.20001220703125,290.3999938964844,302.20001220703125,302.20001220703125,1204024,KGH.WA,0.059235980151272294,3.161749387086146,323.5850006103516,294.26999908447266,185.13374992370606,0.9291203099975636,3.890981238458706,-0.18741592587617384
2026-02-19,303.6000061035156,305.0,291.29998779296875,299.0,299.0,660959,KGH.WA,-0.010589053864230147,3.1282694525210943,322.86000061035156,295.791999206543,186.01349990844727,0.9271923844665972,3.890981238458706,-0.1960204224062866
2026-02-20,297.0,305.5,296.3999938964844,305.5,305.5,855865,KGH.WA,0.021739130434782705,3.1962753101845967,321.7200012207031,297.39999908447265,186.92674991607666,0.9140389716916867,3.890981238458706,-0.17854260550207535
2026-02-23,307.5,317.3999938964844,302.8999938964844,315.70001220703125,315.70001220703125,1198741,KGH.WA,0.03338792866458684,3.30299232223342,319.7150024414062,299.0139993286133,187.8879999923706,0.8676537468530366,3.890981238458706,-0.1511158446135813
2026-02-24,320.0,321.8999938964844,312.5,321.8999938964844,321.8999938964844,1086517,KGH.WA,0.019638838928480284,3.3678592564317693,319.21000213623046,300.7639993286133,188.87749996185303,0.8390593058984332,3.890981238458706,-0.13444474541700846
2026-02-25,328.0,342.8999938964844,328.0,342.0,342.0,1433029,KGH.WA,0.062441772241782934,3.578154357064262,318.6750015258789,302.88799926757815,189.96749996185304,0.8391506642376556,3.890981238458706,-0.08039794134765876
2026-02-26,338.3999938964844,338.5,319.20001220703125,321.79998779296875,321.79998779296875,839808,KGH.WA,-0.05906436317845398,3.3668129486100513,316.1700012207031,304.4939990234375,190.94524990081788,0.8378567209029449,3.890981238458706,-0.1347136513195546
2026-02-27,335.70001220703125,339.0,333.5,335.5,335.5,1553429,KGH.WA,0.04257306627321933,3.51014849940076,316.34000091552736,306.3039990234375,191.97424991607667,0.7632839204285972,3.890981238458706,-0.09787575825187
2026-03-02,338.0,344.3999938964844,321.70001220703125,326.5,326.5,885264,KGH.WA,-0.026825633383010472,3.4159865426359106,317.0550003051758,307.9439990234375,192.95949993133544,0.736468665364826,3.890981238458706,-0.12207581242693177
2026-03-03,319.70001220703125,320.0,294.20001220703125,299.5,299.5,1500960,KGH.WA,-0.08269525267993871,3.1335006723413636,315.0300003051758,308.91799896240235,193.82124992370606,0.7233425478258396,3.890981238458706,-0.19467597495211653
2026-03-04,306.0,316.29998779296875,306.0,310.70001220703125,310.70001220703125,949243,KGH.WA,0.03739570019042149,3.2506801240307253,313.8700012207031,310.0579992675781,194.7559999847412,0.737080758415681,3.890981238458706,-0.16456031915528246
2026-03-05,308.6000061035156,310.29998779296875,294.6000061035156,296.5,296.5,752705,KGH.WA,-0.04570328821734726,3.102113353419747,313.18500061035155,310.79599914550784,195.62149997711182,0.7109589680307361,3.890981238458706,-0.20274265967713723
2026-03-06,303.0,303.6000061035156,285.6000061035156,290.8999938964844,290.8999938964844,954654,KGH.WA,-0.01888703576227868,3.043523627575066,312.1800003051758,311.4879992675781,196.45524993896484,0.713486742723876,3.890981238458706,-0.21780048757555426
2026-03-09,283.0,289.3999938964844,276.0,289.3999938964844,289.3999938964844,1180729,KGH.WA,-0.0051564112460372735,3.0278299681142578,310.5899993896484,312.0559991455078,197.28424991607665,0.7012921083242557,3.890981238458706,-0.22183382993806455
2026-03-10,300.0,304.29998779296875,298.29998779296875,303.0,303.0,837002,KGH.WA,0.04699380231632011,3.170119211083249,310.50999908447267,312.6679992675781,198.18749992370604,0.7002730314523412,3.890981238458706,-0.1852648427729261
2026-03-11,297.5,299.79998779296875,292.5,293.0,293.0,871527,KGH.WA,-0.03300330033003296,3.0654948146778613,309.15999908447264,313.05199951171875,199.04199993133545,0.6839434247480783,3.890981238458706,-0.21215379185632777
2026-03-12,294.0,296.79998779296875,282.3999938964844,288.20001220703125,288.20001220703125,841089,KGH.WA,-0.016382210897504246,3.015275232118603,307.45,313.35399963378904,199.865,0.684098480264854,3.890981238458706,-0.22506045459293644
2026-03-13,284.0,288.5,278.8999938964844,282.6000061035156,282.6000061035156,632741,KGH.WA,-0.019430971083695847,2.956685506273922,305.7100006103516,313.39,200.6415000152588,0.6850611675271496,3.890981238458706,-0.24011828249135347
2026-03-16,278.5,286.70001220703125,275.6000061035156,283.5,283.5,673500,KGH.WA,0.0031846917092943627,2.9661016380927436,304.63500061035154,313.39,201.4297500228882,0.6734297531439485,3.890981238458706,-0.23769829348555926
2026-03-17,283.5,286.1000061035156,279.0,280.5,280.5,741140,KGH.WA,-0.010582010582010581,2.9347143191711274,304.39500122070314,313.07,202.2090000152588,0.6338126787845553,3.890981238458706,-0.24576497821057985
2026-03-18,280.0,288.70001220703125,271.20001220703125,273.8999938964844,273.8999938964844,1120291,KGH.WA,-0.023529433524119847,2.8656621536859075,302.9800003051758,312.66,202.96125,0.5981553933872966,3.890981238458706,-0.2635117010173371
2026-03-19,263.8999938964844,265.0,253.39999389648438,259.79998779296875,259.79998779296875,1634582,KGH.WA,-0.0514786652709619,2.7181416908966467,301.0199996948242,312.25,203.64574993133544,0.6210955433729557,3.890981238458706,-0.30142513563664575
2026-03-20,262.5,265.0,251.60000610351562,257.20001220703125,257.20001220703125,1577357,KGH.WA,-0.010007604727100272,2.690939603261901,298.6050003051758,311.43800048828126,204.30474998474122,0.61226806162528,3.890981238458706,-0.3084161967514819
2026-03-23,240.1999969482422,270.0,239.0,266.29998779296875,266.29998779296875,2171407,KGH.WA,0.03538092983686392,2.786147548560149,296.13499908447267,310.7040002441406,205.02349990844726,0.6140868802462711,3.890981238458706,-0.2839473187324345
2026-03-24,266.29998779296875,266.29998779296875,259.1000061035156,264.0,264.0,964582,KGH.WA,-0.008636830260603912,2.762084065102237,293.23999938964846,309.81,205.71224990844726,0.6054985002731689,3.890981238458706,-0.2901317441981929
2026-03-25,272.0,276.20001220703125,269.29998779296875,272.70001220703125,272.70001220703125,824076,KGH.WA,0.032954591693300284,2.8531074176902522,289.775,308.9460003662109,206.4197499847412,0.567071248687649,3.890981238458706,-0.2667383256722091
2026-03-26,272.0,272.0,258.3999938964844,260.20001220703125,260.20001220703125,849626,KGH.WA,-0.04583791507317614,2.7223269221835174,286.69500122070315,307.63800048828125,207.08000007629394,0.5538827975397548,3.890981238458706,-0.30034951202646143
2026-03-27,261.0,261.8999938964844,252.10000610351562,259.79998779296875,259.79998779296875,764331,KGH.WA,-0.0015373727720819907,2.7181416908966467,282.9100006103516,306.62,207.7322499847412,0.5194288814033657,3.890981238458706,-0.30142513563664575
2026-03-30,260.1000061035156,265.8999938964844,257.0,261.29998779296875,261.29998779296875,498284,KGH.WA,0.005773672326710555,2.733835350357455,279.65,305.4479998779297,208.39074989318848,0.5201344789796872,3.890981238458706,-0.29739179327413545
2026-03-31,265.0,270.29998779296875,261.70001220703125,267.8999938964844,267.8999938964844,701117,KGH.WA,0.025258348304037836,2.802887515842675,278.0699996948242,304.4079998779297,209.08874984741212,0.45914108765150413,3.890981238458706,-0.2796450704673782
2026-04-01,279.0,287.6000061035156,278.20001220703125,287.6000061035156,287.6000061035156,960173,KGH.WA,0.07353494832345264,3.0089977044766165,276.9149993896484,303.76200012207033,209.8962498855591,0.5177488320632518,3.890981238458706,-0.22667380794965242
2026-04-02,273.29998779296875,285.5,272.0,284.5,284.5,742728,KGH.WA,-0.010778880520606937,2.9765640777332827,276.31499938964845,303.1820001220703,210.6994998931885,0.49416572016599664,3.890981238458706,-0.23500939857721903
2026-04-07,284.0,290.0,275.54998779296875,277.20001220703125,277.20001220703125,574885,KGH.WA,-0.02565900805964416,2.9001883960726773,275.63000030517577,302.1600006103516,211.45974994659423,0.49787694171162655,3.890981238458706,-0.2546382985846781
2026-04-08,299.0,309.0,298.0,304.5,304.5,1557851,KGH.WA,0.09848480011097305,3.1858128705440585,276.38500061035154,301.1340008544922,212.36499996185302,0.611883102343561,3.890981238458706,-0.18123150041041536
2026-04-09,301.0,308.45001220703125,300.0,303.20001220703125,303.20001220703125,688146,KGH.WA,-0.004269253835693765,3.1722118267266857,276.39500122070314,300.5580010986328,213.2677500152588,0.5899224481851036,3.890981238458706,-0.1847270309678335
2026-04-10,307.0,314.0,303.20001220703125,313.20001220703125,313.20001220703125,694317,KGH.WA,0.032981529015149835,3.276836223132073,277.4050018310547,299.7680010986328,214.22500007629395,0.5864520080154301,3.890981238458706,-0.15783808188443182
2026-04-13,310.04998779296875,310.04998779296875,301.5,305.3999938964844,305.3999938964844,606037,KGH.WA,-0.02490427205153145,3.195229002362879,278.26500091552737,298.4380010986328,215.14950004577636,0.5911362799082497,3.890981238458706,-0.17881151140462148
2026-04-14,306.1000061035156,319.0,306.1000061035156,316.79998779296875,316.79998779296875,897729,KGH.WA,0.037328075063250976,3.3145007504073574,279.975,298.1320007324219,216.1094999694824,0.5961889086704816,3.890981238458706,-0.14815812586125554
2026-04-15,318.1000061035156,325.0,316.04998779296875,325.0,325.0,838836,KGH.WA,0.02588387791349933,3.400292883175103,282.05,298.38800048828125,217.11549995422362,0.6000063409667207,3.890981238458706,-0.12610915478944185
2026-04-16,329.8500061035156,335.0,320.29998779296875,322.54998779296875,322.54998779296875,757626,KGH.WA,-0.007538499098557638,3.3746597783404555,284.1524993896484,298.03900024414065,218.07824989318848,0.5988848417076269,3.890981238458706,-0.13269698013829945
2026-04-17,322.54998779296875,342.0,317.0,341.6499938964844,341.6499938964844,1079236,KGH.WA,0.059215646648156595,3.5744924393324102,287.5399993896484,298.1940002441406,219.1414998626709,0.6135563721382932,3.890981238458706,-0.08133907097728987
2026-04-20,332.45001220703125,338.20001220703125,326.45001220703125,335.3500061035156,335.3500061035156,771940,KGH.WA,-0.018439888498512746,3.508579197312344,291.31750030517577,298.69700012207034,220.17374992370605,0.5785683736268197,3.890981238458706,-0.09827907607640873
2026-04-21,330.70001220703125,332.1000061035156,320.54998779296875,320.54998779296875,320.54998779296875,659142,KGH.WA,-0.04413304917602545,3.3537348990593783,294.48499908447263,298.8879998779297,221.12974983215332,0.6088164324043183,3.890981238458706,-0.1380747699549797
2026-04-22,325.0,326.0,320.04998779296875,324.0,324.0,641365,KGH.WA,0.010762790012206924,3.3898304435345645,297.36999969482423,298.9439996337891,222.06974983215332,0.6023819787351498,3.890981238458706,-0.12879804969778197
2026-04-23,320.0,325.25,313.5,323.3500061035156,323.3500061035156,710943,KGH.WA,-0.002006154001494953,3.3830299216258783,300.3375,299.3189996337891,223.0119998931885,0.6000401586970996,3.890981238458706,-0.13054581497649098
2026-04-24,318.70001220703125,319.79998779296875,314.45001220703125,318.1000061035156,318.1000061035156,568889,KGH.WA,-0.016236276174119824,3.3281021135130495,302.60749969482424,299.2809997558594,223.94024993896485,0.6014137761612524,3.890981238458706,-0.1446625132452769
2026-04-27,318.0,319.5,308.54998779296875,312.0,312.0,410614,KGH.WA,-0.019176378454801357,3.264281167848099,305.19749908447267,299.0729998779297,224.84324996948243,0.5764550360908813,3.890981238458706,-0.1610647885978641
2026-04-28,308.0,312.20001220703125,298.5,299.20001220703125,299.20001220703125,642484,KGH.WA,-0.04102560190054083,3.1303620681645303,307.1675003051758,298.7090002441406,225.6777500152588,0.603114633808238,3.890981238458706,-0.1954826106011942
2026-04-29,301.8500061035156,308.8999938964844,298.8999938964844,299.8999938964844,299.8999938964844,748814,KGH.WA,0.002339510898712094,3.1376855843399163,309.0975006103516,298.6070001220703,226.52724998474122,0.6033872314127717,3.890981238458706,-0.19360043340049227
2026-04-30,304.04998779296875,304.95001220703125,297.1000061035156,302.79998779296875,302.79998779296875,1598572,KGH.WA,0.009669869808284659,3.168026595439815,310.8425003051758,298.9570001220703,227.38674995422363,0.59985692960071,3.890981238458706,-0.1858026545780178
2026-05-04,303.8500061035156,304.75,293.0,294.6000061035156,294.6000061035156,498723,KGH.WA,-0.027080521862701157,3.0822347819603886,311.19250030517577,298.805,228.1959999847412,0.5561257464849115,3.890981238458706,-0.207851543591271
2026-05-05,298.20001220703125,301.25,292.8999938964844,301.25,301.25,522978,KGH.WA,0.02257295912664614,3.1518099417123073,312.0300003051758,298.85,229.03824996948242,0.5587383759600936,3.890981238458706,-0.18997040886252103
2026-05-06,310.0,332.8500061035156,309.0,332.8500061035156,332.8500061035156,1406058,KGH.WA,0.10489628582079868,3.4824230982109965,314.8125,299.3970001220703,230.0455000305176,0.6528265551017229,3.890981238458706,-0.10500131334725926
2026-05-07,333.1000061035156,336.45001220703125,326.20001220703125,334.0,334.0,916852,KGH.WA,0.00345499136366767,3.4944548399399524,316.2875,299.7629998779297,231.0625,0.5628784963785258,3.890981238458706,-0.10190910061438019
2026-05-08,337.0,341.0,333.20001220703125,338.6499938964844,338.6499938964844,691717,KGH.WA,0.013922137414623892,3.543105120410794,318.0599990844727,300.0979998779297,232.1034999847412,0.5625169785963131,3.890981238458706,-0.08940575570231035
2026-05-11,337.0,357.8999938964844,333.3999938964844,356.6499938964844,356.6499938964844,943394,KGH.WA,0.053152223016138755,3.7314290339404916,320.2324981689453,300.39099975585935,233.22774993896485,0.5795876065369745,3.890981238458706,-0.04100564735218726
2026-05-12,351.04998779296875,353.0,345.70001220703125,352.0,352.0,714149,KGH.WA,-0.013037975539217372,3.68277875346965,322.56249847412107,300.995,234.31774993896485,0.5723737227974314,3.890981238458706,-0.05350899226425698
2026-05-13,360.0,380.0,360.0,380.0,380.0,1335943,KGH.WA,0.07954545454545459,3.975727063404736,325.72249908447264,301.885,235.54199996948242,0.6190468839681315,3.975727063404736,0.0
2026-05-14,378.5,381.1000061035156,362.1000061035156,367.8999938964844,367.8999938964844,1300955,KGH.WA,-0.03184212132504116,3.849131479896553,327.86749877929685,302.7129998779297,236.69274993896485,0.6329566389462367,3.975727063404736,-0.03184212132504116
2026-05-15,351.04998779296875,352.0,334.8500061035156,336.1499938964844,336.1499938964844,1505104,KGH.WA,-0.0863006266016233,3.516949021309447,328.54749908447263,303.44599975585936,237.68449989318847,0.7134913070006604,3.975727063404736,-0.11539475290398848
2026-05-18,336.0,345.0,330.1499938964844,339.45001220703125,339.45001220703125,551566,KGH.WA,0.009817100611232199,3.5514752636962164,328.4375,304.02099975585935,238.7022499847412,0.6827666878614832,3.975727063404736,-0.10671049419202305
2026-05-19,339.0,339.5,318.29998779296875,320.3500061035156,320.3500061035156,1038830,KGH.WA,-0.056267507487572255,3.351642602704262,327.6875,304.4979998779297,239.64425003051758,0.7093995614471917,3.975727063404736,-0.156973668148643
2026-05-20,322.1000061035156,328.8999938964844,317.1000061035156,326.20001220703125,326.20001220703125,1608993,KGH.WA,0.018261295433299685,3.412847938459078,327.9700012207031,305.2040002441406,240.6107501220703,0.6938934294931934,3.975727063404736,-0.14157891524465438
2026-05-21,323.20001220703125,325.1499938964844,316.25,323.25,323.25,856306,KGH.WA,-0.009043568659215628,3.381983613804161,327.9325012207031,305.8810003662109,241.56025009155275,0.6940510160360714,3.975727063404736,-0.14934210526315783
2026-05-22,330.0,337.3500061035156,325.45001220703125,330.5,330.5,964972,KGH.WA,0.022428460943542117,3.457836301198067,328.29000091552734,306.4310003662109,242.57375007629395,0.6981570627841417,3.975727063404736,-0.13026315789473675
2026-05-25,341.20001220703125,343.29998779296875,339.54998779296875,341.5,341.5,249738,KGH.WA,0.033282904689863946,3.572923137243994,329.4600006103516,307.40100036621095,243.64875007629394,0.7031092598198387,3.975727063404736,-0.10131578947368403
2026-05-26,339.29998779296875,343.0,332.29998779296875,334.70001220703125,334.70001220703125,486418,KGH.WA,-0.01991211652406666,3.5017786754036577,330.5950012207031,308.33100036621096,244.68825012207031,0.7034423282878245,3.975727063404736,-0.1192104941920229
2026-05-27,334.54998779296875,340.8999938964844,332.54998779296875,337.1499938964844,337.1499938964844,578083,KGH.WA,0.0073199330746891444,3.527411460949986,332.4925003051758,309.4220001220703,245.74125007629394,0.6826217427971562,3.975727063404736,-0.11276317395661994
2026-05-28,333.0,345.0,332.5,344.79998779296875,344.79998779296875,512420,KGH.WA,0.0226901795490857,3.607449060342444,334.7375,310.6479998779297,246.8252500152588,0.6846539400186369,3.975727063404736,-0.09263161107113482
2026-05-29,346.20001220703125,351.8999938964844,345.25,349.54998779296875,349.54998779296875,906948,KGH.WA,0.013776102575885574,3.6571456486350034,337.075,312.02899963378906,247.9072499847412,0.6849516852805628,3.975727063404736,-0.08013161107113465
2026-06-01,350.0,360.0,344.20001220703125,350.8999938964844,350.8999938964844,653349,KGH.WA,0.0038621260210576214,3.6712700060073944,339.88999938964844,313.5689996337891,248.98549995422363,0.6725783429135875,3.975727063404736,-0.07657896343030413
2026-06-02,361.0,376.5,360.95001220703125,376.5,376.5,1052516,KGH.WA,0.07295527657110079,3.9391085246628506,343.6524993896484,315.9029998779297,250.19824996948242,0.7082685613225321,3.975727063404736,-0.009210526315789447
2026-06-03,366.1499938964844,374.95001220703125,365.75,370.1000061035156,370.1000061035156,608865,KGH.WA,-0.01699865576755477,3.8721489748210662,345.51499938964844,318.1609997558594,251.3690000152588,0.6236709753346952,3.975727063404736,-0.02605261551706406
2026-06-05,368.79998779296875,368.95001220703125,343.79998779296875,345.45001220703125,345.45001220703125,1181048,KGH.WA,-0.06660360305314306,3.614249901539449,346.0875,319.74400024414064,252.41250007629395,0.6750092894352897,3.975727063404736,-0.09092102050781248
