Date,Open,High,Low,Close,Adj Close,Volume,Symbol,Return,Cumulative_Return,MA20,MA50,MA200,Volatility_20,Running_Max,Drawdown
2020-01-01,7.960000038146973,7.960000038146973,7.960000038146973,7.960000038146973,7.960000038146973,0,PGE.WA,,,,,,,,
2020-01-02,8.0,8.279999732971191,7.998000144958496,8.265999794006348,8.265999794006348,1231536,PGE.WA,0.038442180200115805,1.0384421802001158,,,,,1.0384421802001158,0.0
2020-01-03,8.239999771118164,8.239999771118164,8.0600004196167,8.149999618530273,8.149999618530273,1793506,PGE.WA,-0.014033411367876614,1.023869293903613,,,,,1.0384421802001158,-0.014033411367876614
2020-01-06,8.149999618530273,8.149999618530273,8.149999618530273,8.149999618530273,8.149999618530273,0,PGE.WA,0.0,1.023869293903613,,,,,1.0384421802001158,-0.014033411367876614
2020-01-07,8.196000099182129,8.220000267028809,7.929999828338623,7.929999828338623,7.929999828338623,1151834,PGE.WA,-0.026993840550795456,0.9962311294391233,,,,,1.0384421802001158,-0.04064843624982384
2020-01-08,7.940000057220459,7.992000102996826,7.811999797821045,7.829999923706055,7.829999923706055,1170215,PGE.WA,-0.012610328726011977,0.9836683274098098,,,,,1.0384421802001158,-0.05274617483252719
2020-01-09,7.986000061035156,7.998000144958496,7.8480000495910645,7.849999904632568,7.849999904632568,1420148,PGE.WA,0.002554276005285905,0.9861808878156724,,,,,1.0384421802001158,-0.05032662711598668
2020-01-10,7.849999904632568,7.909999847412109,7.670000076293945,7.806000232696533,7.806000232696533,2136138,PGE.WA,-0.005605053817907657,0.9806532908652735,,,,,1.0384421802001158,-0.05564959748043552
2020-01-13,7.861999988555908,7.889999866485596,7.665999889373779,7.703999996185303,7.703999996185303,1825354,PGE.WA,-0.013066901546324283,0.9678391908624581,,,,,1.0384421802001158,-0.0679893312153903
2020-01-14,7.75,7.9679999351501465,7.639999866485596,7.861999988555908,7.861999988555908,2182365,PGE.WA,0.020508825603432035,0.987688436040023,,,,,1.0384421802001158,-0.04887488694874875
2020-01-15,7.900000095367432,7.929999828338623,7.802000045776367,7.835999965667725,7.835999965667725,1109089,PGE.WA,-0.0033070494690956576,0.984422101521985,,,,,1.0384421802001158,-0.0520203047489084
2020-01-16,7.866000175476074,7.866000175476074,7.711999893188477,7.7220001220703125,7.7220001220703125,1765454,PGE.WA,-0.01454821900164438,0.9701005131989842,,,,,1.0384421802001158,-0.06581172096453336
2020-01-17,7.739999771118164,7.892000198364258,7.716000080108643,7.72599983215332,7.72599983215332,1223155,PGE.WA,0.0005179629655245321,0.9706029893376575,,,,,1.0384421802001158,-0.06532784603316588
2020-01-20,7.849999904632568,7.849999904632568,7.656000137329102,7.679999828338623,7.679999828338623,884418,PGE.WA,-0.0059539224455142925,0.9648240944137568,,,,,1.0384421802001158,-0.07089281154986615
2020-01-21,7.699999809265137,7.699999809265137,7.5,7.579999923706055,7.579999923706055,1409585,PGE.WA,-0.013020821206737088,0.9522612923844432,,,,,1.0384421802001158,-0.08299055013256962
2020-01-22,7.625999927520752,7.625999927520752,7.386000156402588,7.440000057220459,7.440000057220459,1802186,PGE.WA,-0.01846963956394687,0.9346733695434043,,,,,1.0384421802001158,-0.09992738414835423
2020-01-23,7.400000095367432,7.4679999351501465,7.300000190734863,7.309999942779541,7.309999942779541,1310978,PGE.WA,-0.017473133527029172,0.9183416969532141,,,,,1.0384421802001158,-0.11565447314915256
2020-01-24,7.369999885559082,7.53000020980835,7.349999904632568,7.440000057220459,7.440000057220459,1097308,PGE.WA,0.017783873523737226,0.9346733695434043,,,,,1.0384421802001158,-0.09992738414835423
2020-01-27,7.400000095367432,7.440000057220459,7.139999866485596,7.139999866485596,7.139999866485596,1541109,PGE.WA,-0.040322605971449654,0.8969849035512985,,,,,1.0384421802001158,-0.13622065758303215
2020-01-28,7.1539998054504395,7.395999908447266,7.079999923706055,7.297999858856201,7.297999858856201,1175234,PGE.WA,0.02212885088587191,0.9168341487288634,7.733999919891358,,,,1.0384421802001158,-0.1171062133163906
2020-01-29,7.297999858856201,7.4120001792907715,7.23799991607666,7.28000020980835,7.28000020980835,1709271,PGE.WA,-0.002466381117561811,0.9145728862965027,7.699999928474426,,,0.28985904723670847,1.0384421802001158,-0.11928376588067957
2020-01-30,7.216000080108643,7.323999881744385,7.150000095367432,7.179999828338623,7.179999828338623,1821295,PGE.WA,-0.013736315740073168,0.9020100243630239,7.64569993019104,,,0.2432444319437177,1.0384421802001158,-0.13138156214995078
2020-01-31,7.199999809265137,7.230000019073486,6.855999946594238,6.860000133514404,6.860000133514404,4475606,PGE.WA,-0.044568203687306074,0.8618090578692208,7.581199955940247,,,0.2769278586027166,1.0384421802001158,-0.17009432561460136
2020-02-03,6.940000057220459,6.953999996185303,6.619999885559082,6.711999893188477,6.711999893188477,2157771,PGE.WA,-0.021574378636361136,0.8432160629425045,7.509299969673156,,,0.27879736558025714,1.0384421802001158,-0.18799902486625664
2020-02-04,6.730000019073486,6.823999881744385,6.5320000648498535,6.550000190734863,6.550000190734863,3286453,PGE.WA,-0.024135832096483623,0.8228643416262662,7.440299987792969,,,0.27659624945996253,1.0384421802001158,-0.20759734406426567
2020-02-05,6.570000171661377,6.748000144958496,6.550000190734863,6.642000198364258,6.642000198364258,2531250,PGE.WA,0.014045802282499187,0.8344221314740676,7.3809000015258786,,,0.2883851045515775,1.0384421802001158,-0.19646741303086512
2020-02-06,6.677999973297119,6.72599983215332,6.400000095367432,6.434000015258789,6.434000015258789,2151310,PGE.WA,-0.03131589534681034,0.8082914553297633,7.31010000705719,,,0.29682688770824645,1.0384421802001158,-0.22163075543214228
2020-02-07,6.473999977111816,6.5980000495910645,6.4019999504089355,6.427999973297119,6.427999973297119,2263342,PGE.WA,-0.0009325523698228144,0.8075376812175881,7.24119999408722,,,0.29814832100108857,1.0384421802001158,-0.22235662551576119
2020-02-10,6.480000019073486,6.5279998779296875,6.2820000648498535,6.418000221252441,6.418000221252441,1881126,PGE.WA,-0.0015556552716581296,0.8062814309667393,7.176900005340576,,,0.29911778337554107,1.0384421802001158,-0.22356637053074757
2020-02-11,6.4679999351501465,6.665999889373779,6.420000076293945,6.590000152587891,6.590000152587891,1118977,PGE.WA,0.026799614429100727,0.8278894624379916,7.113300013542175,,,0.3080273893117505,1.0384421802001158,-0.2027582486311844
2020-02-12,6.6539998054504395,6.696000099182129,6.449999809265137,6.5,6.5,1389454,PGE.WA,-0.013657078983912885,0.8165829106595267,7.046500015258789,,,0.3078571412978053,1.0384421802001158,-0.21364624219890138
2020-02-13,6.435999870300293,6.438000202178955,6.159999847412109,6.230000019073486,6.230000019073486,2652309,PGE.WA,-0.04153845860407901,0.7826633152282976,6.971900010108948,,,0.32838874795346257,1.0384421802001158,-0.24631016521548432
2020-02-14,6.248000144958496,6.271999835968018,6.041999816894531,6.105999946594238,6.105999946594238,2651502,PGE.WA,-0.01990370338677605,0.7670854167502827,6.890900015830994,,,0.3273230982155311,1.0384421802001158,-0.2613113841326635
2020-02-17,6.127999782562256,6.168000221252441,6.03000020980835,6.03000020980835,6.03000020980835,1413273,PGE.WA,-0.012446730666658357,0.7575377111696706,6.80840003490448,,,0.3266764927996083,1.0384421802001158,-0.2705056423808909
2020-02-18,6.03000020980835,6.061999797821045,5.880000114440918,5.9120001792907715,5.9120001792907715,1459734,PGE.WA,-0.01956882693397588,0.7427135868038311,6.725000047683716,,,0.32782114524393297,1.0384421802001158,-0.2847809912144511
2020-02-19,5.929999828338623,5.961999893188477,5.670000076293945,5.757999897003174,5.757999897003174,2603979,PGE.WA,-0.026048761437296175,0.7233668177649396,6.640900039672852,,,0.3308503557818958,1.0384421802001158,-0.3034115605497253
2020-02-20,5.803999900817871,5.829999923706055,5.599999904632568,5.599999904632568,5.599999904632568,1749707,PGE.WA,-0.027440082528108145,0.7035175725873747,6.555400037765503,,,0.3346969410805811,1.0384421802001158,-0.32252600481636695
2020-02-21,5.599999904632568,5.75600004196167,5.550000190734863,5.6620001792907715,5.6620001792907715,1372277,PGE.WA,0.011071477806082308,0.7113065517784647,6.4665000438690186,,,0.32726822153868135,1.0384421802001158,-0.3150253665144934
2020-02-24,5.565999984741211,5.624000072479248,5.427999973297119,5.447999954223633,5.447999954223633,2286216,PGE.WA,-0.037795870415169186,0.684422101521985,6.38190004825592,,,0.3246192369799685,1.0384421802001158,-0.3409145789993896
2020-02-25,5.447999954223633,5.478000164031982,5.263999938964844,5.294000148773193,5.294000148773193,2419422,PGE.WA,-0.02826721856542036,0.6650753923872588,6.28170006275177,,,0.3001792395998012,1.0384421802001158,-0.3595450906480959
2020-02-26,5.285999774932861,5.368000030517578,5.130000114440918,5.150000095367432,5.150000095367432,3454450,PGE.WA,-0.027200613781458216,0.6469849335033812,6.175200057029724,,,0.29849521446777627,1.0384421802001158,-0.376965857281816
2020-02-27,5.099999904632568,5.136000156402588,4.822000026702881,4.86299991607666,4.86299991607666,3581018,PGE.WA,-0.05572818912157618,0.6109296347702944,6.059350061416626,,,0.32816864266774853,1.0384421802001158,-0.4116864218164139
2020-02-28,4.760000228881836,4.796999931335449,4.434000015258789,4.46999979019165,4.46999979019165,7005668,PGE.WA,-0.08081433943393357,0.5615577598957188,5.9398500442504885,,,0.38567716511840455,1.0384421802001158,-0.4592305950173343
2020-03-02,4.699999809265137,4.761000156402588,4.502999782562256,4.584000110626221,4.584000110626221,3617407,PGE.WA,0.02550342858733834,0.575879408122885,5.833450055122375,,,0.419321830651221,1.0384421802001158,-0.4454391211151414
2020-03-03,4.710000038146973,4.984000205993652,4.670000076293945,4.854000091552734,4.854000091552734,4309054,PGE.WA,0.058900517977873434,0.6097990035541141,5.748650050163269,,,0.5003966964852001,1.0384421802001158,-0.41277519809855845
2020-03-04,4.849999904632568,4.933000087738037,4.699999809265137,4.764999866485596,4.764999866485596,2654930,PGE.WA,-0.018335439511429574,0.5986180708103176,5.654800033569336,,,0.48905975378496425,1.0384421802001158,-0.4235422229334336
2020-03-05,4.889999866485596,4.889999866485596,4.539999961853027,4.550000190734863,4.550000190734863,3156675,PGE.WA,-0.04512060477963964,0.5716080614233349,5.56060004234314,,,0.4971761251835214,1.0384421802001158,-0.44955234646460374
2020-03-06,4.5,4.5,4.251999855041504,4.265999794006348,4.265999794006348,4828568,PGE.WA,-0.06241766699412976,0.5359296197942531,5.452500033378601,,,0.5187433307018141,1.0384421802001158,-0.48391000480067614
2020-03-09,4.019999980926514,4.193999767303467,3.938999891281128,3.9600000381469727,3.9600000381469727,2972085,PGE.WA,-0.07172990404015,0.49748743959413727,5.3296000242233275,,,0.5451804890309887,1.0384421802001158,-0.5209290906324051
2020-03-10,4.001999855041504,4.150000095367432,3.8320000171661377,3.865000009536743,3.865000009536743,3791292,PGE.WA,-0.02398990598360784,0.4855527626902481,5.19335001707077,6.512819991111756,,0.5120985109548268,1.0384421802001158,-0.5324219567076153
2020-03-11,3.930000066757202,3.930000066757202,3.513000011444092,3.5250000953674316,3.5250000953674316,4804937,PGE.WA,-0.08796892971031678,0.44283920583849956,5.044600021839142,6.4241199922561645,,0.5548304678512724,1.0384421802001158,-0.5735542967320906
2020-03-12,3.299999952316284,3.4049999713897705,2.8510000705718994,2.8510000705718994,2.8510000705718994,4724252,PGE.WA,-0.19120567562006752,0.35816583629509513,4.875650024414062,6.315819997787475,,0.7985660509705734,1.0384421802001158,-0.6550931355407059
2020-03-13,3.0,3.0799999237060547,2.7920000553131104,2.805000066757202,2.805000066757202,9929761,PGE.WA,-0.016134690521235173,0.3523869413711944,4.710600030422211,6.208920006752014,,0.7997490326017281,1.0384421802001158,-0.6606581010574062
2020-03-16,2.805000066757202,2.999000072479248,2.5250000953674316,2.9200000762939453,2.9200000762939453,7054948,PGE.WA,0.0409982198929828,0.3668341786809463,4.5551000237464905,6.1043200159072875,,0.8427138143511764,1.0384421802001158,-0.6467456872656554
2020-03-17,3.078000068664551,3.549999952316284,3.010999917984009,3.450000047683716,3.450000047683716,8358370,PGE.WA,0.1815068347746227,0.43341708934047324,4.432000017166137,6.014720020294189,,1.1390582323713019,1.0384421802001158,-0.5826276150907599
2020-03-18,3.5199999809265137,4.139999866485596,3.3499999046325684,3.5360000133514404,3.5360000133514404,13961957,PGE.WA,0.024927525935967365,0.44422110507609935,4.320900022983551,5.928840022087098,,1.1522045595616741,1.0384421802001158,-0.5722235541409783
2020-03-19,3.6500000953674316,4.035999774932861,3.619999885559082,4.035999774932861,4.035999774932861,7531181,PGE.WA,0.14140264697214144,0.5070351451747496,4.242700016498565,5.852560019493103,,1.2885837632477515,1.0384421802001158,-0.5117348323841776
2020-03-20,4.300000190734863,4.46999979019165,3.9200000762939453,3.936000108718872,3.936000108718872,15710609,PGE.WA,-0.024776925617061685,0.49447237309751874,4.1564000129699705,5.77516001701355,,1.2859378855083976,1.0384421802001158,-0.523832542123597
2020-03-23,3.7899999618530273,3.8299999237060547,3.5850000381469727,3.6760001182556152,3.6760001182556152,5892243,PGE.WA,-0.06605690632155092,0.46180905786922094,4.0678000211715695,5.694600019454956,,1.2964777610542366,1.0384421802001158,-0.5552866912819097
2020-03-24,3.9700000286102295,4.019000053405762,3.7100000381469727,3.7960000038146973,3.7960000038146973,5756714,PGE.WA,0.03264414627277712,0.4768844203043972,3.992900013923645,5.613280019760132,,1.307022562303371,1.0384421802001158,-0.5407694049826656
2020-03-25,3.9519999027252197,3.9700000286102295,3.635999917984009,3.744999885559082,3.744999885559082,5440432,PGE.WA,-0.01343522608123393,0.4704773703029894,3.9226500034332275,5.531460018157959,,1.3059909622387316,1.0384421802001158,-0.5469392718501431
2020-03-26,3.700000047683716,3.878000020980835,3.624000072479248,3.8589999675750732,3.8589999675750732,3794014,PGE.WA,0.030440610280278335,0.4847989885780729,3.8724500060081484,5.4542000150680545,,1.3040586676678956,1.0384421802001158,-0.5331478267912342
2020-03-27,3.890000104904175,3.8980000019073486,3.740000009536743,3.740000009536743,3.740000009536743,3723655,PGE.WA,-0.030836993790675615,0.46984924517756504,3.835950016975403,5.374480018615722,,1.2790171023498205,1.0384421802001158,-0.5475441443576363
2020-03-30,3.7699999809265137,3.7699999809265137,3.614000082015991,3.63700008392334,3.63700008392334,3926786,PGE.WA,-0.027540086992182022,0.4569095560921638,3.7886000156402586,5.293620023727417,,1.275661788030572,1.0384421802001158,-0.5600048179821491
2020-03-31,3.700000047683716,3.8499999046325684,3.6710000038146973,3.806999921798706,3.806999921798706,4680132,PGE.WA,0.04674177452643402,0.47826631954199683,3.7362500071525573,5.21816002368927,,1.2678555753081875,1.0384421802001158,-0.5394386623915535
2020-04-01,3.7300000190734863,3.880000114440918,3.700000047683716,3.8499999046325684,3.8499999046325684,3650160,PGE.WA,0.011294978649105447,0.4836683274098099,3.690500009059906,5.146360020637513,,1.2693373941052368,1.0384421802001158,-0.5342366319166626
2020-04-02,3.8450000286102295,4.099999904632568,3.818000078201294,4.046000003814697,4.046000003814697,7061874,PGE.WA,0.050909117931740466,0.5082914553297636,3.6652999997138975,5.081080021858216,,1.2773955869421718,1.0384421802001158,-0.5105250296826234
2020-04-03,4.050000190734863,4.190000057220459,3.9630000591278076,4.050000190734863,4.050000190734863,5175795,PGE.WA,0.0009886769442397636,0.5087939913726022,3.6545000195503237,5.013280024528504,,1.2577988445278634,1.0384421802001158,-0.5100410970646881
2020-04-06,4.150000095367432,4.492000102996826,4.150000095367432,4.48799991607666,4.48799991607666,6897124,PGE.WA,0.10814807523807124,0.563819082232245,3.680900013446808,4.960240025520324,,1.2827836989733286,1.0384421802001158,-0.45705298476647715
2020-04-07,4.679999828338623,4.860000133514404,4.566999912261963,4.566999912261963,4.566999912261963,7081001,PGE.WA,0.017602495022852604,0.5737437048210274,3.7160000085830687,4.90562002658844,,1.276906063419331,1.0384421802001158,-0.4474957626331564
2020-04-08,4.579999923706055,4.599999904632568,4.269999980926514,4.309999942779541,4.309999942779541,6708449,PGE.WA,-0.05627325912409176,0.5414572766488174,3.7552500009536742,4.846220021247864,,1.248812055063693,1.0384421802001158,-0.47858697674965944
2020-04-09,4.389999866485596,4.478000164031982,4.270999908447266,4.456999778747559,4.456999778747559,5317482,PGE.WA,0.03410669093262597,0.5599245926366999,3.8355499863624574,4.791760020256042,,0.9890901747718891,1.0384421802001158,-0.460803303917414
2020-04-10,4.456999778747559,4.456999778747559,4.456999778747559,4.456999778747559,4.456999778747559,0,PGE.WA,0.0,0.5599245926366999,3.918149971961975,4.743700013160706,,0.9819672266527804,1.0384421802001158,-0.460803303917414
2020-04-13,4.456999778747559,4.456999778747559,4.456999778747559,4.456999778747559,4.456999778747559,0,PGE.WA,0.0,0.5599245926366999,3.994999957084656,4.698600010871887,,0.9839673085350011,1.0384421802001158,-0.460803303917414
2020-04-14,4.5,4.684999942779541,4.4039998054504395,4.579999923706055,4.579999923706055,6250895,PGE.WA,0.027597072260358013,0.5753768720800464,4.0514999508857725,4.659200005531311,,0.7873373316446514,1.0384421802001158,-0.4459230537330765
2020-04-15,4.619999885559082,4.640999794006348,4.408999919891357,4.539999961853027,4.539999961853027,8223133,PGE.WA,-0.00873361627060032,0.5703517512683209,4.101699948310852,4.6171600008010865,,0.7909895327417664,1.0384421802001158,-0.450762149166158
2020-04-16,4.590000152587891,4.63700008392334,4.51200008392334,4.584000110626221,4.584000110626221,4224930,PGE.WA,0.009691662806806445,0.5758794081228851,4.12909996509552,4.5801600027084355,,0.6309652067848293,1.0384421802001158,-0.4454391211151413
2020-04-17,4.650000095367432,4.695000171661377,4.414999961853027,4.46999979019165,4.46999979019165,6879502,PGE.WA,-0.02486917925030252,0.5615577598957189,4.155799949169159,4.540999999046326,,0.6310271544690063,1.0384421802001158,-0.4592305950173342
2020-04-20,4.480000019073486,4.507999897003174,4.3379998207092285,4.3979997634887695,4.3979997634887695,3389747,PGE.WA,-0.01610738928016675,0.5525125304537801,4.191899931430816,4.500599989891052,,0.5767778367625266,1.0384421802001158,-0.4679409783341941
2020-04-21,4.381999969482422,4.400000095367432,4.070000171661377,4.099999904632568,4.099999904632568,3809020,PGE.WA,-0.06775804340194169,0.5150753624351763,4.20709992647171,4.450799984931946,,0.6311608044727522,1.0384421802001158,-0.5039922566166204
2020-04-22,4.099999904632568,4.179999828338623,3.859999895095825,4.150000095367432,4.150000095367432,3833579,PGE.WA,0.012195168755581687,0.5213567934019157,4.227349936962128,4.403799986839294,,0.6279971640492932,1.0384421802001158,-0.4979433584819848
2020-04-23,4.15500020980835,4.353000164031982,4.15500020980835,4.249000072479248,4.249000072479248,2966752,PGE.WA,0.023855415623322163,0.5337939763965609,4.246849942207336,4.364179987907409,,0.625009235111916,1.0384421802001158,-0.4859665886321233
2020-04-24,4.199999809265137,4.21999979019165,4.051000118255615,4.052999973297119,4.052999973297119,3050903,PGE.WA,-0.04612852337932882,0.5091708484766072,4.262499940395355,4.3231199884414675,,0.6390169396882498,1.0384421802001158,-0.5096781908661625
2020-04-27,4.150000095367432,4.170000076293945,3.990999937057495,4.03000020980835,4.03000020980835,3080021,PGE.WA,-0.0056747504663956505,0.5062814309667395,4.282149946689605,4.2831199884414675,,0.6289811121187593,1.0384421802001158,-0.5124606447812288
2020-04-28,4.050000190734863,4.066999912261963,3.9609999656677246,3.997999906539917,3.997999906539917,3847987,PGE.WA,-0.007940521489440466,0.5022612923844434,4.291699945926666,4.24483998298645,,0.6115728653358434,1.0384421802001158,-0.5163319615082914
2020-04-29,4.048999786376953,4.090000152587891,3.9100000858306885,4.066999912261963,4.066999912261963,3889625,PGE.WA,0.017258631149334347,0.5109296347702945,4.302549946308136,4.211019983291626,,0.6129916262338958,1.0384421802001158,-0.507984513233241
2020-04-30,4.127999782562256,4.223999977111816,4.059999942779541,4.122000217437744,4.122000217437744,4204963,PGE.WA,0.013523557010649556,0.5178392208145409,4.306349956989289,4.181459989547729,,0.5884706288667787,1.0384421802001158,-0.5013307137478282
2020-05-01,4.122000217437744,4.122000217437744,4.122000217437744,4.122000217437744,4.122000217437744,0,PGE.WA,0.0,0.5178392208145409,4.309949958324433,4.150659990310669,,0.5884941382944803,1.0384421802001158,-0.5013307137478282
2020-05-04,4.059999942779541,4.072000026702881,3.9800000190734863,3.99399995803833,3.99399995803833,2796683,PGE.WA,-0.031052948240497535,0.5017587862936874,4.285249960422516,4.121579990386963,,0.44358621549847765,1.0384421802001158,-0.5168158652829427
2020-05-05,4.039000034332275,4.045000076293945,3.9000000953674316,3.9000000953674316,3.9000000953674316,3185233,PGE.WA,-0.023535268817846178,0.48994975837654925,4.2518999695777895,4.093699989318847,,0.43926326276231215,1.0384421802001158,-0.5281877337820271
2020-05-06,3.9200000762939453,3.940000057220459,3.7139999866485596,3.746999979019165,3.746999979019165,6757158,PGE.WA,-0.03923079810434005,0.47072863832440864,4.22374997138977,4.065639986991882,,0.4178028511335338,1.0384421802001158,-0.5466973055411755
2020-05-07,3.880000114440918,3.9170000553131104,3.7799999713897705,3.819000005722046,3.819000005722046,2452709,PGE.WA,0.019215379531901666,0.47977386776634745,4.1918499827384945,4.04475998878479,,0.4015691897114831,1.0384421802001158,-0.5379869222243155
2020-05-08,3.8929998874664307,3.9159998893737793,3.8289999961853027,3.865000009536743,3.865000009536743,1732734,PGE.WA,0.012045038948880649,0.4855527626902482,4.162249994277954,4.032659993171692,,0.4067497401647988,1.0384421802001158,-0.5324219567076152
2020-05-11,3.9200000762939453,4.03000020980835,3.809999942779541,3.825000047683716,3.825000047683716,2310773,PGE.WA,-0.01034927859102952,0.4805276418785228,4.130650007724762,4.017479991912841,,0.40611935550920936,1.0384421802001158,-0.5372610521406965
2020-05-12,3.859999895095825,4.099999904632568,3.8239998817443848,4.046999931335449,4.046999931335449,4291328,PGE.WA,0.05803918454489132,0.5084170743644318,4.104000008106231,4.001339988708496,,0.4525367915545244,1.0384421802001158,-0.5104040609497815
2020-05-13,4.045000076293945,4.159999847412109,4.039000034332275,4.039000034332275,4.039000034332275,3242994,PGE.WA,-0.0019767475015829428,0.5074120621829198,4.0789500117301944,3.9868199920654295,,0.45258703189712096,1.0384421802001158,-0.5113718684990842
2020-05-14,4.019999980926514,4.019999980926514,3.940000057220459,4.013999938964844,4.013999938964844,3289108,PGE.WA,-0.006189674462720007,0.5042713466995501,4.050450003147125,3.9760999870300293,,0.44904164609082203,1.0384421802001158,-0.5143963175664021
2020-05-15,4.045000076293945,4.0980000495910645,4.021999835968018,4.070000171661377,4.070000171661377,2896937,PGE.WA,0.013951229085213956,0.5113065517784648,4.030450022220611,3.9721799945831298,,0.4488174851794826,1.0384421802001158,-0.5076215493481475
2020-05-18,4.119999885559082,4.239999771118164,4.067999839782715,4.239999771118164,4.239999771118164,4302275,PGE.WA,0.0417689415937772,0.5326632852762152,4.022550022602081,3.9777799892425536,,0.47487367485657883,1.0384421802001158,-0.4870554226008357
2020-05-19,4.289999961853027,4.343999862670898,4.238999843597412,4.329999923706055,4.329999923706055,2722612,PGE.WA,0.021226452227886883,0.54396983705468,4.034050023555755,3.9870799875259397,,0.41065725120040386,1.0384421802001158,-0.4761674290331187
2020-05-20,4.329999923706055,4.421999931335449,4.25,4.275000095367432,4.275000095367432,3315837,PGE.WA,-0.012702039101088136,0.5370603109145989,4.040300023555756,4.00207998752594,,0.4128074773872596,1.0384421802001158,-0.48282117083196363
2020-05-21,4.2779998779296875,4.320000171661377,4.21999979019165,4.25,4.25,1290982,PGE.WA,-0.005847975394087768,0.5339195954312292,4.040350019931793,4.030059986114502,,0.40515801545614993,1.0384421802001158,-0.48584561989928143
2020-05-22,4.199999809265137,4.211999893188477,4.111000061035156,4.190999984741211,4.190999984741211,1859822,PGE.WA,-0.013882356531479734,0.5265075332483095,4.047250020503998,4.057779984474182,,0.3708421876948403,1.0384421802001158,-0.4929832943160616
2020-05-25,4.22599983215332,4.300000190734863,4.14900016784668,4.23199987411499,4.23199987411499,1634209,PGE.WA,0.009782841690062938,0.5316582730947033,4.05735000371933,4.084019980430603,,0.3706958236785425,1.0384421802001158,-0.4880232301501384
2020-05-26,4.309999942779541,4.355999946594238,4.228000164031982,4.296000003814697,4.296000003814697,3125558,PGE.WA,0.015122904443160223,0.5396984903551301,4.072250008583069,4.100939979553223,,0.3709510684176907,1.0384421802001158,-0.48028065438258105
2020-05-27,4.349999904632568,4.550000190734863,4.340000152587891,4.440999984741211,4.440999984741211,6053323,PGE.WA,0.03375232327694566,0.5579145682736759,4.090950012207031,4.119039978981018,,0.38326918806442617,1.0384421802001158,-0.46273891901601927
2020-05-28,4.506999969482422,4.617000102996826,4.400000095367432,4.568999767303467,4.568999767303467,5534222,PGE.WA,0.028822288449009026,0.5739949428903641,4.113299989700318,4.12969997882843,,0.39170392612097044,1.0384421802001158,-0.4472538251674726
2020-05-29,4.568999767303467,4.849999904632568,4.500999927520752,4.835999965667725,4.835999965667725,9272594,PGE.WA,0.05843734120429511,0.6075376812175882,4.148999977111816,4.147699975967408,,0.43360689420199033,1.0384421802001158,-0.4149528083494153
2020-06-01,4.853000164031982,5.300000190734863,4.853000164031982,5.28000020980835,5.28000020980835,7818829,PGE.WA,0.09181146552785813,0.6633166060935717,4.213299989700317,4.179779977798462,,0.4997358357489508,1.0384421802001158,-0.3612387682810174
2020-06-02,5.400000095367432,5.559999942779541,5.28000020980835,5.519999980926514,5.519999980926514,7842109,PGE.WA,0.045454500299513256,0.6934673309639241,4.294299983978272,4.214259977340698,,0.48997610296733496,1.0384421802001158,-0.33220419568252935
2020-06-03,5.559999942779541,6.03000020980835,5.519999980926514,5.880000114440918,5.880000114440918,8419427,PGE.WA,0.06521741571708839,0.7386934781736181,4.400949990749359,4.256959981918335,,0.4680534093214509,1.0384421802001158,-0.28865227909822944
2020-06-04,5.889999866485596,5.946000099182129,5.630000114440918,5.895999908447266,5.895999908447266,5193536,PGE.WA,0.0027210533494810285,0.7407035025366422,4.5047999858856205,4.2976999807357785,,0.47353860584347407,1.0384421802001158,-0.28671666399962403
2020-06-05,5.900000095367432,6.291999816894531,5.789999961853027,6.25,6.25,7933217,PGE.WA,0.06004072202334232,0.7851758756341608,4.624049985408783,4.347899980545044,,0.49003183420307805,1.0384421802001158,-0.24389061749894314
2020-06-08,6.260000228881836,6.440000057220459,6.03000020980835,6.317999839782715,6.317999839782715,5991684,PGE.WA,0.010879974365234357,0.7937185690332609,4.748699975013733,4.401519975662231,,0.475435106925876,1.0384421802001158,-0.23566416680001845
2020-06-09,6.320000171661377,7.090000152587891,6.300000190734863,7.010000228881836,7.010000228881836,9278042,PGE.WA,0.1095283961138751,0.880653290865274,4.896849989891052,4.465579981803894,,0.5508597191566235,1.0384421802001158,-0.15194768889726207
2020-06-10,7.0960001945495605,7.989999771118164,7.0960001945495605,7.96999979019165,7.96999979019165,18001067,PGE.WA,0.13694715120757484,1.001256250250849,5.093399977684021,4.547979979515076,,0.6593154834828068,1.0384421802001158,-0.03580934081674214
2020-06-11,7.96999979019165,7.96999979019165,7.96999979019165,7.96999979019165,7.96999979019165,0,PGE.WA,0.0,1.001256250250849,5.291199970245361,4.626459975242614,,0.6544925971383647,1.0384421802001158,-0.03580934081674214
2020-06-12,7.5,8.5,7.25,8.17199993133545,8.17199993133545,15686503,PGE.WA,0.025345062291267872,1.0266331522829781,5.496299958229065,4.708899970054627,,0.6507208562128477,1.0384421802001158,-0.011371868499083893
2020-06-15,7.829999923706055,8.149999618530273,7.047999858856201,7.449999809265137,7.449999809265137,17969932,PGE.WA,-0.088350480682435,0.9359296197942535,5.656799960136413,4.768139967918396,,0.7858886317918018,1.0384421802001158,-0.0987176391333674
2020-06-16,7.519999980926514,7.797999858856201,7.254000186920166,7.380000114440918,7.380000114440918,6210819,PGE.WA,-0.009395932431724874,0.9271356883258167,5.809299969673157,4.8243999719619755,,0.7977041245695162,1.0384421802001158,-0.10718602729797577
2020-06-17,7.380000114440918,7.389999866485596,6.843999862670898,6.960000038146973,6.960000038146973,7305746,PGE.WA,-0.056910578561117364,0.8743718598985347,5.943549966812133,4.8773999738693234,,0.8419644623726276,1.0384421802001158,-0.15799658703189756
2020-06-18,6.960000038146973,8.027999877929688,6.889999866485596,7.940000057220459,7.940000057220459,12461408,PGE.WA,0.1408045996698588,0.9974874395941378,6.128049969673157,4.947059979438782,,0.925256987838584,1.0384421802001158,-0.03943863354826915
2020-06-19,8.0,8.4399995803833,7.861999988555908,8.071999549865723,8.071999549865723,13859721,PGE.WA,0.016624621120150618,1.0140702903494994,6.322099947929383,5.019359974861145,,0.9108457922827038,1.0384421802001158,-0.023469664768354992
2020-06-22,7.929999828338623,8.25,7.840000152587891,8.100000381469727,8.100000381469727,5639832,PGE.WA,0.0034688841879915167,1.0175879827452048,6.5154999732971195,5.092219986915588,,0.913420887375044,1.0384421802001158,-0.02008219412937584
2020-06-23,8.083999633789062,8.260000228881836,7.570000171661377,7.599999904632568,7.599999904632568,7131653,PGE.WA,-0.06172845102341018,0.9547738527903067,6.680699968338013,5.152619986534119,,0.9738016131127124,1.0384421802001158,-0.08057100241602821
2020-06-24,7.616000175476074,7.78000020980835,7.285999774932861,7.335999965667725,7.335999965667725,4970394,PGE.WA,-0.03473683451021137,0.9216080314712529,6.825449967384339,5.208539986610413,,1.0008994710990984,1.0384421802001158,-0.11250905534899214
2020-06-25,7.320000171661377,7.495999813079834,7.099999904632568,7.360000133514404,7.360000133514404,4130001,PGE.WA,0.0032715605178570417,0.9246231279199543,6.964999985694885,5.264059987068176,,1.004469635958519,1.0384421802001158,-0.10960557501451618
2020-06-26,7.400000095367432,7.400000095367432,7.1479997634887695,7.1479997634887695,7.1479997634887695,3515328,PGE.WA,-0.028804397578781615,0.8979899157328113,7.080599975585938,5.317619986534119,,1.0147546090517678,1.0384421802001158,-0.13525285003372867
2020-06-29,7.139999866485596,7.1620001792907715,6.739999771118164,6.843999862670898,6.843999862670898,4060443,PGE.WA,-0.04252936637892335,0.8597989736020321,7.158799958229065,5.366539988517761,,1.0034715962959393,1.0384421802001158,-0.17202999839977395
2020-06-30,6.849999904632568,7.230000019073486,6.796000003814697,6.874000072479248,6.874000072479248,4948430,PGE.WA,0.0043834322633433676,0.8635678441629088,7.2264999628067015,5.422019991874695,,0.9974532663326228,1.0384421802001158,-0.16840064798167909
2020-07-01,6.915999889373779,6.978000164031982,6.699999809265137,6.875999927520752,6.875999927520752,2121811,PGE.WA,0.0002909303201072966,0.8638190822322455,7.276299953460693,5.476539988517761,,0.9786818291898826,1.0384421802001158,-0.1681587105159953
2020-07-02,6.934000015258789,7.320000171661377,6.888000011444092,7.25,7.25,3222492,PGE.WA,0.05439209953774671,0.9108040157356267,7.34399995803833,5.536559987068176,,0.9909795682552482,1.0384421802001158,-0.12291311629877377
2020-07-03,7.320000171661377,7.357999801635742,7.110000133514404,7.145999908447266,7.145999908447266,1901975,PGE.WA,-0.014344840214170262,0.8977386776634746,7.388799953460693,5.598419985771179,,0.9784240608575019,1.0384421802001158,-0.13549478749941235
2020-07-06,7.28000020980835,7.315999984741211,7.182000160217285,7.23799991607666,7.23799991607666,1444059,PGE.WA,0.012874336525059427,0.909296467511276,7.4347999572753904,5.662579979896545,,0.9785151776828667,1.0384421802001158,-0.12436485646601181
2020-07-07,7.234000205993652,7.234000205993652,7.019999980926514,7.119999885559082,7.119999885559082,2993743,PGE.WA,-0.016302850495408694,0.8944723431454364,7.440299940109253,5.7250199794769285,,0.905519821215651,1.0384421802001158,-0.1386402052995721
2020-07-08,7.099999904632568,7.21999979019165,7.050000190734863,7.1519999504089355,7.1519999504089355,2322131,PGE.WA,0.004494391202836567,0.89849245177565,7.399399948120117,5.7867199802398686,,0.753533978646957,1.0384421802001158,-0.13476891741579344
2020-07-09,7.179999828338623,7.300000190734863,7.131999969482422,7.210000038146973,7.210000038146973,1532912,PGE.WA,0.008109632010654622,0.9057788949239013,7.3613999605178835,5.848479976654053,,0.7547049296351783,1.0384421802001158,-0.12775221173185514
2020-07-10,7.150000095367432,7.188000202178955,7.044000148773193,7.1479997634887695,7.1479997634887695,2068509,PGE.WA,-0.00859920587103602,0.8979899157328112,7.310199952125549,5.908999967575073,,0.7468049785284818,1.0384421802001158,-0.13525285003372878
2020-07-13,7.210000038146973,7.26800012588501,7.1020002365112305,7.193999767303467,7.193999767303467,2066165,PGE.WA,0.0064353672826991115,0.9037688106567119,7.297399950027466,5.972999963760376,,0.680429058924134,1.0384421802001158,-0.1296878845170285
2020-07-14,7.139999866485596,7.142000198364258,6.980000019073486,7.001999855041504,7.001999855041504,1866744,PGE.WA,-0.026688896090127368,0.8796482187795969,7.278499937057495,6.035039958953857,,0.6860351935368895,1.0384421802001158,-0.15291555413313251
2020-07-15,7.001999855041504,7.099999904632568,6.889999866485596,7.001999855041504,7.001999855041504,2958848,PGE.WA,0.0,0.8796482187795969,7.280599927902221,6.100139956474305,,0.6543842876124691,1.0384421802001158,-0.15291555413313251
2020-07-16,6.915999889373779,6.97599983215332,6.866000175476074,6.866000175476074,6.866000175476074,2040577,PGE.WA,-0.019422976632527122,0.8625628319813966,7.226899933815003,6.161079959869385,,0.3972324549385554,1.0384421802001158,-0.1693684555309819
2020-07-17,6.828000068664551,6.866000175476074,6.519999980926514,6.685999870300293,6.685999870300293,3259933,PGE.WA,-0.02621618126645331,0.839949728424467,7.157599949836731,6.217499957084656,,0.39260550535242206,1.0384421802001158,-0.19114444266641573
2020-07-20,6.645999908447266,8.0,6.642000198364258,8.0,8.0,8056008,PGE.WA,0.19653008602895627,1.005025120811726,7.152599930763245,6.3009999561309815,,0.8294897420500704,1.0384421802001158,-0.03217999039864705
2020-07-21,8.121999740600586,8.550000190734863,7.5320000648498535,7.611999988555908,7.611999988555908,9377050,PGE.WA,-0.048500001430511475,0.9562814010146573,7.153199934959412,6.3722999572753904,,0.8175557102416974,1.0384421802001158,-0.07911926224879029
2020-07-22,7.611999988555908,7.794000148773193,7.329999923706055,7.541999816894531,7.541999816894531,3315087,PGE.WA,-0.009196028871074291,0.9474874096420551,7.163499927520752,6.442359952926636,,0.8076186274887244,1.0384421802001158,-0.08758770809996663
2020-07-23,7.546000003814697,7.642000198364258,7.420000076293945,7.421999931335449,7.421999931335449,1839951,PGE.WA,-0.01591088417826203,0.9324120472068789,7.166599917411804,6.510519952774048,,0.8102444855718096,1.0384421802001158,-0.10210499439921061
2020-07-24,7.369999885559082,7.380000114440918,7.179999828338623,7.3480000495910645,7.3480000495910645,1527461,PGE.WA,-0.009970342553084599,0.9231155796956034,7.176599931716919,6.576079950332642,,0.8036172929756221,1.0384421802001158,-0.11105731518175432
2020-07-27,7.380000114440918,7.960000038146973,7.199999809265137,7.9019999504089355,7.9019999504089355,3077104,PGE.WA,0.07539465120835187,0.992713556851749,7.229499936103821,6.649319953918457,,0.8247352171511073,1.0384421802001158,-0.04403579151566683
2020-07-28,7.9019999504089355,7.935999870300293,7.25,7.420000076293945,7.420000076293945,4791083,PGE.WA,-0.060997200346735836,0.9321608091375422,7.256799936294556,6.711119956970215,,0.8608095026317897,1.0384421802001158,-0.10234693186489441
2020-07-29,7.309999942779541,7.322000026702881,7.019999980926514,7.0980000495910645,7.0980000495910645,4050835,PGE.WA,-0.04339622956765654,0.891708544670237,7.2678999423980715,6.767579956054687,,0.8778585029664719,1.0384421802001158,-0.14130169048179664
2020-07-30,7.021999835968018,7.0960001945495605,6.564000129699707,6.665999889373779,6.665999889373779,3832263,PGE.WA,-0.060862236855320107,0.8374371680186042,7.238699936866761,6.815899953842163,,0.8835653523103104,1.0384421802001158,-0.19356399038295646
2020-07-31,6.705999851226807,6.938000202178955,6.622000217437744,6.622000217437744,6.622000217437744,3723309,PGE.WA,-0.006600610961031483,0.8319095710682055,7.212499952316284,6.864519958496094,,0.8826537443534366,1.0384421802001158,-0.1988869607474052
2020-08-03,6.664000034332275,6.98799991607666,6.619999885559082,6.8460001945495605,6.8460001945495605,2735054,PGE.WA,0.03382663391069607,0.8600502715755339,7.1928999662399296,6.9167999649047855,,0.8905735397590778,1.0384421802001158,-0.17178800324752252
2020-08-04,6.906000137329102,7.059999942779541,6.811999797821045,6.823999881744385,6.823999881744385,3007570,PGE.WA,-0.0032136009611409833,0.8572864131961693,7.178099966049194,6.967359962463379,,0.8888775782785212,1.0384421802001158,-0.1744495461163148
2020-08-05,6.8420000076293945,6.940000057220459,6.739999771118164,6.9120001792907715,6.9120001792907715,2095729,PGE.WA,0.012895706194515855,0.8683417269052974,7.166099977493286,7.01677996635437,,0.8900331546212058,1.0384421802001158,-0.16380349001428152
2020-08-06,6.849999904632568,6.909999847412109,6.633999824523926,6.673999786376953,6.673999786376953,1409376,PGE.WA,-0.03443292632238315,0.8384421802001164,7.139299964904785,7.05887996673584,,0.8974695256649959,1.0384421802001158,-0.19259618283365365
2020-08-07,6.699999809265137,6.699999809265137,6.300000190734863,6.409999847412109,6.409999847412109,2081386,PGE.WA,-0.039556479984270254,0.8052763588810626,7.1023999691009525,7.090359964370728,,0.9069616856973589,1.0384421802001158,-0.22453423576661757
2020-08-10,6.409999847412109,6.639999866485596,6.4019999504089355,6.526000022888184,6.526000022888184,970105,PGE.WA,0.018096751675104494,0.8198492451775655,7.068999981880188,7.115279960632324,,0.9096807864973571,1.0384421802001158,-0.21050082439874096
2020-08-11,6.645999908447266,7.010000228881836,6.519999980926514,7.0,7.0,2188916,PGE.WA,0.07263254297416322,0.8793969807102603,7.068899989128113,7.144879961013794,,0.943655856655204,1.0384421802001158,-0.1531574915988161
2020-08-12,6.96999979019165,6.96999979019165,6.730000019073486,6.868000030517578,6.868000030517578,1622494,PGE.WA,-0.018857138497488823,0.8628140700507334,7.062199997901916,7.164639959335327,,0.9464378874854984,1.0384421802001158,-0.1691265180652981
2020-08-13,6.9019999504089355,7.0320000648498535,6.748000144958496,6.748000144958496,6.748000144958496,1768687,PGE.WA,-0.01747231872828614,0.8477387076155571,7.056299996376038,7.181679964065552,,0.9459153896553536,1.0384421802001158,-0.18364380436454208
2020-08-14,6.75,6.8420000076293945,6.670000076293945,6.8420000076293945,6.8420000076293945,728139,PGE.WA,0.013930032698817651,0.8595477355326953,7.064100003242492,7.193519964218139,,0.941482531729967,1.0384421802001158,-0.17227193586545786
2020-08-17,6.8420000076293945,6.949999809265137,6.7179999351501465,6.949999809265137,6.949999809265137,814936,PGE.WA,0.01578482921884139,0.8731155497435207,7.011599993705749,7.206159963607788,,0.6072717517903519,1.0384421802001158,-0.15920638973345191
2020-08-18,6.892000198364258,6.998000144958496,6.71999979019165,6.754000186920166,6.754000186920166,1427643,PGE.WA,-0.028201385284022717,0.8484924817277324,6.968700003623963,7.201039962768554,,0.5926710899216329,1.0384421802001158,-0.18291793428092318
2020-08-19,6.75600004196167,6.849999904632568,6.6020002365112305,6.6020002365112305,6.6020002365112305,817975,PGE.WA,-0.022505174148988005,0.8293970106623427,6.921700024604798,7.173679971694947,,0.5957050359544018,1.0384421802001158,-0.20130650846394593
2020-08-20,6.559999942779541,6.5980000495910645,6.449999809265137,6.559999942779541,6.559999942779541,832196,PGE.WA,-0.006361752836574253,0.8241205918771154,6.878600025177002,7.145479974746704,,0.5945549332169401,1.0384421802001158,-0.20638759904927884
2020-08-21,6.579999923706055,6.739999771118164,6.495999813079834,6.739999771118164,6.739999771118164,975431,PGE.WA,0.0274389984616914,0.8467336355298798,6.848200011253357,7.116839971542358,,0.6055460752361553,1.0384421802001158,-0.18461166960041275
2020-08-24,6.739999771118164,6.760000228881836,6.610000133514404,6.677999973297119,6.677999973297119,959329,PGE.WA,-0.00919878337188118,0.8389447162429551,6.787000012397766,7.101399974822998,,0.528716168342034,1.0384421802001158,-0.19211225021571832
2020-08-25,6.699999809265137,6.760000228881836,6.460000038146973,6.460000038146973,6.460000038146973,984938,PGE.WA,-0.032644494762181564,0.811557789847802,6.739000010490417,7.082999973297119,,0.49969979830083167,1.0384421802001158,-0.21848533763198197
2020-08-26,6.498000144958496,6.550000190734863,6.300000190734863,6.360000133514404,6.360000133514404,1995825,PGE.WA,-0.01547986130682022,0.7989949878184885,6.702100014686584,7.070999975204468,,0.48181823120292283,1.0384421802001158,-0.23058307621468532
2020-08-27,6.380000114440918,6.380000114440918,6.300000190734863,6.3460001945495605,6.3460001945495605,2350596,PGE.WA,-0.0022012482187021565,0.7972362015248011,6.686100029945374,7.039119977951049,,0.43433007239041416,1.0384421802001158,-0.23227675384760704
2020-08-28,6.320000171661377,6.507999897003174,6.288000106811523,6.427999973297119,6.427999973297119,1494593,PGE.WA,0.012921490109311096,0.8075376812175886,6.6764000177383425,7.006239986419677,,0.4371694225238658,1.0384421802001158,-0.22235662551576063
2020-08-31,6.4039998054504395,6.495999813079834,5.874000072479248,6.038000106811523,6.038000106811523,5245331,PGE.WA,-0.060672039219930585,0.7585427233511833,6.63600001335144,6.964999980926514,,0.4647681902681816,1.0384421802001158,-0.26953783483158755
2020-09-01,6.0,6.078000068664551,5.734000205993652,5.794000148773193,5.794000148773193,3718629,PGE.WA,-0.040410724366015116,0.7278894624379922,6.584500026702881,6.928879985809326,,0.48045503227235625,1.0384421802001158,-0.29905634004801085
2020-09-02,5.800000190734863,6.038000106811523,5.800000190734863,5.961999893188477,5.961999893188477,3644865,PGE.WA,0.028995467742757075,0.7489949578664058,6.537000012397766,6.901399984359741,,0.4928539525194049,1.0384421802001158,-0.2787321507663829
2020-09-03,5.989999771118164,6.197999954223633,5.8420000076293945,5.874000072479248,5.874000072479248,2399241,PGE.WA,-0.01476011779365638,0.7379397040614429,6.497000026702881,6.871679983139038,,0.4831340929579783,1.0384421802001158,-0.28937814918184823
2020-09-04,5.829999923706055,5.943999767303467,5.547999858856201,5.547999858856201,5.547999858856201,2625658,PGE.WA,-0.055498843990557045,0.696984903551299,6.453900027275085,6.839679985046387,,0.5008422827042024,1.0384421802001158,-0.3288168404166858
2020-09-07,5.550000190734863,5.76800012588501,5.539999961853027,5.639999866485596,5.639999866485596,1501082,PGE.WA,0.01658255406811815,0.7085426933991006,6.409600019454956,6.815599985122681,,0.4998749459166657,1.0384421802001158,-0.31768690938328514
2020-09-08,5.699999809265137,6.127999782562256,5.501999855041504,5.618000030517578,5.618000030517578,3067467,PGE.WA,-0.003900680228513198,0.7057788949239012,6.340500020980835,6.790479984283447,,0.4030137387250878,1.0384421802001158,-0.32034839456550945
2020-09-09,5.610000133514404,5.880000114440918,5.590000152587891,5.803999900817871,5.803999900817871,1216015,PGE.WA,0.033107844302228795,0.7291457126888409,6.28730001449585,6.76903998374939,,0.43023001818310697,1.0384421802001158,-0.29784659503302446
2020-09-10,5.800000190734863,5.8520002365112305,5.5960001945495605,5.5960001945495605,5.5960001945495605,1212180,PGE.WA,-0.0358373035531927,0.7030150964487019,6.229700016975403,6.735959987640381,,0.44039606135048487,1.0384421802001158,-0.3230098797477339
2020-09-11,5.690000057220459,5.75,5.618000030517578,5.699999809265137,5.699999809265137,1046155,PGE.WA,0.018584633863463873,0.7160803746166887,6.17260000705719,6.707039985656738,,0.44389876087786095,1.0384421802001158,-0.31042826623366304
2020-09-14,5.828000068664551,5.828000068664551,5.599999904632568,5.610000133514404,5.610000133514404,1156890,PGE.WA,-0.015789417326723676,0.7047738827423892,6.105600023269654,6.674479990005493,,0.43484421406578777,1.0384421802001158,-0.32131620211481215
2020-09-15,5.619999885559082,5.676000118255615,5.519999980926514,5.526000022888184,5.526000022888184,1548890,PGE.WA,-0.014973281395200044,0.6942211050760997,6.044200015068054,6.642599992752075,,0.4301276981867883,1.0384421802001158,-0.3314783255989101
2020-09-16,5.501999855041504,5.546000003814697,5.25,5.400000095367432,5.400000095367432,2042510,PGE.WA,-0.022801289721113283,0.6783919685287481,5.984100008010865,6.607559995651245,,0.4302465259893126,1.0384421802001158,-0.3467214819817732
2020-09-17,5.269999980926514,5.639999866485596,5.269999980926514,5.5960001945495605,5.5960001945495605,2329138,PGE.WA,0.036296314022341125,0.7030150964487016,5.935900020599365,6.575279998779297,,0.4601690537775865,1.0384421802001158,-0.323009879747734
2020-09-18,5.590000152587891,5.650000095367432,5.354000091552734,5.576000213623047,5.576000213623047,3631154,PGE.WA,-0.0035739778826300306,0.700502536042839,5.8777000427246096,6.5438400077819825,,0.4417255670267542,1.0384421802001158,-0.3254294274642747
2020-09-21,5.449999809265137,5.547999858856201,5.110000133514404,5.130000114440918,5.130000114440918,2877003,PGE.WA,-0.07998566752068637,0.6444723730975188,5.800300049781799,6.5025600147247316,,0.5084416292958067,1.0384421802001158,-0.37938540499835627
2020-09-22,5.130000114440918,5.309999942779541,5.0920000076293945,5.257999897003174,5.257999897003174,1913293,PGE.WA,0.02495122411438877,0.660552747714207,5.740200042724609,6.467680015563965,,0.5193164098070766,1.0384421802001158,-0.3639003111498096
2020-09-23,5.331999778747559,5.361999988555908,5.168000221252441,5.230000019073486,5.230000019073486,1069602,PGE.WA,-0.0053251956025419656,0.6570351751268323,5.683700037002564,6.432240018844604,,0.5190740849525041,1.0384421802001158,-0.3672876664156529
2020-09-24,5.150000095367432,5.199999809265137,4.980000019073486,5.010000228881836,5.010000228881836,1655727,PGE.WA,-0.04206496929050185,0.6293970106623425,5.616900038719177,6.39512001991272,,0.5310787891973212,1.0384421802001158,-0.39390269129760036
2020-09-25,5.019999980926514,6.300000190734863,4.978000164031982,5.854000091552734,5.854000091552734,6637787,PGE.WA,0.16846303874506363,0.73542714365558,5.588200044631958,6.378480024337769,,0.8285133392186557,1.0384421802001158,-0.2917976968983891
2020-09-28,6.0,6.501999855041504,5.949999809265137,6.486000061035156,6.486000061035156,6117230,PGE.WA,0.10796036207693116,0.8148241243658397,5.6106000423431395,6.348200025558472,,0.8880805296485594,1.0384421802001158,-0.21533991983182266
2020-09-29,6.5,6.546000003814697,6.2820000648498535,6.315999984741211,6.315999984741211,2924920,PGE.WA,-0.026210310621984978,0.7934673309639242,5.6367000341415405,6.322280025482177,,0.8798419970855609,1.0384421802001158,-0.23590610426570213
2020-09-30,6.340000152587891,6.449999809265137,6.2220001220703125,6.420000076293945,6.420000076293945,2711440,PGE.WA,0.016466132331220296,0.8065326690360763,5.659600043296814,6.299840030670166,,0.8765621423264781,1.0384421802001158,-0.22332443306506355
2020-10-01,6.452000141143799,7.093999862670898,6.452000141143799,6.98799991607666,6.98799991607666,6294576,PGE.WA,0.08847349424185724,0.8778894324859094,5.715300035476685,6.29116003036499,,0.9210314048655669,1.0384421802001158,-0.15460923176605423
2020-10-02,6.809999942779541,6.8460001945495605,6.561999797821045,6.7779998779296875,6.7779998779296875,2078026,PGE.WA,-0.03005152270592404,0.8515075182722683,5.776800036430359,6.279760026931763,,0.9011540925460876,1.0384421802001158,-0.1800145116330153
2020-10-05,6.900000095367432,7.059999942779541,6.75600004196167,6.831999778747559,6.831999778747559,2076605,PGE.WA,0.007966937413750097,0.8582914253776812,5.836400032043457,6.258360023498535,,0.9010308889714106,1.0384421802001158,-0.1734817385670121
2020-10-06,6.769999980926514,6.831999778747559,6.480000019073486,6.558000087738037,6.558000087738037,2936695,PGE.WA,-0.040105342488718776,0.8238693538077787,5.88340003490448,6.241120023727417,5.863034989833832,0.9180234523372041,1.0384421802001158,-0.20662953651496252
2020-10-07,6.584000110626221,6.639999866485596,6.329999923706055,6.460000038146973,6.460000038146973,2155196,PGE.WA,-0.014943587721857776,0.8115577898478019,5.916200041770935,6.228360023498535,5.855534989833831,0.9173249161846906,1.0384421802001158,-0.21848533763198208
2020-10-08,6.5,6.535999774932861,6.199999809265137,6.199999809265137,6.199999809265137,2235174,PGE.WA,-0.04024771321153364,0.7788944446674215,5.9464000225067135,6.219040021896363,5.845204989910126,0.9201777488070009,1.0384421802001158,-0.24993951563357863
2020-10-09,6.199999809265137,6.199999809265137,5.809999942779541,5.949999809265137,5.949999809265137,2326548,PGE.WA,-0.04032258188563265,0.7474874096420551,5.958900022506714,6.20560001373291,5.8342049908638,0.9337065442366416,1.0384421802001158,-0.28018389093362084
2020-10-12,6.019999980926514,6.079999923706055,5.644000053405762,5.808000087738037,5.808000087738037,3390318,PGE.WA,-0.023865500181358357,0.7296482487316795,5.968800020217896,6.1848400115966795,5.822494993209839,0.9363796619933532,1.0384421802001158,-0.29736266241508924
2020-10-13,5.808000087738037,5.877999782562256,5.616000175476074,5.616000175476074,5.616000175476074,1938096,PGE.WA,-0.03305783563387277,0.7055276568545645,5.97330002784729,6.160680017471313,5.810924994945526,0.9432371216379141,1.0384421802001158,-0.32059033203119314
2020-10-14,5.622000217437744,5.797999858856201,5.519999980926514,5.579999923706055,5.579999923706055,2751027,PGE.WA,-0.006410301040805755,0.7010050121815125,5.982300019264221,6.134040012359619,5.799674994945526,0.9392143680700803,1.0384421802001158,-0.32494555253290713
2020-10-15,5.519999980926514,5.552000045776367,5.289999961853027,5.314000129699707,5.314000129699707,1931301,PGE.WA,-0.047670214631415075,0.667587952793122,5.968200016021728,6.106840019226074,5.786994996070862,0.947252983654916,1.0384421802001158,-0.35712554293155474
2020-10-16,5.314000129699707,5.429999828338623,5.130000114440918,5.3520002365112305,5.3520002365112305,2508945,PGE.WA,0.007150942018074646,0.6723618355355108,5.957000017166138,6.085680027008056,5.774724996089935,0.9476280323676148,1.0384421802001158,-0.35252838496415717
2020-10-19,5.519999980926514,5.800000190734863,5.368000030517578,5.745999813079834,5.745999813079834,3356350,PGE.WA,0.07361725694269339,0.7218592695405894,5.9878000020980835,6.07008002281189,5.764934995174408,0.9333686006767646,1.0384421802001158,-0.30486330071696277
2020-10-20,5.800000190734863,5.829999923706055,5.501999855041504,5.664000034332275,5.664000034332275,1857126,PGE.WA,-0.014270759034989755,0.7115577898478019,6.008100008964538,6.043360023498535,5.75394499540329,0.9338800652505144,1.0384421802001158,-0.3147834290488092
2020-10-21,5.690000057220459,5.690000057220459,5.495999813079834,5.495999813079834,5.495999813079834,1192392,PGE.WA,-0.029661055832293393,0.690452234515223,6.021399998664856,6.01592001914978,5.74224499464035,0.9415087215347198,1.0384421802001158,-0.3351076760170051
2020-10-22,5.495999813079834,5.539999961853027,5.349999904632568,5.458000183105469,5.458000183105469,1495580,PGE.WA,-0.006914052268329862,0.6856784116769996,6.043799996376038,5.99012001991272,5.730924994945526,0.9268215887226444,1.0384421802001158,-0.3397047762978348
2020-10-23,5.409999847412109,5.5279998779296875,5.271999835968018,5.271999835968018,5.271999835968018,2809326,PGE.WA,-0.03407847946088227,0.6623115340078946,6.014699983596802,5.958720016479492,5.7186549949645995,0.7085556362373698,1.0384421802001158,-0.36220663351688775
2020-10-26,5.245999813079834,5.440000057220459,5.119999885559082,5.418000221252441,5.418000221252441,1689400,PGE.WA,0.027693548904979437,0.6806532908652742,5.961299991607666,5.928080024719239,5.7073449969291685,0.586675811878168,1.0384421802001158,-0.34454387173091616
2020-10-27,5.449999809265137,5.46999979019165,4.9710001945495605,5.105999946594238,5.105999946594238,2059325,PGE.WA,-0.05758587336972831,0.6414572766488176,5.900799989700317,5.89512001991272,5.69497499704361,0.6094918249299425,1.0384421802001158,-0.3822888853328321
2020-10-28,5.0,5.053999900817871,4.73199987411499,4.73199987411499,4.73199987411499,2641427,PGE.WA,-0.07324717516472179,0.5944723431454362,5.8163999795913695,5.857720012664795,5.681434996128083,0.6404434206757849,1.0384421802001158,-0.42753447955005375
2020-10-29,4.699999809265137,4.73799991607666,4.460000038146973,4.495999813079834,4.495999813079834,3483059,PGE.WA,-0.04987321794451538,0.5648240944137571,5.691799974441528,5.816440010070801,5.667364995479584,0.5233427194969932,1.0384421802001158,-0.45608517721717434
2020-10-30,4.449999809265137,4.5879998207092285,4.261000156402588,4.510000228881836,4.510000228881836,4354697,PGE.WA,0.0031139716156729502,0.5665829406116097,5.578399991989135,5.771840019226074,5.652714996337891,0.529190245104747,1.0384421802001158,-0.45439144189768477
2020-11-02,4.679999828338623,4.9079999923706055,4.539999961853027,4.670000076293945,4.670000076293945,3922024,PGE.WA,0.03547668276987603,0.5866834238585114,5.470300006866455,5.731680021286011,5.640364997386932,0.5565251522684349,1.0384421802001158,-0.43503506016535953
2020-11-03,4.761000156402588,5.136000156402588,4.710000038146973,5.081999778747559,5.081999778747559,3781315,PGE.WA,0.08822263291707944,0.6384421802001161,5.396499991416931,5.704120016098022,5.629284996986389,0.6654735885295999,1.0384421802001158,-0.3851923656673081
2020-11-04,5.0,5.309999942779541,4.840000152587891,5.1579999923706055,5.1579999923706055,3619344,PGE.WA,0.014954784913779884,0.6479899456848935,5.331399989128113,5.6800800132751466,5.618674995899201,0.6720564472279674,1.0384421802001158,-0.37599804973251294
2020-11-05,5.340000152587891,5.48799991607666,5.211999893188477,5.24399995803833,5.24399995803833,2602345,PGE.WA,0.016673122488354064,0.6587939614205197,5.283599996566773,5.658040008544922,5.608994996547699,0.6688341981630646,1.0384421802001158,-0.3655939887827312
2020-11-06,5.239999771118164,5.300000190734863,4.949999809265137,5.125999927520752,5.125999927520752,1884587,PGE.WA,-0.022501912940845914,0.6439698370546801,5.242400002479553,5.632000007629395,5.600324995517731,0.6601712972670263,1.0384421802001158,-0.3798693376162916
2020-11-09,5.228000164031982,5.949999809265137,5.053999900817871,5.906000137329102,5.906000137329102,5536452,PGE.WA,0.1521654742171652,0.7419598126916561,5.247300004959106,5.629360008239746,5.5962949967384334,0.8635364420856557,1.0384421802001158,-0.2855068612980698
2020-11-10,5.906000137329102,6.119999885559082,5.616000175476074,5.900000095367432,5.900000095367432,5665296,PGE.WA,-0.0010159230989086332,0.7412060385794808,5.261500000953674,5.631480007171631,5.593044996261597,0.8536231468006793,1.0384421802001158,-0.2862327313816888
2020-11-11,5.900000095367432,5.900000095367432,5.900000095367432,5.900000095367432,5.900000095367432,0,PGE.WA,0.0,0.7412060385794808,5.277500009536743,5.63024001121521,5.589334995746612,0.8529099740289098,1.0384421802001158,-0.2862327313816888
2020-11-12,5.900000095367432,6.099999904632568,5.849999904632568,6.03000020980835,6.03000020980835,3630743,PGE.WA,0.02203391734569493,0.757537711169671,5.313300013542175,5.633360013961792,5.5873149967193605,0.8324234014317026,1.0384421802001158,-0.2705056423808906
2020-11-13,6.047999858856201,6.130000114440918,5.940000057220459,6.090000152587891,6.090000152587891,1837704,PGE.WA,0.009950238920712673,0.765075392387259,5.3502000093460085,5.6442000198364255,5.585624997615814,0.8324627799756167,1.0384421802001158,-0.2632469992312687
2020-11-16,6.150000095367432,6.349999904632568,5.877999782562256,6.050000190734863,6.050000190734863,3849772,PGE.WA,-0.006568138070740415,0.7600502715755335,5.36540002822876,5.652400026321411,5.583784997463226,0.7961664665032003,1.0384421802001158,-0.26808609466435007
2020-11-17,6.090000152587891,6.090000152587891,5.889999866485596,5.989999771118164,5.989999771118164,2198281,PGE.WA,-0.009917424417371978,0.7525125304537801,5.381700015068054,5.659840021133423,5.580784995555877,0.7950102686065634,1.0384421802001158,-0.2753447955005399
2020-11-18,5.989999771118164,6.196000099182129,5.949999809265137,6.093999862670898,6.093999862670898,1771309,PGE.WA,0.017362286398438398,0.7655778685259322,5.411600017547608,5.665640020370484,5.578754994869232,0.7861185324458342,1.0384421802001158,-0.26276312429990134
2020-11-19,6.050000190734863,6.124000072479248,5.953999996185303,6.010000228881836,6.010000228881836,1337334,PGE.WA,-0.013783990102068544,0.755025150763808,5.439200019836425,5.673920021057129,5.577654995918274,0.788025737307559,1.0384421802001158,-0.27292519009743144
2020-11-20,5.9720001220703125,6.085999965667725,5.918000221252441,6.065999984741211,6.065999984741211,1558657,PGE.WA,0.009317762683312525,0.7620602959385575,5.478900027275086,5.681240024566651,5.577454996109009,0.7737121807264307,1.0384421802001158,-0.26615047956574467
2020-11-23,6.084000110626221,6.199999809265137,6.058000087738037,6.127999782562256,6.127999782562256,1881703,PGE.WA,0.01022087009182382,0.7698492152254823,5.514400005340576,5.691600017547607,5.577944993972778,0.7703290384461856,1.0384421802001158,-0.258649898950439
2020-11-24,6.099999904632568,6.208000183105469,6.019999980926514,6.078000068664551,6.078000068664551,2104023,PGE.WA,-0.008159222531303523,0.7635678441629082,5.563000011444092,5.702640018463135,5.578774993419647,0.7342900725785811,1.0384421802001158,-0.26469873939850663
2020-11-25,6.130000114440918,6.177999973297119,6.03000020980835,6.099999904632568,6.099999904632568,2052921,PGE.WA,0.003619584685666366,0.7663316426381076,5.631400012969971,5.716640014648437,5.5804849934577945,0.6666761365487983,1.0384421802001158,-0.2620372542162823
2020-11-26,6.099999904632568,6.1479997634887695,6.019999980926514,6.099999904632568,6.099999904632568,1090748,PGE.WA,0.0,0.7663316426381076,5.711600017547608,5.726720008850098,5.582984993457794,0.62599706621647,1.0384421802001158,-0.2620372542162823
2020-11-27,6.099999904632568,6.170000076293945,6.038000106811523,6.099999904632568,6.099999904632568,1294806,PGE.WA,0.0,0.7663316426381076,5.791100001335144,5.7372000026702885,5.585174992084503,0.6269479495688822,1.0384421802001158,-0.2620372542162823
2020-11-30,6.061999797821045,6.085999965667725,5.7220001220703125,5.763999938964844,5.763999938964844,6234928,PGE.WA,-0.05508196244602459,0.724120591877115,5.845799994468689,5.7498799991607665,5.586754992008209,0.6703535701523292,1.0384421802001158,-0.30268569046610627
2020-12-01,5.78000020980835,5.869999885559082,5.6020002365112305,5.676000118255615,5.676000118255615,3493022,PGE.WA,-0.015267144628914098,0.7130653380721522,5.875500011444092,5.758240003585815,5.588664991855621,0.611030439802332,1.0384421802001158,-0.3133316888815716
2020-12-02,5.679999828338623,5.679999828338623,5.550000190734863,5.599999904632568,5.599999904632568,3115208,PGE.WA,-0.013389748421359093,0.7035175725873747,5.89760000705719,5.7656400012969975,5.590914990901947,0.6139208182375956,1.0384421802001158,-0.32252600481636695
2020-12-03,5.676000118255615,5.75,5.5,5.501999855041504,5.501999855041504,3117563,PGE.WA,-0.01750000915357064,0.6912060086273978,5.910500001907349,5.77547999382019,5.594109990596771,0.617118094829755,1.0384421802001158,-0.3343818059333866
2020-12-04,5.5,5.751999855041504,5.5,5.6479997634887695,5.6479997634887695,3905740,PGE.WA,0.026535789220983874,0.709547705580612,5.93659999370575,5.771359987258911,5.599999990463257,0.6147070291128215,1.0384421802001158,-0.316719101833983
2020-12-07,5.671999931335449,5.849999904632568,5.639999866485596,5.765999794006348,5.765999794006348,3615082,PGE.WA,0.02089235755291341,0.7243718299464514,5.9295999765396115,5.756959981918335,5.605909988880158,0.2904642312858598,1.0384421802001158,-0.3024437530004228
2020-12-08,5.765999794006348,5.940000057220459,5.71999979019165,5.909999847412109,5.909999847412109,3532526,PGE.WA,0.024973995586237585,0.7424622888303289,5.930099964141846,5.748839979171753,5.611189987659454,0.3047874131200467,1.0384421802001158,-0.28502298636670287
2020-12-09,5.97599983215332,6.5,5.949999809265137,6.4039998054504395,6.4039998054504395,8021388,PGE.WA,0.08358713549792118,0.8045225847688864,5.955299949645996,5.748519973754883,5.6193849873542785,0.42467438633464333,1.0384421802001158,-0.22526010585023748
2020-12-10,6.559999942779541,6.75,6.372000217437744,6.6620001792907715,6.6620001792907715,6095850,PGE.WA,0.040287380024707,0.8369346918799301,5.986899948120117,5.741999979019165,5.629944987297058,0.43939139943232963,1.0384421802001158,-0.1940478653143246
2020-12-11,6.77400016784668,6.860000133514404,6.355999946594238,6.618000030517578,6.618000030517578,4540410,PGE.WA,-0.006604645390129282,0.8314070350253661,6.013299942016602,5.738799982070923,5.641704988479614,0.4410211023603673,1.0384421802001158,-0.1993708933653412
2020-12-14,6.639999866485596,6.860000133514404,6.519999980926514,6.6620001792907715,6.6620001792907715,4232741,PGE.WA,0.006648556749818013,0.8369346918799302,6.043899941444397,5.735399990081787,5.655214989185334,0.43910250717516125,1.0384421802001158,-0.1940478653143245
2020-12-15,6.639999866485596,6.656000137329102,6.435999870300293,6.486000061035156,6.486000061035156,2244896,PGE.WA,-0.02641850998484241,0.8148241243658393,6.068699955940247,5.73395998954773,5.668319989442825,0.45039232966117576,1.0384421802001158,-0.2153399198318231
2020-12-16,6.559999942779541,6.739999771118164,6.5279998779296875,6.622000217437744,6.622000217437744,3278473,PGE.WA,0.020968263201169623,0.8319095710682047,6.095099973678589,5.737199993133545,5.683804990053177,0.4519519963301626,1.0384421802001158,-0.19888696074740597
2020-12-17,6.6579999923706055,6.714000225067139,6.288000106811523,6.441999912261963,6.441999912261963,2626402,PGE.WA,-0.02718216539796925,0.8092964675112752,6.116699957847596,5.7420399951934815,5.701759989261627,0.46155790111988443,1.0384421802001158,-0.2206629478828398
2020-12-18,6.449999809265137,6.492000102996826,6.21999979019165,6.303999900817871,6.303999900817871,6159007,PGE.WA,-0.021421920727042743,0.7919597827395729,6.128599953651428,5.749119997024536,5.71925498843193,0.4695759748321854,1.0384421802001158,-0.23735784443294072
2020-12-21,6.199999809265137,6.230000019073486,5.880000114440918,5.989999771118164,5.989999771118164,5540160,PGE.WA,-0.049809666027908595,0.7525125304537797,6.121699953079224,5.752759990692138,5.734604986906052,0.5033399359104221,1.0384421802001158,-0.27534479550054025
2020-12-22,6.03000020980835,6.265999794006348,6.001999855041504,6.125999927520752,6.125999927520752,2283720,PGE.WA,0.022704534490691763,0.7695979771561453,6.124099946022033,5.7629599857330325,5.747984986305237,0.5091354009807167,1.0384421802001158,-0.258891836416123
2020-12-23,6.150000095367432,6.248000144958496,6.131999969482422,6.199999809265137,6.199999809265137,2223698,PGE.WA,0.012079641302629396,0.7788944446674207,6.129099941253662,5.775359983444214,5.761304985284806,0.5106232711615982,1.0384421802001158,-0.2499395156335793
2020-12-28,6.300000190734863,6.400000095367432,6.271999835968018,6.386000156402588,6.386000156402588,4963127,PGE.WA,0.030000056912823814,0.8022613223365257,6.143399953842163,5.796799983978271,5.773054987192154,0.5206165238805847,1.0384421802001158,-0.22743765841452646
2020-12-29,6.389999866485596,6.5279998779296875,6.354000091552734,6.427999973297119,6.427999973297119,1957993,PGE.WA,0.006576858106153161,0.8075376812175878,6.159799957275391,5.81831997871399,5.785514986515045,0.5206707926657932,1.0384421802001158,-0.2223566255157614
2020-12-30,6.460000038146973,6.6519999504089355,6.432000160217285,6.5,6.5,2880132,PGE.WA,0.011200999844738657,0.8165829106595267,6.196599960327148,5.833399982452392,5.799634985923767,0.4733987821091524,1.0384421802001158,-0.21364624219890138
2021-01-04,6.599999904632568,6.97599983215332,6.5320000648498535,6.797999858856201,6.797999858856201,4623913,PGE.WA,0.04584613213172317,0.8540200786781305,6.252699947357177,5.856079978942871,5.814644985198974,0.4857680730568362,1.0384421802001158,-0.1775949639164751
2021-01-05,6.789999961853027,6.960000038146973,6.627999782562256,6.665999889373779,6.665999889373779,4835560,PGE.WA,-0.01941747164211205,0.8374371680186036,6.3059999465942385,5.87947998046875,5.829249985218048,0.48998789763421546,1.0384421802001158,-0.19356399038295713
2021-01-07,6.932000160217285,6.96999979019165,6.739999771118164,6.96999979019165,6.96999979019165,3717390,PGE.WA,0.04560454633407285,0.8756281101493827,6.379399943351745,5.909719972610474,5.844804984331131,0.49555433287387496,1.0384421802001158,-0.15678684201691195
2021-01-08,7.0,7.188000202178955,6.960000038146973,7.099999904632568,7.099999904632568,5631398,PGE.WA,0.01865137996472499,0.8919597827395729,6.451999950408935,5.946279973983764,5.86160498380661,0.49334676151937223,1.0384421802001158,-0.14105975301611362
2021-01-11,7.150000095367432,7.21999979019165,6.960000038146973,7.061999797821045,7.061999797821045,5174945,PGE.WA,-0.005352127791822814,0.8871858999971842,6.516799950599671,5.979159965515136,5.878729982376099,0.49583263242401415,1.0384421802001158,-0.1456569109835112
2021-01-12,7.050000190734863,7.179999828338623,7.00600004196167,7.099999904632568,7.099999904632568,3560844,PGE.WA,0.005380927201845687,0.891959782739573,6.576299953460693,6.019039964675903,5.895194982290268,0.4931940317322245,1.0384421802001158,-0.1410597530161135
2021-01-13,7.179999828338623,7.179999828338623,6.829999923706055,6.949999809265137,6.949999809265137,4645934,PGE.WA,-0.02112677427918841,0.8731155497435201,6.603599953651428,6.063399963378906,5.910694981813431,0.4196092603407538,1.0384421802001158,-0.15920638973345247
2021-01-14,6.949999809265137,7.076000213623047,6.900000095367432,6.934000015258789,6.934000015258789,3915334,PGE.WA,-0.0023021286971861565,0.8711055253804961,6.617199945449829,6.112159967422485,5.925134981870651,0.39801750498525185,1.0384421802001158,-0.16114200483205776
2021-01-15,6.934000015258789,7.079999923706055,6.860000133514404,6.909999847412109,6.909999847412109,5442384,PGE.WA,-0.003461229852014025,0.8680904289317948,6.631799936294556,6.1601599597930905,5.939434980154037,0.3972402636911055,1.0384421802001158,-0.16404548516653372
2021-01-18,6.949999809265137,7.441999912261963,6.834000110626221,7.441999912261963,7.441999912261963,3761615,PGE.WA,0.07698988083901259,0.934924607612741,6.670799922943115,6.215599956512452,5.954204980134964,0.47745325503281644,1.0384421802001158,-0.09968544668267054
2021-01-19,7.449999809265137,7.49399995803833,7.171999931335449,7.254000186920166,7.254000186920166,3986929,PGE.WA,-0.02526198972833027,0.9113065517784648,6.709199929237366,6.259039964675903,5.967639981508255,0.47642908311599746,1.0384421802001158,-0.1224291836808391
2021-01-20,7.300000190734863,7.300000190734863,7.019999980926514,7.176000118255615,7.176000118255615,2412679,PGE.WA,-0.010752697360718932,0.9015075482243506,6.7368999242782595,6.299399967193604,5.981969982385635,0.4765461464520355,1.0384421802001158,-0.13186543708131815
2021-01-21,7.269999980926514,7.269999980926514,6.920000076293945,6.940000057220459,6.940000057220459,2264420,PGE.WA,-0.032887410416114204,0.8718592994926716,6.761799931526184,6.333319969177246,5.994384983778,0.48196798565015525,1.0384421802001158,-0.16041613474843863
2021-01-22,6.909999847412109,7.090000152587891,6.8420000076293945,7.007999897003174,7.007999897003174,1423133,PGE.WA,0.009798247726520826,0.8804019928917717,6.796999931335449,6.370959968566894,6.007139984369278,0.4726381312404354,1.0384421802001158,-0.15218968404951405
2021-01-25,7.064000129699707,7.170000076293945,6.9120001792907715,7.050000190734863,7.050000190734863,1625977,PGE.WA,0.005993192686782223,0.8856784116769991,6.849999952316284,6.3938399696350094,6.020104986429215,0.424759521171754,1.0384421802001158,-0.14710859346418104
2021-01-26,6.984000205993652,7.038000106811523,6.880000114440918,6.96999979019165,6.96999979019165,1932742,PGE.WA,-0.011347574238132596,0.875628110149383,6.892199945449829,6.415239963531494,6.032054985761643,0.42686327031726184,1.0384421802001158,-0.15678684201691162
2021-01-27,6.9120001792907715,6.949999809265137,6.599999904632568,6.659999847412109,6.659999847412109,3722404,PGE.WA,-0.04447632024548698,0.8366833939064285,6.915199947357178,6.4304399585723875,6.042654985189438,0.4632597818938393,1.0384421802001158,-0.19428986046657581
2021-01-28,6.5980000495910645,6.742000102996826,6.480000019073486,6.668000221252441,6.668000221252441,3858932,PGE.WA,0.0012012573609052613,0.8376884659921058,6.92929995059967,6.443199958801269,6.053074985742569,0.45297290974792453,1.0384421802001158,-0.19332199523070537
2021-01-29,6.550000190734863,6.644000053405762,6.46999979019165,6.544000148773193,6.544000148773193,5323957,PGE.WA,-0.018596290996516718,0.8221105675140908,6.935099959373474,6.452279958724976,6.063444987535477,0.4587757942665959,1.0384421802001158,-0.20832321414788468
2021-02-01,6.619999885559082,6.822000026702881,6.579999923706055,6.789999961853027,6.789999961853027,3190087,PGE.WA,0.03759165762335015,0.8530150664966186,6.949599957466125,6.467079954147339,6.075404988527298,0.4755974319836813,1.0384421802001158,-0.1785627714657777
2021-02-02,6.855999946594238,7.047999858856201,6.730000019073486,6.78000020980835,6.78000020980835,3057530,PGE.WA,-0.0014727175406270554,0.8517588162457699,6.948699975013733,6.482879962921142,6.088804990053177,0.44735628509561437,1.0384421802001158,-0.1797725164807641
2021-02-03,6.789999961853027,6.823999881744385,6.619999885559082,6.671999931335449,6.671999931335449,1911327,PGE.WA,-0.015929244119588737,0.838190942130779,6.948999977111816,6.4944399642944335,6.101414989233017,0.4454910310379608,1.0384421802001158,-0.192838120299338
2021-02-04,6.670000076293945,6.840000152587891,6.627999782562256,6.633999824523926,6.633999824523926,1691038,PGE.WA,-0.005695459712619866,0.8334170593883903,6.9321999788284305,6.506919956207275,6.11333998799324,0.41246072319620125,1.0384421802001158,-0.19743527826673568
2021-02-05,6.676000118255615,6.863999843597412,6.656000137329102,6.8379998207092285,6.8379998207092285,1685492,PGE.WA,0.03075067856215119,0.8590451994898559,6.919099974632263,6.522359952926636,6.127264987230301,0.4226647474672689,1.0384421802001158,-0.17275586848339375
2021-02-08,6.849999904632568,7.026000022888184,6.817999839782715,6.888000011444092,6.888000011444092,1947370,PGE.WA,0.0073121076405171515,0.8653266304565953,6.910399985313416,6.537559957504272,6.1415549862384795,0.42354256698843723,1.0384421802001158,-0.16670697034875814
2021-02-09,6.949999809265137,6.949999809265137,6.75,6.75,6.75,1507267,PGE.WA,-0.020034844833741516,0.847989945684893,6.892899990081787,6.5509999561309815,6.15531498670578,0.42811571220108735,1.0384421802001158,-0.18340186689885918
2021-02-10,6.78000020980835,6.840000152587891,6.703999996185303,6.742000102996826,6.742000102996826,1896762,PGE.WA,-0.001185169926396168,0.846984933503381,6.882500004768372,6.563839960098266,6.168689987659454,0.42222518715914736,1.0384421802001158,-0.18436967444816188
2021-02-11,6.769999980926514,6.978000164031982,6.7179999351501465,6.938000202178955,6.938000202178955,1754892,PGE.WA,0.029071506405792924,0.8716080614233346,6.88270001411438,6.580599966049195,6.1827699875831605,0.4356023363693125,1.0384421802001158,-0.16065807221412265
2021-02-12,6.900000095367432,6.9079999923706055,6.736000061035156,6.789999961853027,6.789999961853027,1321966,PGE.WA,-0.021331829924053136,0.8530150664966184,6.876700019836425,6.5943999671936036,6.1961099863052365,0.44226054698041667,1.0384421802001158,-0.17856277146577793
2021-02-15,6.800000190734863,6.857999801635742,6.771999835968018,6.788000106811523,6.788000106811523,957803,PGE.WA,-0.00029452946284824755,0.8527638284272817,6.844000029563904,6.614879970550537,6.210079987049102,0.33461319114223737,1.0384421802001158,-0.1788047089314616
2021-02-16,6.800000190734863,6.880000114440918,6.659999847412109,6.659999847412109,6.659999847412109,3725664,PGE.WA,-0.018856844046152843,0.8366833939064282,6.814300012588501,6.634559965133667,6.223879985809326,0.3300522906939402,1.0384421802001158,-0.19428986046657615
2021-02-17,6.763999938964844,6.875999927520752,6.630000114440918,6.829999923706055,6.829999923706055,3011563,PGE.WA,0.025525537565890932,0.8580401873083439,6.797000002861023,6.659159965515137,6.23929498553276,0.3450712364032012,1.0384421802001158,-0.17372367603269645
2021-02-18,6.817999839782715,6.940000057220459,6.699999809265137,6.734000205993652,6.734000205993652,2683071,PGE.WA,-0.01405559572251236,0.8459799213218689,6.786700010299683,6.68379997253418,6.253869986534118,0.3289903050361783,1.0384421802001158,-0.18533748199746458
2021-02-19,6.78000020980835,6.78000020980835,6.627999782562256,6.630000114440918,6.630000114440918,1931390,PGE.WA,-0.01544402856717586,0.8329145832497168,6.76780002117157,6.703439979553223,6.26769498705864,0.32989498264956457,1.0384421802001158,-0.19791915319810316
2021-02-22,6.599999904632568,6.599999904632568,6.460000038146973,6.501999855041504,6.501999855041504,3394018,PGE.WA,-0.01930622280392036,0.8168341487288633,6.740400004386902,6.718159980773926,6.2810799860954285,0.3333960267332101,1.0384421802001158,-0.2134043047332177
2021-02-23,6.510000228881836,6.550000190734863,6.283999919891357,6.363999843597412,6.363999843597412,3419726,PGE.WA,-0.021224240929056615,0.799497463957161,6.71010000705719,6.7272399806976315,6.292664985656739,0.3381595851109916,1.0384421802001158,-0.23009920128331873
2021-02-24,6.421999931335449,6.5879998207092285,6.363999843597412,6.504000186920166,6.504000186920166,2377107,PGE.WA,0.021998797417256855,0.8170854467023653,6.702300024032593,6.729239988327026,6.3049899864196775,0.3150012403283456,1.0384421802001158,-0.21316230958096616
2021-02-25,6.71999979019165,6.734000205993652,6.400000095367432,6.455999851226807,6.455999851226807,2704703,PGE.WA,-0.007380125202008814,0.8110552538049625,6.691700005531311,6.725119981765747,6.317199985980988,0.3156783940833783,1.0384421802001158,-0.21896927024991808
2021-02-26,6.369999885559082,6.677999973297119,6.300000190734863,6.645999908447266,6.645999908447266,4975475,PGE.WA,0.029429997149760467,0.8349246076127408,6.696799993515015,6.725679979324341,6.330079984664917,0.3268686753166525,1.0384421802001158,-0.19598353809949787
2021-03-01,6.71999979019165,6.840000152587891,6.526000022888184,6.820000171661377,6.820000171661377,3323260,PGE.WA,0.026181201566517043,0.8567839370574951,6.698300004005432,6.728839979171753,6.342979986667633,0.3120899488323806,1.0384421802001158,-0.17493342104768295
2021-03-02,6.800000190734863,6.8979997634887695,6.693999767303467,6.796000003814697,6.796000003814697,2757540,PGE.WA,-0.003519086105951419,0.8537688406087938,6.699099993705749,6.735039978027344,6.355309987068177,0.3123375038362205,1.0384421802001158,-0.1778369013821589
2021-03-03,6.809999942779541,6.889999866485596,6.556000232696533,6.581999778747559,6.581999778747559,3250249,PGE.WA,-0.03148914434182126,0.8268843903523141,6.694599986076355,6.73423996925354,6.366844985485077,0.3275731028114483,1.0384421802001158,-0.20372611386705508
2021-03-04,6.579999923706055,6.815999984741211,6.544000148773193,6.783999919891357,6.783999919891357,3542673,PGE.WA,0.03068978242692011,0.852261292384443,6.702099990844727,6.741079969406128,6.379514985084533,0.34488950303281735,1.0384421802001158,-0.17928864154939683
2021-03-05,6.757999897003174,6.757999897003174,6.6020002365112305,6.613999843597412,6.613999843597412,2289914,PGE.WA,-0.025058973806218354,0.8309044989825275,6.690899991989136,6.747279968261719,6.391629984378815,0.33860999411189047,1.0384421802001158,-0.19985482598327642
2021-03-08,6.679999828338623,6.78000020980835,6.581999778747559,6.742000102996826,6.742000102996826,2309962,PGE.WA,0.019352927491119054,0.846984933503381,6.683599996566772,6.762319974899292,6.404179985523224,0.345371750426029,1.0384421802001158,-0.18436967444816188
2021-03-09,6.748000144958496,6.920000076293945,6.699999809265137,6.914000034332275,6.914000034332275,3191668,PGE.WA,0.02551170701688288,0.8685929649746332,6.691799998283386,6.778079977035523,6.417269985675812,0.3496244215426759,1.0384421802001158,-0.1635615525485986
2021-03-10,6.9120001792907715,6.980000019073486,6.814000129699707,6.895999908447266,6.895999908447266,2755239,PGE.WA,-0.0026034315585230505,0.8663316426381071,6.699499988555909,6.791999979019165,6.429544985294342,0.34980136657476263,1.0384421802001158,-0.16573916279945566
2021-03-11,6.915999889373779,6.940000057220459,6.73799991607666,6.769999980926514,6.769999980926514,1969440,PGE.WA,-0.018271451449181186,0.8505025060907556,6.691099977493286,6.799679975509644,6.440549986362457,0.3402952475515338,1.0384421802001158,-0.18098231918231866
2021-03-12,6.754000186920166,6.789999961853027,6.673999786376953,6.745999813079834,6.745999813079834,1777398,PGE.WA,-0.0035450765013732566,0.8474874096420543,6.688899970054626,6.806039972305298,6.450099985599518,0.33196028344253037,1.0384421802001158,-0.1838857995167945
2021-03-15,6.757999897003174,6.869999885559082,6.659999847412109,6.75,6.75,1687657,PGE.WA,0.0005929716915216154,0.8479899456848929,6.68699996471405,6.811039972305298,6.457449984550476,0.33196896991212976,1.0384421802001158,-0.1834018668988593
2021-03-16,6.75,6.751999855041504,6.570000171661377,6.585999965667725,6.585999965667725,2443674,PGE.WA,-0.024296301382559338,0.8273869263951527,6.683299970626831,6.806799974441528,6.4627799844741824,0.3365804778416018,1.0384421802001158,-0.20324218124911986
2021-03-17,6.559999942779541,6.618000030517578,6.322000026702881,6.322000026702881,6.322000026702881,5910730,PGE.WA,-0.04008501979062462,0.7942211050760989,6.657899975776672,6.79991997718811,6.464989984035492,0.3500000340611251,1.0384421802001158,-0.23518023418208378
2021-03-18,6.383999824523926,6.515999794006348,6.383999824523926,6.420000076293945,6.420000076293945,2051563,PGE.WA,0.015501431378856623,0.8065326690360757,6.642199969291687,6.788919982910156,6.467609984874725,0.3540204091457019,1.0384421802001158,-0.22332443306506422
2021-03-19,6.400000095367432,6.400000095367432,6.239999771118164,6.300000190734863,6.300000190734863,13876619,PGE.WA,-0.018691570737231822,0.7914573066008995,6.625699973106384,6.772919988632202,6.4678599858284,0.3558211751238352,1.0384421802001158,-0.2378417193643082
2021-03-22,6.297999858856201,6.7179999351501465,6.297999858856201,6.539999961853027,6.539999961853027,3136268,PGE.WA,0.03809520061144145,0.8216080314712519,6.627599978446961,6.7624799919128415,6.4689699864387515,0.3771556372005971,1.0384421802001158,-0.20880714676582013
2021-03-23,6.599999904632568,6.618000030517578,6.449999809265137,6.573999881744385,6.573999881744385,1430480,PGE.WA,0.00519876453970558,0.825879378170802,6.638099980354309,6.751959991455078,6.466789984703064,0.3684766803446584,1.0384421802001158,-0.20469392141635778
2021-03-24,6.473999977111816,6.492000102996826,6.303999900817871,6.309999942779541,6.309999942779541,2357454,PGE.WA,-0.04015819040367741,0.7927135568517483,6.628399968147278,6.739159994125366,6.458489985466003,0.38895282566375305,1.0384421802001158,-0.2366319743493217
2021-03-25,6.3420000076293945,6.53000020980835,6.329999923706055,6.53000020980835,6.53000020980835,3338648,PGE.WA,0.03486533581993956,0.8203517812204032,6.632099986076355,6.731079998016358,6.451289987564087,0.408504844860272,1.0384421802001158,-0.21001689178080662
2021-03-26,6.579999923706055,6.739999771118164,6.561999797821045,6.699999809265137,6.699999809265137,1838204,PGE.WA,0.02603362848311086,0.8417085147181534,6.634799981117249,6.726879997253418,6.443929986953735,0.4055241663541691,1.0384421802001158,-0.1894507650334949
2021-03-29,6.699999809265137,6.929999828338623,6.682000160217285,6.9039998054504395,6.9039998054504395,3882873,PGE.WA,0.03044776149145556,0.8673366548196191,6.638999962806702,6.716119995117188,6.441199986934662,0.4093425865656325,1.0384421802001158,-0.16477135525015307
2021-03-30,6.9039998054504395,6.940000057220459,6.815999984741211,6.8520002365112305,6.8520002365112305,2296711,PGE.WA,-0.007531803361025213,0.8608040456877083,6.641799974441528,6.708079996109009,6.4385599875450135,0.41016783942259627,1.0384421802001158,-0.1710621331639045
2021-03-31,6.880000114440918,6.949999809265137,6.75600004196167,6.797999858856201,6.797999858856201,2386602,PGE.WA,-0.007880965527012895,0.8540200786781302,6.65259997844696,6.700519990921021,6.4377499866485595,0.39380790072659416,1.0384421802001158,-0.17759496391647533
2021-04-01,6.800000190734863,6.99399995803833,6.78000020980835,6.8460001945495605,6.8460001945495605,2237127,PGE.WA,0.007060949792581539,0.860050271575533,6.655699992179871,6.698639993667602,6.432279987335205,0.37957833523317175,1.0384421802001158,-0.1717880032475234
2021-04-06,6.900000095367432,7.309999942779541,6.894000053405762,7.289999961853027,7.289999961853027,4778092,PGE.WA,0.06485535417556032,0.9158291365473511,6.689499998092652,6.704279994964599,6.428369989395142,0.42946912901271406,1.0384421802001158,-0.11807402086569352
2021-04-07,7.285999774932861,7.380000114440918,7.2220001220703125,7.375999927520752,7.375999927520752,2255396,PGE.WA,0.011796977519580754,0.9266331522829773,6.721199989318848,6.710799989700317,6.424749987125397,0.4270022670176443,1.0384421802001158,-0.10766995991591177
2021-04-08,7.349999904632568,7.375999927520752,7.139999866485596,7.248000144958496,7.248000144958496,2057502,PGE.WA,-0.01735354986714044,0.9105527776662891,6.737899994850158,6.716359996795655,6.422989988327027,0.42659478933029993,1.0384421802001158,-0.12315505376445846
2021-04-09,7.26200008392334,7.360000133514404,7.190000057220459,7.334000110626221,7.334000110626221,6879473,PGE.WA,0.011865337189258085,0.9213567934019151,6.759800004959106,6.7298400020599365,6.422979989051819,0.42729942179559804,1.0384421802001158,-0.11275099281467693
2021-04-12,7.420000076293945,8.359999656677246,7.406000137329102,8.329999923706055,8.329999923706055,13351903,PGE.WA,0.13580580829781175,1.0464823974605422,6.837800002098083,6.763079996109009,6.427829988002777,0.6269216328680164,1.0464823974605422,0.0
2021-04-13,8.4399995803833,8.597999572753906,8.069999694824219,8.246000289916992,8.246000289916992,4948309,PGE.WA,-0.010083989742906363,1.035929679698418,6.912800025939942,6.797119998931885,6.433319990634918,0.629376451616415,1.0464823974605422,-0.010083989742906252
2021-04-14,8.3100004196167,8.685999870300293,8.222000122070312,8.430000305175781,8.430000305175781,5021135,PGE.WA,0.022313850204902286,1.059045259394021,6.99680004119873,6.82992000579834,6.4412499928474425,0.6294261058515186,1.059045259394021,0.0
2021-04-15,8.399999618530273,8.5,8.303999900817871,8.442000389099121,8.442000389099121,2001368,PGE.WA,0.0014234974482707496,1.0605528076183717,7.0896000623703,6.863160009384155,6.449089994430542,0.6162998165599249,1.0605528076183717,0.0
2021-04-16,8.442000389099121,8.5,8.37399959564209,8.5,8.5,2655899,PGE.WA,0.006870363447953887,1.0678391908624578,7.198500061035157,6.899720010757446,6.4572099947929384,0.5841824800726708,1.0678391908624578,0.0
2021-04-19,8.5,8.869999885559082,8.36400032043457,8.661999702453613,8.661999702453613,5074681,PGE.WA,0.019058788523954595,1.0881909121786961,7.31060004234314,6.94028000831604,6.464269993305206,0.5843172998092605,1.0881909121786961,0.0
2021-04-20,8.604000091552734,8.75,8.399999618530273,8.399999618530273,8.399999618530273,3235392,PGE.WA,-0.030247066834824032,1.055276328928979,7.41560001373291,6.9715200042724605,6.470539991855621,0.5946855607144499,1.0881909121786961,-0.03024706683482392
2021-04-21,8.387999534606934,8.449999809265137,8.3100004196167,8.359999656677246,8.359999656677246,2438339,PGE.WA,-0.004761900436850985,1.0502512081172537,7.506599998474121,7.000959997177124,6.476149990558624,0.5921795567381921,1.0881909121786961,-0.03486493375090072
2021-04-22,8.362000465393066,8.630000114440918,8.362000465393066,8.550000190734863,8.550000190734863,2239649,PGE.WA,0.022727337543113624,1.0741206218291974,7.605400013923645,7.036960000991821,6.483299992084503,0.5923938290282456,1.0881909121786961,-0.012929983325562056
2021-04-23,8.5,8.600000381469727,8.392000198364258,8.541999816894531,8.541999816894531,1445554,PGE.WA,-0.0009357162177612288,1.07311554974352,7.7170000076293945,7.072959995269775,6.490249991416931,0.5604615126090275,1.0881909121786961,-0.013853600748230166
2021-04-26,8.597999572753906,8.64799976348877,8.4399995803833,8.569999694824219,8.569999694824219,1671930,PGE.WA,0.003277906641288908,1.0766331223308947,7.818999981880188,7.105599985122681,6.497049989700318,0.5574297900874653,1.0881909121786961,-0.010621104916839652
2021-04-27,8.579999923706055,8.795999526977539,8.5,8.729999542236328,8.729999542236328,2099262,PGE.WA,0.018669761156320686,1.0967336055777963,7.920499968528747,7.144399976730346,6.504959988594055,0.5559738671797484,1.0967336055777963,0.0
2021-04-28,8.800000190734863,9.579999923706055,8.784000396728516,9.529999732971191,9.529999732971191,10534237,PGE.WA,0.09163805643567424,1.197236141620635,8.051799964904784,7.19923996925354,6.516639988422394,0.6190270526629537,1.197236141620635,0.0
2021-04-29,9.562000274658203,10.25,9.470000267028809,10.119999885559082,10.119999885559082,11656062,PGE.WA,0.06190977640289441,1.2713567634498324,8.215199947357178,7.2684399700164795,6.532229988574982,0.6315828253907061,1.2713567634498324,0.0
2021-04-30,10.194999694824219,10.244999885559082,9.972000122070312,10.100000381469727,10.100000381469727,4289887,PGE.WA,-0.0019762356043001583,1.2688442629481351,8.380299973487855,7.333839979171753,6.5477199912071224,0.6284158048105849,1.2713567634498324,-0.0019762356043000473
2021-05-04,10.119999885559082,10.390000343322754,10.020000457763672,10.220000267028809,10.220000267028809,2801329,PGE.WA,0.011881176339284538,1.2839196253833114,8.548999977111816,7.403559980392456,6.564489991664886,0.6272605464254616,1.2839196253833114,0.0
2021-05-05,10.289999961853027,10.350000381469727,10.100000381469727,10.135000228881836,10.135000228881836,2628167,PGE.WA,-0.008317028955585726,1.2732412286823536,8.691249990463257,7.473659982681275,6.581734993457794,0.6129216910498123,1.2839196253833114,-0.008317028955585726
2021-05-06,10.100000381469727,10.319999694824219,10.0,10.100000381469727,10.100000381469727,2492129,PGE.WA,-0.0034533642448640878,1.2688442629481351,8.827450013160705,7.545619993209839,6.592234995365143,0.6171067569110606,1.2839196253833114,-0.011741671470031134
2021-05-07,10.125,10.199999809265137,9.746000289916992,9.960000038146973,9.960000038146973,2370261,PGE.WA,-0.013861419607429926,1.2512562802029308,8.96305000782013,7.61753999710083,6.603974995613098,0.6146844633940142,1.2839196253833114,-0.025440334842322443
2021-05-10,9.998000144958496,10.100000381469727,9.333999633789062,9.619999885559082,9.619999885559082,3304393,PGE.WA,-0.03413656137406462,1.2085426933990997,9.077349996566772,7.6798599910736085,6.614364995956421,0.6406156718394502,1.2839196253833114,-0.058708450664665346
2021-05-11,9.5,9.763999938964844,9.40999984741211,9.727999687194824,9.727999687194824,3562838,PGE.WA,0.011226590740179176,1.2221105076099252,9.147249984741212,7.7452999877929685,6.6258949947357175,0.45244521026411066,1.2839196253833114,-0.04814095567308829
2021-05-12,9.819999694824219,9.949999809265137,9.52400016784668,9.630000114440918,9.630000114440918,2070113,PGE.WA,-0.010073969562612639,1.2097990035541137,9.216449975967407,7.804979991912842,6.637304995059967,0.45243985237259365,1.2839196253833114,-0.05772995471353526
2021-05-13,9.473999977111816,9.75,9.34000015258789,9.644000053405762,9.644000053405762,2675675,PGE.WA,0.0014537838835380068,1.2115577898478012,9.277149963378907,7.861459989547729,6.6460149955749515,0.44983735802335234,1.2839196253833114,-0.05636009770775707
2021-05-14,9.60200023651123,9.739999771118164,9.399999618530273,9.609999656677246,9.609999656677246,1542719,PGE.WA,-0.003525549205747769,1.2072863832440857,9.335549926757812,7.917739982604981,6.656964993476867,0.4510098954984901,1.2839196253833114,-0.05968694661579543
2021-05-17,9.605999946594238,9.744000434875488,9.529999732971191,9.708000183105469,9.708000183105469,1212273,PGE.WA,0.010197765861534647,1.2195980071082277,9.395949935913086,7.980259990692138,6.67001499414444,0.4511644390117541,1.2839196253833114,-0.05009785426083857
2021-05-18,9.732000350952148,9.850000381469727,9.637999534606934,9.829999923706055,9.829999923706055,1453617,PGE.WA,0.012566928131387822,1.2349246076127407,9.454349946975707,8.041179990768432,6.685834994316101,0.44945551424948654,1.2839196253833114,-0.03816050226348344
2021-05-19,9.770000457763672,10.085000038146973,9.706000328063965,9.859999656677246,9.859999656677246,2088687,PGE.WA,0.0030518548529023803,1.2386934182694522,9.527349948883057,8.10609998703003,6.702024991512299,0.42817591475821076,1.2839196253833114,-0.03522510772460308
2021-05-20,9.972000122070312,10.135000228881836,9.758000373840332,9.800000190734863,9.800000190734863,3819838,PGE.WA,-0.006085138745593244,1.2311557969560294,9.599349975585938,8.16725998878479,6.7167949914932255,0.42873989029737025,1.2839196253833114,-0.041095896802363696
2021-05-21,9.836000442504883,9.977999687194824,9.02400016784668,9.149999618530273,9.149999618530273,7392344,PGE.WA,-0.06632658770957112,1.1494974340050783,9.629349946975708,8.21197998046875,6.728424990177155,0.49968994367772096,1.2839196253833114,-0.10469673390816936
2021-05-24,8.949999809265137,9.520000457763672,8.772000312805176,9.368000030517578,9.368000030517578,5113608,PGE.WA,0.02382518263124478,1.1768844203043964,9.67064995765686,8.261419982910157,6.740704989433288,0.5042477726514754,1.2839196253833114,-0.0833659700831817
2021-05-25,9.70199966430664,9.8100004196167,9.449999809265137,9.687999725341797,9.687999725341797,3937892,PGE.WA,0.034158805911803425,1.2170853867981997,9.726549959182739,8.319779977798461,6.7557749891281125,0.5145787708547587,1.2839196253833114,-0.052054846163098856
2021-05-26,9.699999809265137,10.270000457763672,9.600000381469727,10.239999771118164,10.239999771118164,5413668,PGE.WA,0.05697771071694491,1.2864321258850084,9.80204997062683,8.389659976959228,6.774924988746643,0.5436035832698736,1.2864321258850084,0.0
2021-05-27,10.220000267028809,10.220000267028809,9.899999618530273,10.024999618530273,10.024999618530273,5029909,PGE.WA,-0.020996109120460793,1.2594220565938605,9.826799964904785,8.455159969329834,6.792419986724854,0.45511088940088884,1.2864321258850084,-0.020996109120460682
2021-05-28,10.0,10.239999771118164,10.0,10.164999961853027,10.164999961853027,1761749,PGE.WA,0.013965122059852897,1.2770100393390647,9.829049968719483,8.52673996925354,6.808244986534119,0.40133865511757916,1.2864321258850084,-0.00732420028725711
2021-05-31,10.100000381469727,10.125,9.899999618530273,9.986000061035156,9.986000061035156,1136519,PGE.WA,-0.017609434480041042,1.2545226147209687,9.823349952697754,8.600019969940185,6.823834986686706,0.40643628711093377,1.2864321258850084,-0.024804659742221014
2021-06-01,10.0,10.194999694824219,9.90999984741211,9.935999870300293,9.935999870300293,1390303,PGE.WA,-0.005007028883362574,1.2482411837542293,9.809149932861327,8.670339965820313,6.839774985313415,0.40416305586852475,1.2864321258850084,-0.029687490977812314
2021-06-02,9.96399974822998,10.329999923706055,9.96399974822998,10.239999771118164,10.239999771118164,1935516,PGE.WA,0.03059580362179326,1.2864321258850084,9.814399909973144,8.749139957427978,6.8567649841308596,0.4183009155071528,1.2864321258850084,0.0
2021-06-04,10.3100004196167,10.829999923706055,10.135000228881836,10.675000190734863,10.675000190734863,2870493,PGE.WA,0.04248051067770664,1.3410804195448114,9.843149900436401,8.831839962005615,6.875389986038208,0.44308078834226367,1.3410804195448114,0.0
2021-06-07,10.675000190734863,10.979999542236328,10.649999618530273,10.75,10.75,3018911,PGE.WA,0.0070257431311553376,1.3505025060907552,9.882649898529053,8.915359964370728,6.895369985103607,0.43862930394819755,1.3505025060907552,0.0
2021-06-08,10.699999809265137,10.845000267028809,10.460000038146973,10.6899995803833,10.6899995803833,1566599,PGE.WA,-0.00558143438294878,1.3429647649690017,9.936149883270264,9.002959957122803,6.915809981822967,0.416701368332331,1.3505025060907552,-0.00558143438294878
2021-06-09,10.6899995803833,10.6899995803833,10.229999542236328,10.234999656677246,10.234999656677246,2255361,PGE.WA,-0.042563137658209405,1.2858039708075013,9.961499881744384,9.077059946060182,6.934184980392456,0.4495449423491422,1.3505025060907552,-0.04790700868118647
2021-06-10,10.199999809265137,10.46500015258789,10.015000343322754,10.395000457763672,10.395000457763672,1491461,PGE.WA,0.01563271191533877,1.3059045738627337,9.999749898910522,9.150959959030152,6.952459983825683,0.4489455006711738,1.3505025060907552,-0.03302321323128621
2021-06-11,10.399999618530273,10.399999618530273,10.079999923706055,10.149999618530273,10.149999618530273,1043211,PGE.WA,-0.02356910326544681,1.2751255741065437,10.025049877166747,9.215879955291747,6.969819982051849,0.4596435712062114,1.3505025060907552,-0.055813988973927975
2021-06-14,10.125,10.295000076293945,10.119999885559082,10.244999885559082,10.244999885559082,972719,PGE.WA,0.009359632571352305,1.2870602809625156,10.05679988861084,9.283739948272705,6.98874498128891,0.4595075375315094,1.3505025060907552,-0.04697675483171315
2021-06-15,10.380000114440918,10.380000114440918,9.920000076293945,9.986000061035156,9.986000061035156,1871057,PGE.WA,-0.02528060784939601,1.2545226147209687,10.070699882507324,9.347499952316284,7.006874980926514,0.46989621734889225,1.3505025060907552,-0.07106976176417146
2021-06-16,9.920000076293945,10.25,9.920000076293945,9.960000038146973,9.960000038146973,2244927,PGE.WA,-0.0026036473792578896,1.2512562802029308,10.07719988822937,9.409779949188232,7.0249449801445,0.4683823025112441,1.3505025060907552,-0.0734883685444675
2021-06-17,9.920000076293945,10.300000190734863,9.920000076293945,10.255000114440918,10.255000114440918,1680360,PGE.WA,0.029618481442177602,1.2883165911175294,10.096949911117553,9.46907995223999,7.04407998085022,0.4792386994877276,1.3505025060907552,-0.04604650098224017
2021-06-18,10.25,10.350000381469727,10.039999961853027,10.255000114440918,10.255000114440918,4056654,PGE.WA,0.0,1.2883165911175294,10.119699907302856,9.526659955978394,7.065164980888366,0.4782954260237879,1.3505025060907552,-0.04604650098224017
2021-06-21,10.164999961853027,10.279999732971191,10.010000228881836,10.0649995803833,10.0649995803833,1127841,PGE.WA,-0.01852759940880566,1.2644471774055857,10.165449905395509,9.58299994468689,7.086519978046417,0.41234308549374654,1.3505025060907552,-0.06372096926666981
2021-06-22,10.1850004196167,10.390000343322754,10.095000267028809,10.359999656677246,10.359999656677246,2343496,PGE.WA,0.0293094971279384,1.3015074883201845,10.215049886703492,9.64351993560791,7.108509976863861,0.41608968916169636,1.3505025060907552,-0.03627910170444226
2021-06-23,10.220000267028809,10.399999618530273,10.024999618530273,10.375,10.375,1564138,PGE.WA,0.0014479096351209808,1.3033919535527054,10.249399900436401,9.68441993713379,7.131014976501465,0.4020348474198286,1.3505025060907552,-0.03488372093023262
2021-06-24,10.335000038146973,10.404999732971191,10.130000114440918,10.154999732971191,10.154999732971191,2627573,PGE.WA,-0.02120484501482489,1.2757537291840504,10.245149898529053,9.722599925994873,7.15404997587204,0.35808836836351543,1.3505025060907552,-0.05534886204919165
2021-06-25,10.119999885559082,10.274999618530273,10.039999961853027,10.09000015258789,10.09000015258789,1705770,PGE.WA,-0.006400746636384458,1.2675879527931206,10.248399925231933,9.755799922943115,7.176299977302551,0.35050022822725646,1.3505025060907552,-0.061395334642986965
2021-06-28,10.050000190734863,10.109999656677246,9.899999618530273,9.95199966430664,9.95199966430664,1732578,PGE.WA,-0.013676956015293618,1.250251208117253,10.237749910354614,9.785999908447266,7.197969975471497,0.35020644888543057,1.3505025060907552,-0.07423258936682431
2021-06-29,9.998000144958496,10.03499984741211,9.630000114440918,9.631999969482422,9.631999969482422,2319484,PGE.WA,-0.03215431125584878,1.2100502416234498,10.220049905776978,9.808639907836914,7.217109975814819,0.3630218831129926,1.3505025060907552,-0.1040000028388447
2021-06-30,9.657999992370605,9.755999565124512,9.383999824523926,9.40999984741211,9.40999984741211,2787939,PGE.WA,-0.023048185503912744,1.182160779185458,10.193749904632568,9.823599910736084,7.236179974079132,0.37086118713563027,1.3505025060907552,-0.12465117698492034
2021-07-01,9.449999809265137,9.597999572753906,9.09000015258789,9.300000190734863,9.300000190734863,3284109,PGE.WA,-0.011689655521885833,1.1683417269052958,10.146749925613403,9.841599922180176,7.254179975986481,0.35070354523342445,1.3505025060907552,-0.1348837031874549
2021-07-02,9.38599967956543,9.395999908447266,9.140000343322754,9.140000343322754,9.140000343322754,1670722,PGE.WA,-0.017204284315123886,1.1482412436583942,10.069999933242798,9.857199935913085,7.271829977035522,0.305588609785458,1.3505025060907552,-0.14976740992346504
2021-07-05,9.142000198364258,9.239999771118164,9.07800006866455,9.093999862670898,9.093999862670898,932489,PGE.WA,-0.005032875155793759,1.1424622888303282,9.987199926376343,9.868079929351806,7.289669976234436,0.3009193356941354,1.3505025060907552,-0.15404652440270739
2021-07-06,9.128000259399414,9.175999641418457,8.899999618530273,8.911999702453613,8.911999702453613,1913485,PGE.WA,-0.020013213433657584,1.1195979472040618,9.898299932479858,9.875479927062988,7.307229974269867,0.3036283685925971,1.3505025060907552,-0.17097677186478044
2021-07-07,8.961999893188477,9.105999946594238,8.930000305175781,8.98799991607666,8.98799991607666,2553347,PGE.WA,0.008527851903105788,1.1291457126888393,9.83594994544983,9.883839931488037,7.324189972877503,0.2818343993179916,1.3505025060907552,-0.1639069845510086
2021-07-08,9.0,9.133999824523926,8.920000076293945,9.045999526977539,9.045999526977539,1850697,PGE.WA,0.006453005278419743,1.1364320959329255,9.768499898910523,9.890159931182861,7.341539969444275,0.2741267693806014,1.3505025060907552,-0.15851167190906634
2021-07-09,9.050000190734863,9.076000213623047,8.956000328063965,9.039999961853027,9.039999961853027,2397698,PGE.WA,-0.000663228547229,1.1356783817249154,9.71299991607666,9.880359935760499,7.361089968681336,0.26750320505384056,1.3505025060907552,-0.1590697709904163
2021-07-12,9.029999732971191,9.076000213623047,8.9399995803833,8.9399995803833,8.9399995803833,2461875,PGE.WA,-0.011061989147312823,1.1231155197914366,9.647749900817871,9.856759929656983,7.379499967098236,0.2620833541397022,1.3505025060907552,-0.16837213205736756
2021-07-13,8.960000038146973,9.050000190734863,8.854000091552734,8.949999809265137,8.949999809265137,1003042,PGE.WA,0.0011185938871607348,1.1243718299464507,9.59594988822937,9.833759918212891,7.398099966049195,0.2538297050005141,1.3505025060907552,-0.16744187820789447
2021-07-14,8.989999771118164,8.989999771118164,8.819999694824219,8.850000381469727,8.850000381469727,1524953,PGE.WA,-0.011173120662180347,1.1118090878213025,9.540449905395509,9.80635992050171,7.417299966812134,0.25442626129510504,1.3505025060907552,-0.17674415056095594
2021-07-15,8.836000442504883,9.027999877929688,8.819999694824219,8.855999946594238,8.855999946594238,1018747,PGE.WA,0.0006779169340007662,1.1125628020293126,9.470499897003174,9.780779914855957,7.432309966087342,0.2193618106803512,1.3505025060907552,-0.17618605147960598
2021-07-16,8.855999946594238,8.918000221252441,8.814000129699707,8.843999862670898,8.843999862670898,817829,PGE.WA,-0.0013550230347454395,1.1110552538049618,9.399949884414672,9.75565990447998,7.44409996509552,0.2188227026952573,1.3505025060907552,-0.1773023383561957
2021-07-19,8.854000091552734,8.854000091552734,8.350000381469727,8.399999618530273,8.399999618530273,3830331,PGE.WA,-0.05020355620025263,1.0552763289289784,9.316699886322022,9.724459896087646,7.454519963264465,0.2645251431362055,1.3505025060907552,-0.21860468664834698
2021-07-20,8.399999618530273,8.486000061035156,8.300000190734863,8.383999824523926,8.383999824523926,2377919,PGE.WA,-0.001904737468207962,1.0532663045659545,9.217899894714355,9.699739894866944,7.4643399620056154,0.2250326712480467,1.3505025060907552,-0.22009303957916992
2021-07-21,8.329999923706055,8.6899995803833,8.329999923706055,8.579999923706055,8.579999923706055,1223329,PGE.WA,0.02337787491464538,1.077889432485908,9.128149890899659,9.676779899597168,7.4722999620437625,0.25220596361131503,1.3505025060907552,-0.20186047221339054
2021-07-22,8.515999794006348,8.649999618530273,8.5,8.600000381469727,8.600000381469727,502093,PGE.WA,0.0023310557041396063,1.0804020527959362,9.050399923324585,9.656179904937744,7.481409964561462,0.2513458684707083,1.3505025060907552,-0.19999996451444424
2021-07-23,8.600000381469727,9.15999984741211,8.52400016784668,9.083999633789062,9.083999633789062,2943282,PGE.WA,0.056278980331466055,1.1412059786753141,9.000099897384644,9.64497989654541,7.49266996383667,0.33999020028939786,1.3505025060907552,-0.15497677825218048
2021-07-26,9.083999633789062,9.086000442504883,8.652000427246094,8.652000427246094,8.652000427246094,1623342,PGE.WA,-0.04755605723893852,1.086934721832012,8.935099935531616,9.625819911956787,7.50313996553421,0.3712609891542997,1.3505025060907552,-0.19516275095385205
2021-07-27,8.779999732971191,8.779999732971191,8.479999542236328,8.508000373840332,8.508000373840332,1777675,PGE.WA,-0.016643555974903745,1.0688442629481345,8.878899955749512,9.601819915771484,7.513379967212677,0.3611082100709025,1.3505025060907552,-0.20855810475903913
2021-07-28,8.505999565124512,8.767999649047852,8.505999565124512,8.661999702453613,8.661999702453613,2056283,PGE.WA,0.01810053148173152,1.0881909121786952,8.841499948501587,9.578459911346435,7.52568996667862,0.3647722818652615,1.3505025060907552,-0.19423258581826897
2021-07-29,8.75,9.005999565124512,8.70199966430664,8.977999687194824,8.977999687194824,1868362,PGE.WA,0.036481181666595974,1.127889402533825,8.825399923324586,9.560819911956788,7.540829966068268,0.39028112906342294,1.3505025060907552,-0.16483723840048192
2021-07-30,8.918000221252441,8.930000305175781,8.65999984741211,8.680000305175781,8.680000305175781,2090977,PGE.WA,-0.033192180040290564,1.0904522944193866,8.802399921417237,9.538419914245605,7.5551899671554565,0.402755036890577,1.3505025060907552,-0.1925581111464394
2021-08-02,8.720000267028809,8.850000381469727,8.710000038146973,8.800000190734863,8.800000190734863,703127,PGE.WA,0.01382487112212738,1.1055276568545627,8.787699937820435,9.531419925689697,7.571109967231751,0.4065853100999499,1.3505025060907552,-0.18139533109443184
2021-08-03,8.800000190734863,8.947999954223633,8.727999687194824,8.805999755859375,8.805999755859375,1163087,PGE.WA,0.0006817687493720914,1.1062813710625727,8.782399940490723,9.520179920196533,7.587239966392517,0.40056392884552183,1.3505025060907552,-0.18083723201308188
2021-08-04,8.807999610900879,8.932000160217285,8.805999755859375,8.855999946594238,8.855999946594238,753079,PGE.WA,0.005677968671483846,1.1125628020293121,8.7757999420166,9.503539924621583,7.604949965476989,0.3998584957513883,1.3505025060907552,-0.1761860514796062
2021-08-05,8.925999641418457,9.140000343322754,8.824000358581543,9.128000259399414,9.128000259399414,872680,PGE.WA,0.03071367597622654,1.146733695434043,8.779899978637696,9.481299934387208,7.623829965591431,0.4144119633019466,1.3505025060907552,-0.1508836968000552
2021-08-06,9.131999969482422,9.1899995803833,9.0600004196167,9.109999656677246,9.109999656677246,891250,PGE.WA,-0.0019720203999372687,1.1444723131933516,8.783399963378907,9.462999935150146,7.640649964809418,0.41449826170975584,1.3505025060907552,-0.15255817147188477
2021-08-09,9.097999572753906,9.119999885559082,9.020000457763672,9.020000457763672,9.020000457763672,373257,PGE.WA,-0.009879166004974405,1.1331658812232175,8.787400007247925,9.44009994506836,7.657429966926575,0.4140737574436163,1.3505025060907552,-0.16093018997547304
2021-08-10,9.041999816894531,9.076000213623047,8.932000160217285,8.979999542236328,8.979999542236328,548500,PGE.WA,-0.004434691075089092,1.1281406406031613,8.788899993896484,9.419979934692384,7.674849965572357,0.4144806225580856,1.3505025060907552,-0.16465120537336564
2021-08-11,8.9399995803833,8.979999542236328,8.847999572753906,8.920000076293945,8.920000076293945,616452,PGE.WA,-0.006681455345312948,1.1206030192897385,8.792399978637695,9.399659938812256,7.692159965038299,0.4131084282957527,1.3505025060907552,-0.17023255104242452
2021-08-12,8.869999885559082,9.130000114440918,8.868000030517578,9.130000114440918,9.130000114440918,838682,PGE.WA,0.023542604972064396,1.1469849335033795,8.806099987030029,9.37745994567871,7.711449966430664,0.42097811919600475,1.3505025060907552,-0.1506976637729387
2021-08-13,9.130000114440918,9.130000114440918,8.899999618530273,8.949999809265137,8.949999809265137,975437,PGE.WA,-0.019715257712984546,1.12437182994645,8.811399984359742,9.342959938049317,7.7291099643707275,0.4278265239244325,1.3505025060907552,-0.1674418782078949
2021-08-16,8.911999702453613,8.998000144958496,8.899999618530273,8.949999809265137,8.949999809265137,495982,PGE.WA,0.0,1.12437182994645,8.838899993896485,9.30695993423462,7.748329963684082,0.38299089194902025,1.3505025060907552,-0.1674418782078949
2021-08-17,8.949999809265137,8.989999771118164,8.819999694824219,8.899999618530273,8.899999618530273,1353595,PGE.WA,-0.005586613608986046,1.1180903989797106,8.864699983596802,9.27115993499756,7.769169962406158,0.3838957722310634,1.3505025060907552,-0.1720930587413706
2021-08-18,8.899999618530273,9.052000045776367,8.826000213623047,9.039999961853027,9.039999961853027,946907,PGE.WA,0.01573037632847374,1.1356783817249148,8.88769998550415,9.247259941101074,7.791889963150024,0.37951715440134415,1.3505025060907552,-0.15906977099041686
2021-08-19,9.034000396728516,9.039999961853027,8.829999923706055,8.86400032043457,8.86400032043457,1717298,PGE.WA,-0.019468986964727875,1.113567874114989,8.900899982452392,9.216639938354492,7.813659963607788,0.3877392271845987,1.3505025060907552,-0.17544183065725005
2021-08-20,8.968000411987305,9.300000190734863,8.911999702453613,9.25,9.25,2717932,PGE.WA,0.04354689368360787,1.1620602959385558,8.90920000076294,9.198639945983887,7.8365599632263185,0.3660370355655477,1.3505025060907552,-0.13953488372093104
2021-08-23,9.300000190734863,9.881999969482422,9.1899995803833,9.779999732971191,9.779999732971191,4979469,PGE.WA,0.05729726842931804,1.228643176646,8.965599966049194,9.18933994293213,7.8600499629974365,0.37015803566747846,1.3505025060907552,-0.09023258297942482
2021-08-24,9.821999549865723,9.857999801635742,9.640000343322754,9.739999771118164,9.739999771118164,2026357,PGE.WA,-0.004089975761264686,1.2236180558342746,9.027199935913085,9.18441993713379,7.882959961891174,0.36239307290132833,1.3505025060907552,-0.0939535096634273
2021-08-25,9.73799991607666,9.73799991607666,9.550000190734863,9.661999702453613,9.661999702453613,1353437,PGE.WA,-0.008008220790296394,1.2138190522801606,9.077199935913086,9.178459930419923,7.905049960613251,0.3636617002271152,1.3505025060907552,-0.10120933000431565
2021-08-26,9.697999954223633,9.779999732971191,9.543999671936035,9.597999572753906,9.597999572753906,1418232,PGE.WA,-0.006623901021592271,1.2057788350197338,9.10819993019104,9.165319919586182,7.927409958839417,0.34711987597107724,1.3505025060907552,-0.10716283044149777
2021-08-27,9.628000259399414,9.628000259399414,9.47599983215332,9.616000175476074,9.616000175476074,857555,PGE.WA,0.0018754535865230793,1.2080402172604252,9.154999923706054,9.152539920806884,7.9459599590301515,0.3190484379142727,1.3505025060907552,-0.10548835576966809
2021-08-30,9.61400032043457,9.87600040435791,9.61400032043457,9.87600040435791,9.87600040435791,1464763,PGE.WA,0.027038292859532298,1.2407035624408056,9.208799934387207,9.148759937286377,7.965839960575104,0.32706611975634636,1.3505025060907552,-0.08130228796670669
2021-08-31,9.928000450134277,10.149999618530273,9.920000076293945,10.09000015258789,10.09000015258789,4040296,PGE.WA,0.021668665397740483,1.26758795279312,9.272999954223632,9.14335994720459,7.986789960861206,0.33101531282271784,1.3505025060907552,-0.06139533464298752
2021-09-01,10.079999923706055,10.095000267028809,9.942000389099121,10.0,10.0,1467763,PGE.WA,-0.008919737485316825,1.2562814010146552,9.330199956893921,9.13585994720459,8.006639959812164,0.3358277028988118,1.3505025060907552,-0.06976744186046568
2021-09-02,9.92199993133545,10.029999732971191,9.65999984741211,9.741999626159668,9.741999626159668,1842167,PGE.WA,-0.025800037384033248,1.2238692939036115,9.360899925231934,9.12759994506836,8.024899957180024,0.341212625641034,1.3505025060907552,-0.09376747663631047
2021-09-03,9.699999809265137,9.800000190734863,9.59000015258789,9.633999824523926,9.633999824523926,622073,PGE.WA,-0.01108599936154131,1.210301479692786,9.387099933624267,9.11847993850708,8.042819955348968,0.3446589311616845,1.3505025060907552,-0.10381396981172841
2021-09-06,9.633999824523926,9.880000114440918,9.569999694824219,9.779999732971191,9.779999732971191,705803,PGE.WA,0.015154651350066883,1.2286431766460002,9.425099897384644,9.11503993988037,8.061769955158233,0.3436861361301363,1.3505025060907552,-0.0902325829794246
2021-09-07,9.850000381469727,9.850000381469727,9.64799976348877,9.776000022888184,9.776000022888184,708765,PGE.WA,-0.0004089683223122975,1.2281407005073268,9.464899921417237,9.117919940948486,8.08017995595932,0.3426289514215677,1.3505025060907552,-0.09060464903365795
2021-09-08,9.770000457763672,9.937999725341797,9.600000381469727,9.699999809265137,9.699999809265137,1828568,PGE.WA,-0.007774162586447475,1.2185929350225493,9.503899908065796,9.123719940185547,8.098629953861236,0.34312237995479056,1.3505025060907552,-0.09767443634742978
2021-09-09,9.739999771118164,9.850000381469727,9.649999618530273,9.850000381469727,9.850000381469727,1072646,PGE.WA,0.015463976820011327,1.2374372279227674,9.539899921417236,9.134719944000244,8.11754995584488,0.3383150872698518,1.3505025060907552,-0.08372089474700284
2021-09-10,9.850000381469727,9.850000381469727,9.699999809265137,9.765999794006348,9.765999794006348,666294,PGE.WA,-0.008527978092407462,1.2268843903523126,9.580699920654297,9.147239933013916,8.1357399559021,0.33013939455919544,1.3505025060907552,-0.09153490288313126
2021-09-13,9.765999794006348,10.114999771118164,9.708000183105469,10.109999656677246,10.109999656677246,1737037,PGE.WA,0.03522423406992292,1.270100453294817,9.638699913024903,9.167559928894043,8.155899953842162,0.34691724766289134,1.3505025060907552,-0.05953491565793145
2021-09-14,10.109999656677246,10.279999732971191,10.010000228881836,10.199999809265137,10.199999809265137,1404041,PGE.WA,0.008902092546407614,1.2814070050732818,9.703699922561645,9.193319931030274,8.176399953365326,0.34411428842347735,1.3505025060907552,-0.05116280844045329
2021-09-15,10.100000381469727,10.260000228881836,9.956000328063965,10.010000228881836,10.010000228881836,1585518,PGE.WA,-0.01862741018982328,1.2575377111696688,9.752199935913087,9.213759937286376,8.195949954986572,0.35409896417847797,1.3505025060907552,-0.06883718801099281
2021-09-16,10.0,10.194999694824219,9.869999885559082,9.946000099182129,9.946000099182129,1415151,PGE.WA,-0.006393619204427936,1.249497493909242,9.806299924850464,9.231759948730469,8.21517995595932,0.34486929322890775,1.3505025060907552,-0.07479068844817494
2021-09-17,9.9399995803833,10.069999694824219,9.75,9.755999565124512,9.755999565124512,3334015,PGE.WA,-0.01910321055327968,1.2256280801972985,9.831599903106689,9.246079940795898,8.23513995409012,0.3255528019576244,1.3505025060907552,-0.09246515673260436
2021-09-20,9.6899995803833,9.6899995803833,9.1899995803833,9.312000274658203,9.312000274658203,2817868,PGE.WA,-0.04551038440525412,1.1698492751296459,9.80819993019104,9.253519954681396,8.253319954872131,0.3011831440525002,1.3505025060907552,-0.13376741631086553
2021-09-21,9.260000228881836,9.390000343322754,9.088000297546387,9.145999908447266,9.145999908447266,738228,PGE.WA,-0.017826499282081576,1.1489949578664036,9.778499937057495,9.257439956665038,8.271049954891204,0.3061850808564925,1.3505025060907552,-0.14920931084211553
2021-09-22,9.152000427246094,9.479999542236328,9.076000213623047,9.36400032043457,9.36400032043457,1074040,PGE.WA,0.023835601811668328,1.1763819441657217,9.763599967956543,9.267719955444337,8.29035995721817,0.31978951910585796,1.3505025060907552,-0.12893020275027345
2021-09-23,9.447999954223633,9.449999809265137,9.112000465393066,9.131999969482422,9.131999969482422,1447405,PGE.WA,-0.024775773495635867,1.147236171572716,9.74029998779297,9.273239955902099,8.307779958248139,0.3300693025229175,1.3505025060907552,-0.1505116307458222
2021-09-24,9.137999534606934,9.270000457763672,8.960000038146973,8.960000038146973,8.960000038146973,1890860,PGE.WA,-0.01883485894768322,1.1256281401014638,9.707499980926514,9.275559959411622,8.323749959468842,0.3347648087653228,1.3505025060907552,-0.16651162435842204
2021-09-27,9.038000106811523,9.09000015258789,8.729999542236328,8.866000175476074,8.866000175476074,2067561,PGE.WA,-0.010491056056997405,1.1138191121843257,9.656999969482422,9.284879970550538,8.338529961109161,0.31558952375803256,1.3505025060907552,-0.17525579763013344
2021-09-28,8.859999656677246,8.996000289916992,8.732000350952148,8.833999633789062,8.833999633789062,1291968,PGE.WA,-0.003609354957551991,1.1097989436499471,9.594199943542481,9.29387996673584,8.350679960250854,0.29939478585588275,1.3505025060907552,-0.17823259220566934
2021-09-29,8.911999702453613,8.9399995803833,8.75,8.781999588012695,8.781999588012695,1848781,PGE.WA,-0.005886353625992102,1.103266274613871,9.533299922943115,9.297919960021973,8.361279957294464,0.29925722375114333,1.3505025060907552,-0.18306980576626164
2021-09-30,8.887999534606934,9.097999572753906,8.850000381469727,8.930000305175781,8.930000305175781,2678427,PGE.WA,0.01685273560762912,1.1218593294447525,9.49269995689392,9.304519958496094,8.372839958667756,0.30069760327641565,1.3505025060907552,-0.1693022971929513
2021-10-01,8.859999656677246,9.064000129699707,8.8100004196167,9.02400016784668,9.02400016784668,1304719,PGE.WA,0.010526300051346693,1.1336683573618906,9.46219997406006,9.303319969177245,8.384649958610535,0.3038751980405941,1.3505025060907552,-0.16055812392123991
2021-10-04,9.020000457763672,9.437999725341797,8.960000038146973,9.37399959564209,9.37399959564209,2312906,PGE.WA,0.03878539686230176,1.1776381345124054,9.441899967193603,9.317759952545167,8.39908995628357,0.3328856545474791,1.3505025060907552,-0.12800003761469003
2021-10-05,9.359999656677246,9.460000038146973,9.166000366210938,9.347999572753906,9.347999572753906,1316541,PGE.WA,-0.0027736317484237105,1.1743717999943672,9.42049994468689,9.334559936523437,8.41271995306015,0.3328501541253587,1.3505025060907552,-0.13041864439498618
2021-10-06,9.37399959564209,9.4399995803833,9.210000038146973,9.34000015258789,9.34000015258789,1257811,PGE.WA,-0.0008557360431777905,1.1733668477170205,9.402499961853028,9.348119945526124,8.42720995426178,0.3321710918982457,1.3505025060907552,-0.13116277650345287
2021-10-07,9.42199993133545,9.460000038146973,9.229999542236328,9.366000175476074,9.366000175476074,1139360,PGE.WA,0.0027837283151412873,1.1766331822350584,9.378299951553345,9.355879955291748,8.44251995563507,0.32649133191939156,1.3505025060907552,-0.12874416972315683
2021-10-08,9.38599967956543,9.894000053405762,9.366000175476074,9.800000190734863,9.800000190734863,2415452,PGE.WA,0.04633781839927509,1.2311557969560276,9.37999997138977,9.378279953002929,8.461569957733154,0.36808143229238727,1.3505025060907552,-0.08837207528047886
2021-10-11,9.819999694824219,10.050000190734863,9.819999694824219,9.949999809265137,9.949999809265137,1625257,PGE.WA,0.015306083225598899,1.2499999700479152,9.371999979019165,9.401279945373535,8.480689957141877,0.34942524801164127,1.3505025060907552,-0.07441862239394181
2021-10-12,9.89799976348877,10.09000015258789,9.699999809265137,10.010000228881836,10.010000228881836,2491732,PGE.WA,0.006030193041896226,1.2575377111696686,9.3625,9.425359954833985,8.49973995923996,0.3485405186369104,1.3505025060907552,-0.06883718801099303
2021-10-13,10.029999732971191,10.095000267028809,9.930000305175781,9.989999771118164,9.989999771118164,2184307,PGE.WA,-0.0019980476829525307,1.2550250908596405,9.361499977111816,9.448039951324462,8.517759957313537,0.3421430314383353,1.3505025060907552,-0.07069769570993933
2021-10-14,10.03499984741211,10.119999885559082,9.949999809265137,10.050000190734863,10.050000190734863,2314946,PGE.WA,0.0060060481472847815,1.262562831981394,9.366699981689454,9.466479949951172,8.535869958400726,0.34184308347956194,1.3505025060907552,-0.06511626132699055
2021-10-15,10.079999923706055,10.494999885559082,10.0649995803833,10.399999618530273,10.399999618530273,4496895,PGE.WA,0.03482581305004118,1.3065326091319085,9.39889998435974,9.492279949188232,8.555369956493378,0.3537165125392403,1.3505025060907552,-0.03255817502044078
2021-10-18,10.4399995803833,10.5600004196167,10.305000305175781,10.479999542236328,10.479999542236328,1159206,PGE.WA,0.0076923006385032355,1.3165828507553592,9.457299947738647,9.521479930877685,8.573779954910279,0.3028247101634269,1.3505025060907552,-0.025116321652435714
2021-10-19,10.5,10.539999961853027,10.0,10.069999694824219,10.069999694824219,2405267,PGE.WA,-0.03912212455351116,1.2650753324830912,9.503499937057494,9.543279933929444,8.59079995393753,0.3330629691001757,1.3505025060907552,-0.06325584234193427
2021-10-20,10.069999694824219,10.28499984741211,10.0,10.265000343322754,10.265000343322754,1310221,PGE.WA,0.019364513843904252,1.2895729012725419,9.548549938201905,9.57017993927002,8.607274956703186,0.3300797765876991,1.3505025060907552,-0.045116247132768184
2021-10-21,10.204999923706055,10.225000381469727,10.010000228881836,10.045000076293945,10.045000076293945,875595,PGE.WA,-0.02143207595428054,1.2619346769038868,9.594199943542481,9.58847993850708,8.621999957561492,0.3262967230237316,1.3505025060907552,-0.06558138825172721
2021-10-22,10.010000228881836,10.119999885559082,9.878000259399414,9.970000267028809,9.970000267028809,1317344,PGE.WA,-0.0074663821498752725,1.252512590357943,9.644699954986573,9.608879947662354,8.636539959907532,0.31767545756793925,1.3505025060907552,-0.07255811469499573
2021-10-25,9.998000144958496,10.135000228881836,9.8100004196167,9.850000381469727,9.850000381469727,1273906,PGE.WA,-0.012036096524081996,1.2374372279227668,9.693899965286255,9.626879959106445,8.650289962291717,0.31875531529180123,1.3505025060907552,-0.0837208947470034
2021-10-26,9.829999923706055,10.09000015258789,9.829999923706055,9.850000381469727,9.850000381469727,888026,PGE.WA,0.0,1.2374372279227668,9.744700002670289,9.645879974365235,8.66478996515274,0.31764782831647986,1.3505025060907552,-0.0837208947470034
2021-10-27,9.89799976348877,10.050000190734863,9.720000267028809,9.894000053405762,9.894000053405762,1986896,PGE.WA,0.004466971597159475,1.2429648248731655,9.800300025939942,9.662959976196289,8.679589965343474,0.3147749639503872,1.3505025060907552,-0.07962790200876757
2021-10-28,9.892000198364258,10.055000305175781,9.831999778747559,9.98799991607666,9.98799991607666,1555565,PGE.WA,0.009500693568173402,1.2547738527903038,9.853200006484986,9.685439968109131,8.694979965686798,0.3125378848464208,1.3505025060907552,-0.07088372873705595
2021-10-29,9.98799991607666,9.989999771118164,9.736000061035156,9.807999610900879,9.807999610900879,1701526,PGE.WA,-0.018021656656810103,1.2321607492333742,9.892399978637695,9.696599960327148,8.706809964179993,0.32305951583124115,1.3505025060907552,-0.08762794317201239
2021-11-02,9.947999954223633,9.958000183105469,9.720000267028809,9.918000221252441,9.918000221252441,1859638,PGE.WA,0.01121539709578534,1.2459799213218667,9.919600009918213,9.699359970092774,8.720129964351655,0.29795220403576317,1.3505025060907552,-0.07739532825558815
2021-11-03,9.946000099182129,10.024999618530273,9.800000190734863,9.850000381469727,9.850000381469727,1296963,PGE.WA,-0.006856204705158575,1.2374372279227666,9.944700050354005,9.701559982299806,8.733499965667725,0.2993490106026677,1.3505025060907552,-0.0837208947470035
2021-11-04,9.859999656677246,10.380000114440918,9.859999656677246,10.319999694824219,10.319999694824219,2234906,PGE.WA,0.047715664482478326,1.2964823675084574,9.99370002746582,9.714719982147217,8.750399963855743,0.33858832723953336,1.3505025060907552,-0.040000028388446074
2021-11-05,10.319999694824219,10.380000114440918,10.079999923706055,10.220000267028809,10.220000267028809,1294624,PGE.WA,-0.009689867320980872,1.2839196253833092,10.036400032043456,9.727159996032714,8.766459965705872,0.34264728430155433,1.3505025060907552,-0.04930230074150754
2021-11-08,10.244999885559082,10.475000381469727,10.100000381469727,10.100000381469727,10.100000381469727,1201463,PGE.WA,-0.011741671470031023,1.2688442629481331,10.0514000415802,9.736840000152588,8.781709966659546,0.3091839020918575,1.3505025060907552,-0.06046508079351509
2021-11-09,10.100000381469727,10.244999885559082,10.010000228881836,10.204999923706055,10.204999923706055,1312496,PGE.WA,0.01039599388817547,1.2820351601507884,10.064150047302245,9.74341999053955,8.797884967327118,0.30679756637962413,1.3505025060907552,-0.050697681515716964
2021-11-10,10.164999961853027,10.194999694824219,9.802000045776367,9.802000045776367,9.802000045776367,2153882,PGE.WA,-0.039490434193294344,1.231407035025364,10.053750038146973,9.73765998840332,8.81359496831894,0.3386648882848934,1.3505025060907552,-0.08818604225336235
2021-11-12,9.800000190734863,9.902000427246094,9.609999656677246,9.609999656677246,9.609999656677246,2519863,PGE.WA,-0.01958787882089974,1.2072863832440839,10.034750032424927,9.729859981536865,8.828304965496063,0.3451604219350109,1.3505025060907552,-0.10604654356490839
2021-11-15,9.619999885559082,9.71399974822998,9.394000053405762,9.394000053405762,9.394000053405762,3094887,PGE.WA,-0.022476546408761067,1.180150754822433,10.001950025558472,9.722899990081787,8.842554965019225,0.351461941002731,1.3505025060907552,-0.12613952991574406
2021-11-16,9.302000045776367,9.444000244140625,9.204000473022461,9.381999969482422,9.381999969482422,1821807,PGE.WA,-0.0012774200399316982,1.1786432065980823,9.951050043106079,9.717859992980957,8.855514965057374,0.32185752412601043,1.3505025060907552,-0.1272558167923339
2021-11-17,9.411999702453613,9.520000457763672,9.300000190734863,9.420000076293945,9.420000076293945,1001014,PGE.WA,0.004050320500440074,1.183417089340471,9.89805006980896,9.710659999847412,8.8687149643898,0.32021677192156606,1.3505025060907552,-0.12372092313544802
2021-11-18,9.437999725341797,9.449999809265137,9.293999671936035,9.399999618530273,9.399999618530273,1302110,PGE.WA,-0.0021231908282043355,1.180904469030443,9.864550065994262,9.703139991760255,8.882354962825776,0.29397332517743935,1.3505025060907552,-0.1255814308343941
2021-11-19,9.449999809265137,9.454000473022461,9.005999565124512,9.300000190734863,9.300000190734863,2250340,PGE.WA,-0.01063823743123149,1.168341726905295,9.816300058364869,9.695139999389648,8.89568496465683,0.28239132424833213,1.3505025060907552,-0.13488370318745546
2021-11-22,9.350000381469727,9.350000381469727,8.95199966430664,8.95199966430664,8.95199966430664,1962204,PGE.WA,-0.03741941067645549,1.1246230680157865,9.761650037765502,9.677179985046386,8.906254963874817,0.3000492116247007,1.3505025060907552,-0.16725584518077852
2021-11-23,8.899999618530273,9.067999839782715,8.765999794006348,9.013999938964844,9.013999938964844,1612980,PGE.WA,0.006925857571846272,1.1324120472068766,9.713850021362305,9.662139987945556,8.916884963512421,0.3031781467648246,1.3505025060907552,-0.161488377770713
2021-11-24,9.062000274658203,9.170000076293945,8.887999534606934,9.0,9.0,1489106,PGE.WA,-0.001553132800048762,1.1306532609131892,9.671350002288818,9.639939994812012,8.92813496351242,0.30216648489614983,1.3505025060907552,-0.16279069767441945
2021-11-25,8.923999786376953,9.034000396728516,8.307999610900879,8.399999618530273,8.399999618530273,2922907,PGE.WA,-0.06666670905219185,1.0552763289289777,9.598849964141845,9.603939990997315,8.936424961090088,0.3736936814311484,1.3505025060907552,-0.21860468664834742
2021-11-26,8.22599983215332,8.22599983215332,7.710000038146973,7.989999771118164,7.989999771118164,3869758,PGE.WA,-0.048809507860888,1.0037688106567098,9.503649950027466,9.563539981842041,8.941684958934784,0.39782830787671447,1.3505025060907552,-0.256744207337846
2021-11-29,8.0,8.246000289916992,7.639999866485596,8.065999984741211,8.065999984741211,3272475,PGE.WA,0.009511916871107973,1.0133165761414873,9.407549953460693,9.525939979553222,8.948064959049224,0.3978357289297936,1.3505025060907552,-0.24967442002407414
2021-11-30,7.96999979019165,8.378000259399414,7.769999980926514,8.288000106811523,8.288000106811523,7388009,PGE.WA,0.027522950965817028,1.041206038579479,9.331549978256225,9.496579990386962,8.955564959049225,0.41846533980449635,1.3505025060907552,-0.2290232458779985
2021-12-01,8.302000045776367,8.699999809265137,8.300000190734863,8.6899995803833,8.6899995803833,2796374,PGE.WA,0.048503796861850024,1.0917084847660696,9.270149946212769,9.484139976501465,8.96571495771408,0.46009571443706554,1.3505025060907552,-0.19162794601085642
2021-12-02,8.67199993133545,8.67199993133545,8.222000122070312,8.47599983215332,8.47599983215332,3449605,PGE.WA,-0.024625979121225883,1.0648240944137553,9.201449918746949,9.470739974975587,8.973944957256316,0.4647397121280608,1.3505025060907552,-0.2115348993345756
2021-12-03,8.600000381469727,8.666000366210938,8.13599967956543,8.140000343322754,8.140000343322754,3899942,PGE.WA,-0.03964128073197548,1.022613103556928,9.092449951171876,9.44625997543335,8.980974957942962,0.4303202798508128,1.3505025060907552,-0.24279066573741903
2021-12-06,8.140000343322754,8.336000442504883,8.140000343322754,8.300000190734863,8.300000190734863,1684544,PGE.WA,0.01965600008154267,1.0427135868038295,8.996449947357178,9.429619979858398,8.989324958324433,0.44428590361240733,1.3505025060907552,-0.2279069590014089
2021-12-07,8.387999534606934,8.473999977111816,8.199999809265137,8.25,8.25,2433920,PGE.WA,-0.006024119227211244,1.0364321558370901,8.90394992828369,9.415419979095459,8.998064959049225,0.444447750458066,1.3505025060907552,-0.23255813953488447
2021-12-08,8.312000274658203,8.35200023651123,8.104000091552734,8.145999908447266,8.145999908447266,1800426,PGE.WA,-0.012606071703361699,1.023366817764938,8.800999927520753,9.401019973754883,9.006974959373474,0.43811612096984315,1.3505025060907552,-0.24223256665606907
2021-12-09,8.11400032043457,8.140000343322754,7.788000106811523,7.831999778747559,7.831999778747559,3075655,PGE.WA,-0.038546542257396066,0.9839195654791448,8.702499914169312,9.380979976654054,9.013614957332612,0.43730947121213326,1.3505025060907552,-0.2714418810467395
2021-12-10,7.849999904632568,8.187999725341797,7.849999904632568,8.100000381469727,8.100000381469727,1952460,PGE.WA,0.034218668321390755,1.0175879827452026,8.626999950408935,9.367339992523194,9.021834959983826,0.46385673654216697,1.3505025060907552,-0.2465115924214215
2021-12-13,8.156000137329102,8.223999977111816,7.788000106811523,7.8480000495910645,7.8480000495910645,2663747,PGE.WA,-0.03111115061860492,0.9859296497463342,8.549699950218201,9.3456999874115,9.027844960689544,0.4683963431010197,1.3505025060907552,-0.26995348375897144
2021-12-14,7.900000095367432,7.938000202178955,7.705999851226807,7.840000152587891,7.840000152587891,1650721,PGE.WA,-0.0010193548614453318,0.9849246375648222,8.472599959373474,9.322019987106323,9.032944960594177,0.4684502526987243,1.3505025060907552,-0.270697660224383
2021-12-15,7.849999904632568,7.8520002365112305,7.449999809265137,7.501999855041504,7.501999855041504,2724518,PGE.WA,-0.04311228201122119,0.9424622888303278,8.376699948310852,9.284579992294312,9.036474959850311,0.481400207723554,1.3505025060907552,-0.30213954836823287
2021-12-16,7.599999904632568,7.835999965667725,7.52400016784668,7.739999771118164,7.739999771118164,3361410,PGE.WA,0.03172486279331488,0.9723617756313434,8.293699955940246,9.252419996261597,9.042264959812165,0.5040261827430521,1.3505025060907552,-0.2800000212913343
2021-12-17,7.723999977111816,7.97599983215332,7.552000045776367,7.696000099182129,7.696000099182129,6519555,PGE.WA,-0.005684712304542927,0.9668341786809447,8.21349995136261,9.21953999519348,9.046824960708618,0.5041435059085312,1.3505025060907552,-0.2840930140295701
2021-12-20,7.6020002365112305,8.052000045776367,7.570000171661377,7.973999977111816,7.973999977111816,1739485,PGE.WA,0.03612264479560379,1.0017587862936859,8.164599967002868,9.191699991226196,9.05362496137619,0.5164736599444201,1.3505025060907552,-0.2582325602686689
2021-12-21,8.029999732971191,8.04800033569336,7.702000141143799,7.788000106811523,7.788000106811523,1596730,PGE.WA,-0.023325792680483848,0.9783919685287462,8.103299975395203,9.15145998954773,9.058854961395264,0.5181667659412879,1.3505025060907552,-0.2755348737849752
2021-12-22,7.788000106811523,7.8379998207092285,7.611999988555908,7.639999866485596,7.639999866485596,1213855,PGE.WA,-0.01900362587264015,0.95979897360203,8.035299968719482,9.105259990692138,9.06248496055603,0.5195357053739297,1.3505025060907552,-0.28930233800134053
2021-12-23,7.697999954223633,7.989999771118164,7.679999828338623,7.934000015258789,7.934000015258789,1560829,PGE.WA,0.038481695538095995,0.9967336654819604,8.011999988555909,9.063739986419678,9.067674961090088,0.494574805749263,1.3505025060907552,-0.2619534869526715
2021-12-27,7.934000015258789,7.946000099182129,7.71999979019165,7.71999979019165,7.71999979019165,1887013,PGE.WA,-0.026972551632917896,0.9698492152254807,7.9984999895095825,9.018339986801147,9.072424960136413,0.47299362185168675,1.3505025060907552,-0.2818604846333356
2021-12-28,7.748000144958496,7.961999893188477,7.610000133514404,7.909999847412109,7.909999847412109,4634653,PGE.WA,0.024611407044577316,0.993718569033259,7.990699982643127,8.975539979934693,9.078244960308075,0.48054641153641436,1.3505025060907552,-0.26418606070585104
2021-12-29,7.881999969482422,8.182000160217285,7.881999969482422,8.09000015258789,8.09000015258789,1499855,PGE.WA,0.022756044076874593,1.0163316725901885,7.980799984931946,8.929339990615844,9.084944961071015,0.4771398666198661,1.3505025060907552,-0.24744184627089472
2021-12-30,8.100000381469727,8.118000030517578,7.966000080108643,8.062000274658203,8.062000274658203,1015550,PGE.WA,-0.0034610478864738337,1.012814100002814,7.949400019645691,8.880980005264282,9.092324962615967,0.4401731030330394,1.3505025060907552,-0.2500464860783074
2022-01-03,8.109999656677246,8.300000190734863,8.109999656677246,8.173999786376953,8.173999786376953,1986275,PGE.WA,0.013892273369278563,1.0268843903523128,7.934300017356873,8.843060007095337,9.101584961414337,0.4367339239846063,1.3505025060907552,-0.2396279268486562
2022-01-04,8.206000328063965,8.277999877929688,8.0600004196167,8.175999641418457,8.175999641418457,1890820,PGE.WA,0.0002446605204022845,1.0271356284216495,7.936099982261657,8.801279993057252,9.11036495923996,0.41276710291316043,1.3505025060907552,-0.23944189382153958
2022-01-05,8.14799976348877,8.180000305175781,8.092000007629395,8.118000030517578,8.118000030517578,1556314,PGE.WA,-0.007093886184517562,1.0198492451775634,7.926999974250793,8.762739992141723,9.119454958438872,0.4072221670793525,1.3505025060907552,-0.24483720646348184
2022-01-07,8.100000381469727,8.116000175476074,7.861999988555908,8.097999572753906,8.097999572753906,2814581,PGE.WA,-0.002463717379709962,1.0173366248675353,7.919399952888488,8.725299978256226,9.127244956493378,0.4068117475892079,1.3505025060907552,-0.24669771416242803
2022-01-10,8.109999656677246,8.109999656677246,7.900000095367432,7.952000141143799,7.952000141143799,1594014,PGE.WA,-0.01802907376055307,0.9989949878184864,7.909699964523315,8.687339973449706,9.134134957790375,0.40937873039320954,1.3505025060907552,-0.26027905663778683
2022-01-11,8.01200008392334,8.092000007629395,7.880000114440918,8.050000190734863,8.050000190734863,3484107,PGE.WA,0.0123239496795291,1.0113065517784632,7.9205999851226805,8.65133996963501,9.142834959030152,0.38649889598565723,1.3505025060907552,-0.2511627729548972
2022-01-12,8.086000442504883,8.428000450134277,8.079999923706055,8.371999740600586,8.371999740600586,4481638,PGE.WA,0.03999994313494892,1.051758756341603,7.934199953079224,8.620899963378907,9.152044956684113,0.39344169464526346,1.3505025060907552,-0.2212093264557602
2022-01-13,8.307999610900879,8.526000022888184,8.220000267028809,8.34000015258789,8.34000015258789,3243599,PGE.WA,-0.0038222156001165297,1.047738707615555,7.958799958229065,8.587939968109131,9.160244958400726,0.3745018102924363,1.3505025060907552,-0.2241860323174062
2022-01-14,8.279999732971191,8.404000282287598,8.21399974822998,8.39799976348877,8.39799976348877,1393614,PGE.WA,0.006954389669031613,1.0550250908596412,7.986699938774109,8.559739971160889,9.167714958190919,0.37434920536833516,1.3505025060907552,-0.21879071967546393
2022-01-17,8.407999992370605,8.458000183105469,8.26200008392334,8.26200008392334,8.26200008392334,801609,PGE.WA,-0.016194294283825017,1.037939704061441,8.024699950218201,8.526619968414307,9.174764957427978,0.34034731856217354,1.3505025060907552,-0.23144185265829453
2022-01-18,8.251999855041504,8.3100004196167,8.131999969482422,8.131999969482422,8.131999969482422,924304,PGE.WA,-0.015734702628952935,1.021608031471251,8.044299960136414,8.492259960174561,9.181434957981109,0.3326240945129999,1.3505025060907552,-0.24353488655977518
2022-01-19,7.900000095367432,7.900000095367432,7.329999923706055,7.71999979019165,7.71999979019165,15318928,PGE.WA,-0.05066406552347713,0.9698492152254811,8.04549994468689,8.440259962081909,9.18580495595932,0.3822443024366051,1.3505025060907552,-0.28186048463333535
2022-01-20,7.71999979019165,8.043999671936035,7.699999809265137,8.039999961853027,8.039999961853027,3793425,PGE.WA,0.041450800564520884,1.0100502416234496,8.04879994392395,8.396659955978393,9.18955495595932,0.38924660997232674,1.3505025060907552,-0.25209302680436996
2022-01-21,8.0,8.039999961853027,7.776000022888184,7.973999977111816,7.973999977111816,2408337,PGE.WA,-0.008208953364969851,1.001758786293686,8.058099937438964,8.354139947891236,9.192544956207275,0.3804721531504783,1.3505025060907552,-0.2582325602686687
2022-01-24,7.97599983215332,7.97599983215332,7.579999923706055,7.6020002365112305,7.6020002365112305,3428812,PGE.WA,-0.046651585360967696,0.9550251507638068,8.056199955940247,8.302079954147338,9.194314956665039,0.41157470485519576,1.3505025060907552,-0.2928371873012814
2022-01-25,7.739999771118164,7.809999942779541,7.526000022888184,7.723999977111816,7.723999977111816,2724936,PGE.WA,0.016048373691787132,0.9703517512683197,8.045699954032898,8.260519952774048,9.196264955997467,0.39099555893735083,1.3505025060907552,-0.2814883742221571
2022-01-26,7.703999996185303,7.877999782562256,7.684000015258789,7.716000080108643,7.716000080108643,2125272,PGE.WA,-0.0010357194493629818,0.9693467390868077,8.045499968528748,8.222639961242676,9.19319495677948,0.37883946681432173,1.3505025060907552,-0.2822325506875686
2022-01-27,7.573999881744385,7.771999835968018,7.52400016784668,7.690000057220459,7.690000057220459,1677733,PGE.WA,-0.003369624496921686,0.9660804045687696,8.034499979019165,8.188559961318969,9.190414955615998,0.3678309830069765,1.3505025060907552,-0.28465115746786473
2022-01-28,7.797999858856201,7.800000190734863,7.5320000648498535,7.638000011444092,7.638000011444092,3086890,PGE.WA,-0.0067620345109805635,0.9595477355326936,8.011899971961975,8.153679962158202,9.186454954147338,0.357151738731421,1.3505025060907552,-0.28948837102845704
2022-01-31,7.699999809265137,7.769999980926514,7.585999965667725,7.650000095367432,7.650000095367432,2614518,PGE.WA,0.001571102894129428,0.9610552837570443,7.991299962997436,8.118279962539672,9.182494952678681,0.3574427785121839,1.3505025060907552,-0.2883720841518672
2022-02-01,7.699999809265137,7.7220001220703125,7.510000228881836,7.559999942779541,7.559999942779541,1609500,PGE.WA,-0.011764725681819521,0.9497487319785795,7.960599970817566,8.081479969024658,9.177794952392578,0.3535348708703703,1.3505025060907552,-0.2967441913693455
2022-02-02,7.539999961853027,7.664000034332275,7.363999843597412,7.480000019073486,7.480000019073486,4293983,PGE.WA,-0.010582000570312333,0.9396984903551288,7.925799989700318,8.04507996559143,9.171884953975677,0.3540373273101851,1.3505025060907552,-0.30418604473735045
2022-02-03,7.46999979019165,8.116000175476074,7.449999809265137,7.929999828338623,7.929999828338623,5938572,PGE.WA,0.060160402154768367,0.9962311294391221,7.91639997959137,8.024639968872071,9.16953495502472,0.42092014431503305,1.3505025060907552,-0.2623255973638494
2022-02-04,7.980000019073486,7.980000019073486,7.52400016784668,7.52400016784668,7.52400016784668,1826146,PGE.WA,-0.05119794064068761,0.9452261472096927,7.887700009346008,7.994839973449707,9.165354957580567,0.4573836648749429,1.3505025060907552,-0.30009300764216984
2022-02-07,7.5879998207092285,7.769999980926514,7.5,7.763999938964844,7.763999938964844,1819609,PGE.WA,0.031897895502951634,0.975376872080045,7.87829999923706,7.9701199722290035,9.161424956321717,0.47017913027318897,1.3505025060907552,-0.27776744753815463
2022-02-08,7.75,7.920000076293945,7.699999809265137,7.831999778747559,7.831999778747559,1487185,PGE.WA,0.00875835140614134,0.9839195654791449,7.867399978637695,7.95875997543335,9.157874956130982,0.4690301633785477,1.3505025060907552,-0.2714418810467394
2022-02-09,7.920000076293945,8.100000381469727,7.861999988555908,8.100000381469727,8.100000381469727,1382873,PGE.WA,0.034218668321390755,1.0175879827452028,7.8538000106811525,7.960959987640381,9.15552495956421,0.4627411644985592,1.3505025060907552,-0.2465115924214214
2022-02-10,8.319999694824219,8.319999694824219,7.918000221252441,8.0,8.0,1907863,PGE.WA,-0.012345725525951368,1.005025120811724,7.836800003051758,7.959639987945557,9.151874961853027,0.464356721159039,1.3505025060907552,-0.25581395348837266
2022-02-11,7.921999931335449,8.039999961853027,7.829999923706055,8.0,8.0,927819,PGE.WA,0.0,1.005025120811724,7.816900014877319,7.953879985809326,9.144224963188172,0.4632980600935026,1.3505025060907552,-0.25581395348837266
2022-02-14,7.71999979019165,7.868000030517578,7.599999904632568,7.77400016784668,7.77400016784668,2805445,PGE.WA,-0.02824997901916504,0.976633182235059,7.792500019073486,7.9355599975585935,9.132494964599609,0.4701160674977146,1.3505025060907552,-0.27683719368868154
2022-02-15,7.803999900817871,8.039999961853027,7.791999816894531,7.940000057220459,7.940000057220459,2436231,PGE.WA,0.021353214019772748,0.997487439594136,7.782900023460388,7.924840002059937,9.121694962978363,0.474806582484235,1.3505025060907552,-0.26139534351437643
2022-02-16,8.01200008392334,8.137999534606934,7.840000152587891,7.947999954223633,7.947999954223633,2023157,PGE.WA,0.0010075436959096074,0.998492451775648,7.7943000316619875,7.920999994277954,9.110334961414337,0.43668437341693056,1.3505025060907552,-0.26065116704896485
2022-02-17,8.04800033569336,8.04800033569336,7.556000232696533,7.585999965667725,7.585999965667725,1938460,PGE.WA,-0.04554604814303487,0.9530150664966175,7.7716000318527225,7.906719989776612,9.097589960098267,0.4411210034770304,1.3505025060907552,-0.29432558458904934
2022-02-18,7.5980000495910645,7.696000099182129,7.5,7.552000045776367,7.552000045776367,944246,PGE.WA,-0.004481929876777202,0.9487437197970675,7.75050003528595,7.892759990692139,9.0848499584198,0.44068333948853117,1.3505025060907552,-0.29748836783475696
2022-02-21,7.5980000495910645,7.633999824523926,7.0920000076293945,7.199999809265137,7.199999809265137,1470614,PGE.WA,-0.04661020052669296,0.9045225847688856,7.730400013923645,7.873839988708496,9.07104995727539,0.44062817887677425,1.3505025060907552,-0.33023257588231325
2022-02-22,7.070000171661377,7.486000061035156,6.921999931335449,7.486000061035156,7.486000061035156,2374472,PGE.WA,0.039722258242560926,0.940452264467304,7.718500018119812,7.866919994354248,9.06037995815277,0.4612662347058781,1.3505025060907552,-0.3036279012990557
2022-02-23,7.539999961853027,7.544000148773193,7.191999912261963,7.214000225067139,7.214000225067139,1858028,PGE.WA,-0.03633446884188318,0.9062814309667383,7.693400025367737,7.849199991226197,9.047809960842132,0.47785682628683807,1.3505025060907552,-0.3289302116216619
2022-02-24,6.785999774932861,6.949999809265137,6.23199987411499,6.572000026702881,6.572000026702881,9035223,PGE.WA,-0.08899364823048406,0.8256281401014647,7.6375000238418576,7.823679990768433,9.032519960403443,0.5672101104696093,1.3505025060907552,-0.3886511603067091
2022-02-25,6.7820000648498535,7.203999996185303,6.5920000076293945,7.084000110626221,7.084000110626221,3099661,PGE.WA,0.07790628147337464,0.8899497583765482,7.609800028800964,7.808559989929199,9.019719960689544,0.6426951088428334,1.3505025060907552,-0.34102324552314256
2022-02-28,6.984000205993652,8.180000305175781,6.866000175476074,8.157999992370605,8.157999992370605,8990778,PGE.WA,0.15160924124399022,1.0248743659892892,7.635200023651123,7.821679992675781,9.01245996236801,0.845456484048809,1.3505025060907552,-0.24111627977947891
2022-03-01,8.194000244140625,8.550000190734863,8.15999984741211,8.255999565124512,8.255999565124512,4466838,PGE.WA,0.012012695862411826,1.0371858700451007,7.670000004768371,7.831999988555908,9.005199959278107,0.8435905651095553,1.3505025060907552,-0.23200004045353417
2022-03-02,8.272000312805176,9.564000129699707,8.272000312805176,9.550000190734863,9.550000190734863,7803426,PGE.WA,0.15673458015629582,1.199748761930662,7.77350001335144,7.869079990386963,9.00379996061325,0.9960161267932507,1.3505025060907552,-0.11162788923396672
2022-03-03,9.930000305175781,10.380000114440918,8.958000183105469,9.5,9.5,7649040,PGE.WA,-0.005235621961910741,1.1934673309639225,7.85200002193451,7.8995999908447265,9.001999962329865,0.9828526006588572,1.3505025060907552,-0.11627906976744229
2022-03-04,9.343999862670898,9.699999809265137,8.90999984741211,9.128000259399414,9.128000259399414,2987503,PGE.WA,-0.039157867431640625,1.1467336954340432,7.932200026512146,7.926399993896484,8.998639962673188,0.9736638795892211,1.3505025060907552,-0.15088369680005498
2022-03-07,9.050000190734863,9.73799991607666,9.015999794006348,9.628000259399414,9.628000259399414,3570210,PGE.WA,0.05477651027508812,1.209547765484776,8.025400042533875,7.966160001754761,9.001029965877533,0.9833861933971274,1.3505025060907552,-0.10437206889307837
2022-03-08,9.520000457763672,9.619999885559082,9.001999855041504,9.14799976348877,9.14799976348877,1594661,PGE.WA,-0.049854640940837136,1.1492461959357405,8.091200041770936,7.990439996719361,8.999929964542389,1.0080882291376179,1.3505025060907552,-0.1490232778149988
2022-03-09,9.25,9.390000343322754,8.949999809265137,9.170000076293945,9.170000076293945,1780776,PGE.WA,0.0024049315013083827,1.1520100543151053,8.144700026512146,8.019440002441407,8.99733996629715,1.004112138941056,1.3505025060907552,-0.14697673708893588
2022-03-10,9.10200023651123,9.420000076293945,9.100000381469727,9.362000465393066,9.362000465393066,2205327,PGE.WA,0.020937883042714045,1.1761307060963857,8.2128000497818,8.048480014801026,8.992949969768524,1.0021001568389514,1.3505025060907552,-0.12911623577738962
2022-03-11,9.362000465393066,9.795999526977539,9.239999771118164,9.795999526977539,9.795999526977539,3382019,PGE.WA,0.046357513352916824,1.2306532010090243,8.302600026130676,8.08260000228882,8.99180496931076,1.0096307676367378,1.3505025060907552,-0.08874423004860155
2022-03-14,9.79800033569336,9.79800033569336,9.319999694824219,9.34000015258789,9.34000015258789,2813922,PGE.WA,-0.0465495504704605,1.173366847717021,8.380900025367737,8.108159999847413,8.987679970264434,1.0213327330911226,1.3505025060907552,-0.13116277650345254
2022-03-15,9.270000457763672,9.59000015258789,9.104000091552734,9.402000427246094,9.402000427246094,2478557,PGE.WA,0.006638144929904,1.181155826908111,8.45400004386902,8.132720012664794,8.984759972095489,1.0207094647983919,1.3505025060907552,-0.12539530909338714
2022-03-16,9.567999839782715,9.699999809265137,9.300000190734863,9.418000221252441,9.418000221252441,3152809,PGE.WA,0.0017017435949036042,1.183165851271135,8.52750005722046,8.157560024261475,8.982169973850251,1.0206280076474026,1.3505025060907552,-0.1239069561625642
2022-03-17,9.460000038146973,9.880000114440918,9.36400032043457,9.880000114440918,9.880000114440918,3363845,PGE.WA,0.04905498856816104,1.241206038579479,8.642200064659118,8.192800025939942,8.980369975566864,1.0069988634097662,1.3505025060907552,-0.08093022191247334
2022-03-18,9.699999809265137,9.947999954223633,9.63599967956543,9.755999565124512,9.755999565124512,5013471,PGE.WA,-0.012550662740900442,1.225628080197299,8.752400040626526,8.225960025787353,8.975774972438812,1.0094875223044482,1.3505025060907552,-0.09246515673260403
2022-03-21,9.720000267028809,9.996000289916992,9.720000267028809,9.729999542236328,9.729999542236328,1350538,PGE.WA,-0.0026650291151228966,1.222361745679261,8.878900027275085,8.261520013809204,8.970674970149993,0.9858474312047388,1.3505025060907552,-0.09488376351290007
2022-03-22,9.732000350952148,9.859999656677246,9.534000396728516,9.699999809265137,9.699999809265137,2013727,PGE.WA,-0.003083220388754082,1.2185929350225497,8.989600014686584,8.294520006179809,8.965724971294403,0.9844274876181759,1.3505025060907552,-0.09767443634742945
2022-03-23,9.859999656677246,9.949999809265137,9.699999809265137,9.800000190734863,9.800000190734863,1516348,PGE.WA,0.010309317880007551,1.2311557969560285,9.11890001296997,8.323080015182494,8.96354997396469,0.9660540749251061,1.3505025060907552,-0.08837207528047819
2022-03-24,9.84000015258789,9.996000289916992,9.65999984741211,9.862000465393066,9.862000465393066,2340158,PGE.WA,0.006326558515459935,1.2389447761471186,9.28340003490448,8.353520021438598,8.960884974002838,0.882859839960619,1.3505025060907552,-0.0826046078704128
2022-03-25,9.890000343322754,9.930000305175781,9.26200008392334,9.428000450134277,9.428000450134277,4139722,PGE.WA,-0.044007300220857526,1.1844221614261492,9.400600051879882,8.374120035171508,8.957274978160859,0.886307976898889,1.3505025060907552,-0.12297670231309088
2022-03-28,9.4399995803833,9.670000076293945,9.121999740600586,9.300000190734863,9.300000190734863,3610243,PGE.WA,-0.01357660726433152,1.1683417269052958,9.457700061798096,8.39488003730774,8.952549979686736,0.7308983247249794,1.3505025060907552,-0.1348837031874549
2022-03-29,9.399999618530273,9.411999702453613,9.03600025177002,9.109999656677246,9.109999656677246,3897082,PGE.WA,-0.020430164533427164,1.1444723131933523,9.500400066375732,8.414440031051635,8.948169977664948,0.7373028486721172,1.3505025060907552,-0.15255817147188433
2022-03-30,9.199999809265137,9.347999572753906,9.069999694824219,9.34000015258789,9.34000015258789,3272717,PGE.WA,0.025247036726512295,1.1733668477170214,9.489900064468383,8.44684003829956,8.945069978237152,0.4851665359365777,1.3505025060907552,-0.1311627765034522
2022-03-31,9.20199966430664,9.390000343322754,9.100000381469727,9.119999885559082,9.119999885559082,3813437,PGE.WA,-0.023554632059385128,1.1457286233483663,9.470900058746338,8.468440036773682,8.939394977092743,0.4917668353849453,1.3505025060907552,-0.15162791762241112
2022-04-01,9.289999961853027,9.47599983215332,9.15999984741211,9.270000457763672,9.270000457763672,1955588,PGE.WA,0.01644743136917204,1.1645729162485845,9.478000068664551,8.494360046386719,8.934469978809357,0.474732789707574,1.3505025060907552,-0.13767437602198418
2022-04-04,9.333999633789062,9.350000381469727,8.831999778747559,8.899999618530273,8.899999618530273,3071012,PGE.WA,-0.039913788669074024,1.1180903989797113,9.441600036621093,8.5203200340271,8.928644979000092,0.45140290603930044,1.3505025060907552,-0.17209305874137015
2022-04-05,9.0,9.199999809265137,9.0,9.03600025177002,9.03600025177002,1569882,PGE.WA,0.015280970681907258,1.1351759055862423,9.436000061035156,8.546560039520264,8.922024981975555,0.4209461931938816,1.3505025060907552,-0.15944183704464943
2022-04-06,9.03600025177002,9.197999954223633,8.890000343322754,9.197999954223633,9.197999954223633,2004637,PGE.WA,0.017928253424061236,1.1555276269024806,9.43740005493164,8.576200037002563,8.916139981746674,0.4258380664725634,1.3505025060907552,-0.14437209728152267
2022-04-07,9.0,9.050000190734863,8.562000274658203,8.562000274658203,8.562000274658203,5980627,PGE.WA,-0.0691454319124436,1.0756281700535475,9.397400045394898,8.593640041351318,8.908174984455108,0.4844967478068269,1.3505025060907552,-0.2035348581713301
2022-04-08,8.680000305175781,8.998000144958496,8.65999984741211,8.866000175476074,8.866000175476074,2739467,PGE.WA,0.035505710238955546,1.1138191121843268,9.350900077819825,8.618200044631958,8.90205498456955,0.4708740911342729,1.3505025060907552,-0.17525579763013266
2022-04-11,8.960000038146973,9.404000282287598,8.881999969482422,9.404000282287598,9.404000282287598,4000969,PGE.WA,0.060681265075954505,1.1814070649774482,9.35410008430481,8.65328004837036,8.899314987659455,0.4971346574201226,1.3505025060907552,-0.12520927606627008
2022-04-12,9.399999618530273,9.579999923706055,9.300000190734863,9.432000160217285,9.432000160217285,4329748,PGE.WA,0.0029774433314750937,1.1849246375648228,9.355600070953368,8.690720052719117,8.898314988613128,0.4967350893615526,1.3505025060907552,-0.12260463625885742
2022-04-13,9.5,9.583999633789062,9.277999877929688,9.366000175476074,9.366000175476074,1041945,PGE.WA,-0.006997453734107095,1.1766331822350593,9.353000068664551,8.728440055847168,8.898094990253448,0.4974446613829552,1.3505025060907552,-0.12874416972315617
2022-04-14,9.333999633789062,9.430000305175781,9.284000396728516,9.319999694824219,9.319999694824219,831156,PGE.WA,-0.004911432819775463,1.1708542274069933,9.325000047683716,8.75624005317688,8.898194987773895,0.462815169070431,1.3505025060907552,-0.1330232842023985
2022-04-19,9.3100004196167,9.468000411987305,9.248000144958496,9.25,9.25,3855318,PGE.WA,-0.007510697115483023,1.1620602959385564,9.299700069427491,8.790760049819946,8.898744986057281,0.46170891991760016,1.3505025060907552,-0.13953488372093048
2022-04-20,9.317999839782715,9.680000305175781,9.258000373840332,9.267999649047852,9.267999649047852,2645945,PGE.WA,0.0019459080051731359,1.1643215583709172,9.276600074768066,8.820840044021606,8.899614984989165,0.4619445968941893,1.3505025060907552,-0.1378604977629907
2022-04-21,9.300000190734863,9.350000381469727,8.949999809265137,8.994000434875488,8.994000434875488,3639886,PGE.WA,-0.029564007827785455,1.12989954670518,9.241300106048584,8.844080057144165,8.900024988651275,0.4721994728871126,1.3505025060907552,-0.16334879675576874
2022-04-22,9.07800006866455,9.223999977111816,8.881999969482422,9.100000381469727,9.100000381469727,2359557,PGE.WA,0.011785628359901823,1.1432161228466688,9.206300115585327,8.864080057144164,8.90058499097824,0.47279450321100663,1.3505025060907552,-0.15348833660746752
2022-04-25,8.92199993133545,9.678000450134277,8.902000427246094,9.60200023651123,9.60200023651123,5987172,PGE.WA,0.0551648169228347,1.2062814309667382,9.193300104141235,8.89612006187439,8.903364994525909,0.515776804376124,1.3505025060907552,-0.10679067567337419
2022-04-26,9.510000228881836,9.600000381469727,9.324000358581543,9.392000198364258,9.392000198364258,2157358,PGE.WA,-0.02187044709168573,1.1798995167530972,9.191500091552735,8.923960065841674,8.905124995708466,0.4968374932590343,1.3505025060907552,-0.12632556294286001
2022-04-27,9.392000198364258,9.57800006866455,9.255999565124512,9.494000434875488,9.494000434875488,2606699,PGE.WA,0.010860331596777018,1.192713616755913,9.201200103759765,8.95836007118225,8.907894999980927,0.4953717548002572,1.3505025060907552,-0.11683716884879192
2022-04-28,9.600000381469727,9.947999954223633,9.562000274658203,9.899999618530273,9.899999618530273,3497014,PGE.WA,0.04276376290898187,1.2437185390811771,9.240700101852417,8.997560062408446,8.912644999027252,0.5088766928226169,1.3505025060907552,-0.0790698029274165
2022-04-29,9.899999618530273,10.069999694824219,9.767999649047852,9.881999969482422,9.881999969482422,3322446,PGE.WA,-0.0018181464385271795,1.2414572766488166,9.267800092697144,9.036240062713624,8.917804996967316,0.5033906991969589,1.3505025060907552,-0.08074418888535606
2022-05-02,9.800000190734863,9.815999984741211,9.300000190734863,9.399999618530273,9.399999618530273,1677985,PGE.WA,-0.04877558717270403,1.1809044690304444,9.281800079345704,9.072520055770873,8.920524995326996,0.5285689439662634,1.3505025060907552,-0.1255814308343931
2022-05-04,9.479999542236328,9.850000381469727,9.460000038146973,9.657999992370605,9.657999992370605,4173378,PGE.WA,0.0274468493947313,1.2133165761414881,9.30120005607605,9.11464005470276,8.924594995975495,0.5339595283080683,1.3505025060907552,-0.10158139605854832
2022-05-05,9.890000343322754,9.890000343322754,9.317999839782715,9.317999839782715,9.317999839782715,7136906,PGE.WA,-0.03520399180539202,1.1706029893376568,9.322100067138672,9.15700005531311,8.929184997081757,0.5292276559083714,1.3505025060907552,-0.1332093172295149
2022-05-06,9.5,9.5,8.979999542236328,9.276000022888184,9.276000022888184,2623657,PGE.WA,-0.0045073854493122845,1.1653266304565948,9.33410005569458,9.19280005455017,8.933644998073579,0.5277107777748148,1.3505025060907552,-0.1371162769406341
2022-05-09,9.276000022888184,9.444000244140625,9.222000122070312,9.289999961853027,9.289999961853027,2041553,PGE.WA,0.0015092646539780485,1.1670854167502822,9.33870005607605,9.23432004928589,8.937194998264312,0.5242780175800519,1.3505025060907552,-0.13581395703692767
2022-05-10,9.350000381469727,9.350000381469727,8.902000427246094,9.170000076293945,9.170000076293945,2954237,PGE.WA,-0.012917102911930045,1.152010054315106,9.369100046157836,9.28628005027771,8.940044996738434,0.4583173377697132,1.3505025060907552,-0.14697673708893533
2022-05-11,9.107999801635742,9.133999824523926,8.821999549865723,8.821999549865723,8.821999549865723,3514364,PGE.WA,-0.03794989351503553,1.1082913954255973,9.36690001487732,9.3210400390625,8.938734996318818,0.46509908752977885,1.3505025060907552,-0.1793488790822585
2022-05-12,8.699999809265137,8.89799976348877,8.60200023651123,8.710000038146973,8.710000038146973,3020543,PGE.WA,-0.012695479192180947,1.0942211050760984,9.332200002670287,9.332080039978027,8.939024994373321,0.4078591483407747,1.3505025060907552,-0.18976743831190968
2022-05-13,8.88599967956543,9.482000350952148,8.814000129699707,9.482000350952148,9.482000350952148,2852645,PGE.WA,0.08863378983054715,1.1912060685315624,9.334700012207032,9.35660005569458,8.94389499425888,0.523013877440734,1.3505025060907552,-0.11795345572538163
2022-05-16,9.399999618530273,9.739999771118164,9.399999618530273,9.642000198364258,9.642000198364258,2955953,PGE.WA,0.016874060481978592,1.211306551778464,9.34850001335144,9.358440055847169,8.948794996738433,0.5251718193645312,1.3505025060907552,-0.10306974898937138
2022-05-17,9.697999954223633,9.697999954223633,9.350000381469727,9.354000091552734,9.354000091552734,3071754,PGE.WA,-0.02986933218072141,1.1751256340107088,9.350200033187866,9.355520057678223,8.950674998760224,0.5368473749206393,1.3505025060907552,-0.12986045659974577
2022-05-18,9.326000213623047,9.996000289916992,9.3100004196167,9.850000381469727,9.850000381469727,8329460,PGE.WA,0.05302547413538217,1.2374372279227681,9.380200052261353,9.36996006011963,8.956524999141694,0.56671897055565,1.3505025060907552,-0.0837208947470024
2022-05-19,9.644000053405762,9.819999694824219,9.529999732971191,9.531999588012695,9.531999588012695,3275345,PGE.WA,-0.0322843432630997,1.197487379689971,9.393400049209594,9.368040046691895,8.960184996128083,0.5810032076402372,1.3505025060907552,-0.11330236390579596
2022-05-20,9.649999618530273,9.944000244140625,9.604000091552734,9.67199993133545,9.67199993133545,4507521,PGE.WA,0.014687405515503515,1.2150753624351753,9.427300024032593,9.378520050048827,8.964514997005463,0.5702205780692047,1.3505025060907552,-0.100279076154842
2022-05-23,9.649999618530273,10.399999618530273,9.630000114440918,10.375,10.375,6870576,PGE.WA,0.07268404400903306,1.3033919535527054,9.491050004959106,9.40262004852295,8.972109997272492,0.6197294170207286,1.3505025060907552,-0.03488372093023262
2022-05-24,10.25,10.385000228881836,10.069999694824219,10.260000228881836,10.260000228881836,4038227,PGE.WA,-0.011084315288497737,1.2889447461950363,9.523950004577637,9.420580043792725,8.977769997119903,0.5960109203659227,1.3505025060907552,-0.04558137405750373
2022-05-25,10.329999923706055,10.65999984741211,9.8100004196167,9.836000442504883,9.836000442504883,2708380,PGE.WA,-0.041325514319521806,1.235678441629081,9.546150016784669,9.421380062103271,8.981400001049042,0.6110126317778147,1.3505025060907552,-0.08502321465070861
2022-05-26,9.850000381469727,10.34000015258789,9.8100004196167,10.270000457763672,10.270000457763672,2880678,PGE.WA,0.04412362705712369,1.2902010563500503,9.584950017929078,9.439980068206786,8.987650001049042,0.6278621451317151,1.3505025060907552,-0.044651120208030526
2022-05-27,10.300000190734863,10.34000015258789,10.0,10.0,10.0,2033502,PGE.WA,-0.026290208931739945,1.256281401014656,9.589950037002563,9.451940059661865,8.99275000333786,0.6200867826100699,1.3505025060907552,-0.06976744186046513
2022-05-30,10.0,10.380000114440918,9.90999984741211,10.369999885559082,10.369999885559082,2850063,PGE.WA,0.03699998855590825,1.3027637984751985,9.614350032806396,9.470980052947999,9.000000002384185,0.6327499936026625,1.3505025060907552,-0.03534884785496917
2022-05-31,10.369999885559082,10.369999885559082,9.982000350952148,10.104999542236328,10.104999542236328,5774205,PGE.WA,-0.025554517478036276,1.2694722982173112,9.6496000289917,9.475480041503907,9.004874999523162,0.6125190793169681,1.3505025060907552,-0.06000004258266711
2022-06-01,10.0600004196167,10.279999732971191,9.8100004196167,10.164999961853027,10.164999961853027,3114961,PGE.WA,0.0059376964210549055,1.2770100393390644,9.67495002746582,9.483660049438477,9.010950000286103,0.6064741762369851,1.3505025060907552,-0.05441860819971844
2022-06-02,10.140000343322754,10.175000190734863,9.949999809265137,10.0600004196167,10.0600004196167,2434817,PGE.WA,-0.010329517228762186,1.2638191421364093,9.71205005645752,9.490260066986083,9.01650000333786,0.5918114880938973,1.3505025060907552,-0.06418600747751635
2022-06-03,10.095000267028809,10.789999961853027,10.095000267028809,10.569999694824219,10.569999694824219,3667156,PGE.WA,0.05069575088814471,1.3278894025338255,9.77675004005432,9.507660064697266,9.02485000371933,0.6127580224348355,1.3505025060907552,-0.01674421443495644
2022-06-06,10.550000190734863,10.635000228881836,10.329999923706055,10.5,10.5,1430150,PGE.WA,-0.006622487875614147,1.3190954710653886,9.83725004196167,9.521660060882569,9.032150003910065,0.6144448626867693,1.3505025060907552,-0.023255813953488524
2022-06-07,10.399999618530273,10.444999694824219,10.210000038146973,10.319999694824219,10.319999694824219,1399330,PGE.WA,-0.017142886207217267,1.296482367508459,9.894750022888184,9.530820045471192,9.039430000782012,0.6164266470535844,1.3505025060907552,-0.040000028388444964
2022-06-08,10.265000343322754,10.399999618530273,10.114999771118164,10.15999984741211,10.15999984741211,1679754,PGE.WA,-0.015503861641813277,1.2763818842615573,9.961650037765503,9.545460033416749,9.043980000019074,0.5998243408102961,1.3505025060907552,-0.0548837351244551
2022-06-09,10.15999984741211,10.385000228881836,10.104999542236328,10.265000343322754,10.265000343322754,1309915,PGE.WA,0.010334694634605679,1.2895729012725432,10.039400053024291,9.564760036468506,9.04640500307083,0.5949648073381332,1.3505025060907552,-0.045116247132767184
2022-06-10,10.100000381469727,10.5,10.020000457763672,10.270000457763672,10.270000457763672,2495263,PGE.WA,0.00048710319276024094,1.2902010563500501,10.078800058364868,9.587960052490235,9.049055006504059,0.5152162362725179,1.3505025060907552,-0.04465112020803075
2022-06-13,10.0649995803833,10.444999694824219,10.045000076293945,10.210000038146973,10.210000038146973,3216383,PGE.WA,-0.00584229960489846,1.2826633152282967,10.107200050354004,9.605360050201416,9.051795008182525,0.5142846232254388,1.3505025060907552,-0.05023255459097953
2022-06-14,10.21500015258789,10.350000381469727,10.074999809265137,10.350000381469727,10.350000381469727,2750756,PGE.WA,0.01371208058762785,1.300251297973501,10.157000064849854,9.629960060119629,9.055555012226105,0.5000096873193683,1.3505025060907552,-0.03720926684002557
2022-06-15,10.265000343322754,10.600000381469727,10.199999809265137,10.550000190734863,10.550000190734863,3708889,PGE.WA,0.019323652356883825,1.325376902032128,10.19200005531311,9.655560054779052,9.060225012302398,0.4710260107841801,1.3505025060907552,-0.01860463342001284
2022-06-17,10.399999618530273,11.100000381469727,10.34000015258789,10.869999885559082,10.869999885559082,5746982,PGE.WA,0.030331724079516675,1.365577868525931,10.25890007019043,9.694960060119628,9.065195009708404,0.45961781234148424,1.365577868525931,0.0
2022-06-20,10.890000343322754,11.114999771118164,10.680000305175781,10.824999809265137,10.824999809265137,1237845,PGE.WA,-0.00413984146897084,1.3599245926366985,10.316550064086915,9.730740051269532,9.06887000799179,0.46028918675527664,1.365577868525931,-0.00413984146897084
2022-06-21,10.904999732971191,11.045000076293945,10.824999809265137,11.020000457763672,11.020000457763672,1049316,PGE.WA,0.018013917037821514,1.3844221614261492,10.348800086975098,9.767180061340332,9.07397001028061,0.39099608359492455,1.3844221614261492,0.0
2022-06-22,10.920000076293945,10.9399995803833,10.555000305175781,10.729999542236328,10.729999542236328,1784734,PGE.WA,-0.0263158714592463,1.3479898857807266,10.372300052642823,9.810540046691894,9.078910009860993,0.4020142518378876,1.3844221614261492,-0.0263158714592463
2022-06-23,10.585000038146973,10.890000343322754,10.5600004196167,10.71500015258789,10.71500015258789,1226261,PGE.WA,-0.0013978928507308863,1.3461055403565363,10.416250038146973,9.84752004623413,9.084315011501312,0.3677475079746807,1.3844221614261492,-0.027676977541403525
2022-06-24,10.739999771118164,10.994999885559082,10.694999694824219,10.930000305175781,10.930000305175781,1248202,PGE.WA,0.020065342932912955,1.3731156096476842,10.449250030517579,9.878040046691895,9.090065014362334,0.3424476634267983,1.3844221614261492,-0.008166982654205457
2022-06-27,10.899999618530273,11.050000190734863,10.75,11.024999618530273,11.024999618530273,1326334,PGE.WA,0.008691611226168572,1.3850501966953253,10.500500011444093,9.909900035858154,9.096310012340545,0.3243394638141264,1.3850501966953253,0.0
2022-06-28,11.024999618530273,11.079999923706055,10.710000038146973,10.8100004196167,10.8100004196167,2256947,PGE.WA,-0.019501061800692887,1.358040247212508,10.522500038146973,9.938780040740967,9.101860015392303,0.3123943039370368,1.3850501966953253,-0.019501061800692887
2022-06-29,10.800000190734863,10.800000190734863,10.600000381469727,10.755000114440918,10.755000114440918,1862649,PGE.WA,-0.005087909624496678,1.3511306611682616,10.555000066757202,9.9674800491333,9.10638501405716,0.29625383356919854,1.3850501966953253,-0.02448975178516577
2022-06-30,10.6850004196167,10.779999732971191,10.5649995803833,10.654999732971191,10.654999732971191,2780307,PGE.WA,-0.009298036299920986,1.3385677992347829,10.57950005531311,9.995580043792724,9.110830013751984,0.2993647614750869,1.3850501966953253,-0.03356008148401235
2022-07-01,10.649999618530273,11.069999694824219,10.649999618530273,10.880000114440918,10.880000114440918,1978117,PGE.WA,0.021116882882078247,1.366834178680945,10.62050004005432,10.027820053100585,9.114680016040802,0.30225401122982043,1.3850501966953253,-0.013151882912144974
2022-07-04,10.899999618530273,11.0600004196167,10.5,10.53499984741211,10.53499984741211,4718183,PGE.WA,-0.031709583033082245,1.3234924367996068,10.618750047683715,10.058640041351318,9.116355016231537,0.2739648680693747,1.3850501966953253,-0.04444442522198311
2022-07-05,10.600000381469727,10.649999618530273,10.364999771118164,10.5,10.5,2099979,PGE.WA,-0.0033222447004312983,1.3190954710653884,10.618750047683715,10.086640033721924,9.118805015087128,0.2731599357105845,1.3850501966953253,-0.047619014666257065
2022-07-06,10.5,10.520000457763672,9.706000328063965,9.878000259399414,9.878000259399414,3761730,PGE.WA,-0.05923807053338914,1.2409548005101427,10.596650075912475,10.092160034179688,9.118465015888214,0.3409443739191273,1.3850501966953253,-0.10403622665011591
2022-07-07,9.98799991607666,10.305000305175781,9.789999961853027,10.305000305175781,10.305000305175781,2113989,PGE.WA,0.043227377461349636,1.2945980220842686,10.60390009880066,10.110420036315919,9.12121001958847,0.37230483363620936,1.3850501966953253,-0.06530606242782533
2022-07-08,10.279999732971191,10.479999542236328,10.130000114440918,10.345000267028809,10.345000267028809,2155652,PGE.WA,0.0038816070517666557,1.2996231428959941,10.607900094985961,10.127440032958985,9.126375019550323,0.3708544284398241,1.3850501966953253,-0.06167794784850156
2022-07-11,10.0,10.1850004196167,9.461999893188477,9.791999816894531,9.791999816894531,2943596,PGE.WA,-0.053455817869505484,1.2301507248703516,10.584000062942504,10.12528003692627,9.12960501909256,0.41764812591908534,1.3850501966953253,-0.11183672057125271
2022-07-12,9.779999732971191,10.0,9.595999717712402,9.956000328063965,9.956000328063965,2626018,PGE.WA,0.01674841852901965,1.2507538040642572,10.571300077438355,10.1267600440979,9.132565019130707,0.4225944310093236,1.3850501966953253,-0.0969613902452734
2022-07-13,9.770000457763672,10.024999618530273,9.654000282287598,9.838000297546387,9.838000297546387,1816358,PGE.WA,-0.01185215213231361,1.2359296796984176,10.545700073242188,10.135520057678223,9.136095020771027,0.420594486474879,1.3850501966953253,-0.10766434122943935
2022-07-14,9.87399959564209,10.154999732971191,9.86400032043457,10.050000190734863,10.050000190734863,2839753,PGE.WA,0.021549083835802563,1.2625628319813955,10.520700073242187,10.143360061645508,9.141545021533966,0.42217588385159815,1.3850501966953253,-0.0884353253089164
2022-07-15,9.824000358581543,10.079999923706055,9.824000358581543,9.942000389099121,9.942000389099121,1296329,PGE.WA,-0.010746248715030604,1.24899501777057,10.474300098419189,10.155840072631836,9.146925022602082,0.405180611014523,1.3850501966953253,-0.09823122602298284
2022-07-18,9.883999824523926,10.279999732971191,9.883999824523926,10.255000114440918,10.255000114440918,1365610,PGE.WA,0.031482570216450956,1.2883165911175294,10.44580011367798,10.17542007446289,9.15403002500534,0.4244513298067065,1.3850501966953253,-0.0698412272772484
2022-07-19,10.279999732971191,10.789999961853027,10.265000343322754,10.53499984741211,10.53499984741211,2599735,PGE.WA,0.02730372792262581,1.3234924367996073,10.421550083160401,10.200320072174073,9.162795026302337,0.4315858089227182,1.3850501966953253,-0.044444425221982775
2022-07-20,10.600000381469727,10.600000381469727,10.25,10.520000457763672,10.520000457763672,1845130,PGE.WA,-0.0014237674291112112,1.321608091375417,10.411050128936768,10.227320079803468,9.170745027065276,0.4218377718084129,1.3850501966953253,-0.04580491412605747
2022-07-21,10.520000457763672,10.579999923706055,10.265000343322754,10.354999542236328,10.354999542236328,1065629,PGE.WA,-0.015684496991212105,1.3008793332426776,10.39305009841919,10.25798007965088,9.177400023937226,0.4252092725918603,1.3850501966953253,-0.060770984079476675
2022-07-22,10.350000381469727,10.600000381469727,10.3100004196167,10.539999961853027,10.539999961853027,750662,PGE.WA,0.017865806643651894,1.324120591877114,10.373550081253052,10.294580078125,9.18323002576828,0.423808512764944,1.3850501966953253,-0.04399090008693329
2022-07-25,10.539999961853027,10.595000267028809,10.295000076293945,10.329999923706055,10.329999923706055,704554,PGE.WA,-0.01992410236309461,1.297738677663473,10.338800096511841,10.311540069580078,9.18814002752304,0.42686757420724525,1.3850501966953253,-0.06303852325365111
2022-07-26,10.289999961853027,10.545000076293945,10.270000457763672,10.545000076293945,10.545000076293945,1528417,PGE.WA,0.020813180462324388,1.324748746954621,10.325550079345703,10.329600067138673,9.19416502714157,0.43005183589582235,1.3850501966953253,-0.04353737495188337
2022-07-27,10.329999923706055,10.5600004196167,10.170000076293945,10.470000267028809,10.470000267028809,1802774,PGE.WA,-0.007112357394263302,1.3153266604086773,10.311300086975098,10.351920070648193,9.199685027599335,0.43037399771534024,1.3850501966953253,-0.05034007897548087
2022-07-28,10.329999923706055,10.385000228881836,10.029999732971191,10.15999984741211,10.15999984741211,1340887,PGE.WA,-0.029608444289435654,1.2763818842615575,10.286550092697144,10.35812005996704,9.201485025882722,0.44147034365472054,1.3850501966953253,-0.07845803184104516
2022-07-29,10.149999618530273,10.345000267028809,10.104999542236328,10.34000015258789,10.34000015258789,1814672,PGE.WA,0.01771656573613334,1.2989949878184872,10.259550094604492,10.374280071258545,9.203435027599335,0.43926786111772204,1.3850501966953253,-0.06213147298355137
2022-08-01,10.34000015258789,10.34000015258789,10.125,10.199999809265137,10.199999809265137,1103764,PGE.WA,-0.01353968484107948,1.281407005073283,10.242800092697143,10.38484006881714,9.204385025501251,0.4276455601850895,1.3850501966953253,-0.07482991726172139
2022-08-02,10.055000305175781,10.295000076293945,9.82800006866455,9.89799976348877,9.89799976348877,2652250,PGE.WA,-0.029607848178785923,1.2434673010118407,10.212700080871581,10.375300064086915,9.203925025463104,0.43934070046932683,1.3850501966953253,-0.10222221261099107
2022-08-03,9.916000366210938,10.100000381469727,9.600000381469727,9.925999641418457,9.925999641418457,2354602,PGE.WA,0.0028288420487714294,1.2469848735992153,10.215100049972534,10.368620052337647,9.203305022716522,0.3850680690834746,1.3850501966953253,-0.09968254105557206
2022-08-04,10.0,10.0,9.5,9.51200008392334,9.51200008392334,1247261,PGE.WA,-0.041708600891703806,1.194974879188274,10.175450038909911,10.362140045166015,9.198865025043487,0.37810181109320073,1.3850501966953253,-0.1372335226265181
2022-08-05,9.510000228881836,9.779999732971191,9.510000228881836,9.54800033569336,9.54800033569336,1628576,PGE.WA,0.0037847194546249963,1.199497523861326,10.135600042343139,10.34770004272461,9.194205029010773,0.37807611890706766,1.3850501966953253,-0.1339681935548045
2022-08-08,9.604000091552734,9.855999946594238,9.423999786376953,9.800000190734863,9.800000190734863,1726711,PGE.WA,0.026392945766816833,1.231155796956029,10.136000061035157,10.343700046539306,9.192855031490327,0.34343835232597575,1.3850501966953253,-0.11111106305495799
2022-08-09,9.859999656677246,9.887999534606934,9.697999954223633,9.734000205993652,9.734000205993652,1077443,PGE.WA,-0.006734692189456104,1.2228643416262657,10.12490005493164,10.330980052947998,9.19020003080368,0.33857010420414474,1.3850501966953253,-0.11709745643589564
2022-08-10,9.661999702453613,9.788000106811523,9.550000190734863,9.574000358581543,9.574000358581543,1053052,PGE.WA,-0.01643721430307654,1.202763858379364,10.111700057983398,10.320360069274903,9.187845032215119,0.3409184795499929,1.3850501966953253,-0.13160991475319028
2022-08-11,9.718000411987305,9.718000411987305,9.5600004196167,9.630000114440918,9.630000114440918,963570,PGE.WA,0.005849149129097286,1.2097990035541135,10.090700054168702,10.30966007232666,9.18614503145218,0.3314848979476302,1.3850501966953253,-0.12653057164235215
2022-08-12,9.597999572753906,9.729999542236328,9.541999816894531,9.729999542236328,9.729999542236328,768028,PGE.WA,0.010384156449328996,1.2223617456792617,10.08010001182556,10.303060054779053,9.185545027256012,0.33251070148414286,1.3850501966953253,-0.11746032844458032
2022-08-16,9.75,9.947999954223633,9.545999526977539,9.62600040435791,9.62600040435791,1873865,PGE.WA,-0.010688503881934874,1.2092965274154401,10.048650026321411,10.284180068969727,9.184425027370454,0.31109882563631774,1.3850501966953253,-0.12689335714996208
2022-08-17,9.729999542236328,9.729999542236328,9.350000381469727,9.581999778747559,9.581999778747559,1076398,PGE.WA,-0.0045710184668631415,1.2037688106567106,10.001000022888183,10.265820064544677,9.182865025997161,0.2897956529173733,1.3850501966953253,-0.13088434373797053
2022-08-18,9.479999542236328,9.604000091552734,9.378000259399414,9.447999954223633,9.447999954223633,1405989,PGE.WA,-0.013984536382596335,1.1869346619278471,9.947399997711182,10.248380069732667,9.180165026187897,0.29141220577754917,1.3850501966953253,-0.14303852325365096
2022-08-19,9.350000381469727,9.350000381469727,8.96399974822998,8.96399974822998,8.96399974822998,2442104,PGE.WA,-0.05122779512475384,1.1261306162401383,9.877850008010864,10.224460067749023,9.175945026874542,0.33275472261058153,1.3850501966953253,-0.18693877021421945
2022-08-22,9.050000190734863,9.050000190734863,8.619999885559082,8.694000244140625,8.694000244140625,1645954,PGE.WA,-0.030120427451224452,1.0922110807130745,9.785550022125244,10.19304006576538,9.169825026988983,0.3288146030161292,1.3850501966953253,-0.21142852199938544
2022-08-23,8.694000244140625,8.92199993133545,8.619999885559082,8.684000015258789,8.684000015258789,2317405,PGE.WA,-0.0011502448356354167,1.0909547705580604,9.70325002670288,10.161320056915283,9.163995025157929,0.3275766111938914,1.3850501966953253,-0.21233557226948507
2022-08-24,8.720000267028809,8.720000267028809,8.241999626159668,8.27400016784668,8.27400016784668,1650827,PGE.WA,-0.047213248122028095,1.0394472522857925,9.589700031280518,10.122600059509278,9.153765027523042,0.335907875368541,1.3850501966953253,-0.2495237683328212
2022-08-25,8.430000305175781,8.47599983215332,8.154000282287598,8.17199993133545,8.17199993133545,1213167,PGE.WA,-0.012327802083883177,1.026633152282977,9.47480001449585,10.079040050506592,9.143525025844575,0.3354446850162817,1.3850501966953253,-0.2587754907854727
2022-08-26,8.1899995803833,8.1899995803833,7.561999797821045,7.6479997634887695,7.6479997634887695,2532376,PGE.WA,-0.06412141119059567,0.9608039857835429,9.349200010299683,10.02100004196167,9.131265022754668,0.378896078073617,1.3850501966953253,-0.30630385232536483
2022-08-29,7.539999961853027,7.553999900817871,7.2220001220703125,7.484000205993652,7.484000205993652,2962250,PGE.WA,-0.02144345744857945,0.940201026397968,9.20640001296997,9.953280048370361,9.117660024166106,0.3607231292540466,1.3850501966953253,-0.3211790961502693
2022-08-30,7.489999771118164,7.6020002365112305,7.196000099182129,7.199999809265137,7.199999809265137,2305033,PGE.WA,-0.03794767355846285,0.9045225847688861,9.05640001296997,9.880780048370362,9.10465002298355,0.3690202388058765,1.3850501966953253,-0.3469387702142196
2022-08-31,7.294000148773193,7.320000171661377,7.079999923706055,7.171999931335449,7.171999931335449,3317517,PGE.WA,-0.0038888720376987207,0.9010050121815114,8.920100021362305,9.803820037841797,9.092460024356843,0.36866038584362176,1.3850501966953253,-0.3494784417696387
2022-09-01,7.099999904632568,7.23199987411499,6.940000057220459,7.044000148773193,7.044000148773193,2405165,PGE.WA,-0.017847153344635047,0.8849246375648232,8.776000046730042,9.730100049972535,9.08071002483368,0.36211285122035297,1.3850501966953253,-0.36108839977336693
2022-09-02,7.208000183105469,7.386000156402588,7.004000186920166,7.211999893188477,7.211999893188477,3500632,PGE.WA,0.02385004839111793,0.9060301329932368,8.661000037193299,9.660040044784546,9.06986002445221,0.3766644679507596,1.3850501966953253,-0.34585032719031505
2022-09-05,7.185999870300293,7.260000228881836,7.0,7.067999839782715,7.067999839782715,917641,PGE.WA,-0.019966729830620977,0.8879396741093593,8.537000012397765,9.582800035476685,9.058100023269652,0.37163380386285283,1.3850501966953253,-0.3589115569760951
2022-09-06,7.079999923706055,7.179999828338623,6.710000038146973,6.7179999351501465,6.7179999351501465,1705652,PGE.WA,-0.04951894631668918,0.8439698370546794,8.38289999961853,9.496660041809083,9.044690024852752,0.3578468985720858,1.3850501966953253,-0.3906575811704457
2022-09-07,6.6519999504089355,7.230000019073486,6.550000190734863,7.223999977111816,7.223999977111816,2990834,PGE.WA,0.07532004269814885,0.9075376812175876,8.257399988174438,9.424940032958984,9.034310023784638,0.48826342810361284,1.3850501966953253,-0.3447618841664104
2022-09-08,7.349999904632568,7.53000020980835,7.1579999923706055,7.185999870300293,7.185999870300293,2616437,PGE.WA,-0.005260258434651277,0.9027637984751989,8.137999963760375,9.353560028076172,9.025480024814605,0.4892414157702628,1.3850501966953253,-0.34820860599192904
2022-09-09,7.28000020980835,7.670000076293945,7.203999996185303,7.627999782562256,7.627999782562256,2034402,PGE.WA,0.06150847762866607,0.9582914253776803,8.037899947166443,9.293020029067993,9.018550024032592,0.5544302911027744,1.3850501966953253,-0.3081179096150265
2022-09-12,7.679999828338623,7.679999828338623,7.170000076293945,7.230000019073486,7.230000019073486,2352822,PGE.WA,-0.05217616345488163,0.908291455329763,7.912899971008301,9.220020027160645,9.00970002412796,0.5667468412201011,1.3850501966953253,-0.3442176626544581
2022-09-13,7.320000171661377,7.320000171661377,6.869999885559082,6.932000160217285,6.932000160217285,2829736,PGE.WA,-0.041217131130020346,0.8708542873111591,7.778199958801269,9.147960033416748,9.002360026836396,0.5745877367887835,1.3850501966953253,-0.37124712924558056
2022-09-14,6.909999847412109,6.989999771118164,6.76800012588501,6.906000137329102,6.906000137329102,2272406,PGE.WA,-0.0037507245076821016,0.8675879527931211,7.644399976730346,9.07608003616333,8.99694002866745,0.5748051394903423,1.3850501966953253,-0.37360540804719466
2022-09-15,6.96999979019165,7.050000190734863,6.75,6.817999839782715,6.817999839782715,3302473,PGE.WA,-0.012742585548285335,0.856532639083993,7.5128999710083,9.014880027770996,8.990700027942658,0.5748690293138332,1.3850501966953253,-0.3815872947221365
2022-09-16,6.757999897003174,6.989999771118164,6.639999866485596,6.659999847412109,6.659999847412109,12926654,PGE.WA,-0.02317395073092887,0.8366833939064281,7.397699975967408,8.941980018615723,8.982560026645661,0.5602228710308654,1.3850501966953253,-0.3959183602856261
2022-09-19,6.699999809265137,7.056000232696533,6.699999809265137,7.050000190734863,7.050000190734863,2238591,PGE.WA,0.0585586114501635,0.8856784116769987,7.315499973297119,8.876080017089844,8.974360029697419,0.6126909185858898,1.3850501966953253,-0.3605441782614145
2022-09-20,7.076000213623047,7.150000095367432,6.829999923706055,6.883999824523926,6.883999824523926,2342537,PGE.WA,-0.023546150598562465,0.8648240944137565,7.225499963760376,8.817920017242432,8.96640002965927,0.6136901957500435,1.3850501966953253,-0.3756009013411987
2022-09-21,6.869999885559082,7.039999961853027,6.8420000076293945,6.927999973297119,6.927999973297119,1835616,PGE.WA,0.006391654546016312,0.8703517512683207,7.158199954032898,8.757360010147094,8.960340027809144,0.6009229968582439,1.3850501966953253,-0.37160995800372765
2022-09-22,6.868000030517578,7.156000137329102,6.78000020980835,7.039999961853027,7.039999961853027,2055176,PGE.WA,0.01616628016564592,0.8844221015219849,7.101599955558777,8.701400003433228,8.954040026664734,0.6067883734743512,1.3850501966953253,-0.361451228531514
2022-09-23,7.130000114440918,7.130000114440918,6.822000026702881,6.900000095367432,6.900000095367432,1277070,PGE.WA,-0.019886344779005638,0.8668341786809459,7.06419997215271,8.638400001525879,8.947290027141571,0.5705404979253111,1.3850501966953253,-0.37414962955914677
2022-09-26,6.665999889373779,6.757999897003174,6.300000190734863,6.434000015258789,6.434000015258789,4956302,PGE.WA,-0.06753624256056301,0.8082914553297631,7.011699962615967,8.568239994049073,8.938730027675629,0.6107103265844206,1.3850501966953253,-0.4164172119838585
2022-09-27,6.541999816894531,6.730000019073486,6.452000141143799,6.519999980926514,6.519999980926514,2549435,PGE.WA,0.013366485151347307,0.8190954710653893,6.977699971199035,8.493539991378784,8.932170028686523,0.6031520778339502,1.3850501966953253,-0.40861676131325886
2022-09-28,6.400000095367432,6.573999881744385,6.23799991607666,6.5,6.5,1921899,PGE.WA,-0.0030674817461688875,0.8165829106595266,6.944099974632263,8.412839994430541,8.924170026779175,0.6031659633388956,1.3850501966953253,-0.41043081860292063
2022-09-29,6.489999771118164,6.489999771118164,6.119999885559082,6.199999809265137,6.199999809265137,2112336,PGE.WA,-0.04615387549767125,0.7788944446674207,6.901899957656861,8.326439981460572,8.915930025577545,0.6197843452495594,1.3850501966953253,-0.4376417211983855
2022-09-30,6.297999858856201,6.420000076293945,6.199999809265137,6.276000022888184,6.276000022888184,2248640,PGE.WA,0.012258099348563478,0.7884422101521982,6.8550999641418455,8.244859991073609,8.908110024929046,0.6138055514214876,1.3850501966953253,-0.4307482775473481
2022-10-03,6.323999881744385,6.409999847412109,6.00600004196167,6.381999969482422,6.381999969482422,2111885,PGE.WA,0.016889730115943857,0.8017587862936871,6.820799970626831,8.161699991226197,8.90251002550125,0.6167938738095484,1.3850501966953253,-0.4211337695870866
2022-10-04,6.460000038146973,6.673999786376953,6.4120001792907715,6.492000102996826,6.492000102996826,1292739,PGE.WA,0.017235997185898633,0.8155778984780147,6.809499979019165,8.08493999481201,8.896270027160645,0.5972018996061764,1.3850501966953253,-0.41115643286867787
2022-10-05,6.519999980926514,6.519999980926514,6.340000152587891,6.361999988555908,6.361999988555908,1259961,PGE.WA,-0.020024663028102463,0.7992462258878245,6.76639997959137,8.001279993057251,8.889600026607514,0.5273180644535087,1.3850501966953253,-0.4229478268767485
2022-10-06,6.4019999504089355,6.552000045776367,6.230000019073486,6.300000190734863,6.300000190734863,1661754,PGE.WA,-0.009745331331746487,0.7914573066008997,6.722099995613098,7.917879991531372,8.88123002767563,0.5274965721264553,1.3850501966953253,-0.4285713914995388
2022-10-07,6.25,6.326000213623047,6.079999923706055,6.125999927520752,6.125999927520752,1403670,PGE.WA,-0.027619088562886973,0.7695979771561455,6.647000002861023,7.837199993133545,8.872920026779175,0.46761305102647577,1.3850501966953253,-0.4443537288450803
2022-10-10,6.1479997634887695,6.1479997634887695,5.820000171661377,5.820000171661377,5.820000171661377,1454005,PGE.WA,-0.04995098914132956,0.7311557969560297,6.576500010490418,7.7467999935150145,8.863820028305053,0.4650416315638804,1.3850501966953253,-0.47210880970196
2022-10-11,5.886000156402588,5.960000038146973,5.699999809265137,5.748000144958496,5.748000144958496,1793633,PGE.WA,-0.012371138243854718,0.7221105675140909,6.517300009727478,7.6577600002288815,8.852890028953553,0.45072183982242586,1.3850501966953253,-0.4786394245948501
2022-10-12,5.817999839782715,5.927999973297119,5.619999885559082,5.6620001792907715,5.6620001792907715,4562142,PGE.WA,-0.014961719467448842,0.7113065517784648,6.455100011825562,7.573040008544922,8.842600030899048,0.4507683077203988,1.3850501966953253,-0.48643987526544963
2022-10-13,5.73199987411499,5.75,5.329999923706055,5.421999931335449,5.421999931335449,2722673,PGE.WA,-0.04238789126731979,0.6811557670039471,6.385300016403198,7.482960014343262,8.830160031318664,0.46563810282230766,1.3850501966953253,-0.5082086059919289
2022-10-14,5.52400016784668,5.639999866485596,5.300000190734863,5.334000110626221,5.334000110626221,2335468,PGE.WA,-0.016230140506024338,0.6701005131989842,6.319000029563904,7.399400014877319,8.816380031108856,0.46387491314420654,1.3850501966953253,-0.5161904494163334
2022-10-17,5.360000133514404,5.748000144958496,5.360000133514404,5.5879998207092285,5.5879998207092285,2156872,PGE.WA,0.04761899227879618,0.7020100243630241,6.245900011062622,7.320200004577637,8.80401002883911,0.4434072021973144,1.3850501966953253,-0.493151926162682
2022-10-18,5.645999908447266,5.650000095367432,5.159999847412109,5.22599983215332,5.22599983215332,4307126,PGE.WA,-0.0647816750484368,0.6565326390839934,6.163000011444092,7.228719997406006,8.789270029067993,0.48121049374232344,1.3850501966953253,-0.5259863933809372
2022-10-19,5.203999996185303,5.203999996185303,4.921000003814697,4.953999996185303,4.953999996185303,5150596,PGE.WA,-0.05204742531649542,0.6223618055834276,6.064300012588501,7.133119993209839,8.773160030841828,0.49412800290967623,1.3850501966953253,-0.5506575811704455
2022-10-20,4.940000057220459,5.046000003814697,4.789999961853027,4.876999855041504,4.876999855041504,5128288,PGE.WA,-0.015543024061988486,0.6126884210639818,5.956150007247925,7.0391799831390385,8.756955029964447,0.4792073650028032,1.3850501966953253,-0.5576417211983854
2022-10-21,4.949999809265137,4.949999809265137,4.664000034332275,4.738999843597412,4.738999843597412,3152481,PGE.WA,-0.028296086845571056,0.5953517362922796,5.848099994659424,6.941359977722168,8.740160031318664,0.4806330069145507,1.3850501966953253,-0.5701587294722132
2022-10-24,4.840000152587891,4.869999885559082,4.671999931335449,4.738999843597412,4.738999843597412,3742498,PGE.WA,0.0,0.5953517362922796,5.763349986076355,6.8415399837493895,8.724095029830933,0.44725247992040806,1.3850501966953253,-0.5701587294722132
2022-10-25,4.826000213623047,5.248000144958496,4.800000190734863,5.050000190734863,5.050000190734863,5274661,PGE.WA,0.06562573483888712,0.6344221314740678,5.689849996566773,6.750019979476929,8.709095029830932,0.5229515497956746,1.3850501966953253,-0.5419500802297463
2022-10-26,5.079999923706055,5.297999858856201,5.038000106811523,5.199999809265137,5.199999809265137,3376541,PGE.WA,0.029702893636613048,0.6532663045659554,5.6248499870300295,6.66237998008728,8.693235030174256,0.5430733377478292,1.3850501966953253,-0.5283446721825513
2022-10-27,5.239999771118164,5.239999771118164,5.021999835968018,5.171999931335449,5.171999931335449,3220863,PGE.WA,-0.0053845921070609926,0.6497487319785806,5.573449993133545,6.576859979629517,8.677395029067993,0.5266456184823983,1.3850501966953253,-0.5308843437379704
2022-10-28,5.150000095367432,5.340000152587891,5.090000152587891,5.329999923706055,5.329999923706055,3334553,PGE.WA,0.030549109525956464,0.6695979771561457,5.5261499881744385,6.504179983139038,8.66205502986908,0.5400398711030121,1.3850501966953253,-0.5165532781744807
2022-10-31,5.357999801635742,5.676000118255615,5.349999904632568,5.449999809265137,5.449999809265137,4667021,PGE.WA,0.022514050145735043,0.6846733395913219,5.479549980163574,6.4392999744415285,8.647995028495789,0.5437768317330003,1.3850501966953253,-0.5056689344365097
2022-11-02,5.550000190734863,5.849999904632568,5.550000190734863,5.8379998207092285,5.8379998207092285,6608954,PGE.WA,0.07119266514183753,0.7334170593883905,5.446849966049195,6.382379970550537,8.636525027751922,0.6062182092074466,1.3850501966953253,-0.4704761884166404
2022-11-03,5.705999851226807,5.938000202178955,5.630000114440918,5.796000003814697,5.796000003814697,4219854,PGE.WA,-0.007194213460840593,0.7281407005073285,5.418549966812134,6.332819967269898,8.626905028820039,0.6035954128485125,1.3850501966953253,-0.474285695749769
2022-11-04,5.861999988555908,6.199999809265137,5.771999835968018,6.185999870300293,6.185999870300293,6476129,PGE.WA,0.06728776159919136,0.7771356583737338,5.412849950790405,6.293099966049194,8.617635028362274,0.6536715575155427,1.3850501966953253,-0.43891155697609474
2022-11-07,6.25,6.539999961853027,5.670000076293945,5.763999938964844,5.763999938964844,12262511,PGE.WA,-0.0682185483645934,0.7241205918771151,5.39474995136261,6.255419969558716,8.606585028171539,0.691141938856624,1.3850501966953253,-0.4771881960633354
2022-11-08,5.769999980926514,6.004000186920166,5.585999965667725,5.889999866485596,5.889999866485596,5951553,PGE.WA,0.021859807226746852,0.7399497284244666,5.398249936103821,6.223539962768554,8.59802502632141,0.672001489260595,1.3850501966953253,-0.4657596308134122
2022-11-09,5.888000011444092,6.019999980926514,5.820000171661377,6.010000228881836,6.010000228881836,4281882,PGE.WA,0.020373576420442463,0.7550251507638082,5.411349940299988,6.199739971160889,8.58945502758026,0.6731224073167855,1.3850501966953253,-0.45487524382490385
2022-11-10,6.01800012588501,6.260000228881836,5.7820000648498535,6.248000144958496,6.248000144958496,3583371,PGE.WA,0.039600650085322986,0.784924637564824,5.440649938583374,6.18125997543335,8.58211502790451,0.6815324041740624,1.3850501966953253,-0.4332879491027668
2022-11-14,6.25,6.446000099182129,6.1479997634887695,6.271999835968018,6.271999835968018,4815184,PGE.WA,0.003841179649921589,0.78793967410936,5.483149933815002,6.165819969177246,8.575025026798249,0.6575007379802547,1.3850501966953253,-0.4311111063054951
2022-11-15,6.300000190734863,6.360000133514404,6.079999923706055,6.314000129699707,6.314000129699707,4021697,PGE.WA,0.0066964755787828345,0.7932160928945875,5.532149934768677,6.147859973907471,8.568405027389526,0.6512443903101541,1.3850501966953253,-0.42730155572182904
2022-11-16,6.124000072479248,6.389999866485596,6.119999885559082,6.326000213623047,6.326000213623047,4396795,PGE.WA,0.0019005517384920179,0.7947236411189381,5.569049954414368,6.133019981384277,8.561785027980804,0.635568944826593,1.3850501966953253,-0.4262131126979245
2022-11-17,6.326000213623047,6.71999979019165,6.303999900817871,6.6020002365112305,6.6020002365112305,4172979,PGE.WA,0.04362946784191024,0.8293970106623426,5.637849974632263,6.130699987411499,8.556995029449462,0.587924763801591,1.3850501966953253,-0.4011790961502688
2022-11-18,6.6020002365112305,6.685999870300293,6.4019999504089355,6.558000087738037,6.558000087738037,3522009,PGE.WA,-0.0066646693724513595,0.8238693538077786,5.7180499792098995,6.117379989624023,8.552385029792786,0.5422331457033228,1.3850501966953253,-0.4051700394877398
2022-11-21,6.576000213623047,6.826000213623047,6.4720001220703125,6.71999979019165,6.71999979019165,3241801,PGE.WA,0.024702607545937116,0.844221075124017,5.810199975967407,6.108059988021851,8.546335029602051,0.5311937387322717,1.3850501966953253,-0.3904761884166401
2022-11-22,6.75,6.989999771118164,6.691999912261963,6.823999881744385,6.823999881744385,3553524,PGE.WA,0.015476204583299236,0.8572864131961692,5.914449977874756,6.091979990005493,8.54283502817154,0.5040626508205609,1.3850501966953253,-0.3810430732101836
2022-11-23,6.826000213623047,6.943999767303467,6.567999839782715,6.605999946594238,6.605999946594238,4331427,PGE.WA,-0.03194606373504516,0.8298994868010161,6.007799983024597,6.0794999885559085,8.537045028209686,0.5319140857099398,1.3850501966953253,-0.40081631064265877
2022-11-24,6.5879998207092285,6.613999843597412,6.309999942779541,6.486000061035156,6.486000061035156,3533986,PGE.WA,-0.018165287091918447,0.8148241243658398,6.079599976539612,6.070579986572266,8.530315029621125,0.5137448335776443,1.3850501966953253,-0.41170065438062975
2022-11-25,6.5,6.624000072479248,6.421999931335449,6.5279998779296875,6.5279998779296875,2271541,PGE.WA,0.006475457369611526,0.8201004832469019,6.1459999799728395,6.063019981384278,8.522455027103424,0.5103864800621615,1.3850501966953253,-0.4078911470475012
2022-11-28,6.539999961853027,6.556000232696533,6.409999847412109,6.446000099182129,6.446000099182129,2207744,PGE.WA,-0.012561240851855615,0.8097990035541144,6.209699988365173,6.0555799865722655,8.514685027599334,0.5142361230722827,1.3850501966953253,-0.4153287689599535
2022-11-29,6.4720001220703125,6.498000144958496,6.26200008392334,6.380000114440918,6.380000114440918,3502122,PGE.WA,-0.01023890532511551,0.8015075482243509,6.2621999979019165,6.049979991912842,8.50658502817154,0.5146490520989301,1.3850501966953253,-0.4213151623408913
2022-11-30,6.466000080108643,6.567999839782715,6.366000175476074,6.46999979019165,6.46999979019165,3828939,PGE.WA,0.014106531996295857,0.8128140400986503,6.313199996948242,6.038379983901978,8.500065026283265,0.5126969444510667,1.3850501966953253,-0.4131519261626818
2022-12-01,6.559999942779541,6.760000228881836,6.559999942779541,6.760000228881836,6.760000228881836,2872313,PGE.WA,0.04482232582600987,0.8492462558399074,6.359300017356873,6.035899991989136,8.494165027141571,0.47769363089324296,1.3850501966953253,-0.3868480305867793
2022-12-02,6.71999979019165,6.75,6.52400016784668,6.590000152587891,6.590000152587891,2776090,PGE.WA,-0.02514793942870397,0.8278894624379918,6.399000024795532,6.029139995574951,8.487375028133393,0.48927336734438415,1.3850501966953253,-0.40226753917417346
2022-12-05,6.5920000076293945,6.820000171661377,6.585999965667725,6.751999855041504,6.751999855041504,2001604,PGE.WA,0.02458265534182069,0.8482411837542302,6.427300024032593,6.023379993438721,8.483205027580262,0.44039747594954776,1.3850501966953253,-0.3875736881030738
2022-12-06,6.699999809265137,6.892000198364258,6.650000095367432,6.788000106811523,6.788000106811523,1633939,PGE.WA,0.005331790957184168,0.8527638284272822,6.478500032424927,6.021139993667602,8.479385027885437,0.34602935790600176,1.3850501966953253,-0.3843083590313602
2022-12-07,6.815999984741211,7.099999904632568,6.748000144958496,7.004000186920166,7.004000186920166,2915154,PGE.WA,0.031820871642576076,0.8798995167530985,6.534200048446655,6.03253999710083,8.478405029773713,0.3528938837764947,1.3850501966953253,-0.36471651435269004
2022-12-08,7.059999942779541,7.2220001220703125,6.9679999351501465,7.122000217437744,7.122000217437744,3366801,PGE.WA,0.016847519612855022,0.894723641118938,6.5898000478744505,6.044580001831054,8.476585030555725,0.3515971615830136,1.3850501966953253,-0.3540135633685241
2022-12-09,7.177999973297119,7.177999973297119,6.76800012588501,6.8979997634887695,6.8979997634887695,4226884,PGE.WA,-0.031451902149697286,0.8665828807074443,6.622300028800964,6.05253999710083,8.475005028247834,0.359298569916465,1.3850501966953253,-0.37433106556348894
2022-12-12,6.96999979019165,7.03000020980835,6.849999904632568,6.96999979019165,6.96999979019165,1768362,PGE.WA,0.010437812289292747,0.8756281101493831,6.657200026512146,6.06793999671936,8.476995027065277,0.3597297345019644,1.3850501966953253,-0.36780045067059874
2022-12-13,7.015999794006348,7.015999794006348,6.748000144958496,6.829999923706055,6.829999923706055,3914549,PGE.WA,-0.02008606466281493,0.8580401873083442,6.683000016212463,6.0790199947357175,8.475725026130677,0.37096729276971824,1.3850501966953253,-0.3804988516982316
2022-12-14,6.829999923706055,6.877999782562256,6.668000221252441,6.685999870300293,6.685999870300293,2167794,PGE.WA,-0.021083463398873015,0.8399497284244666,6.700999999046326,6.085099992752075,8.468365025520324,0.3816685614562885,1.3850501966953253,-0.39356008148401167
2022-12-15,6.690000057220459,6.783999919891357,6.552000045776367,6.578000068664551,6.578000068664551,2306152,PGE.WA,-0.016153126492790548,0.8263819142136412,6.699799990653991,6.08681999206543,8.459975028038025,0.35544684451225056,1.3850501966953253,-0.403355982198078
2022-12-16,6.550000190734863,6.710000038146973,6.526000022888184,6.572000026702881,6.572000026702881,8280260,PGE.WA,-0.0009121377164850175,0.8256281401014658,6.7004999876022335,6.091019992828369,8.445085027217864,0.3545898997331593,1.3850501966953253,-0.4039002037100303
2022-12-19,6.613999843597412,6.808000087738037,6.47599983215332,6.547999858856201,6.547999858856201,2727564,PGE.WA,-0.0036518818851436485,0.8226130436527644,6.691899991035461,6.0959799861907955,8.430325026512145,0.3428442517003137,1.3850501966953253,-0.4060770897578395
2022-12-20,6.480000019073486,6.728000164031982,6.420000076293945,6.7220001220703125,6.7220001220703125,1478855,PGE.WA,0.026573040159549643,0.8444723730975188,6.686800003051758,6.107899990081787,8.4182950258255,0.35208759938476825,1.3850501966953253,-0.39029475241229794
2022-12-21,6.710000038146973,6.739999771118164,6.6020002365112305,6.679999828338623,6.679999828338623,1572962,PGE.WA,-0.006248184017996428,0.8391959543122913,6.690499997138977,6.125099983215332,8.403555023670197,0.3329628682447087,1.3850501966953253,-0.394104302995964
2022-12-22,6.716000080108643,6.71999979019165,6.5879998207092285,6.671999931335449,6.671999931335449,1840376,PGE.WA,-0.0011975894025080258,0.8381909421307793,6.699799990653991,6.143579978942871,8.39117502450943,0.3255327200691647,1.3850501966953253,-0.39482991726172123
2022-12-23,6.670000076293945,6.697999954223633,6.584000110626221,6.690000057220459,6.690000057220459,1483412,PGE.WA,0.002697860622040915,0.8404522644673053,6.7078999996185305,6.164139976501465,8.378775024414063,0.32506020775916916,1.3850501966953253,-0.39319725272586437
2022-12-27,6.699999809265137,6.710000038146973,6.48799991607666,6.498000144958496,6.498000144958496,1458981,PGE.WA,-0.02869953820923199,0.8163316725901902,6.710500001907349,6.185659980773925,8.364455022811889,0.33901747386173187,1.3850501966953253,-0.41061221135672543
2022-12-28,6.480000019073486,6.73199987411499,6.4720001220703125,6.679999828338623,6.679999828338623,1806322,PGE.WA,0.02800856868575674,0.8391959543122912,6.725499987602234,6.212579975128174,8.348875024318694,0.3497863527498039,1.3850501966953253,-0.394104302995964
2022-12-29,6.71999979019165,6.829999923706055,6.6579999923706055,6.803999900817871,6.803999900817871,1595214,PGE.WA,0.018562885578709443,0.8547738527903062,6.742199993133545,6.236899976730347,8.336195023059846,0.352092605999853,1.3850501966953253,-0.3828571304998457
2022-12-30,6.809999942779541,6.941999912261963,6.754000186920166,6.883999824523926,6.883999824523926,1495533,PGE.WA,0.01175777849385895,0.864824094413757,6.748399972915649,6.270059976577759,8.323605020046234,0.31756236837455404,1.3850501966953253,-0.3756009013411984
2023-01-02,6.886000156402588,6.949999809265137,6.8420000076293945,6.920000076293945,6.920000076293945,714676,PGE.WA,0.0052295544287741524,0.869346739086809,6.764899969100952,6.309379978179932,8.311115019321441,0.3021966502871567,1.3850501966953253,-0.37233557226948466
2023-01-03,6.929999828338623,7.1020002365112305,6.800000190734863,6.831999778747559,6.831999778747559,2416881,PGE.WA,-0.012716805863608571,0.8582914253776809,6.768899965286255,6.348479976654053,8.295875017642976,0.29516211205403214,1.3850501966953253,-0.3803174589444266
2023-01-04,6.900000095367432,6.97599983215332,6.849999904632568,6.946000099182129,6.946000099182129,1963265,PGE.WA,0.01668623011218373,0.8726130736048471,6.776799964904785,6.392619981765747,8.281825020313264,0.30020675078489306,1.3850501966953253,-0.36997729346787056
2023-01-05,6.96999979019165,6.98799991607666,6.843999862670898,6.8979997634887695,6.8979997634887695,3152730,PGE.WA,-0.006910500289081689,0.8665828807074443,6.7714999437332155,6.435799980163575,8.267665021419525,0.2787294057259846,1.3850501966953253,-0.37433106556348894
2023-01-09,6.909999847412109,7.019999980926514,6.579999923706055,6.699999809265137,6.699999809265137,7120050,PGE.WA,-0.028703966513836332,0.841708514718154,6.750399923324585,6.46879997253418,8.252665021419524,0.28763432848600556,1.3850501966953253,-0.3922902457063021
2023-01-10,6.699999809265137,6.736000061035156,6.564000129699707,6.668000221252441,6.668000221252441,3319338,PGE.WA,-0.0047760580483068305,0.837688465992106,6.7388999462127686,6.498159980773925,8.237005021572113,0.26737821119678995,1.3850501966953253,-0.39519270276933105
2023-01-11,6.679999828338623,6.935999870300293,6.679999828338623,6.809999942779541,6.809999942779541,4346674,PGE.WA,0.02129569838262957,0.8555276269024815,6.730899953842163,6.530919981002808,8.221745018959046,0.27646331986017003,1.3850501966953253,-0.3823129089878934
2023-01-12,6.868000030517578,7.021999835968018,6.868000030517578,6.973999977111816,6.973999977111816,3703057,PGE.WA,0.02408223725554648,0.8761306461922217,6.7380999565124515,6.563799982070923,8.209475016593933,0.28048186195142255,1.3850501966953253,-0.36743762191245155
2023-01-13,6.978000164031982,7.053999900817871,6.895999908447266,6.920000076293945,6.920000076293945,2263715,PGE.WA,-0.007743031401648226,0.8693467390868089,6.749799966812134,6.593199987411499,8.197575016021728,0.270240218755439,1.3850501966953253,-0.37233557226948477
2023-01-16,6.940000057220459,6.99399995803833,6.734000205993652,6.915999889373779,6.915999889373779,2036451,PGE.WA,-0.0005780616872923527,0.8688442030439703,6.766699957847595,6.61475998878479,8.186605017185212,0.26200114916222167,1.3850501966953253,-0.3726984010276321
2023-01-17,6.889999866485596,7.0,6.863999843597412,6.949999809265137,6.949999809265137,1706358,PGE.WA,0.004916124990631765,0.8731155497435202,6.785599946975708,6.637839984893799,8.174655015468597,0.26177046753589744,1.3850501966953253,-0.36961450796026074
2023-01-18,6.949999809265137,7.297999858856201,6.900000095367432,7.2179999351501465,7.2179999351501465,3435502,PGE.WA,0.038561170250355215,0.9067839071054126,6.819099950790405,6.6584799861907955,8.165145015716552,0.289148772913962,1.3850501966953253,-0.3453061056783625
2023-01-19,7.199999809265137,7.320000171661377,7.021999835968018,7.306000232696533,7.306000232696533,3435950,PGE.WA,0.01219178419742617,0.9178392208145407,6.848299956321716,6.68931999206543,8.155325014591217,0.2792820090308645,1.3850501966953253,-0.33732421900342047
2023-01-20,7.340000152587891,7.380000114440918,7.159999847412109,7.260000228881836,7.260000228881836,1583575,PGE.WA,-0.006296195229892443,0.91206032589064,6.877299976348877,6.716719999313354,8.147125017642974,0.2793061579407155,1.3850501966953253,-0.34149655509469645
2023-01-23,7.260000228881836,7.480000019073486,7.188000202178955,7.46999979019165,7.46999979019165,1893020,PGE.WA,0.028925558497145953,0.9384421802001157,6.917199969291687,6.745919990539551,8.139295015335083,0.2916121220848496,1.3850501966953253,-0.3224489751785159
2023-01-24,7.5,7.920000076293945,7.489999771118164,7.584000110626221,7.584000110626221,3306317,PGE.WA,0.015261087501535986,0.9527638284272819,6.961899971961975,6.772639989852905,8.131225016117096,0.2932308873557366,1.3850501966953253,-0.31210880970195987
2023-01-25,7.599999904632568,7.639999866485596,7.340000152587891,7.441999912261963,7.441999912261963,1747278,PGE.WA,-0.018723654574489768,0.9349246076127411,7.009099960327148,6.796039991378784,8.125625014305115,0.27917050385865333,1.3850501966953253,-0.3249886467339349
2023-01-26,7.610000133514404,7.627999782562256,7.420000076293945,7.553999900817871,7.553999900817871,1433689,PGE.WA,0.01504971645744968,0.9489949578664052,7.052799963951111,6.820839986801148,8.119065012931824,0.2698402089641469,1.3850501966953253,-0.31482991726172127
2023-01-27,7.550000190734863,7.625999927520752,7.480000019073486,7.559999942779541,7.559999942779541,1517697,PGE.WA,0.0007942867408590182,0.9497487319785806,7.0905999660491945,6.845519981384277,8.109845011234283,0.26648377603874013,1.3850501966953253,-0.31428569574976895
2023-01-30,7.559999942779541,7.624000072479248,7.381999969482422,7.590000152587891,7.590000152587891,1799554,PGE.WA,0.003968281750716507,0.9535176025394573,7.125899982452393,6.865279979705811,8.100635011196136,0.2654572794304922,1.3850501966953253,-0.31156458819000754
2023-01-31,7.590000152587891,7.676000118255615,7.460000038146973,7.48799991607666,7.48799991607666,2628332,PGE.WA,-0.013438766068595176,0.9407035025366418,7.154299974441528,6.883879976272583,8.09124500989914,0.2734186948260637,1.3850501966953253,-0.32081631064265903
2023-02-01,7.5,7.553999900817871,7.03000020980835,7.03000020980835,7.03000020980835,3416878,PGE.WA,-0.06116449137305546,0.8831658512711363,7.164199995994568,6.890079984664917,8.07979501247406,0.3548720949409169,1.3850501966953253,-0.36235823555107605
2023-02-02,7.25,7.400000095367432,7.076000213623047,7.118000030517578,7.118000030517578,2613193,PGE.WA,0.012517755061578706,0.8942211050760991,7.17279999256134,6.8959599876403805,8.069135012626647,0.3528352599726305,1.3850501966953253,-0.3543763921266716
2023-02-03,7.23199987411499,7.23199987411499,6.97599983215332,6.986000061035156,6.986000061035156,1454778,PGE.WA,-0.018544530614847954,0.8776381944165722,7.1772000074386595,6.9035599899291995,8.057725014686584,0.3588617967461897,1.3850501966953253,-0.3663491788885471
2023-02-06,7.015999794006348,7.0279998779296875,6.739999771118164,6.769999980926514,6.769999980926514,2491602,PGE.WA,-0.03091899201567383,0.8505025060907558,7.180700016021729,6.909239988327027,8.04660501241684,0.361361098479493,1.3850501966953253,-0.38594102356721727
2023-02-07,6.800000190734863,6.880000114440918,6.682000160217285,6.800000190734863,6.800000190734863,1484858,PGE.WA,0.004431345626716432,0.8542713766516324,7.187300014495849,6.91467999458313,8.035105011463166,0.3609649691907429,1.3850501966953253,-0.38321991600745586
2023-02-08,6.889999866485596,6.940000057220459,6.765999794006348,6.872000217437744,6.872000217437744,1488957,PGE.WA,0.010588238924019722,0.8633166060935712,7.19040002822876,6.9231999969482425,8.021455011367799,0.35502234540569333,1.3850501966953253,-0.3766893011145659
2023-02-09,6.920000076293945,6.96999979019165,6.826000213623047,6.915999889373779,6.915999889373779,1205183,PGE.WA,0.006402746004632753,0.8688442030439699,7.187500023841858,6.933919992446899,8.009075009822846,0.34497934888642573,1.3850501966953253,-0.3726984010276323
2023-02-10,6.949999809265137,6.949999809265137,6.702000141143799,6.849999904632568,6.849999904632568,2226711,PGE.WA,-0.009543086436802573,0.8605527477142064,7.184000015258789,6.941519994735717,7.995855007171631,0.34556074277135307,1.3850501966953253,-0.37868479440857006
2023-02-13,6.880000114440918,6.906000137329102,6.673999786376953,6.736000061035156,6.736000061035156,2165491,PGE.WA,-0.016642313165627254,0.8462311593912055,7.175000023841858,6.941039991378784,7.980035009384156,0.35041518744223765,1.3850501966953253,-0.3890249166345888
2023-02-14,6.75,6.828000068664551,6.711999893188477,6.765999794006348,6.765999794006348,1280195,PGE.WA,0.0044536420278151745,0.8499999700479169,7.165800023078918,6.944559984207153,7.964455008506775,0.3503140007442611,1.3850501966953253,-0.3863038523253648
2023-02-15,6.817999839782715,6.817999839782715,6.684000015258789,6.751999855041504,6.751999855041504,783161,PGE.WA,-0.002069160418427085,0.8482411837542296,7.142500019073486,6.944559984207153,7.9512150096893315,0.3174393303974241,1.3850501966953253,-0.38757368810307424
2023-02-16,6.822000026702881,6.875999927520752,6.699999809265137,6.765999794006348,6.765999794006348,1146317,PGE.WA,0.002073450720587733,0.849999970047917,7.115499997138977,6.94411997795105,7.93675500869751,0.312958818694636,1.3850501966953253,-0.3863038523253647
2023-02-17,6.760000228881836,6.8979997634887695,6.703999996185303,6.8979997634887695,6.8979997634887695,1969089,PGE.WA,0.019509307345730864,0.8665828807074439,7.097399973869324,6.9419999694824215,7.92465500831604,0.32329274977875927,1.3850501966953253,-0.37433106556348916
2023-02-20,6.889999866485596,6.920000076293945,6.820000171661377,6.920000076293945,6.920000076293945,660309,PGE.WA,0.0031893756972309895,0.8693467390868087,7.069899988174439,6.9379599666595455,7.912875008583069,0.302506300018115,1.3850501966953253,-0.3723355722694849
2023-02-21,6.949999809265137,6.949999809265137,6.710000038146973,6.771999835968018,6.771999835968018,1152614,PGE.WA,-0.021387317730376387,0.8507537441600925,7.029299974441528,6.935439968109131,7.900285007953644,0.3000971066799963,1.3850501966953253,-0.38575963081341225
2023-02-22,6.802000045776367,6.802000045776367,6.627999782562256,6.685999870300293,6.685999870300293,2209714,PGE.WA,-0.012699345503665582,0.8399497284244664,6.991499972343445,6.929759969711304,7.8878650069236755,0.2973180436739083,1.3850501966953253,-0.3935600814840119
2023-02-23,6.751999855041504,6.769999980926514,6.6539998054504395,6.757999897003174,6.757999897003174,986388,PGE.WA,0.010768774768110667,0.8489949578664051,6.95169997215271,6.928319969177246,7.877545008659363,0.2938241996316894,1.3850501966953253,-0.3870294665911218
2023-02-24,6.800000190734863,6.800000190734863,6.573999881744385,6.624000072479248,6.624000072479248,1308306,PGE.WA,-0.019828325919825418,0.8321608091375415,6.904899978637696,6.927079973220825,7.867115008831024,0.2971711915203081,1.3850501966953253,-0.39918364610680235
2023-02-27,6.659999847412109,6.705999851226807,6.610000133514404,6.659999847412109,6.659999847412109,661475,PGE.WA,0.005434748571702119,0.8366833939064283,6.858399963378906,6.928719968795776,7.853005006313324,0.2978955990513724,1.3850501966953253,-0.395918360285626
2023-02-28,6.659999847412109,6.736000061035156,6.567999839782715,6.679999828338623,6.679999828338623,3168714,PGE.WA,0.003003000207918216,0.839195954312291,6.817999958992004,6.930879964828491,7.838195004463196,0.29841812070426127,1.3850501966953253,-0.3941043029959642
2023-03-01,6.739999771118164,6.840000152587891,6.708000183105469,6.739999771118164,6.739999771118164,1333904,PGE.WA,0.008982027593025244,0.8467336355298791,6.803499937057495,6.93471996307373,7.825125002861023,0.21797968793965358,1.3850501966953253,-0.38866213112697867
2023-03-02,6.711999893188477,6.711999893188477,6.443999767303467,6.443999767303467,6.443999767303467,3212237,PGE.WA,-0.043916916003928996,0.809547705580612,6.769799923896789,6.929159955978394,7.808094999790192,0.2566915250975544,1.3850501966953253,-0.41551020496429614
2023-03-03,6.420000076293945,6.458000183105469,6.230000019073486,6.360000133514404,6.360000133514404,3525758,PGE.WA,-0.013035325391424157,0.7989949878184879,6.738499927520752,6.922759962081909,7.7922350025177005,0.25351443234838944,1.3850501966953253,-0.4231292196305534
2023-03-06,6.400000095367432,6.618000030517578,6.369999885559082,6.605999946594238,6.605999946594238,2204701,PGE.WA,0.03867921508106953,0.8298994868010157,6.730299925804138,6.921439962387085,7.7769050025939945,0.27683870716885967,1.3850501966953253,-0.4008163106426591
2023-03-07,6.610000133514404,6.74399995803833,6.559999942779541,6.644000053405762,6.644000053405762,1912007,PGE.WA,0.005752362567171154,0.8346733695434044,6.722499918937683,6.920519962310791,7.758250002861023,0.2772269742023497,1.3850501966953253,-0.39736958881714035
2023-03-08,6.690000057220459,6.690000057220459,6.420000076293945,6.515999794006348,6.515999794006348,2618158,PGE.WA,-0.01926554159700833,0.8185929350225508,6.704699897766114,6.920879955291748,7.739530000686646,0.28088501243253555,1.3850501966953253,-0.40897959007140605
2023-03-09,6.5320000648498535,6.690000057220459,6.510000228881836,6.624000072479248,6.624000072479248,2578860,PGE.WA,0.016574628896127708,0.8321608091375415,6.690099906921387,6.91975996017456,7.723469998836517,0.2874093070796624,1.3850501966953253,-0.39918364610680235
2023-03-10,6.519999980926514,6.581999778747559,6.381999969482422,6.50600004196167,6.50600004196167,2233584,PGE.WA,-0.017814014074038598,0.8173366847717021,6.672899913787842,6.9137999629974365,7.7046499967575075,0.29175563442206115,1.3850501966953253,-0.4098865970909683
2023-03-13,6.541999816894531,6.578000068664551,6.25,6.335999965667725,6.335999965667725,2148660,PGE.WA,-0.026129737964570854,0.7959798913697864,6.65289990901947,6.902839965820313,7.686329996585846,0.2997278972259565,1.3850501966953253,-0.4253061056783626
2023-03-14,6.309999942779541,6.329999923706055,6.131999969482422,6.165999889373779,6.165999889373779,2766490,PGE.WA,-0.026830820267536026,0.7746230979678709,6.622899913787842,6.887759962081909,7.665309996604919,0.3099637940579087,1.3850501966953253,-0.44072561426575674
2023-03-15,6.23799991607666,6.315999984741211,6.059999942779541,6.104000091552734,6.104000091552734,1925737,PGE.WA,-0.01005510848741542,0.7668341786809462,6.590499925613403,6.873199968338013,7.645304999351501,0.3104459206509111,1.3850501966953253,-0.4463491788885471
2023-03-16,6.119999885559082,6.184000015258789,5.849999904632568,6.044000148773193,6.044000148773193,2563529,PGE.WA,-0.00982961039967456,0.759296497463358,6.554399943351745,6.855159969329834,7.6247000002861025,0.3097997793792666,1.3850501966953253,-0.45179135075753263
2023-03-17,6.119999885559082,6.176000118255615,5.829999923706055,5.860000133514404,5.860000133514404,4849932,PGE.WA,-0.030443416732234385,0.7361809177677551,6.502499961853028,6.834399976730347,7.603699998855591,0.30716519547443033,1.3850501966953253,-0.46848069512263635
2023-03-20,5.940000057220459,5.986000061035156,5.75600004196167,5.98199987411499,5.98199987411499,1698396,PGE.WA,0.020819067887532405,0.7515075182722679,6.455599951744079,6.820039978027344,7.580759999752044,0.3216713779107398,1.3850501966953253,-0.45741495863086046
2023-03-21,6.047999858856201,6.251999855041504,5.995999813079834,6.211999893188477,6.211999893188477,2114630,PGE.WA,0.03844868336904028,0.7804019928917716,6.427599954605102,6.810919971466064,7.559319999217987,0.3547475681568903,1.3850501966953253,-0.43655327817448075
2023-03-22,6.211999893188477,6.230000019073486,6.081999778747559,6.139999866485596,6.139999866485596,1748375,PGE.WA,-0.011590474555839836,0.7713567634498328,6.4002999544143675,6.797519969940185,7.538420000076294,0.3544114601524536,1.3850501966953253,-0.44308389306737084
2023-03-23,6.150000095367432,6.25,6.026000022888184,6.230000019073486,6.230000019073486,1263103,PGE.WA,0.014658005626212667,0.7826633152282977,6.373899960517884,6.782639970779419,7.518770000934601,0.3568236953747315,1.3850501966953253,-0.4349206136386239
2023-03-24,6.202000141143799,6.228000164031982,5.989999771118164,6.056000232696533,6.056000232696533,2691345,PGE.WA,-0.027929339621868943,0.7608040456877087,6.345499968528747,6.76535997390747,7.49772500038147,0.36275364392757187,1.3850501966953253,-0.4507029077336281
2023-03-27,6.119999885559082,6.150000095367432,5.952000141143799,6.015999794006348,6.015999794006348,757932,PGE.WA,-0.0066050920001987645,0.7557788649718179,6.31329996585846,6.7473599720001225,7.4764549970626835,0.36101495457247074,1.3850501966953253,-0.4543310655634891
2023-03-28,6.050000190734863,6.136000156402588,5.9720001220703125,6.007999897003174,6.007999897003174,1141827,PGE.WA,-0.0013297701590920807,0.7547738527903058,6.279699969291687,6.728519973754882,7.455444996356964,0.3600951007583853,1.3850501966953253,-0.45505667982924647
2023-03-29,6.090000152587891,6.090000152587891,5.895999908447266,6.0,6.0,1654930,PGE.WA,-0.0013315408023166775,0.7537688406087938,6.242699980735779,6.70415997505188,7.433694994449615,0.3566114733840812,1.3850501966953253,-0.4557822940950037
2023-03-30,6.0,6.449999809265137,5.952000141143799,6.394000053405762,6.394000053405762,2812798,PGE.WA,0.06566667556762695,0.8032663345180378,6.240199995040894,6.685919971466064,7.41291499376297,0.40862967547677737,1.3850501966953253,-0.42004532656318205
2023-03-31,6.447999954223633,6.447999954223633,6.24399995803833,6.276000022888184,6.276000022888184,2434715,PGE.WA,-0.01845480599499294,0.7884422101521983,6.235999989509582,6.666239967346192,7.389944994449616,0.41135239114895433,1.3850501966953253,-0.430748277547348
2023-04-03,6.28000020980835,6.392000198364258,6.236000061035156,6.260000228881836,6.260000228881836,1650438,PGE.WA,-0.0025493616870614355,0.7864321857891742,6.218700003623963,6.642039976119995,7.367119996547699,0.38463441550397304,1.3850501966953253,-0.4321995060788626
2023-04-04,6.289999961853027,6.329999923706055,6.188000202178955,6.216000080108643,6.216000080108643,1473545,PGE.WA,-0.007028777502305683,0.7809045289346102,6.197300004959106,6.6146799755096435,7.343099994659424,0.3837107434217745,1.3850501966953253,-0.43619044941633356
2023-04-05,6.2179999351501465,6.309999942779541,6.182000160217285,6.21999979019165,6.21999979019165,1520014,PGE.WA,0.0006434539947652862,0.7814070050732834,6.182500004768372,6.590239973068237,7.3205499958992,0.379031770539606,1.3850501966953253,-0.43582766390872363
2023-04-06,6.21999979019165,6.2779998779296875,6.191999912261963,6.24399995803833,6.24399995803833,1069806,PGE.WA,0.0038585480154718077,0.7844221015219847,6.1634999990463255,6.564039974212647,7.298194994926453,0.3733876280168899,1.3850501966953253,-0.43365077786091466
2023-04-11,6.300000190734863,6.447999954223633,6.260000228881836,6.447999954223633,6.447999954223633,2666630,PGE.WA,0.032671364118553425,0.8100502416234503,6.160599994659424,6.5417999744415285,7.275784993171692,0.3889482716420543,1.3850501966953253,-0.41514737620614905
2023-04-12,6.441999912261963,6.47599983215332,6.285999774932861,6.434000015258789,6.434000015258789,2175795,PGE.WA,-0.0021712064305573486,0.8082914553297629,6.165499997138977,6.518679971694946,7.252829995155334,0.3768464212772235,1.3850501966953253,-0.4164172119838586
2023-04-13,6.400000095367432,6.53000020980835,6.329999923706055,6.46999979019165,6.46999979019165,2327503,PGE.WA,0.005595240106851751,0.8128140400986495,6.18069999217987,6.498319969177246,7.231129992008209,0.362348539363903,1.3850501966953253,-0.41315192616268237
2023-04-14,6.5279998779296875,6.855999946594238,6.498000144958496,6.618000030517578,6.618000030517578,3891973,PGE.WA,0.022874844687057472,0.8314070350253658,6.206399989128113,6.4900799655914305,7.210444991588592,0.36586851949734317,1.3850501966953253,-0.3997278676187549
2023-04-17,6.71999979019165,6.742000102996826,6.504000186920166,6.659999847412109,6.659999847412109,2884238,PGE.WA,0.006346300498769608,0.8366833939064279,6.237199974060059,6.480919961929321,7.190469992160797,0.362069667786327,1.3850501966953253,-0.3959183602856263
2023-04-18,6.6620001792907715,6.797999858856201,6.552000045776367,6.751999855041504,6.751999855041504,1782767,PGE.WA,0.013813815275858232,0.8482411837542294,6.281799960136413,6.476239957809448,7.1698299908638,0.3376952458055436,1.3850501966953253,-0.38757368810307435
2023-04-19,6.785999774932861,6.785999774932861,6.599999904632568,6.690000057220459,6.690000057220459,1496085,PGE.WA,-0.00918243470854807,0.8404522644673047,6.317199969291687,6.474639959335327,7.150604991912842,0.3385801011466969,1.3850501966953253,-0.3931972527258648
2023-04-20,6.739999771118164,6.935999870300293,6.73199987411499,6.791999816894531,6.791999816894531,3214236,PGE.WA,0.015246600717736092,0.8532663045659549,6.346199965476989,6.4744799518585205,7.132064990997314,0.3183360108366862,1.3850501966953253,-0.3839455735237507
2023-04-21,6.797999858856201,6.814000129699707,6.668000221252441,6.685999870300293,6.685999870300293,1651532,PGE.WA,-0.015606588552987355,0.839949728424466,6.373499965667724,6.4707599449157716,7.116104989051819,0.32136001822677424,1.3850501966953253,-0.3935600814840121
2023-04-24,6.728000164031982,6.809999942779541,6.579999923706055,6.760000228881836,6.760000228881836,1709318,PGE.WA,0.011067956927468314,0.8492462558399068,6.399999976158142,6.467639951705933,7.098379988670349,0.32009908607940296,1.3850501966953253,-0.38684803058677975
2023-04-25,6.789999961853027,6.920000076293945,6.699999809265137,6.849999904632568,6.849999904632568,2032200,PGE.WA,0.013313561050813716,0.8605527477142063,6.439699959754944,6.467639951705933,7.080904986858368,0.29775531178865206,1.3850501966953253,-0.37868479440857017
2023-04-26,6.769999980926514,6.909999847412109,6.665999889373779,6.72599983215332,6.72599983215332,1937529,PGE.WA,-0.018102200613957398,0.8449748492361915,6.475199961662293,6.4674399471282955,7.065574986934662,0.30703789798038944,1.3850501966953253,-0.38993196690468845
2023-04-27,6.783999919891357,6.886000156402588,6.716000080108643,6.8379998207092285,6.8379998207092285,1201297,PGE.WA,0.016651797703071347,0.8590451994898558,6.516699957847595,6.468879947662353,7.049984984397888,0.30815778945385486,1.3850501966953253,-0.3797732374324746
2023-04-28,6.900000095367432,6.914000034332275,6.78000020980835,6.877999782562256,6.877999782562256,1634515,PGE.WA,0.005849658219043263,0.8640703203015813,6.560599946975708,6.4713999462127685,7.035184981822968,0.3067368773945498,1.3850501966953253,-0.37614512285315094
2023-05-02,6.877999782562256,7.02400016784668,6.849999904632568,6.8979997634887695,6.8979997634887695,1614229,PGE.WA,0.002907819360102204,0.8665828807074439,6.585799932479858,6.474039945602417,7.019424979686737,0.2146876475700942,1.3850501966953253,-0.37433106556348916
2023-05-04,6.958000183105469,6.958000183105469,6.6020002365112305,6.642000198364258,6.642000198364258,3524195,PGE.WA,-0.037112144665403135,0.8344221314740675,6.604099941253662,6.468919954299927,7.002924978733063,0.24806074025871008,1.3850501966953253,-0.3975509815709455
2023-05-05,6.71999979019165,6.789999961853027,6.616000175476074,6.745999813079834,6.745999813079834,1180949,PGE.WA,0.01565787588220613,0.8474874096420544,6.628399920463562,6.465439949035645,6.985379977226257,0.2511033892328266,1.3850501966953253,-0.38811790961502646
2023-05-08,6.75,7.099999904632568,6.745999813079834,7.056000232696533,7.056000232696533,3385525,PGE.WA,0.045953220902206215,0.8864321857891743,6.670399928092957,6.471119956970215,6.967984979152679,0.2882920187449123,1.3850501966953253,-0.35999995674946206
2023-05-09,7.03000020980835,7.047999858856201,6.880000114440918,6.940000057220459,6.940000057220459,1445459,PGE.WA,-0.016439933623945358,0.8718592994926715,6.706399941444397,6.476199960708618,6.950084977149963,0.2990814849208143,1.3850501966953253,-0.370521514979823
2023-05-10,7.078000068664551,7.308000087738037,7.026000022888184,7.248000144958496,7.248000144958496,3343443,PGE.WA,0.044380415734664114,0.9105527776662893,6.756599950790405,6.485999965667725,6.934549980163574,0.3289424766318202,1.3850501966953253,-0.342584998118601
2023-05-11,7.25,7.355999946594238,7.1519999504089355,7.165999889373779,7.165999889373779,1775198,PGE.WA,-0.011313500820188893,0.9002512380693365,6.792499947547912,6.496839962005615,6.917679979801178,0.32160209048576915,1.3850501966953253,-0.3500226632815907
2023-05-12,7.202000141143799,7.329999923706055,7.124000072479248,7.302000045776367,7.302000045776367,2331820,PGE.WA,0.018978531747433802,0.9173366847717019,6.8358999490737915,6.5096799659729,6.90253998041153,0.3236785995761716,1.3850501966953253,-0.3376870477615679
2023-05-15,7.559999942779541,7.630000114440918,7.331999778747559,7.400000095367432,7.400000095367432,3304255,PGE.WA,0.013420987260572392,0.9296482487316786,6.88239996433258,6.524079971313476,6.886814980506897,0.3245651382462189,1.3850501966953253,-0.3287981540670638
2023-05-16,7.429999828338623,7.559999942779541,7.388000011444092,7.48199987411499,7.48199987411499,1459197,PGE.WA,0.011081051039295575,0.9399497284244661,6.9255999565124515,6.538919973373413,6.871874978542328,0.31954420027651886,1.3850501966953253,-0.3213605321546116
2023-05-17,7.480000019073486,7.484000205993652,7.059999942779541,7.059999942779541,7.059999942779541,3207394,PGE.WA,-0.0564020233140361,0.8869346619278474,6.945599961280823,6.551239976882934,6.856374979019165,0.38950999041755563,1.3850501966953253,-0.35963717124185224
2023-05-18,7.188000202178955,7.230000019073486,6.923999786376953,6.955999851226807,6.955999851226807,2549904,PGE.WA,-0.014730891274170377,0.8738693238556953,6.955799961090088,6.563159971237183,6.83945497751236,0.39236986548224806,1.3850501966953253,-0.36907028644830864
2023-05-19,6.96999979019165,7.156000137329102,6.96999979019165,7.119999885559082,7.119999885559082,2102498,PGE.WA,0.023576773697508324,0.8944723431454356,6.977299952507019,6.573439970016479,6.824054977893829,0.39742797139266844,1.3850501966953253,-0.3541949993728668
2023-05-22,7.136000156402588,7.461999893188477,7.079999923706055,7.394000053405762,7.394000053405762,3732784,PGE.WA,0.03848317025993375,0.9288944746195033,7.00739996433258,6.58843997001648,6.811534979343414,0.4147801207216526,1.3850501966953253,-0.32934237557901613
2023-05-23,7.441999912261963,7.519999980926514,7.354000091552734,7.4039998054504395,7.4039998054504395,1362237,PGE.WA,0.0013524143863201665,0.930150724870352,7.043299961090088,6.6061999702453615,6.798924980163574,0.4081481606723643,1.3850501966953253,-0.3284353685594539
2023-05-24,7.3979997634887695,7.449999809265137,7.27400016784668,7.291999816894531,7.291999816894531,1992599,PGE.WA,-0.015126957252681095,0.9160803746166879,7.069899940490723,6.619559965133667,6.78782497882843,0.4138988558305693,1.3850501966953253,-0.3385940980316675
2023-05-25,7.291999816894531,7.291999816894531,7.035999774932861,7.127999782562256,7.127999782562256,1896335,PGE.WA,-0.022490405711792616,0.8954773553269476,7.083799934387207,6.631999959945679,6.775724976062775,0.422767049493081,1.3850501966953253,-0.35346938510710946
2023-05-26,7.190000057220459,7.202000141143799,7.065999984741211,7.150000095367432,7.150000095367432,1928475,PGE.WA,0.003086463731241551,0.8982412137063124,7.104999947547912,6.6482799625396725,6.7624749755859375,0.4158190548193298,1.3850501966953253,-0.3514738918131053
2023-05-29,7.150000095367432,7.24399995803833,7.110000133514404,7.199999809265137,7.199999809265137,791288,PGE.WA,0.006992966885427165,0.9045225847688866,7.123099946975708,6.6689599609375,6.749804973602295,0.413137596557425,1.3850501966953253,-0.34693877021421926
2023-05-30,7.130000114440918,7.131999969482422,6.880000114440918,6.880000114440918,6.880000114440918,2819077,PGE.WA,-0.04444440323629384,0.8643216182750834,7.1231999635696415,6.6844799613952635,6.7363349723815915,0.4456749162163271,1.3850501966953253,-0.37596368684880854
2023-05-31,6.960000038146973,6.966000080108643,6.716000080108643,6.716000080108643,6.716000080108643,6084266,PGE.WA,-0.02383721389597715,0.8437185989853431,7.114099979400635,6.697919960021973,6.721764972209931,0.45371027789476054,1.3850501966953253,-0.3908389739242505
2023-06-01,6.75,6.989999771118164,6.73199987411499,6.9679999351501465,6.9679999351501465,1944895,PGE.WA,0.03752231269142969,0.8753768720800461,7.1303999662399296,6.720079956054687,6.707954974174499,0.45214960213440936,1.3850501966953253,-0.367981843424404
2023-06-02,7.0,7.125999927520752,6.9720001220703125,7.093999862670898,7.093999862670898,2920406,PGE.WA,0.01808265337161452,0.8912060086273977,7.147799968719482,6.742319955825805,6.695294971466065,0.45314603709704243,1.3850501966953253,-0.3565532781744807
2023-06-05,7.130000114440918,7.369999885559082,7.084000110626221,7.230000019073486,7.230000019073486,2636934,PGE.WA,0.01917115295113403,0.9082914553297633,7.15649995803833,6.762679958343506,6.683534972667694,0.4287157903513195,1.3850501966953253,-0.34421766265445786
2023-06-06,7.184000015258789,7.349999904632568,6.949999809265137,7.320000171661377,7.320000171661377,4716336,PGE.WA,0.012448153852069321,0.9195980071082281,7.175499963760376,6.786279964447021,6.672894973754882,0.42486874408318975,1.3850501966953253,-0.3360543832257109
2023-06-07,7.21999979019165,7.257999897003174,7.070000171661377,7.150000095367432,7.150000095367432,2347320,PGE.WA,-0.023224053593889682,0.8982412137063125,7.170599961280823,6.8046799659729,6.66382497549057,0.404862216589178,1.3850501966953253,-0.3514738918131052
2023-06-09,7.199999809265137,7.239999771118164,7.133999824523926,7.139999866485596,7.139999866485596,2127902,PGE.WA,-0.0013986333913919013,0.8969849035512985,7.169299960136414,6.826359958648681,6.656054973602295,0.40283185137881156,1.3850501966953253,-0.3523809420832048
2023-06-12,7.197999954223633,7.2779998779296875,7.072000026702881,7.150000095367432,7.150000095367432,2739216,PGE.WA,0.0014005923065596448,0.8982412137063125,7.161699962615967,6.849039964675903,6.6483849740028385,0.39670731290707517,1.3850501966953253,-0.3514738918131052
2023-06-13,7.150000095367432,7.210000038146973,7.065999984741211,7.079999923706055,7.079999923706055,2317086,PGE.WA,-0.009790233668210857,0.8894472223337103,7.145699954032898,6.870479965209961,6.642414972782135,0.39425725144629387,1.3850501966953253,-0.35782311395219024
2023-06-14,7.130000114440918,7.349999904632568,7.113999843597412,7.283999919891357,7.283999919891357,3122703,PGE.WA,0.02881355909372929,0.9150753624351761,7.1357999563217165,6.896159963607788,6.637974972724915,0.40683235063026657,1.3850501966953253,-0.33931971229742464
2023-06-15,7.28000020980835,7.489999771118164,7.21999979019165,7.440000057220459,7.440000057220459,3420994,PGE.WA,0.021416823042939903,0.9346733695434043,7.154799962043763,6.917079963684082,6.636934974193573,0.3570783332342643,1.3850501966953253,-0.32517003948774004
2023-06-16,7.440000057220459,7.550000190734863,7.392000198364258,7.51800012588501,7.51800012588501,14891114,PGE.WA,0.010483880116217481,0.9444723730975184,7.182899975776673,6.9419199657440185,6.63710497379303,0.35177632331351494,1.3850501966953253,-0.3180952030828976
2023-06-19,7.53000020980835,7.659999847412109,7.455999851226807,7.507999897003174,7.507999897003174,1440734,PGE.WA,-0.0013301714171837231,0.9432160629425044,7.202299976348877,6.966879959106445,6.63864497423172,0.3445462405419189,1.3850501966953253,-0.31900225335299726
2023-06-20,7.449999809265137,7.498000144958496,7.349999904632568,7.4079999923706055,7.4079999923706055,1220329,PGE.WA,-0.01331911374592365,0.9306532609131909,7.2029999732971195,6.9907199573516845,6.639824974536896,0.3218720010893982,1.3850501966953253,-0.32807253980130635
2023-06-21,7.409999847412109,7.49399995803833,7.314000129699707,7.360000133514404,7.360000133514404,2043496,PGE.WA,-0.006479462595253227,0.9246231279199534,7.200799989700317,7.01351996421814,6.641404974460602,0.32272872788561846,1.3850501966953253,-0.33242626864638736
2023-06-22,7.360000133514404,7.434000015258789,7.139999866485596,7.150000095367432,7.150000095367432,2278552,PGE.WA,-0.028532613361067605,0.8982412137063124,7.193700003623962,7.031639966964722,6.641094975471496,0.33430739068917703,1.3850501966953253,-0.3514738918131053
2023-06-23,7.130000114440918,7.239999771118164,7.072000026702881,7.176000118255615,7.176000118255615,2189362,PGE.WA,0.003636366789006029,0.9015075482243505,7.196100020408631,7.046199970245361,6.641634976863861,0.32451501411714545,1.3850501966953253,-0.3491156130114911
2023-06-26,7.190000057220459,7.285999774932861,7.119999885559082,7.2779998779296875,7.2779998779296875,1124844,PGE.WA,0.014214013098269973,0.9143215883230007,7.2025000095367435,7.063079967498779,6.644434976577759,0.3280598929384413,1.3850501966953253,-0.33986393380937696
2023-06-27,7.28000020980835,7.289999961853027,7.104000091552734,7.142000198364258,7.142000198364258,1785221,PGE.WA,-0.01868640860765125,0.8972362015248004,7.199600028991699,7.076519975662231,6.644024977684021,0.33453257268265774,1.3850501966953253,-0.3521995060788624
2023-06-28,7.380000114440918,7.380000114440918,7.139999866485596,7.23799991607666,7.23799991607666,1905760,PGE.WA,0.013441573095221981,0.9092964675112754,7.217500019073486,7.088919973373413,6.6442849779129025,0.29356990969885904,1.3850501966953253,-0.3434920483887006
2023-06-29,7.23799991607666,7.5,7.23799991607666,7.400000095367432,7.400000095367432,1726266,PGE.WA,0.022381898475978934,0.929648248731679,7.251700019836425,7.10371997833252,6.643144979476928,0.28383486332721963,1.3850501966953253,-0.3287981540670636
2023-06-30,7.443999767303467,7.480000019073486,7.260000228881836,7.260000228881836,7.260000228881836,1359974,PGE.WA,-0.0189189006326147,0.91206032589064,7.26630003452301,7.1138799858093265,6.643294980525971,0.2683805798182264,1.3850501966953253,-0.34149655509469645
2023-07-03,7.257999897003174,7.449999809265137,7.257999897003174,7.394000053405762,7.394000053405762,1235470,PGE.WA,0.018457275523332095,0.9288944746195036,7.281300044059753,7.127959985733032,6.645604979991913,0.2686779284091689,1.3850501966953253,-0.3293423755790159
2023-07-04,7.429999828338623,7.432000160217285,7.302000045776367,7.369999885559082,7.369999885559082,793279,PGE.WA,-0.003245897710756007,0.9258793781708022,7.288300037384033,7.139519987106323,6.647924978733062,0.2615977799232103,1.3850501966953253,-0.331519261626825
2023-07-05,7.369999885559082,7.369999885559082,7.234000205993652,7.234000205993652,7.234000205993652,902686,PGE.WA,-0.018453145410749605,0.908793991372602,7.284000039100647,7.15047999382019,6.650004980564117,0.26674609551099526,1.3850501966953253,-0.34385483389631055
2023-07-06,7.199999809265137,7.349999904632568,7.104000091552734,7.188000202178955,7.188000202178955,2920103,PGE.WA,-0.006358861280731598,0.9030150964487013,7.285900044441223,7.159039993286132,6.652644982337952,0.254070587547917,1.3850501966953253,-0.3480271699875864
2023-07-07,7.21999979019165,7.285999774932861,7.056000232696533,7.122000217437744,7.122000217437744,1579429,PGE.WA,-0.009181967568838378,0.8947236411189379,7.28500006198883,7.164479999542237,6.653004982471466,0.2562884423021453,1.3850501966953253,-0.3540135633685242
2023-07-10,7.125999927520752,7.139999866485596,7.019999980926514,7.052000045776367,7.052000045776367,1380349,PGE.WA,-0.009828723606324252,0.8859296497463358,7.2801000595092775,7.171000003814697,6.653844983577728,0.25856264295633824,1.3850501966953253,-0.36036278550760925
2023-07-11,7.052000045776367,7.124000072479248,6.960000038146973,7.064000129699707,7.064000129699707,1745037,PGE.WA,0.0017016568130239218,0.8874371979706865,7.27930006980896,7.175520009994507,6.654524984359742,0.2563320903674934,1.3850501966953253,-0.3592743424837046
2023-07-12,7.073999881744385,7.25,7.059999942779541,7.202000141143799,7.202000141143799,1544991,PGE.WA,0.019535675100555094,0.9047738827423889,7.275200080871582,7.182000017166137,6.655334985256195,0.24434011934585984,1.3850501966953253,-0.34675733420987664
2023-07-13,7.202000141143799,7.297999858856201,7.182000160217285,7.239999771118164,7.239999771118164,1064789,PGE.WA,0.005276260653936937,0.9095477055806124,7.265200066566467,7.188840017318726,6.657034983634949,0.23156193505597444,1.3850501966953253,-0.3433106556348954
2023-07-14,7.199999809265137,7.309999942779541,7.1620001792907715,7.239999771118164,7.239999771118164,1382285,PGE.WA,0.0,0.9095477055806124,7.251300048828125,7.200800008773804,6.661064982414246,0.22746377087395087,1.3850501966953253,-0.3433106556348954
2023-07-17,7.590000152587891,8.720000267028809,7.579999923706055,8.317999839782715,8.317999839782715,15448366,PGE.WA,0.14889504181545865,1.044974849236192,7.291800045967102,7.232240009307861,6.670054981708526,0.5812936303993758,1.3850501966953253,-0.24553286824588694
2023-07-18,8.317999839782715,8.65999984741211,8.130000114440918,8.59000015258789,8.59000015258789,5821920,PGE.WA,0.03270020654536121,1.0791457426409232,7.350900053977966,7.262920007705689,6.680504982471466,0.5842401745044115,1.3850501966953253,-0.2208616372058413
2023-07-19,8.59000015258789,8.592000007629395,8.333999633789062,8.446000099182129,8.446000099182129,2623399,PGE.WA,-0.01676368461557931,1.0610552837570457,7.405200052261352,7.293040008544922,6.691734983921051,0.5887502133008057,1.3850501966953253,-0.23392286699162135
2023-07-20,8.479999542236328,8.550000190734863,8.350000381469727,8.350000381469727,8.350000381469727,1828710,PGE.WA,-0.01136629369939246,1.048995017770571,7.465200066566467,7.315080013275146,6.702104985713959,0.577863209562945,1.3850501966953253,-0.24263032468178314
2023-07-21,8.350000381469727,8.368000030517578,8.166000366210938,8.34000015258789,8.34000015258789,2004825,PGE.WA,-0.0011976321467036533,1.0477387076155569,7.523400068283081,7.338560018539429,6.711894986629486,0.5786428402554604,1.3850501966953253,-0.24353737495188277
2023-07-24,8.39799976348877,8.59000015258789,8.350000381469727,8.531999588012695,8.531999588012695,1709026,PGE.WA,0.02302151461774593,1.0718592395885067,7.586100053787232,7.363160009384155,6.722094984054565,0.580711918154403,1.3850501966953253,-0.22612245957155896
2023-07-25,8.531999588012695,8.552000045776367,8.383999824523926,8.489999771118164,8.489999771118164,1106596,PGE.WA,-0.004922622939825261,1.0665828807074447,7.653500032424927,7.38496000289917,6.732734982967377,0.5741617715323634,1.3850501966953253,-0.22993196690468765
2023-07-26,8.5,8.526000022888184,8.36400032043457,8.395999908447266,8.395999908447266,961724,PGE.WA,-0.011071833357484073,1.0547738527903066,7.711400032043457,7.4032400035858155,6.743214981555939,0.5783711906506366,1.3850501966953253,-0.23845803184104442
2023-07-27,8.399999618530273,8.498000144958496,8.303999900817871,8.454000473022461,8.454000473022461,1543072,PGE.WA,0.00690811877175479,1.0620603558427233,7.764100050926208,7.4311200141906735,6.7548549842834475,0.5758823383929816,1.3850501966953253,-0.23319720947532652
2023-07-28,8.449999809265137,8.449999809265137,8.263999938964844,8.392000198364258,8.392000198364258,1640640,PGE.WA,-0.0073338385603421985,1.0542713766516332,7.82070004940033,7.459840021133423,6.767714984416962,0.5703391621728742,1.3850501966953253,-0.23882081734865435
2023-07-31,8.369999885559082,8.699999809265137,8.227999687194824,8.522000312805176,8.522000312805176,3676803,PGE.WA,0.015490957026699892,1.0706030492418233,7.8771000623703005,7.487880029678345,6.781584985256195,0.5697035098366315,1.3850501966953253,-0.22702942334058385
2023-08-01,8.5600004196167,8.84000015258789,8.498000144958496,8.821999549865723,8.821999549865723,3295534,PGE.WA,0.03520291317166091,1.1082913954255986,7.949700045585632,7.516440019607544,6.79738498210907,0.5762247625694651,1.3850501966953253,-0.19981860724619382
2023-08-02,8.800000190734863,8.815999984741211,8.649999618530273,8.710000038146973,8.710000038146973,2805278,PGE.WA,-0.012695479192180947,1.0942211050760997,8.023500037193298,7.5425600242614745,6.813824982643127,0.5728579149109003,1.3850501966953253,-0.20997729346787009
2023-08-03,8.65999984741211,8.699999809265137,8.5,8.612000465393066,8.612000465393066,2375436,PGE.WA,-0.011251386030390331,1.0819096010202882,8.094700050354003,7.568960037231445,6.830214984416962,0.5749590890241038,1.3850501966953253,-0.2188661439118369
2023-08-04,8.612000465393066,8.760000228881836,8.588000297546387,8.670000076293945,8.670000076293945,1608817,PGE.WA,0.006734743121989739,1.0891959842643744,8.172100043296814,7.599800043106079,6.845624985694886,0.5708033572022778,1.3850501966953253,-0.21360540804719375
2023-08-07,8.619999885559082,8.708000183105469,8.552000045776367,8.645999908447266,8.645999908447266,1248317,PGE.WA,-0.0027681854250846127,1.0861808878156731,8.251800036430359,7.629720039367676,6.862724986076355,0.5680195955416821,1.3850501966953253,-0.21578229409500282
2023-08-08,8.550000190734863,8.633999824523926,8.40999984741211,8.470000267028809,8.470000267028809,2088456,PGE.WA,-0.020356192838552167,1.0640703802057474,8.322100043296814,7.655120048522949,6.880304987430573,0.578016566046616,1.3850501966953253,-0.23174598094381194
2023-08-09,8.520000457763672,8.687999725341797,8.513999938964844,8.62600040435791,8.62600040435791,3813845,PGE.WA,0.018417961323609733,1.0836683873139756,8.39330005645752,7.6900400543212895,6.899049990177154,0.5777779262911982,1.3850501966953253,-0.21759630813412734
2023-08-10,8.656000137329102,9.017999649047852,8.631999969482422,8.965999603271484,8.965999603271484,3501075,PGE.WA,0.03941562520004105,1.1263818543094761,8.479600048065185,7.7350400447845455,6.9201849889755245,0.5869883811062183,1.3850501966953253,-0.18675737746041376
2023-08-11,8.9399995803833,9.017999649047852,8.821999549865723,8.934000015258789,8.934000015258789,2292044,PGE.WA,-0.003568992798195003,1.1223618055834281,8.564300060272217,7.774360046386719,6.941159989833832,0.5880396825077281,1.3850501966953253,-0.1896598345234427
2023-08-14,8.899999618530273,8.899999618530273,8.76200008392334,8.831999778747559,8.831999778747559,1791119,PGE.WA,-0.011417084882137885,1.1095477055806127,8.59000005722046,7.809120044708252,6.960069987773895,0.28975049634007877,1.3850501966953253,-0.1989115569760942
2023-08-16,8.800000190734863,8.904000282287598,8.697999954223633,8.815999984741211,8.815999984741211,2051004,PGE.WA,-0.0018115709247239487,1.1075376812175886,8.601300048828126,7.840840044021607,6.978149988651276,0.2681764147832982,1.3850501966953253,-0.20036278550760867
2023-08-17,8.760000228881836,8.831999778747559,8.57800006866455,8.70199966430664,8.70199966430664,2000726,PGE.WA,-0.01293107085207379,1.0932160329904224,8.614100027084351,7.868480033874512,6.995799987316132,0.26505408126977065,1.3850501966953253,-0.2107029509841648
2023-08-18,8.600000381469727,8.937999725341797,8.59000015258789,8.883999824523926,8.883999824523926,2358238,PGE.WA,0.020914751463827708,1.1160803746166887,8.64079999923706,7.903160028457641,7.013569986820221,0.26881090501570487,1.3850501966953253,-0.19419499937286588
2023-08-21,8.880000114440918,9.050000190734863,8.807999610900879,8.850000381469727,8.850000381469727,1123901,PGE.WA,-0.003827042292408156,1.1118090878213038,8.666300010681152,7.937360038757324,7.0305699896812435,0.26954752391755016,1.3850501966953253,-0.19727884918970007
2023-08-22,8.836000442504883,8.899999618530273,8.715999603271484,8.819999694824219,8.819999694824219,1247806,PGE.WA,-0.0033899079494192907,1.1080401573562617,8.680700016021728,7.97076003074646,7.0454799890518185,0.2597951037911511,1.3850501966953253,-0.19999999999999896
2023-08-23,8.819999694824219,9.22599983215332,8.819999694824219,9.163999557495117,9.163999557495117,2006888,PGE.WA,0.039002253352997895,1.1512562202987664,8.714400005340575,8.012440023422242,7.062319986820221,0.28980348373471615,1.3850501966953253,-0.16879819731760048
2023-08-24,9.239999771118164,9.378000259399414,8.95199966430664,8.95199966430664,8.95199966430664,1693839,PGE.WA,-0.02313399208046496,1.1246230680157887,8.742199993133545,8.045800018310548,7.076149985790253,0.30105878940175607,1.3850501966953253,-0.18802721323812333
2023-08-25,8.850000381469727,8.920000076293945,8.67199993133545,8.824000358581543,8.824000358581543,2170966,PGE.WA,-0.014298403767311951,1.108542753303266,8.760699987411499,8.07348002433777,7.091449987888336,0.30711271626650266,1.3850501966953253,-0.19963712799131406
2023-08-28,8.899999618530273,8.920000076293945,8.692000389099121,8.918000221252441,8.918000221252441,1894044,PGE.WA,0.010652749189825395,1.120351781220404,8.786999988555909,8.101480026245117,7.1065899896621705,0.30624926739492975,1.3850501966953253,-0.1911110630549573
2023-08-29,8.930000305175781,8.937999725341797,8.600000381469727,8.631999969482422,8.631999969482422,2897307,PGE.WA,-0.03206999828150414,1.0844221015219855,8.79249997138977,8.123960027694702,7.1196999883651735,0.3268149817767396,1.3850501966953253,-0.2170521298727125
2023-08-30,8.630000114440918,8.67199993133545,8.508000373840332,8.616000175476074,8.616000175476074,1346706,PGE.WA,-0.0018535442612271913,1.0824120771589614,8.782200002670288,8.148120031356811,7.131539988517761,0.300555190007174,1.3850501966953253,-0.21850335840422708
2023-08-31,8.60200023651123,8.704000473022461,8.446000099182129,8.486000061035156,8.486000061035156,4331602,PGE.WA,-0.015088220960224774,1.066080404568771,8.771000003814697,8.170640029907226,7.142609989643097,0.3019058367142517,1.3850501966953253,-0.2302947524122977
2023-09-01,8.486000061035156,8.534000396728516,8.342000007629395,8.458000183105469,8.458000183105469,3408475,PGE.WA,-0.0032995377949917026,1.0625628319813964,8.763299989700318,8.196800031661986,7.153329989910126,0.29968184708734014,1.3850501966953253,-0.2328344239677167
2023-09-04,8.369999885559082,8.454000473022461,7.992000102996826,8.210000038146973,8.210000038146973,3445786,PGE.WA,-0.029321369069471914,1.0314070350253666,8.74029998779297,8.217480030059814,7.162749989032745,0.31471667919655333,1.3850501966953253,-0.2553287689599534
2023-09-05,8.210000038146973,8.210000038146973,7.889999866485596,7.889999866485596,7.889999866485596,1611014,PGE.WA,-0.038976878218578204,0.991206008627398,8.702499985694885,8.229720029830933,7.169189987182617,0.3402771044539877,1.3850501966953253,-0.2843537288450799
2023-09-06,7.880000114440918,7.880000114440918,7.388000011444092,7.535999774932861,7.535999774932861,3424408,PGE.WA,-0.044866932514970315,0.9467336355298795,8.655799961090088,8.237600021362304,7.174079985618591,0.3657418840003295,1.3850501966953253,-0.3164625817975779
2023-09-07,7.535999774932861,7.599999904632568,7.343999862670898,7.458000183105469,7.458000183105469,2419147,PGE.WA,-0.010350264617422611,0.9369346918799307,8.597399950027466,8.24200002670288,7.177769987583161,0.3548062768254249,1.3850501966953253,-0.32353737495188284
2023-09-08,7.46999979019165,7.565999984741211,7.380000114440918,7.565999984741211,7.565999984741211,2244442,PGE.WA,0.014481067174065387,0.9505025060907563,8.527399969100951,8.245320024490356,7.181479988098144,0.32095755003818255,1.3850501966953253,-0.3137414742378164
2023-09-11,7.570000171661377,7.78000020980835,7.46999979019165,7.624000072479248,7.624000072479248,2371414,PGE.WA,0.007665885257072347,0.9577889492390077,8.461899971961975,8.252600021362305,7.18656998872757,0.32557868518787747,1.3850501966953253,-0.3084806951226359
2023-09-12,7.619999885559082,7.797999858856201,7.584000110626221,7.730000019073486,7.730000019073486,2240731,PGE.WA,0.013903455612083615,0.9711055253804964,8.40679998397827,8.25932002067566,7.192789988517761,0.3340364938734756,1.3850501966953253,-0.29886618716237456
2023-09-13,7.78000020980835,7.835999965667725,7.630000114440918,7.829999923706055,7.829999923706055,2250321,PGE.WA,0.01293659823878679,0.9836683274098099,8.357499980926514,8.268520021438599,7.199299988746643,0.34077522675023236,1.3850501966953253,-0.28979590071406547
2023-09-14,7.868000030517578,7.984000205993652,7.697999954223633,7.76800012588501,7.76800012588501,2025375,PGE.WA,-0.007918237346763557,0.9758794081228851,8.310800004005433,8.279200019836425,7.205909988880157,0.3398262050848786,1.3850501966953253,-0.2954194653368559
2023-09-15,7.789999961853027,7.947999954223633,7.72599983215332,7.834000110626221,7.834000110626221,5429184,PGE.WA,0.008496393366586252,0.9841708634526485,8.258300018310546,8.29212001800537,7.213179988861084,0.32976164470153096,1.3850501966953253,-0.2894330719559183
2023-09-18,7.949999809265137,7.949999809265137,7.593999862670898,7.679999828338623,7.679999828338623,2182140,PGE.WA,-0.019657937211247645,0.9648240944137569,8.199799990653991,8.30328001022339,7.219229989051819,0.3331090622810501,1.3850501966953253,-0.30340135201179796
2023-09-19,7.789999961853027,7.789999961853027,7.452000141143799,7.5,7.5,1777699,PGE.WA,-0.023437478172126713,0.9422110507609925,8.13380000591278,8.312240009307862,7.22292998790741,0.3379102050651748,1.3850501966953253,-0.3197278676187544
2023-09-20,7.48199987411499,7.789999961853027,7.48199987411499,7.76800012588501,7.76800012588501,1883659,PGE.WA,0.03573335011800127,0.975879408122885,8.064000034332276,8.326320009231567,7.228819987773895,0.33204625204827576,1.3850501966953253,-0.29541946533685604
2023-09-21,7.71999979019165,7.886000156402588,7.631999969482422,7.843999862670898,7.843999862670898,1590316,PGE.WA,0.009783694072382554,0.985427113703497,8.008600044250489,8.339160003662109,7.234279987812042,0.33273199472143006,1.3850501966953253,-0.28852606493635613
2023-09-22,7.730000019073486,7.785999774932861,7.599999904632568,7.714000225067139,7.714000225067139,1974985,PGE.WA,-0.016573131040251488,0.9690955010174721,7.953100037574768,8.34864001274109,7.238909988403321,0.3335474782004033,1.3850501966953253,-0.30031741569388926
2023-09-25,7.400000095367432,7.644000053405762,7.349999904632568,7.559999942779541,7.559999942779541,2033117,PGE.WA,-0.019963738371067685,0.9497487319785806,7.885200023651123,8.355040016174316,7.2416899871826175,0.3303695309089608,1.3850501966953253,-0.31428569574976895
2023-09-26,7.559999942779541,7.7179999351501465,7.473999977111816,7.6519999504089355,7.6519999504089355,2069867,PGE.WA,0.012169313270598892,0.961306521826382,7.836200022697449,8.341720018386841,7.244339985847473,0.32493002523778447,1.3850501966953253,-0.3059410235672172
2023-09-27,7.688000202178955,7.739999771118164,7.539999961853027,7.5980000495910645,7.5980000495910645,1679425,PGE.WA,-0.007056965651834002,0.9545226147209692,7.785300016403198,8.321880016326904,7.247839987277985,0.324615164389462,1.3850501966953253,-0.3108389739242503
2023-09-28,7.48199987411499,7.550000190734863,7.271999835968018,7.366000175476074,7.366000175476074,2593022,PGE.WA,-0.030534334377567807,0.9253769020321289,7.729300022125244,8.300280017852783,7.249819989204407,0.3347795923891968,1.3850501966953253,-0.33188204713443503
2023-09-29,7.366000175476074,7.590000152587891,7.366000175476074,7.498000144958496,7.498000144958496,2103111,PGE.WA,0.017920169201447234,0.9419598126916556,7.681300020217895,8.283240013122558,7.253159990310669,0.3460395147384465,1.3850501966953253,-0.3199092603725595
2023-10-02,7.495999813079834,7.723999977111816,7.400000095367432,7.420000076293945,7.420000076293945,2624298,PGE.WA,-0.010402783029685114,0.9321608091375415,7.641800022125244,8.26484001159668,7.256829991340637,0.3353180862936803,1.3850501966953253,-0.3269840967774019
2023-10-03,7.414000034332275,7.415999889373779,6.986000061035156,7.004000186920166,7.004000186920166,3013232,PGE.WA,-0.056064674541291604,0.8798995167530982,7.597500038146973,8.23428002357483,7.258959991931915,0.36275913921903336,1.3850501966953253,-0.36471651435269026
2023-10-04,7.050000190734863,7.078000068664551,6.869999885559082,6.895999908447266,6.895999908447266,1933703,PGE.WA,-0.015419799484669983,0.8663316426381074,7.565500044822693,8.202400026321412,7.260579991340637,0.3345378284058799,1.3850501966953253,-0.3745124583172941
2023-10-05,6.9019999504089355,6.992000102996826,6.702000141143799,6.739999771118164,6.739999771118164,2285968,PGE.WA,-0.022621829959424633,0.846733635529879,7.529600024223328,8.16928002357483,7.261539990901947,0.34030916711096654,1.3850501966953253,-0.3886621311269788
2023-10-06,6.739999771118164,6.75,6.377999782562256,6.435999870300293,6.435999870300293,2365343,PGE.WA,-0.045103844382985425,0.8085426933990999,7.473100018501282,8.128920011520385,7.260109989643097,0.3605905040532464,1.3850501966953253,-0.4162358192300535
2023-10-09,6.46999979019165,6.6020002365112305,6.392000198364258,6.53000020980835,6.53000020980835,1689522,PGE.WA,0.01460539798048055,0.8203517812204034,7.4184000253677365,8.091680011749268,7.259359991550445,0.3653499502911614,1.3850501966953253,-0.4077097110431591
2023-10-10,6.624000072479248,6.9039998054504395,6.552000045776367,6.886000156402588,6.886000156402588,2081095,PGE.WA,0.05451760109586368,0.8650753923872586,7.376200032234192,8.058960008621217,7.260429992675781,0.4210469382471217,1.3850501966953253,-0.37541946533685633
2023-10-11,6.920000076293945,7.044000148773193,6.78000020980835,6.9120001792907715,6.9120001792907715,4459020,PGE.WA,0.003775780176828558,0.8683417269052967,7.330300045013428,8.020760021209718,7.261539993286132,0.41698307400888646,1.3850501966953253,-0.37306118653524223
2023-10-12,7.03000020980835,7.038000106811523,6.872000217437744,6.880000114440918,6.880000114440918,2833077,PGE.WA,-0.004629638891753718,0.8643216182750834,7.285900044441223,7.984160022735596,7.263449993133545,0.4169340651242363,1.3850501966953253,-0.37596368684880854
2023-10-13,6.869999885559082,7.257999897003174,6.835999965667725,7.122000217437744,7.122000217437744,3532317,PGE.WA,0.035174432990033644,0.8947236411189378,7.250300049781799,7.954360017776489,7.265659995079041,0.439163359308219,1.3850501966953253,-0.3540135633685242
2023-10-16,7.395999908447266,7.440000057220459,6.789999961853027,6.98199987411499,6.98199987411499,5306118,PGE.WA,-0.019657447212648504,0.8771356583737335,7.215400052070618,7.92060001373291,7.266549994945526,0.4391631333600349,1.3850501966953253,-0.3667120076466944
2023-10-17,7.001999855041504,7.638000011444092,7.001999855041504,7.349999904632568,7.349999904632568,5732285,PGE.WA,0.052706966077426864,0.9233668177649393,7.207900047302246,7.894680013656616,7.26887999534607,0.47691156525117195,1.3850501966953253,-0.333333318916487
2023-10-18,7.349999904632568,7.564000129699707,7.289999961853027,7.4679999351501465,7.4679999351501465,3363549,PGE.WA,0.0160544261290676,0.9381909421307788,7.192900037765503,7.8746400070190425,7.27161999464035,0.46191679621448456,1.3850501966953253,-0.322630367932321
2023-10-19,7.400000095367432,7.400000095367432,7.00600004196167,7.010000228881836,7.010000228881836,3703562,PGE.WA,-0.0613282954265455,0.8806532908652733,7.15120005607605,7.8423200035095215,7.272509996891022,0.5056430029048773,1.3850501966953253,-0.36417229284073815
2023-10-20,7.0,7.084000110626221,6.9079999923706055,6.980000019073486,6.980000019073486,1599223,PGE.WA,-0.004279630360744635,0.8768844203043966,7.114500045776367,7.802600011825562,7.272679996490479,0.5038300644995249,1.3850501966953253,-0.36689340040049956
2023-10-23,6.980000019073486,7.019999980926514,6.809999942779541,6.831999778747559,6.831999778747559,2353600,PGE.WA,-0.021203472768123732,0.8582914253776803,7.078100037574768,7.760560007095337,7.272349996566772,0.5043534525240564,1.3850501966953253,-0.38031745894442703
2023-10-24,6.9019999504089355,6.980000019073486,6.829999923706055,6.863999843597412,6.863999843597412,1785052,PGE.WA,0.004683850393174316,0.8623115340078937,7.038700032234192,7.721200008392334,7.273169996738434,0.5017517663334861,1.3850501966953253,-0.3774149586308606
2023-10-25,6.863999843597412,7.0879998207092285,6.822000026702881,7.0879998207092285,7.0879998207092285,1643494,PGE.WA,0.03263403004310361,0.8904522345152222,7.0132000207901,7.686640005111695,7.275269994735718,0.5190174139766899,1.3850501966953253,-0.3570974996864331
2023-10-26,6.949999809265137,7.208000183105469,6.923999786376953,7.131999969482422,7.131999969482422,2137419,PGE.WA,0.00620769609003613,0.8959798913697863,7.0015000104904175,7.65524001121521,7.276879994869232,0.5094238704398005,1.3850501966953253,-0.35310655634896215
2023-10-27,7.150000095367432,7.265999794006348,7.085999965667725,7.150000095367432,7.150000095367432,2247871,PGE.WA,0.0025238538926011245,0.8982412137063123,6.984100008010865,7.62056001663208,7.27775999546051,0.5047005877679895,1.3850501966953253,-0.3514738918131053
2023-10-30,7.248000144958496,7.363999843597412,7.199999809265137,7.328000068664551,7.328000068664551,1536962,PGE.WA,0.024895100828382866,0.9206030192897399,6.979500007629395,7.590120010375976,7.279799995422363,0.5123007942952366,1.3850501966953253,-0.3353287689599539
2023-10-31,7.360000133514404,7.368000030517578,7.251999855041504,7.297999858856201,7.297999858856201,2423851,PGE.WA,-0.004093915055573549,0.9168341487288632,6.994199991226196,7.5596800136566165,7.281709995269775,0.46836759042052806,1.3850501966953253,-0.3380498765197153
2023-11-02,7.375999927520752,7.53000020980835,7.329999923706055,7.453999996185303,7.453999996185303,3204465,PGE.WA,0.021375738605940553,0.9364321558370914,7.0220999956130985,7.52548002243042,7.284229996204377,0.4679360347309921,1.3850501966953253,-0.3239002037100307
2023-11-03,7.449999809265137,7.697999954223633,7.4019999504089355,7.599999904632568,7.599999904632568,3542786,PGE.WA,0.01958678676173653,0.9547738527903057,7.065100002288818,7.4984400272369385,7.286139996051788,0.45962581628676064,1.3850501966953253,-0.3106575811704455
2023-11-06,7.696000099182129,7.800000190734863,7.504000186920166,7.5320000648498535,7.5320000648498535,2523618,PGE.WA,-0.008947347452105348,0.9462311593912055,7.119900012016297,7.472600021362305,7.287269995212555,0.4222666761246469,1.3850501966953253,-0.3168253673051883
2023-11-07,7.5,7.593999862670898,7.4039998054504395,7.48799991607666,7.48799991607666,2444126,PGE.WA,-0.005841761603074369,0.9407035025366414,7.167799997329712,7.444000015258789,7.288409993648529,0.42440446195646625,1.3850501966953253,-0.32081631064265936
2023-11-08,7.501999855041504,7.590000152587891,7.288000106811523,7.320000171661377,7.320000171661377,2471133,PGE.WA,-0.02243586355477778,0.9195980071082277,7.189499998092652,7.417760019302368,7.287659995555877,0.3976946520955608,1.3850501966953253,-0.33605438322571124
2023-11-09,7.320000171661377,7.355999946594238,7.105999946594238,7.2179999351501465,7.2179999351501465,3329212,PGE.WA,-0.013934458213008538,0.9067839071054121,7.20479998588562,7.38980001449585,7.2858299946784975,0.40239005998236194,1.3850501966953253,-0.34530610567836273
2023-11-10,7.2179999351501465,7.276000022888184,6.97599983215332,7.0,7.0,2420114,PGE.WA,-0.030202263384422112,0.8793969807102591,7.210799980163574,7.360080013275146,7.283619995117188,0.41830223037014413,1.3850501966953253,-0.3650793431108379
2023-11-13,7.099999904632568,7.099999904632568,6.685999870300293,6.7220001220703125,6.7220001220703125,6097462,PGE.WA,-0.039714268275669595,0.844472373097518,7.190799975395203,7.3253600120544435,7.27945999622345,0.42206932955319976,1.3850501966953253,-0.3902947524122985
2023-11-14,6.76200008392334,7.019999980926514,6.5980000495910645,7.001999855041504,7.001999855041504,4598612,PGE.WA,0.04165422908158978,0.8796482187795958,7.191799974441528,7.301200008392334,7.27666999578476,0.4446143791975706,1.3850501966953253,-0.364897950357033
2023-11-15,7.099999904632568,7.234000205993652,6.96999979019165,7.015999794006348,7.015999794006348,4147543,PGE.WA,0.001999420059222601,0.8814070050732831,7.175099968910217,7.283720006942749,7.273799993991852,0.39984990707663226,1.3850501966953253,-0.3636281145793234
2023-11-16,7.1020002365112305,7.1479997634887695,6.958000183105469,7.084000110626221,7.084000110626221,3786384,PGE.WA,0.009692177681926983,0.8899497583765484,7.155899977684021,7.274680013656616,7.2717799949646,0.3966609287310109,1.3850501966953253,-0.3574602851940434
2023-11-17,7.090000152587891,7.23199987411499,7.035999774932861,7.107999801635742,7.107999801635742,3432499,PGE.WA,0.003387872760408417,0.8929647949210844,7.160799956321716,7.267680006027222,7.272169992923737,0.3299101821439862,1.3850501966953253,-0.3552834423967717
2023-11-20,7.099999904632568,7.317999839782715,7.090000152587891,7.199999809265137,7.199999809265137,3521714,PGE.WA,0.01294316406821272,0.9045225847688859,7.171799945831299,7.2603600025177,7.272579991817475,0.3319821173354769,1.3850501966953253,-0.3469387702142198
2023-11-21,7.211999893188477,7.368000030517578,7.124000072479248,7.23199987411499,7.23199987411499,2596144,PGE.WA,0.004444453569106388,0.9085426933990993,7.191799950599671,7.252519998550415,7.2738099908828735,0.320744705523771,1.3850501966953253,-0.3440362699006534
2023-11-22,7.23199987411499,7.26200008392334,7.1539998054504395,7.234000205993652,7.234000205993652,1814003,PGE.WA,0.0002765945676825865,0.9087939913726012,7.210299968719482,7.242600002288818,7.276129992008209,0.32082716461827565,1.3850501966953253,-0.3438548338963111
2023-11-23,7.309999942779541,7.322000026702881,7.1539998054504395,7.228000164031982,7.228000164031982,1258297,PGE.WA,-0.0008294224206267797,0.9080402172604258,7.21729998588562,7.230560007095337,7.278269991874695,0.30096025057857345,1.3850501966953253,-0.34439905540826343
2023-11-24,7.26800012588501,7.739999771118164,7.223999977111816,7.688000202178955,7.688000202178955,5336986,PGE.WA,0.06364139841003702,0.9658291664994332,7.245099997520446,7.228960008621216,7.282349991798401,0.373960112312562,1.3850501966953253,-0.302675694495504
2023-11-27,7.690000057220459,8.149999618530273,7.6620001792907715,8.149999618530273,8.149999618530273,3904979,PGE.WA,0.06009357494818701,1.0238692939036118,7.295099973678589,7.235279998779297,7.2885199904441835,0.42346142466438635,1.3850501966953253,-0.2607709840794772
2023-11-28,8.197999954223633,8.46399974822998,8.100000381469727,8.454000473022461,8.454000473022461,3958243,PGE.WA,0.03730072008850094,1.0620603558427215,7.351399993896484,7.250760011672973,7.296539993286133,0.4326437329087638,1.3850501966953253,-0.23319720947532785
2023-11-29,8.399999618530273,8.498000144958496,8.055999755859375,8.331999778747559,8.331999778747559,3530023,PGE.WA,-0.014431119878005494,1.046733635529878,7.403099989891052,7.267400007247925,7.304519991874695,0.4378488237347476,1.3850501966953253,-0.2442630324681785
2023-11-30,8.371999740600586,8.447999954223633,8.25,8.407999992370605,8.407999992370605,3772909,PGE.WA,0.009121485314594002,1.0562814010146553,7.450799989700317,7.280200004577637,7.312729992866516,0.4346627220090675,1.3850501966953253,-0.2373695888171412
2023-12-01,8.449999809265137,8.800000190734863,8.4399995803833,8.736000061035156,8.736000061035156,2591169,PGE.WA,0.03901047442461669,1.0974874395941359,7.507599997520447,7.2980400085449215,7.322649993896484,0.4477552506973147,1.3850501966953253,-0.20761901466625732
2023-12-04,8.736000061035156,8.850000381469727,8.62600040435791,8.699999809265137,8.699999809265137,1805433,PGE.WA,-0.004120907911916105,1.092964794921084,7.565999984741211,7.317760000228882,7.332319993972778,0.44574689893635483,1.3850501966953253,-0.21088434373797105
2023-12-05,8.628000259399414,8.923999786376953,8.527999877929688,8.82800006866455,8.82800006866455,2144958,PGE.WA,0.014712673816739574,1.1090452294419375,7.632999992370605,7.343120002746582,7.3419699954986575,0.4434897919760317,1.3850501966953253,-0.19927434248370535
2023-12-06,8.82800006866455,8.949999809265137,8.696000099182129,8.906000137329102,8.906000137329102,1583775,PGE.WA,0.008835531044162126,1.1188442329960517,7.7122999906539915,7.368200006484986,7.351899995803833,0.42805925839338604,1.3850501966953253,-0.19219950607886294
2023-12-07,8.814000129699707,8.913999557495117,8.581999778747559,8.859999656677246,8.859999656677246,1965713,PGE.WA,-0.0051651111545627515,1.1130652781679857,7.794399976730347,7.393439998626709,7.362339994907379,0.42260022060535674,1.3850501966953253,-0.1963718854206763
2023-12-08,8.859999656677246,8.965999603271484,8.814000129699707,8.880000114440918,8.880000114440918,993941,PGE.WA,0.0022573880969170013,1.1155778984780138,7.888399982452393,7.423719997406006,7.373309996128082,0.39586169719675673,1.3850501966953253,-0.19455778488047704
2023-12-11,8.899999618530273,9.010000228881836,8.869999885559082,8.9399995803833,8.9399995803833,1198329,PGE.WA,0.006756696528056327,1.1231155197914366,7.999299955368042,7.452559986114502,7.384219994544983,0.3461986216877015,1.3850501966953253,-0.18911565626202886
2023-12-12,8.960000038146973,9.0,8.522000312805176,8.770000457763672,8.770000457763672,1555857,PGE.WA,-0.019015562706809486,1.1017588461978516,8.08769998550415,7.479559993743896,7.394949996471405,0.3502264330194096,1.3850501966953253,-0.2045350783483484
2023-12-13,8.770000457763672,8.8100004196167,8.600000381469727,8.682000160217285,8.682000160217285,1083459,PGE.WA,-0.010034240929655214,1.0907035324887233,8.171000003814697,7.5131199932098385,7.405059998035431,0.35711393615122233,1.3850501966953253,-0.21251696502329043
2023-12-14,8.75,8.902000427246094,8.70199966430664,8.842000007629395,8.842000007629395,1398689,PGE.WA,0.018428915510191102,1.110804015735625,8.258899998664855,7.552039995193481,7.415869998931885,0.35805312408163104,1.3850501966953253,-0.1980045067059958
2023-12-15,8.802000045776367,9.0,8.550000190734863,8.673999786376953,8.673999786376953,7131230,PGE.WA,-0.01900025119966986,1.089698460403046,8.337199997901916,7.590719995498657,7.425539999008179,0.37318127856537453,1.3850501966953253,-0.21324262253958504
2023-12-18,8.65999984741211,8.829999923706055,8.59000015258789,8.593999862670898,8.593999862670898,1336162,PGE.WA,-0.009222956614744149,1.0796482187795953,8.406900000572204,7.633879995346069,7.436289999485016,0.3793128363380723,1.3850501966953253,-0.22049885169823225
2023-12-19,8.699999809265137,8.84000015258789,8.510000228881836,8.670000076293945,8.670000076293945,2253685,PGE.WA,0.008843404100244756,1.0891959842643726,8.478800010681152,7.676679992675782,7.447839999198914,0.37890977142181187,1.3850501966953253,-0.21360540804719497
2023-12-20,8.670000076293945,8.890000343322754,8.642000198364258,8.734000205993652,8.734000205993652,2136210,PGE.WA,0.0073817911345468445,1.0972362015247994,8.553800010681153,7.713639993667602,7.458480000495911,0.3774841394831379,1.3850501966953253,-0.20780040742006223
2023-12-21,8.699999809265137,8.925999641418457,8.649999618530273,8.869999885559082,8.869999885559082,1665277,PGE.WA,0.015571293377357742,1.1143215883229998,8.635899996757507,7.752799987792969,7.469609999656678,0.37588609621031976,1.3850501966953253,-0.19546483515057667
2023-12-22,8.800000190734863,8.949999809265137,8.760000228881836,8.79800033569336,8.79800033569336,751444,PGE.WA,-0.008117198511235935,1.1052764187852262,8.691400003433227,7.7911599922180175,7.4810200023651126,0.32420544046507993,1.3850501966953253,-0.20199540679292938
2023-12-27,8.87600040435791,8.949999809265137,8.819999694824219,8.89799976348877,8.89799976348877,1261562,PGE.WA,0.011366154123649386,1.1178391609103744,8.728800010681152,7.826679983139038,7.49239000082016,0.257581582362378,1.3850501966953253,-0.19292516359515766
2023-12-28,8.89799976348877,8.937999725341797,8.760000228881836,8.793999671936035,8.793999671936035,1386405,PGE.WA,-0.011688030379533032,1.1047738228382222,8.74579997062683,7.862919979095459,7.503829998970032,0.23236581930565225,1.3850501966953253,-0.20235827880161406
2023-12-29,8.800000190734863,8.838000297546387,8.61400032043457,8.678000450134277,8.678000450134277,1178147,PGE.WA,-0.013190723917348102,1.09020105635005,8.763100004196167,7.889479990005493,7.515540001392364,0.23123618396290185,1.3850501966953253,-0.21287975053090036
2024-01-02,8.569999694824219,8.8100004196167,8.539999961853027,8.571999549865723,8.571999549865723,917884,PGE.WA,-0.012214899143836111,1.0768843604002305,8.771299982070923,7.911559982299805,7.527569999694824,0.2350593642916726,1.3850501966953253,-0.22249434499223653
2024-01-03,8.607999801635742,8.609999656677246,8.128000259399414,8.319999694824219,8.319999694824219,1980724,PGE.WA,-0.02939802476371467,1.0452260873055275,8.750499963760376,7.937759971618652,7.538649997711182,0.2130003673245001,1.3850501966953253,-0.24535147549208292
2024-01-04,8.279999732971191,8.482000350952148,8.220000267028809,8.39799976348877,8.39799976348877,1404538,PGE.WA,0.009375008596824053,1.0550250908596415,8.735399961471558,7.966119966506958,7.550419995784759,0.21686491078676876,1.3850501966953253,-0.23827663908724073
2024-01-05,8.39799976348877,8.430000305175781,8.25,8.395999908447266,8.395999908447266,1258400,PGE.WA,-0.00023813468657130077,1.0547738527903048,8.713799953460693,7.997399969100952,7.5630999946594235,0.20820009720850688,1.3850501966953253,-0.23845803184104575
2024-01-08,8.302000045776367,8.628000259399414,8.239999771118164,8.586000442504883,8.586000442504883,1608718,PGE.WA,0.022629887580924768,1.0786432665022483,8.697799968719483,8.031839981079102,7.576119997501373,0.22330399482259533,1.3850501966953253,-0.22122442271345233
2024-01-09,8.67199993133545,8.772000312805176,8.61400032043457,8.723999977111816,8.723999977111816,1520108,PGE.WA,0.016072621417973387,1.0959798913697851,8.690999984741211,8.064559984207154,7.58867999792099,0.23154847306326812,1.3850501966953253,-0.20870745769016197
2024-01-10,8.723999977111816,8.803999900817871,8.649999618530273,8.697999954223633,8.697999954223633,1193760,PGE.WA,-0.0029802869046764435,1.092713556851747,8.681899976730346,8.095879983901977,7.60146999835968,0.23141602770498587,1.3850501966953253,-0.21106573649177618
2024-01-11,8.75,8.75,8.460000038146973,8.465999603271484,8.465999603271484,1356799,PGE.WA,-0.026672838833425416,1.0635677842587412,8.658199977874755,8.12219997406006,7.61264999628067,0.246606418802071,1.3850501966953253,-0.23210885295249828
2024-01-12,8.468000411987305,8.67199993133545,8.449999809265137,8.529999732971191,8.529999732971191,1123622,PGE.WA,0.0075596660404964044,1.071608001519168,8.646199941635132,8.146239967346192,7.625019993782043,0.24113278206108038,1.3850501966953253,-0.22630385232536543
2024-01-15,8.489999771118164,8.539999961853027,8.248000144958496,8.34000015258789,8.34000015258789,743332,PGE.WA,-0.02227427741279886,1.047738707615555,8.629099941253662,8.167079973220826,7.636639995574951,0.25075135214419614,1.3850501966953253,-0.243537374951884
2024-01-16,8.300000190734863,8.326000213623047,8.081999778747559,8.206000328063965,8.206000328063965,1284389,PGE.WA,-0.016067124948714318,1.0309045588866914,8.597299957275391,8.182119979858399,7.647629997730255,0.24347174450058598,1.3850501966953253,-0.25569155446756464
2024-01-17,8.140000343322754,8.175999641418457,7.820000171661377,7.863999843597412,7.863999843597412,2100520,PGE.WA,-0.04167687920958696,0.9879396741093582,8.556799960136413,8.187399978637695,7.656949996948242,0.27388590083395403,1.3850501966953253,-0.28671200764669535
2024-01-18,7.791999816894531,8.210000038146973,7.771999835968018,8.130000114440918,8.130000114440918,2341185,PGE.WA,0.03382506054601131,1.0213567934019139,8.533599972724915,8.199359979629516,7.665629997253418,0.30537176849079234,1.3850501966953253,-0.26258499811860203
2024-01-19,8.199999809265137,8.456000328063965,8.199999809265137,8.42199993133545,8.42199993133545,1718539,PGE.WA,0.0359163361358219,1.0580401873083423,8.52119996547699,8.218039979934693,7.676359996795655,0.3327179121699836,1.3850501966953253,-0.23609975303943198
2024-01-22,8.5,8.592000007629395,8.175999641418457,8.206000328063965,8.206000328063965,1388235,PGE.WA,-0.025647067802485046,1.0309045588866912,8.494799971580505,8.235759983062744,7.686089997291565,0.34189453403139497,1.3850501966953253,-0.25569155446756475
2024-01-23,8.25,8.279999732971191,8.026000022888184,8.052000045776367,8.052000045776367,1084970,PGE.WA,-0.01876678968204848,1.0115577898477996,8.45389997959137,8.252439985275268,7.695269997119904,0.33901419383700254,1.3850501966953253,-0.26965983452344444
2024-01-24,8.145999908447266,8.279999732971191,8.092000007629395,8.279999732971191,8.279999732971191,1681015,PGE.WA,0.02831590733962064,1.0402009664938014,8.42799994945526,8.278039979934693,7.705569996833801,0.35814161390866844,1.3850501966953253,-0.24897959007140702
2024-01-25,8.279999732971191,8.347999572753906,8.149999618530273,8.222000122070312,8.222000122070312,1072168,PGE.WA,-0.00700478415113015,1.0329145832497153,8.394199967384338,8.308039979934692,7.715459997653961,0.35442973180930876,1.3850501966953253,-0.25424032593605017
2024-01-26,8.170000076293945,8.333999633789062,8.10200023651123,8.27400016784668,8.27400016784668,779395,PGE.WA,0.006324500730276572,1.0394472522857914,8.368199992179871,8.333479986190795,7.7245899987220765,0.3548165533879669,1.3850501966953253,-0.24952376833282197
2024-01-29,7.980000019073486,8.168000221252441,7.935999870300293,8.14799976348877,8.14799976348877,1153185,PGE.WA,-0.015228474957923788,1.0236180558342745,8.341699957847595,8.356119985580444,7.733159997463226,0.3556802815221297,1.3850501966953253,-0.26095237683328265
2024-01-30,8.184000015258789,8.4399995803833,8.09000015258789,8.305999755859375,8.305999755859375,1767332,PGE.WA,0.01939126128581936,1.0434673010118394,8.328399968147277,8.380559978485108,7.742339997291565,0.36234234210917315,1.3850501966953253,-0.24662131126979303
2024-01-31,8.38599967956543,8.539999961853027,8.3100004196167,8.472000122070312,8.472000122070312,1884893,PGE.WA,0.019985597289938983,1.0643216182750816,8.335999989509583,8.4078399848938,7.751609997749329,0.35390442014151613,1.3850501966953253,-0.2315645881900087
2024-02-01,8.5,8.895999908447266,8.449999809265137,8.892000198364258,8.892000198364258,3444542,PGE.WA,0.049575079112641696,1.1170854467023636,8.360700011253357,8.44167999267578,7.76276999950409,0.39292481013555647,1.3850501966953253,-0.19346934185657305
2024-02-02,8.890000343322754,9.197999954223633,8.84000015258789,8.986000061035156,8.986000061035156,2673025,PGE.WA,0.010571284365039846,1.128894474619502,8.390200018882751,8.476759996414184,7.773940000534058,0.39356076857123695,1.3850501966953253,-0.18494327692021606
2024-02-05,9.020000457763672,9.100000381469727,8.706000328063965,8.706000328063965,8.706000328063965,1610119,PGE.WA,-0.031159551643597072,1.0937186289374243,8.396200013160705,8.50619999885559,7.784020001888275,0.4053702900204716,1.3850501966953253,-0.21034007897548157
2024-02-06,8.751999855041504,8.815999984741211,8.649999618530273,8.696000099182129,8.696000099182129,876792,PGE.WA,-0.0011486593734209016,1.0924623187824103,8.39480001926422,8.535559997558593,7.7935400032997135,0.4014695593071053,1.3850501966953253,-0.2112471292455812
2024-02-07,8.751999855041504,8.82800006866455,8.656000137329102,8.720000267028809,8.720000267028809,698293,PGE.WA,0.002759908874533812,1.0954774152311118,8.39590003490448,8.556199998855591,7.803710005283356,0.40139453380812706,1.3850501966953253,-0.2090702431977719
2024-02-08,8.720000267028809,8.800000190734863,8.531999588012695,8.600000381469727,8.600000381469727,1205522,PGE.WA,-0.013761454344538682,1.0804020527959355,8.402600073814392,8.56520001411438,7.8129100060462955,0.3923466878661314,1.3850501966953253,-0.21995458693574288
2024-02-09,8.59000015258789,8.600000381469727,8.428000450134277,8.46399974822998,8.46399974822998,818797,PGE.WA,-0.015814026419438854,1.0633165461894045,8.399300074577331,8.56539999961853,7.820980005264282,0.39597820838586834,1.3850501966953253,-0.2322902457063032
2024-02-12,8.505999565124512,8.704000473022461,8.383999824523926,8.618000030517578,8.618000030517578,1140052,PGE.WA,0.018194740887108596,1.082663315228296,8.413200068473817,8.571120004653931,7.8304400062561035,0.39194912023443834,1.3850501966953253,-0.2183219656504236
2024-02-13,8.522000312805176,8.6899995803833,8.223999977111816,8.232000350952148,8.232000350952148,2328585,PGE.WA,-0.04478993713141677,1.0341708934047293,8.414500069618224,8.567600011825562,7.837410008907318,0.42158122811908005,1.3850501966953253,-0.25333327566595054
2024-02-14,8.25,8.420000076293945,8.204000473022461,8.420000076293945,8.420000076293945,1371160,PGE.WA,0.022837672172845824,1.0577889492390056,8.442300081253052,8.561280012130737,7.845120010375976,0.39750049007869254,1.3850501966953253,-0.236281145793237
2024-02-15,8.430000305175781,8.4399995803833,7.771999835968018,7.980000019073486,7.980000019073486,4896133,PGE.WA,-0.05225653838878874,1.002512560405861,8.43480007648468,8.546880016326904,7.8505300116539,0.42734969873632844,1.3850501966953253,-0.2761904494163345
2024-02-16,7.980000019073486,8.050000190734863,7.868000030517578,7.955999851226807,7.955999851226807,2470057,PGE.WA,-0.003007539823222438,0.9994974639571595,8.411500072479248,8.52944001197815,7.857100009918213,0.4050055301041338,1.3850501966953253,-0.2783673354641436
2024-02-19,7.98199987411499,8.053999900817871,7.895999908447266,7.9039998054504395,7.9039998054504395,1763737,PGE.WA,-0.006535953588328591,0.9929647949210835,8.396400046348571,8.509400005340575,7.862890009880066,0.3961224932956193,1.3850501966953253,-0.2830838930673718
2024-02-20,7.875999927520752,8.064000129699707,7.854000091552734,8.0,8.0,2444980,PGE.WA,0.012145773900875012,1.0050251208117236,8.393800044059754,8.49220001220703,7.867610008716583,0.39351866880012876,1.3850501966953253,-0.27437639212667264
2024-02-21,8.050000190734863,8.057999610900879,7.909999847412109,7.935999870300293,7.935999870300293,2394975,PGE.WA,-0.008000016212463379,0.9969849035512968,8.376600050926209,8.473320007324219,7.872590007781983,0.3796942973814411,1.3850501966953253,-0.2801813927538055
2024-02-22,7.998000144958496,8.034000396728516,7.920000076293945,7.952000141143799,7.952000141143799,2548772,PGE.WA,0.0020161631936745916,0.9989949878184861,8.363100051879883,8.453560018539429,7.876110007762909,0.3794188594072571,1.3850501966953253,-0.27873012097175365
2024-02-23,7.98799991607666,8.020000457763672,7.894000053405762,7.96999979019165,7.96999979019165,1910904,PGE.WA,0.0022635373149355598,1.0012562502508469,8.347900032997131,8.437560005187988,7.880130007266998,0.37859595714795086,1.3850501966953253,-0.27709749968643416
2024-02-26,7.986000061035156,8.010000228881836,7.831999778747559,7.900000095367432,7.900000095367432,1446667,PGE.WA,-0.0087828979506831,0.9924623187824101,8.335500049591065,8.42192000389099,7.883120007514954,0.37620191117422314,1.3850501966953253,-0.28344667857498174
2024-02-27,7.900000095367432,8.055999755859375,7.849999904632568,8.027999877929688,8.027999877929688,2535103,PGE.WA,0.01620250392621081,1.0085426933990984,8.32160005569458,8.405640001296996,7.886260006427765,0.37404258461216666,1.3850501966953253,-0.2718367205712535
2024-02-28,8.039999961853027,8.039999961853027,7.860000133514404,7.860000133514404,7.860000133514404,1482903,PGE.WA,-0.020926724834306798,0.9874371979706849,8.291000056266785,8.389360008239747,7.888150007724762,0.37114816159449604,1.3850501966953253,-0.2870747931543053
2024-02-29,7.886000156402588,8.013999938964844,7.831999778747559,7.9720001220703125,7.9720001220703125,2870428,PGE.WA,0.014249362169645341,1.001507548224349,8.245000052452088,8.376920013427734,7.892710008621216,0.3221148017179183,1.3850501966953253,-0.27691606368209165
2024-03-01,8.0,8.07800006866455,7.638000011444092,7.71999979019165,7.71999979019165,3515202,PGE.WA,-0.031610678376810974,0.9698492152254805,8.181700038909913,8.357920007705689,7.89653000831604,0.32935943105945104,1.3850501966953253,-0.29977323743247564
2024-03-04,7.75,7.880000114440918,7.366000175476074,7.5,7.5,3288468,PGE.WA,-0.028497382923657888,0.9422110507609909,8.121400022506714,8.333240003585816,7.898430008888244,0.32693424427621276,1.3850501966953253,-0.3197278676187556
2024-03-05,7.489999771118164,7.5,7.23799991607666,7.254000186920166,7.254000186920166,2963770,PGE.WA,-0.03279997507731125,0.9113065517784631,8.049300026893615,8.300920009613037,7.897730009555817,0.3382435368585396,1.3850501966953253,-0.3420407766066499
2024-03-06,7.254000186920166,7.429999828338623,7.254000186920166,7.297999858856201,7.297999858856201,2079258,PGE.WA,0.006065573587297646,0.9168341487288618,7.978200006484985,8.270920000076295,7.897200009822845,0.3399419481683291,1.3850501966953253,-0.3380498765197163
2024-03-07,7.297999858856201,7.447999954223633,7.165999889373779,7.294000148773193,7.294000148773193,1782235,PGE.WA,-0.0005480556536533454,0.9163316725901886,7.912899994850159,8.238840007781983,7.897210011482239,0.3405370229047488,1.3850501966953253,-0.3384126620273261
2024-03-08,7.260000228881836,7.484000205993652,7.199999809265137,7.440000057220459,7.440000057220459,2510704,PGE.WA,0.020016438918200707,0.9346733695434027,7.861700010299683,8.211760015487672,7.89877001285553,0.35312250824799707,1.3850501966953253,-0.32517003948774115
2024-03-11,7.440000057220459,7.550000190734863,7.349999904632568,7.423999786376953,7.423999786376953,1701773,PGE.WA,-0.00215057402156571,0.9326632852762134,7.8019999980926515,8.186680002212524,7.900140011310578,0.34168978752405116,1.3850501966953253,-0.326621311269793
2024-03-12,7.440000057220459,7.449999809265137,7.300000190734863,7.4039998054504395,7.4039998054504395,2448616,PGE.WA,-0.0026939630255935487,0.9301507248703508,7.760599970817566,8.163320007324218,7.901160011291504,0.31162679738115234,1.3850501966953253,-0.32843536855945477
2024-03-13,7.423999786376953,7.440000057220459,7.171999931335449,7.223999977111816,7.223999977111816,2275814,PGE.WA,-0.024311160598102233,0.9075376812175865,7.70079996585846,8.14140001296997,7.902880010604858,0.30029845931778976,1.3850501966953253,-0.3447618841664112
2024-03-14,7.25,7.383999824523926,7.184000015258789,7.300000190734863,7.300000190734863,3562885,PGE.WA,0.010520516869302554,0.9170854467023638,7.6667999744415285,8.119440021514892,7.905800011157989,0.2554112809492596,1.3850501966953253,-0.3378684405153739
2024-03-15,7.25,7.375999927520752,7.0879998207092285,7.25,7.25,10731170,PGE.WA,-0.0068493410175966,0.9108040157356244,7.631499981880188,8.096520023345947,7.907210011482238,0.2555136321556355,1.3850501966953253,-0.3424036053647972
2024-03-18,7.320000171661377,7.3420000076293945,7.099999904632568,7.150000095367432,7.150000095367432,1760399,PGE.WA,-0.013793090294147325,0.8982412137063109,7.593799996376037,8.067800016403199,7.907490012645721,0.2575666052937278,1.3850501966953253,-0.3514738918131063
2024-03-19,7.1479997634887695,7.25600004196167,7.0,7.216000080108643,7.216000080108643,2097675,PGE.WA,0.009230766973551852,0.9065326690360743,7.55460000038147,8.037640018463135,7.907420012950897,0.25520886068485965,1.3850501966953253,-0.3454874984321685
2024-03-20,7.199999809265137,7.2179999351501465,6.960000038146973,7.0,7.0,1873984,PGE.WA,-0.02993349192221606,0.8793969807102581,7.507800006866455,8.003680019378661,7.90582001209259,0.27004996296858563,1.3850501966953253,-0.36507934311083867
2024-03-21,7.0960001945495605,7.130000114440918,6.986000061035156,7.093999862670898,7.093999862670898,1509751,PGE.WA,0.013428551810128253,0.8912060086273961,7.46489999294281,7.976240024566651,7.905540010929108,0.27754290984338387,1.3850501966953253,-0.3565532781744819
2024-03-22,7.107999801635742,7.191999912261963,7.033999919891357,7.061999797821045,7.061999797821045,1297516,PGE.WA,-0.004510863471853144,0.8871858999971827,7.41949999332428,7.946880025863647,7.905150010585785,0.27605242000803837,1.3850501966953253,-0.3594557784880483
2024-03-25,7.065999984741211,7.179999828338623,6.986000061035156,7.073999881744385,7.073999881744385,1433466,PGE.WA,0.001699247276535143,0.8886934482215333,7.378199982643127,7.921560020446777,7.904770009517669,0.27709839990253565,1.3850501966953253,-0.3583673354641438
2024-03-26,7.081999778747559,7.170000076293945,7.0320000648498535,7.165999889373779,7.165999889373779,1848664,PGE.WA,0.01300537307991978,0.9002512380693347,7.335099983215332,7.900760011672974,7.905200009346008,0.2740138474537666,1.3850501966953253,-0.35002266328159193
2024-03-27,7.170000076293945,7.170000076293945,7.0,7.144000053405762,7.144000053405762,1773932,PGE.WA,-0.0030700301852698564,0.8974874395941353,7.2992999792099,7.8863600158691405,7.904500010013581,0.2679621787304976,1.3850501966953253,-0.3520181133250587
2024-03-28,7.144000053405762,7.236000061035156,7.124000072479248,7.202000141143799,7.202000141143799,1768311,PGE.WA,0.008118713228506547,0.9047738827423867,7.260799980163574,7.867800016403198,7.903310010433197,0.2630730961011171,1.3850501966953253,-0.3467573342098783
2024-04-02,7.23199987411499,7.510000228881836,7.203999996185303,7.375999927520752,7.375999927520752,3421643,PGE.WA,0.024159925432786666,0.9266331522829756,7.243599987030029,7.846880016326904,7.902600009441375,0.26255108302437374,1.3850501966953253,-0.3309750401148742
2024-04-03,7.429999828338623,7.489999771118164,7.205999851226807,7.289999961853027,7.289999961853027,2394086,PGE.WA,-0.011659431468653891,0.9158291365473495,7.2330999851226805,7.828560009002685,7.901510009765625,0.2464455439350844,1.3850501966953253,-0.33877549078547375
2024-04-04,7.326000213623047,7.4019999504089355,7.263999938964844,7.329999923706055,7.329999923706055,1087109,PGE.WA,0.005486963245862508,0.9208542573590749,7.236899971961975,7.8141200065612795,7.901120009422303,0.21729630295018423,1.3850501966953253,-0.3351473762061501
2024-04-05,7.099999904632568,7.228000164031982,7.010000228881836,7.099999904632568,7.099999904632568,4483938,PGE.WA,-0.031377901973728584,0.8919597827395712,7.226999974250793,7.7905200099945064,7.899820008277893,0.24385441816641956,1.3850501966953253,-0.3560090566625298
2024-04-08,7.070000171661377,7.177999973297119,7.019999980926514,7.050000190734863,7.050000190734863,3047807,PGE.WA,-0.007042213319620072,0.8856784116769972,7.214799976348877,7.767080011367798,7.899320008754731,0.24469053177256397,1.3850501966953253,-0.3605441782614156
2024-04-09,7.041999816894531,7.159999847412109,6.986000061035156,6.986000061035156,6.986000061035156,4694442,PGE.WA,-0.009078032335916308,0.8776381944165704,7.192099976539612,7.7413200092315675,7.898370008468628,0.23209243443653557,1.3850501966953253,-0.36634917888854834
2024-04-10,6.949999809265137,6.949999809265137,6.28000020980835,6.388000011444092,6.388000011444092,22341694,PGE.WA,-0.08559977732128099,0.8025125604058608,7.140299987792969,7.706120014190674,7.8939200091362,0.37368348022184883,1.3850501966953253,-0.4205895480751355
2024-04-11,6.5,6.679999828338623,6.441999912261963,6.5,6.5,11310310,PGE.WA,0.01753287231610212,0.8165829106595249,7.095099997520447,7.670000019073487,7.890710008144379,0.3836915742422217,1.3850501966953253,-0.41043081860292185
2024-04-12,6.619999885559082,6.630000114440918,6.366000175476074,6.369999885559082,6.369999885559082,4592983,PGE.WA,-0.020000017606295106,0.8002512380693347,7.05239999294281,7.6279600143432615,7.886370007991791,0.38129054553144814,1.3850501966953253,-0.42222221261099246
2024-04-15,6.380000114440918,6.480000019073486,6.099999904632568,6.099999904632568,6.099999904632568,6852495,PGE.WA,-0.042386183010553746,0.7663316426381057,6.992399978637695,7.5721200084686275,7.879870007038116,0.3968438167688693,1.3850501966953253,-0.4467120076466957
2024-04-16,6.099999904632568,6.216000080108643,5.984000205993652,6.081999778747559,6.081999778747559,6586504,PGE.WA,-0.002950840355151474,0.7640703203015796,6.933999967575073,7.514040002822876,7.873980004787445,0.39731706847191617,1.3850501966953253,-0.4483446721825526
2024-04-17,6.099999904632568,6.199999809265137,5.984000205993652,6.00600004196167,6.00600004196167,5299529,PGE.WA,-0.01249584668704784,0.7545226147209676,6.8767999649047855,7.46003999710083,7.8670400047302245,0.3971117561113301,1.3850501966953253,-0.4552380725830525
2024-04-18,6.050000190734863,6.150000095367432,5.986000061035156,6.113999843597412,6.113999843597412,5972573,PGE.WA,0.017981984828702613,0.768090428931793,6.821699953079223,7.4083999919891355,7.860760004520416,0.40342160594547116,1.3850501966953253,-0.44544217186898616
2024-04-19,6.099999904632568,6.283999919891357,6.033999919891357,6.199999809265137,6.199999809265137,6283672,PGE.WA,0.014066072598576174,0.7788944446674191,6.78169994354248,7.357999982833863,7.855590002536774,0.4018284765661551,1.3850501966953253,-0.43764172119838674
2024-04-22,6.285999774932861,6.289999961853027,6.090000152587891,6.179999828338623,6.179999828338623,3828341,PGE.WA,-0.0032258034744817587,0.7763818842615564,6.735999941825867,7.30959997177124,7.850550000667572,0.39559461087955455,1.3850501966953253,-0.4394557784880485
2024-04-23,6.230000019073486,6.239999771118164,6.0980000495910645,6.113999843597412,6.113999843597412,4389962,PGE.WA,-0.01067960947807245,0.7680904289317929,6.688599944114685,7.262599973678589,7.84550999879837,0.3957752745126323,1.3850501966953253,-0.44544217186898627
2024-04-24,6.111999988555908,6.1539998054504395,6.0,6.015999794006348,6.015999794006348,5225314,PGE.WA,-0.016028794912988142,0.7557788649718161,6.635699939727783,7.210559968948364,7.84032999753952,0.39568368112874197,1.3850501966953253,-0.45433106556349045
2024-04-25,6.050000190734863,6.130000114440918,5.915999889373779,5.960000038146973,5.960000038146973,4953953,PGE.WA,-0.009308470375143041,0.7487437197970668,6.575399947166443,7.165119962692261,7.834809997081757,0.38800366327697,1.3850501966953253,-0.4594104086743285
2024-04-26,6.0,6.223999977111816,5.992000102996826,6.065999984741211,6.065999984741211,5960017,PGE.WA,0.017785225824796358,0.7620602959385556,6.5214999437332155,7.118039960861206,7.829129996299744,0.3990489371005467,1.3850501966953253,-0.44979590071406705
2024-04-29,6.119999885559082,6.188000202178955,6.026000022888184,6.188000202178955,6.188000202178955,3828508,PGE.WA,0.020112136126711366,0.7773869563472338,6.4707999467849735,7.082199964523316,7.823869998455048,0.40758805158661615,1.3850501966953253,-0.4387301209717538
2024-04-30,6.170000076293945,6.23799991607666,6.070000171661377,6.0879998207092285,6.0879998207092285,4575458,PGE.WA,-0.016160371396645057,0.764824094413755,6.406399941444397,7.044839963912964,7.818109998703003,0.391194770956557,1.3850501966953253,-0.44780045067060037
2024-05-02,6.093999862670898,6.210000038146973,6.078000068664551,6.179999828338623,6.179999828338623,3599697,PGE.WA,0.015111696836199506,0.7763818842615565,6.350899934768677,7.0103599643707275,7.807419998645782,0.40044181585454697,1.3850501966953253,-0.4394557784880484
2024-05-06,6.173999786376953,6.269999980926514,6.041999816894531,6.245999813079834,6.245999813079834,6454378,PGE.WA,0.010679609478072338,0.7846733395913199,6.2966999292373655,6.975279960632324,7.795699996948242,0.4031613850013259,1.3850501966953253,-0.43346938510711064
2024-05-07,6.5,6.868000030517578,6.464000225067139,6.573999881744385,6.573999881744385,14687958,PGE.WA,0.05251362127448056,0.8258793781708004,6.2703999280929565,6.948039960861206,7.786339995861053,0.4454434793808514,1.3850501966953253,-0.40371881095622686
2024-05-08,6.599999904632568,6.699999809265137,6.504000186920166,6.699999809265137,6.699999809265137,5785659,PGE.WA,0.019166402462319265,0.8417085147181519,6.252899909019471,6.9229999542236325,7.77808999300003,0.4523089209245647,1.3850501966953253,-0.39229024570630366
2024-05-09,6.820000171661377,6.96999979019165,6.697999954223633,6.828000068664551,6.828000068664551,6264471,PGE.WA,0.01910451687213599,0.8577889492390054,6.24499990940094,6.900159959793091,7.770529992580414,0.45761380302634347,1.3850501966953253,-0.3806802444520381
2024-05-10,6.849999904632568,7.440000057220459,6.751999855041504,7.00600004196167,7.00600004196167,8534087,PGE.WA,0.02606912295065822,0.880150754822433,6.275899910926819,6.882279958724975,7.762899994850159,0.33935280827561126,1.3850501966953253,-0.3645351215988867
2024-05-13,7.050000190734863,7.400000095367432,7.050000190734863,7.099999904632568,7.099999904632568,6611101,PGE.WA,0.013417051399928104,0.8919597827395711,6.305899906158447,6.863719959259033,7.755949995517731,0.33762178847215224,1.3850501966953253,-0.3560090566625298
2024-05-14,7.199999809265137,7.664000034332275,7.110000133514404,7.579999923706055,7.579999923706055,10395068,PGE.WA,0.06760563739730463,0.9522612923844411,6.366399908065796,6.858119955062866,7.751869995594024,0.39170627814057835,1.3850501966953253,-0.3124716384601087
2024-05-15,7.619999885559082,7.627999782562256,7.216000080108643,7.263999938964844,7.263999938964844,5409162,PGE.WA,-0.04168865276013234,0.9125628020293113,6.42459990978241,6.843959951400757,7.745919992923737,0.3904981384306957,1.3850501966953253,-0.34113376958708796
2024-05-16,7.269999980926514,7.4019999504089355,7.165999889373779,7.369999885559082,7.369999885559082,3232382,PGE.WA,0.014592503783713351,0.9258793781708,6.488999915122986,6.836959953308106,7.74080999135971,0.38830430359672913,1.3850501966953253,-0.33151926162682666
2024-05-17,7.311999797821045,7.46999979019165,7.300000190734863,7.464000225067139,7.464000225067139,3066414,PGE.WA,0.012754456033607697,0.9376884659921035,6.56189992427826,6.836239957809449,7.735519990921021,0.3791995942364841,1.3850501966953253,-0.3229931534399324
2024-05-20,7.46999979019165,7.840000152587891,7.418000221252441,7.73799991607666,7.73799991607666,4862406,PGE.WA,0.036709496616749826,0.972110537562006,6.643099927902222,6.8459199523925784,7.730099992752075,0.3893376044711791,1.3850501966953253,-0.2981405728966191
2024-05-21,7.699999809265137,7.789999961853027,7.604000091552734,7.693999767303467,7.693999767303467,2801836,PGE.WA,-0.005686243118428802,0.9665828807074419,6.7177999258041385,6.8538399505615235,7.725019991397858,0.3943160970465333,1.3850501966953253,-0.30213151623409007
2024-05-22,7.679999828338623,7.875999927520752,7.677999973297119,7.783999919891357,7.783999919891357,3236399,PGE.WA,0.011697446751994578,0.9778894324859068,6.797999930381775,6.863639945983887,7.720879988670349,0.3906450500945393,1.3850501966953253,-0.2939682368053431
2024-05-23,7.829999923706055,7.829999923706055,7.406000137329102,7.438000202178955,7.438000202178955,3390980,PGE.WA,-0.04445011835473289,0.9344221314740656,6.864199948310852,6.863599948883056,7.714719989299774,0.4326542744389935,1.3850501966953253,-0.3253514322415464
2024-05-24,7.418000221252441,7.5,7.297999858856201,7.443999767303467,7.443999767303467,2251432,PGE.WA,0.0008066099706147689,0.9351758456820757,6.935599946975708,6.863999948501587,7.708709988594055,0.42314033696974,1.3850501966953253,-0.32480725398013144
2024-05-27,7.443999767303467,7.559999942779541,7.400000095367432,7.484000205993652,7.484000205993652,1433962,PGE.WA,0.0053735142316744255,0.9402010263979664,7.011799955368042,6.865599956512451,7.703779988288879,0.41693920212243135,1.3850501966953253,-0.3211790961502704
2024-05-28,7.349999904632568,7.389999866485596,7.090000152587891,7.150000095367432,7.150000095367432,4053413,PGE.WA,-0.0446285544405427,0.8982412137063107,7.065999960899353,6.864119958877564,7.696399986743927,0.461488787517781,1.3850501966953253,-0.3514738918131064
2024-05-29,7.139999866485596,7.150000095367432,6.664000034332275,6.702000141143799,6.702000141143799,5516120,PGE.WA,-0.06265733541932361,0.8419598126916541,7.091699957847595,6.852159957885743,7.685079989433288,0.5235807959078452,1.3850501966953253,-0.39210880970196116
2024-05-31,6.800000190734863,6.857999801635742,6.619999885559082,6.77400016784668,6.77400016784668,6357671,PGE.WA,0.010743065530671947,0.8510050421335928,7.125999975204468,6.842639961242676,7.674279990196228,0.5181704557892741,1.3850501966953253,-0.3855781948090711
2024-06-03,6.829999923706055,7.026000022888184,6.815999984741211,6.966000080108643,6.966000080108643,2778955,PGE.WA,0.0283436533074366,0.8751256340107079,7.165299987792968,6.8389599609375,7.6649499917030335,0.5234055731012763,1.3850501966953253,-0.3681632361782101
2024-06-04,6.9679999351501465,6.995999813079834,6.875999927520752,6.889999866485596,6.889999866485596,2587849,PGE.WA,-0.010910165482206247,0.8655778685259303,7.197499990463257,6.832439956665039,7.655319991111756,0.5267315950382736,1.3850501966953253,-0.3750566798292475
2024-06-05,6.915999889373779,7.150000095367432,6.915999889373779,6.99399995803833,6.99399995803833,3616640,PGE.WA,0.01509435320290975,0.8786432065980825,7.218499994277954,6.832319955825806,7.646779992580414,0.4983647567006952,1.3850501966953253,-0.3656235646227911
2024-06-06,7.01200008392334,7.039999961853027,6.9019999504089355,6.935999870300293,6.935999870300293,1033563,PGE.WA,-0.008292835013728683,0.871356763449831,7.230299997329712,6.829159955978394,7.637039992809296,0.49649745150088026,1.3850501966953253,-0.37088434373797163
2024-06-07,6.915999889373779,6.947999954223633,6.763999938964844,6.785999774932861,6.785999774932861,2137945,PGE.WA,-0.02162631173188556,0.8525125304537782,7.228199982643128,6.82363995552063,7.626719989776611,0.49914796833151753,1.3850501966953253,-0.384489795035704
2024-06-10,6.785999774932861,6.826000213623047,6.696000099182129,6.814000129699707,6.814000129699707,1106147,PGE.WA,0.0041261944732562394,0.8560301629453182,7.2185999870300295,6.818439960479736,7.616689991950989,0.4900373873139734,1.3850501966953253,-0.3819500802297475
2024-06-11,6.829999923706055,6.840000152587891,6.599999904632568,6.599999904632568,6.599999904632568,2763053,PGE.WA,-0.03140596140208318,0.8291457126888385,7.193599987030029,6.807119960784912,7.603869993686676,0.4983857022415158,1.3850501966953253,-0.40136053215461265
2024-06-12,6.682000160217285,6.872000217437744,6.6479997634887695,6.76800012588501,6.76800012588501,2257019,PGE.WA,0.025454579345451478,0.8502512680214175,7.152999997138977,6.799599962234497,7.592949995994568,0.43776045738952346,1.3850501966953253,-0.3861224163210234
2024-06-13,6.769999980926514,6.803999900817871,6.631999969482422,6.6539998054504395,6.6539998054504395,1338767,PGE.WA,-0.016844018663439875,0.8359296197942513,7.122499990463257,6.78863995552063,7.582099993228912,0.41883011379988755,1.3850501966953253,-0.39646258179757954
2024-06-14,6.693999767303467,6.739999771118164,6.578000068664551,6.699999809265137,6.699999809265137,1746637,PGE.WA,0.006913135731837272,0.8417085147181521,7.08899998664856,6.775119953155517,7.571009991168975,0.41516999151661815,1.3850501966953253,-0.39229024570630355
2024-06-17,6.734000205993652,6.814000129699707,6.6620001792907715,6.76800012588501,6.76800012588501,1192024,PGE.WA,0.010149301276970002,0.8502512680214176,7.054199981689453,6.764679956436157,7.561689991950988,0.41384115141814865,1.3850501966953253,-0.3861224163210234
2024-06-18,6.808000087738037,6.834000110626221,6.708000183105469,6.708000183105469,6.708000183105469,1913659,PGE.WA,-0.008865239607497077,0.8427135868038295,7.002699995040894,6.752239961624145,7.552149991989136,0.38412253620861725,1.3850501966953253,-0.39156458819000883
2024-06-19,6.71999979019165,7.079999923706055,6.691999912261963,7.041999816894531,7.041999816894531,2383052,PGE.WA,0.049791238025046924,0.88467333959132,6.970099997520447,6.751079959869385,7.544929990768432,0.4336101124226096,1.3850501966953253,-0.3612698357777101
2024-06-20,7.073999881744385,7.150000095367432,6.949999809265137,7.039999961853027,7.039999961853027,2837320,PGE.WA,-0.000283989646904903,0.8844221015219833,6.93289999961853,6.750879955291748,7.537839989662171,0.4299053791325028,1.3850501966953253,-0.3614512285315151
2024-06-21,7.021999835968018,7.053999900817871,6.886000156402588,6.934000015258789,6.934000015258789,5955072,PGE.WA,-0.015056810677359422,0.8711055253804945,6.907699990272522,6.74983995437622,7.53145998954773,0.4058068478838096,1.3850501966953253,-0.37106573649177654
2024-06-24,6.934000015258789,7.081999778747559,6.9120001792907715,6.960000038146973,6.960000038146973,1565689,PGE.WA,0.0037496427503560525,0.8743718598985325,6.883500003814698,6.761279954910278,7.526809990406036,0.4063252923960024,1.3850501966953253,-0.36870745769016244
2024-06-25,6.98799991607666,7.056000232696533,6.875999927520752,6.906000137329102,6.906000137329102,1644058,PGE.WA,-0.0077586063968252406,0.8675879527931197,6.8546000003814695,6.76939995765686,7.523659992218017,0.40539087124417567,1.3850501966953253,-0.37360540804719555
2024-06-26,6.9079999923706055,7.119999885559082,6.875999927520752,6.947999954223633,6.947999954223633,2890132,PGE.WA,0.006081641479777744,0.8728643116741818,6.84449999332428,6.7809599590301515,7.521109991073608,0.3764111419429879,1.3850501966953253,-0.369795900714067
2024-06-27,7.001999855041504,7.368000030517578,6.9720001220703125,7.28000020980835,7.28000020980835,5149026,PGE.WA,0.047783571930350544,0.9145728862965009,6.873399996757508,6.804559965133667,7.519679992198944,0.33943477790484494,1.3850501966953253,-0.3396824978050359
2024-06-28,7.309999942779541,7.4039998054504395,7.139999866485596,7.177999973297119,7.177999973297119,3033118,PGE.WA,-0.014011021095000187,0.9017587862936854,6.893599987030029,6.826479969024658,7.5174499917030335,0.34459398906513317,1.3850501966953253,-0.3489342202576874
2024-07-01,7.269999980926514,7.363999843597412,7.216000080108643,7.309999942779541,7.309999942779541,2835866,PGE.WA,0.01838951936103017,0.9183416969532122,6.910799980163574,6.8525599670410156,7.515349991321564,0.33665070220476245,1.3850501966953253,-0.33696143349581187
2024-07-02,7.360000133514404,7.360000133514404,7.099999904632568,7.179999828338623,7.179999828338623,2911661,PGE.WA,-0.017783873523737226,0.902010024363022,6.925299978256225,6.8738799667358395,7.512099990844726,0.3411696684542507,1.3850501966953253,-0.3487528275038825
2024-07-03,7.269999980926514,7.47599983215332,7.269999980926514,7.420000076293945,7.420000076293945,3316453,PGE.WA,0.033426219177341565,0.9321608091375396,6.946599984169007,6.898279972076416,7.510359990596771,0.35617731348706205,1.3850501966953253,-0.32698409677740325
2024-07-04,7.409999847412109,7.480000019073486,7.2820000648498535,7.389999866485596,7.389999866485596,1341396,PGE.WA,-0.004043154919121439,0.9283919385766629,6.969299983978272,6.922479972839356,7.508139989376068,0.35467537565468565,1.3850501966953253,-0.32970520433716466
2024-07-05,7.386000156402588,7.409999847412109,7.228000164031982,7.302000045776367,7.302000045776367,1195394,PGE.WA,-0.011907959715712124,0.9173366847717002,6.995099997520446,6.946239976882935,7.506249990463257,0.3471752630881058,1.3850501966953253,-0.3376870477615692
2024-07-08,7.300000190734863,7.303999900817871,7.159999847412109,7.248000144958496,7.248000144958496,1628771,PGE.WA,-0.007395220553183313,0.9105527776662874,7.016799998283386,6.970879983901978,7.504989991188049,0.3494747983696085,1.3850501966953253,-0.34258499811860244
2024-07-09,7.28000020980835,7.3520002365112305,7.223999977111816,7.323999881744385,7.323999881744385,1030338,PGE.WA,0.010485614689005107,0.9201004832468994,7.052999997138977,6.998159980773925,7.502769989967346,0.32504902769853816,1.3850501966953253,-0.33569159771810253
2024-07-10,7.329999923706055,7.3480000495910645,7.171999931335449,7.177999973297119,7.177999973297119,1408510,PGE.WA,-0.019934449864094206,0.9017587862936852,7.073499989509583,7.020399980545044,7.499439990520477,0.3278500837066438,1.3850501966953253,-0.3489342202576875
2024-07-11,7.248000144958496,7.328000068664551,7.052000045776367,7.308000087738037,7.308000087738037,2151662,PGE.WA,0.018110910410216174,0.9180904588838754,7.106200003623963,7.042799978256226,7.497409989833832,0.32302831649118663,1.3850501966953253,-0.337142826249617
2024-07-12,7.300000190734863,7.360000133514404,7.199999809265137,7.3420000076293945,7.3420000076293945,1821695,PGE.WA,0.004652424669288946,0.9223618055834256,7.1383000135421755,7.067879981994629,7.4963199901580815,0.322940376506134,1.3850501966953253,-0.33405893318224544
2024-07-15,7.25,7.340000152587891,7.193999767303467,7.288000106811523,7.288000106811523,1147757,PGE.WA,-0.0073549306403919434,0.9155778984780129,7.164300012588501,7.0900399875640865,7.494499990940094,0.3250500644798806,1.3850501966953253,-0.33895688353927866
2024-07-16,7.288000106811523,7.289999961853027,6.995999813079834,7.019999980926514,7.019999980926514,1941951,PGE.WA,-0.036772793901928,0.8819095411161205,7.179900002479553,7.105519990921021,7.491609990596771,0.3534452266120464,1.3850501966953253,-0.363265285821177
2024-07-17,7.050000190734863,7.119999885559082,6.7779998779296875,7.02400016784668,7.02400016784668,2838611,PGE.WA,0.0005698271981531278,0.8824120771589592,7.179000020027161,7.114519996643066,7.489899990558624,0.30612857556867906,1.3850501966953253,-0.3629024570630297
2024-07-18,7.050000190734863,7.191999912261963,6.961999893188477,7.125999927520752,7.125999927520752,1380202,PGE.WA,0.014521605529138615,0.8952261172576095,7.183300018310547,7.123039999008179,7.488039989471435,0.31039744673897085,1.3850501966953253,-0.3536507778609155
2024-07-19,7.105999946594238,7.188000202178955,7.03000020980835,7.156000137329102,7.156000137329102,979019,PGE.WA,0.004209964933129973,0.8989949878184861,7.194400024414063,7.12960000038147,7.486719989776612,0.3048378138045831,1.3850501966953253,-0.3509296703011542
2024-07-22,7.0980000495910645,7.234000205993652,7.0980000495910645,7.156000137329102,7.156000137329102,826730,PGE.WA,0.0,0.8989949878184861,7.204200029373169,7.132600002288818,7.487479989528656,0.30480230926825463,1.3850501966953253,-0.3509296703011542
2024-07-23,7.177999973297119,7.177999973297119,6.98199987411499,7.007999897003174,7.007999897003174,999285,PGE.WA,-0.020681978407726453,0.8804019928917698,7.209300017356872,7.13076000213623,7.488039989471435,0.3133759919640894,1.3850501966953253,-0.36435372884508155
2024-07-24,6.98199987411499,7.015999794006348,6.900000095367432,6.966000080108643,6.966000080108643,1072991,PGE.WA,-0.005993124644949166,0.8751256340107078,7.210200023651123,7.118480005264282,7.489169991016388,0.3136677493753515,1.3850501966953253,-0.36816323617821023
2024-07-25,6.877999782562256,6.960000038146973,6.785999774932861,6.943999767303467,6.943999767303467,1404943,PGE.WA,-0.0031582418248885524,0.872361775631343,7.1934000015258786,7.112080001831055,7.491709990501404,0.25872601891965696,1.3850501966953253,-0.3701587294722144
2024-07-26,6.960000038146973,7.046000003814697,6.9019999504089355,6.953999996185303,6.953999996185303,876521,PGE.WA,0.0014401251752518274,0.873618085786357,7.182200002670288,7.103760004043579,7.493829989433289,0.2551864143783533,1.3850501966953253,-0.36925167920211477
2024-07-29,6.949999809265137,7.093999862670898,6.9120001792907715,7.093999862670898,7.093999862670898,1210782,PGE.WA,0.02013227876939805,0.8912060086273959,7.171399998664856,7.0963599967956545,7.4948699879646306,0.2570526078583742,1.3850501966953253,-0.356553278174482
2024-07-30,7.084000110626221,7.214000225067139,7.033999919891357,7.046000003814697,7.046000003814697,2059685,PGE.WA,-0.006766261599295942,0.8851758756341584,7.164700007438659,7.082519998550415,7.49553998708725,0.25061840922580897,1.3850501966953253,-0.3609070070195629
2024-07-31,7.119999885559082,7.320000171661377,7.084000110626221,7.300000190734863,7.300000190734863,2742324,PGE.WA,0.03604884853571533,0.9170854467023634,7.158700013160706,7.074640007019043,7.49763998746872,0.25549740246492275,1.3850501966953253,-0.33786844051537424
2024-08-01,7.300000190734863,7.300000190734863,7.073999881744385,7.099999904632568,7.099999904632568,1467429,PGE.WA,-0.02739729875022945,0.8919597827395711,7.144200015068054,7.060960006713867,7.497529985904694,0.2724468958347941,1.3850501966953253,-0.3560090566625298
2024-08-02,7.070000171661377,7.197999954223633,6.980000019073486,7.150000095367432,7.150000095367432,1665528,PGE.WA,0.007042280479784058,0.8982412137063104,7.136600017547607,7.055200004577637,7.498369987010956,0.27147923226695025,1.3850501966953253,-0.35147389181310673
2024-08-05,6.889999866485596,6.960000038146973,6.559999942779541,6.730000019073486,6.730000019073486,4217593,PGE.WA,-0.05874126862824358,0.8454773852790285,7.110700011253357,7.040920009613037,7.4952699875831605,0.3402206350016812,1.3850501966953253,-0.38956913814654226
2024-08-06,6.78000020980835,6.820000171661377,6.335999965667725,6.375999927520752,6.375999927520752,5920357,PGE.WA,-0.05260031063142101,0.80100501218151,7.063300013542175,7.018760004043579,7.489809987545013,0.3775268758467356,1.3850501966953253,-0.42167799109904025
2024-08-07,6.449999809265137,6.630000114440918,6.389999866485596,6.581999778747559,6.581999778747559,2831374,PGE.WA,0.03230863449945298,0.8268843903523123,7.033500003814697,7.007399997711182,7.4876699852943425,0.398100130113232,1.3850501966953253,-0.40299319669046973
2024-08-08,6.599999904632568,6.75600004196167,6.460000038146973,6.7179999351501465,6.7179999351501465,1508334,PGE.WA,0.020662437097265673,0.8439698370546779,7.003999996185303,7.007719993591309,7.486359984874725,0.4000796421099562,1.3850501966953253,-0.3906575811704468
2024-08-09,6.730000019073486,6.877999782562256,6.630000114440918,6.6620001792907715,6.6620001792907715,1562184,PGE.WA,-0.008335777969626257,0.8369346918799284,6.970000004768371,7.005479993820191,7.4855099868774415,0.3990548867286378,1.3850501966953253,-0.39573692428128504
2024-08-12,6.71999979019165,6.849999904632568,6.699999809265137,6.849999904632568,6.849999904632568,1100963,PGE.WA,0.028219711840627992,0.8605527477142048,6.948099994659424,7.003159990310669,7.485439987182617,0.41537641012443055,1.3850501966953253,-0.3786847944085713
2024-08-13,6.849999904632568,6.929999828338623,6.800000190734863,6.8420000076293945,6.8420000076293945,1262933,PGE.WA,-0.0011678681919051748,0.8595477355326927,6.939199995994568,7.002199993133545,7.484209988117218,0.395463085900733,1.3850501966953253,-0.3794104086743286
2024-08-14,6.889999866485596,6.920000076293945,6.705999851226807,6.73199987411499,6.73199987411499,1516116,PGE.WA,-0.01607718991402296,0.8457286233483652,6.924599981307983,6.996959991455078,7.482209987640381,0.39899438267778997,1.3850501966953253,-0.38938774539273735
2024-08-16,6.800000190734863,6.886000156402588,6.751999855041504,6.883999824523926,6.883999824523926,1741891,PGE.WA,0.02257872151682383,0.8648240944137547,6.912499976158142,6.995919990539551,7.480879986286164,0.40435922302577026,1.3850501966953253,-0.37560090134119994
2024-08-19,6.888000011444092,6.989999771118164,6.820000171661377,6.9079999923706055,6.9079999923706055,1329781,PGE.WA,0.0034863696191826943,0.8678391908624561,6.900099968910217,6.998359994888306,7.478779985904693,0.4042338850788839,1.3850501966953253,-0.37342401529339087
2024-08-20,6.934000015258789,6.9679999351501465,6.785999774932861,6.802000045776367,6.802000045776367,730851,PGE.WA,-0.015344520369326542,0.8545226147209672,6.88239996433258,6.998119993209839,7.476299986839295,0.4071628189726916,1.3850501966953253,-0.3830385232536523
2024-08-21,6.802000045776367,6.8420000076293945,6.771999835968018,6.817999839782715,6.817999839782715,598191,PGE.WA,0.0023522190383227226,0.8565326390839912,6.872899961471558,7.002479991912842,7.473119986057282,0.4014780211714277,1.3850501966953253,-0.3815872947221378
2024-08-22,6.849999904632568,6.9019999504089355,6.751999855041504,6.760000228881836,6.760000228881836,1189770,PGE.WA,-0.008506836647671046,0.8492462558399051,6.862599968910217,7.002319993972779,7.468919987678528,0.4019860551815198,1.3850501966953253,-0.38684803058678097
2024-08-23,6.828000068664551,6.860000133514404,6.710000038146973,6.760000228881836,6.760000228881836,1457647,PGE.WA,0.0,0.8492462558399051,6.853399991989136,7.004440002441406,7.4650599884986875,0.40193740186201,1.3850501966953253,-0.38684803058678097
2024-08-26,6.800000190734863,6.943999767303467,6.789999961853027,6.927999973297119,6.927999973297119,960831,PGE.WA,0.024852032356080578,0.8703517512683187,6.852099990844726,7.009000005722046,7.4622599887847905,0.4123057365644886,1.3850501966953253,-0.3716099580037291
2024-08-27,6.927999973297119,6.960000038146973,6.785999774932861,6.8379998207092285,6.8379998207092285,956565,PGE.WA,-0.012990784199593208,0.8590451994898539,6.839299988746643,7.010399999618531,7.459849987030029,0.40773976317691557,1.3850501966953253,-0.37977323743247604
2024-08-28,6.869999885559082,6.869999885559082,6.460000038146973,6.639999866485596,6.639999866485596,3396842,PGE.WA,-0.02895582910429162,0.8341708335005636,6.818999981880188,7.009039993286133,7.456959986686707,0.41898011080094466,1.3850501966953253,-0.3977324175752892
2024-08-29,6.639999866485596,6.7820000648498535,6.599999904632568,6.650000095367432,6.650000095367432,1434391,PGE.WA,0.001506058596824733,0.8354271436555776,6.786499977111816,7.001199998855591,7.455209987163544,0.393876997964475,1.3850501966953253,-0.3968253673051897
2024-08-30,6.74399995803833,6.829999923706055,6.679999828338623,6.78000020980835,6.78000020980835,3272127,PGE.WA,0.01954888910926167,0.8517588162457677,6.770499992370605,6.996000003814697,7.455499987602234,0.39270163436237077,1.3850501966953253,-0.3850339732971192
2024-09-02,6.854000091552734,7.369999885559082,6.854000091552734,7.343999862670898,7.343999862670898,6937624,PGE.WA,0.08318578693355105,0.9226130436527618,6.7801999807357785,7.004200000762939,7.457209987640381,0.49552739576807087,1.3850501966953253,-0.33387754042844087
2024-09-03,7.276000022888184,7.550000190734863,7.230000019073486,7.406000137329102,7.406000137329102,5329970,PGE.WA,0.008442303352066638,0.9304020228438519,6.813999986648559,7.013120002746582,7.459159989356994,0.4410536657111098,1.3850501966953253,-0.32825393255511304
2024-09-04,7.139999866485596,7.400000095367432,7.119999885559082,7.323999881744385,7.323999881744385,1960499,PGE.WA,-0.0110721380048866,0.9201004832468991,6.861399984359741,7.021479997634888,7.460359988212585,0.39068144579292474,1.3850501966953253,-0.33569159771810275
2024-09-05,7.300000190734863,7.519999980926514,7.254000186920166,7.360000133514404,7.360000133514404,3120814,PGE.WA,0.004915381260416574,0.9246231279199512,6.900300002098083,7.029720001220703,7.461619989871979,0.37929812733887913,1.3850501966953253,-0.332426268646389
2024-09-06,7.360000133514404,7.461999893188477,7.197999954223633,7.254000186920166,7.254000186920166,2043697,PGE.WA,-0.014402166395562688,0.9113065517784624,6.927100014686585,7.029200000762939,7.461889991760254,0.38156971029225883,1.3850501966953253,-0.34204077660665033
2024-09-09,7.320000171661377,7.320000171661377,7.065999984741211,7.085999965667725,7.085999965667725,1458977,PGE.WA,-0.023159665966836607,0.8902009964458836,6.948300004005432,7.027360000610352,7.461159992218017,0.39148295966003804,1.3850501966953253,-0.35727889244023947
2024-09-10,7.099999904632568,7.1579999923706055,6.98799991607666,6.99399995803833,6.99399995803833,1597926,PGE.WA,-0.012983348585258625,0.878643206598082,6.95550000667572,7.021040000915527,7.459959990978241,0.38404495395510696,1.3850501966953253,-0.36562356462279144
2024-09-11,7.041999816894531,7.119999885559082,6.918000221252441,6.938000202178955,6.938000202178955,1719388,PGE.WA,-0.008006828166336133,0.8716080614233326,6.960300016403198,7.016200008392334,7.458509991168976,0.3853951598856892,1.3850501966953253,-0.37070290773362957
2024-09-12,7.079999923706055,7.099999904632568,6.980000019073486,7.046000003814697,7.046000003814697,1288695,PGE.WA,0.015566416616970447,0.8851758756341581,6.976000022888184,7.008720006942749,7.455299990177155,0.38319465832697713,1.3850501966953253,-0.36090700701956324
2024-09-13,7.079999923706055,7.104000091552734,6.955999851226807,7.026000022888184,7.026000022888184,1364031,PGE.WA,-0.002838487214829044,0.8826633152282954,6.983100032806396,7.001440010070801,7.449679992198944,0.3761312597865406,1.3850501966953253,-0.362721064309225
2024-09-16,7.0,7.188000202178955,6.949999809265137,7.171999931335449,7.171999931335449,1447359,PGE.WA,0.020779947049765157,0.9010050121815096,6.9963000297546385,6.998840007781983,7.443269989490509,0.38243330913511053,1.3850501966953253,-0.34947844176963994
2024-09-17,7.119999885559082,7.317999839782715,7.119999885559082,7.289999961853027,7.289999961853027,950976,PGE.WA,0.016452876693712648,0.9158291365473491,7.0207000255584715,6.999680004119873,7.438059990406036,0.37979391108498667,1.3850501966953253,-0.338775490785474
2024-09-18,7.2220001220703125,7.28000020980835,7.099999904632568,7.1479997634887695,7.1479997634887695,1544266,PGE.WA,-0.019478765309645207,0.8979899157328083,7.037200021743774,6.9961600017547605,7.431759989261627,0.388650002599418,1.3850501966953253,-0.3516553278174491
2024-09-19,7.193999767303467,7.326000213623047,7.124000072479248,7.124000072479248,7.124000072479248,2391293,PGE.WA,-0.003357539424121092,0.8949748791882722,7.055400013923645,6.995080003738403,7.423699989318847,0.3871175207197161,1.3850501966953253,-0.35383217061472083
2024-09-20,7.1479997634887695,7.184000015258789,7.00600004196167,7.0879998207092285,7.0879998207092285,8159382,PGE.WA,-0.005053376109454555,0.8904522345152203,7.071799993515015,6.990679998397827,7.415639989376068,0.3880341498979275,1.3850501966953253,-0.35709749968643456
2024-09-23,7.179999828338623,7.191999912261963,7.010000228881836,7.047999858856201,7.047999858856201,1344806,PGE.WA,-0.0056433356186266215,0.8854271137034948,7.077799987792969,6.984799995422363,7.406739988327026,0.37990290260919835,1.3850501966953253,-0.3607256142657582
2024-09-24,7.064000129699707,7.400000095367432,7.059999942779541,7.400000095367432,7.400000095367432,2601417,PGE.WA,0.049943280868390394,0.9296482487316767,7.105900001525879,6.987039995193482,7.399209988117218,0.41312189424000717,1.3850501966953253,-0.32879815406706525
2024-09-25,7.381999969482422,7.466000080108643,7.300000190734863,7.363999843597412,7.363999843597412,2245331,PGE.WA,-0.004864898825144182,0.9251256040586247,7.14210000038147,6.9939199924469,7.391729989051819,0.3959166336769224,1.3850501966953253,-0.332063483138779
2024-09-26,7.349999904632568,7.406000137329102,7.214000225067139,7.2820000648498535,7.2820000648498535,2152225,PGE.WA,-0.011135222771474274,0.9148241243658372,7.173699998855591,6.999079990386963,7.383739988803864,0.40011754384555503,1.3850501966953253,-0.3395011050512312
2024-09-27,7.329999923706055,7.389999866485596,7.245999813079834,7.377999782562256,7.377999782562256,1180487,PGE.WA,0.013183152548403854,0.926884390352312,7.203599977493286,7.004119987487793,7.375929989814758,0.39764459968062094,1.3850501966953253,-0.3307936473610694
2024-09-30,7.375999927520752,7.377999782562256,7.1519999504089355,7.199999809265137,7.199999809265137,2014979,PGE.WA,-0.02412577643575131,0.9045225847688845,7.196399974822998,7.004999980926514,7.3680799865722655,0.2816059386622582,1.3850501966953253,-0.3469387702142208
2024-10-01,7.288000106811523,7.288000106811523,7.053999900817871,7.1020002365112305,7.1020002365112305,1973148,PGE.WA,-0.013611052131945578,0.892211080713073,7.181199979782105,7.003919982910157,7.360179986953735,0.28284043114562385,1.3850501966953253,-0.3558276206581875
2024-10-02,7.099999904632568,7.1539998054504395,7.0320000648498535,7.061999797821045,7.061999797821045,1443214,PGE.WA,-0.005632277859488721,0.8871858999971822,7.168099975585937,7.004999980926514,7.351279985904694,0.2811662634563811,1.3850501966953253,-0.35945577848804866
2024-10-03,7.03000020980835,7.084000110626221,6.921999931335449,6.97599983215332,6.97599983215332,1900087,PGE.WA,-0.012177848786438572,0.8763818842615562,7.148899960517883,7.0051999759674075,7.3427899861335755,0.28239829829803625,1.3850501966953253,-0.3672562291586482
2024-10-04,6.9720001220703125,7.093999862670898,6.909999847412109,6.9120001792907715,6.9120001792907715,1590830,PGE.WA,-0.009174262385667764,0.8683417269052948,7.131799960136414,7.0045599842071535,7.334379987716675,0.28008282789400174,1.3850501966953253,-0.37306118653524356
2024-10-07,6.921999931335449,7.039999961853027,6.834000110626221,6.914000034332275,6.914000034332275,1876450,PGE.WA,0.00028933087234217503,0.8685929649746313,7.1231999635696415,7.003759984970093,7.325599987506866,0.26903213984606333,1.3850501966953253,-0.37287979378143865
2024-10-08,6.849999904632568,6.9120001792907715,6.78000020980835,6.811999797821045,6.811999797821045,1731442,PGE.WA,-0.014752709864728986,0.8557788649718159,7.1140999555587765,6.998119983673096,7.315989985466003,0.27014031298586655,1.3850501966953253,-0.38213151623409014
2024-10-09,6.78000020980835,6.883999824523926,6.78000020980835,6.822000026702881,6.822000026702881,1565382,PGE.WA,0.0014680312945745122,0.8570351751268299,7.108299946784973,6.993639984130859,7.3057499861717226,0.26905685222780457,1.3850501966953253,-0.3812244659639905
2024-10-10,6.849999904632568,6.949999809265137,6.783999919891357,6.814000129699707,6.814000129699707,2539250,PGE.WA,-0.0011726615320815093,0.856030162945318,7.096699953079224,6.983919982910156,7.295829985141754,0.26209873605851375,1.3850501966953253,-0.38195008022974763
2024-10-11,6.814000129699707,6.953999996185303,6.802000045776367,6.932000160217285,6.932000160217285,830188,PGE.WA,0.017317292085637037,0.8708542873111575,7.091999959945679,6.9805599880218505,7.285999987125397,0.2704127115995962,1.3850501966953253,-0.3712471292455817
2024-10-14,6.949999809265137,6.998000144958496,6.840000152587891,6.880000114440918,6.880000114440918,577330,PGE.WA,-0.007501449015364314,0.8643216182750815,7.077399969100952,6.975159988403321,7.276429989337921,0.25924653720890567,1.3850501966953253,-0.3759636868488099
2024-10-15,6.869999885559082,6.96999979019165,6.771999835968018,6.938000202178955,6.938000202178955,2087097,PGE.WA,0.008430245170533812,0.8716080614233329,7.059799981117249,6.97931999206543,7.267729988098145,0.253185928738349,1.3850501966953253,-0.37070290773362935
2024-10-16,6.909999847412109,6.97599983215332,6.800000190734863,6.949999809265137,6.949999809265137,1577181,PGE.WA,0.001729548390963398,0.8731155497435183,7.049899983406067,6.990799989700317,7.259619989395142,0.245225669725777,1.3850501966953253,-0.3696145079602621
2024-10-17,6.934000015258789,7.007999897003174,6.788000106811523,6.794000148773193,6.794000148773193,922708,PGE.WA,-0.022445994931392432,0.8535176025394554,7.033399987220764,6.99503999710083,7.251989991664886,0.2564615368855818,1.3850501966953253,-0.3837641375194094
2024-10-18,6.8480000495910645,6.881999969482422,6.815999984741211,6.843999862670898,6.843999862670898,872363,PGE.WA,0.007359392523230035,0.8597989736020295,7.0211999893188475,6.997559995651245,7.244219992160797,0.2584369972199545,1.3850501966953253,-0.3792290159205235
2024-10-21,6.8520002365112305,6.934000015258789,6.754000186920166,6.843999862670898,6.843999862670898,1041886,PGE.WA,0.0,0.8597989736020295,7.010999989509583,7.001199989318848,7.236459991931915,0.2580495169206102,1.3850501966953253,-0.3792290159205235
2024-10-22,6.880000114440918,6.880000114440918,6.539999961853027,6.625999927520752,6.625999927520752,2899964,PGE.WA,-0.0318527088726549,0.8324120472068766,6.972299981117248,6.9967199897766115,7.226659989356994,0.19902559911703926,1.3850501966953253,-0.39900225335299855
2024-10-23,6.630000114440918,6.6479997634887695,6.547999858856201,6.636000156402588,6.636000156402588,2025523,PGE.WA,0.0015092407170578248,0.8336683573618906,6.935899996757508,6.992599992752075,7.216219990253449,0.20054740620164277,1.3850501966953253,-0.3980952030828989
2024-10-24,6.659999847412109,6.78000020980835,6.613999843597412,6.6539998054504395,6.6539998054504395,1602110,PGE.WA,0.0027124244459948432,0.8359296197942514,6.904499983787536,6.991039991378784,7.205999989509582,0.20105704508945293,1.3850501966953253,-0.3964625817975794
2024-10-25,6.650000095367432,6.9079999923706055,6.624000072479248,6.889999866485596,6.889999866485596,1931008,PGE.WA,0.03546739824696776,0.8655778685259304,6.880099987983703,6.991159992218018,7.198119990825653,0.23893077916128982,1.3850501966953253,-0.3750566798292475
2024-10-28,6.909999847412109,7.026000022888184,6.909999847412109,6.973999977111816,6.973999977111816,1053379,PGE.WA,0.012191598295206774,0.8761306461922199,6.868799996376038,6.992479991912842,7.190339992046356,0.23162847938933384,1.3850501966953253,-0.36743762191245277
2024-10-29,6.973999977111816,7.079999923706055,6.961999893188477,7.079999923706055,7.079999923706055,1351028,PGE.WA,0.015199304121325419,0.8894472223337089,6.867699980735779,6.998039989471436,7.1840399909019474,0.23419796354272107,1.3850501966953253,-0.35782311395219135
2024-10-30,7.0320000648498535,7.079999923706055,6.947999954223633,7.019999980926514,7.019999980926514,2780984,PGE.WA,-0.00847456828052251,0.8819095411161207,6.865599989891052,7.002079992294312,7.17810998916626,0.23531089892256807,1.3850501966953253,-0.3632652858211768
2024-10-31,6.966000080108643,6.96999979019165,6.803999900817871,6.892000198364258,6.892000198364258,2227118,PGE.WA,-0.018233587309121613,0.8658291664994325,6.861400008201599,7.0047199916839595,7.173249990940094,0.24032965182882451,1.3850501966953253,-0.374875243824905
2024-11-04,6.892000198364258,6.949999809265137,6.835999965667725,6.949999809265137,6.949999809265137,1504103,PGE.WA,0.008415497566968133,0.8731155497435186,6.863299989700318,7.008519983291626,7.167349989414215,0.24001646462575932,1.3850501966953253,-0.36961450796026196
2024-11-05,6.96999979019165,7.046000003814697,6.826000213623047,6.889999866485596,6.889999866485596,1650118,PGE.WA,-0.008633085528945483,0.8655778685259305,6.862099981307983,7.007759981155395,7.159689989089966,0.24214272833840175,1.3850501966953253,-0.3750566798292474
2024-11-06,6.940000057220459,6.946000099182129,6.723999977111816,6.771999835968018,6.771999835968018,2160056,PGE.WA,-0.017126274717588208,0.850753744160091,6.860099983215332,7.006439981460571,7.152519986629486,0.24419041342292627,1.3850501966953253,-0.38575963081341336
2024-11-07,6.800000190734863,6.920000076293945,6.788000106811523,6.9120001792907715,6.9120001792907715,2251278,PGE.WA,0.020673412095961963,0.8683417269052951,6.864599990844726,7.011879987716675,7.146819987297058,0.2551804068846061,1.3850501966953253,-0.37306118653524334
2024-11-08,6.909999847412109,7.01200008392334,6.835999965667725,6.923999786376953,6.923999786376953,1822455,PGE.WA,0.0017360542209090557,0.8698492152254805,6.870099973678589,7.017359981536865,7.140039987564087,0.25509432841694196,1.3850501966953253,-0.37197278676187606
2024-11-12,6.861999988555908,6.9679999351501465,6.71999979019165,6.73799991607666,6.73799991607666,2755790,PGE.WA,-0.026863067018899955,0.8464823974605409,6.860399961471558,7.016519975662232,7.132619986534118,0.2654331393792928,1.3850501966953253,-0.3888435238807848
2024-11-13,6.76800012588501,6.769999980926514,6.53000020980835,6.610000133514404,6.610000133514404,2309864,PGE.WA,-0.018996702902422502,0.8304020228438527,6.846899962425232,7.001839981079102,7.124299986362457,0.27205732284160294,1.3850501966953253,-0.400453481884513
2024-11-14,6.691999912261963,7.061999797821045,6.610000133514404,7.021999835968018,7.021999835968018,3309470,PGE.WA,0.06232975705471899,0.8821607791854572,6.851099944114685,6.99415997505188,7.1186699867248535,0.35402378199873824,1.3850501966953253,-0.363083893067372
2024-11-15,7.0,7.033999919891357,6.806000232696533,6.8520002365112305,6.8520002365112305,1614594,PGE.WA,-0.024209570411269032,0.860804045687707,6.846199965476989,6.984719982147217,7.111399989128113,0.3649589059863226,1.3850501966953253,-0.3785033584042288
2024-11-18,6.869999885559082,6.96999979019165,6.834000110626221,6.886000156402588,6.886000156402588,1272082,PGE.WA,0.004962043011935036,0.8650753923872571,6.850799965858459,6.975239982604981,7.103469989299774,0.35591721795705894,1.3850501966953253,-0.37541946533685744
2024-11-19,6.935999870300293,6.973999977111816,6.5,6.714000225067139,6.714000225067139,2333050,PGE.WA,-0.024978206132557856,0.8434673609160048,6.844299983978272,6.96443998336792,7.092579989433289,0.3664961602218571,1.3850501966953253,-0.3910203666780565
2024-11-20,6.74399995803833,6.914000034332275,6.728000164031982,6.785999774932861,6.785999774932861,1956665,PGE.WA,0.010723793186200314,0.8525125304537783,6.84139997959137,6.958439979553223,7.081579988002777,0.36874108645145814,1.3850501966953253,-0.3844897950357039
2024-11-21,6.811999797821045,6.989999771118164,6.754000186920166,6.989999771118164,6.989999771118164,2061955,PGE.WA,0.030061892565759862,0.8781406705552438,6.859599971771241,6.958359975814819,7.072999985218048,0.3636486237738384,1.3850501966953253,-0.3659863933809384
2024-11-22,7.059999942779541,7.067999839782715,6.900000095367432,6.998000144958496,6.998000144958496,2308456,PGE.WA,0.001144545651258655,0.8791457426409212,6.877699971199036,6.95955997467041,7.0645099854469295,0.36366973711234335,1.3850501966953253,-0.3652607358646438
2024-11-25,7.079999923706055,7.208000183105469,7.03000020980835,7.072000026702881,7.072000026702881,2753820,PGE.WA,0.010574432725283023,0.8884422101521966,6.898599982261658,6.960079975128174,7.056269984245301,0.3646838481675136,1.3850501966953253,-0.3585487282179488
2024-11-26,7.0,7.110000133514404,6.960000038146973,7.050000190734863,7.050000190734863,1336916,PGE.WA,-0.0031108365221930168,0.8856784116769972,6.906599998474121,6.960559978485107,7.048519983291626,0.3447124839906962,1.3850501966953253,-0.3605441782614156
2024-11-27,7.010000228881836,7.047999858856201,6.8480000495910645,6.9039998054504395,6.9039998054504395,1560172,PGE.WA,-0.020709273948148033,0.8673366548196176,6.903099989891052,6.955199975967407,7.040719983577728,0.3507431590558772,1.3850501966953253,-0.37378684405153806
2024-11-28,6.909999847412109,6.955999851226807,6.77400016784668,6.840000152587891,6.840000152587891,857827,PGE.WA,-0.00926993839310708,0.8592964974633562,6.891100001335144,6.946199979782104,7.03182998418808,0.3471605156592058,1.3850501966953253,-0.3795918014281334
2024-11-29,6.8379998207092285,6.8379998207092285,6.71999979019165,6.728000164031982,6.728000164031982,2147923,PGE.WA,-0.016374266967455142,0.8452261472096921,6.8765000104904175,6.937799987792968,7.024309983253479,0.3503832483276667,1.3850501966953253,-0.38975053090034706
2024-12-02,6.730000019073486,6.835999965667725,6.690000057220459,6.76200008392334,6.76200008392334,1294042,PGE.WA,0.005053495698933208,0.8494974939092422,6.870000004768372,6.930559988021851,7.016019983291626,0.34569937603079576,1.3850501966953253,-0.3866666378329756
2024-12-03,6.760000228881836,6.800000190734863,6.242000102996826,6.300000190734863,6.300000190734863,8284014,PGE.WA,-0.06832296472265387,0.7914573066008982,6.837500023841858,6.914799995422364,7.007619984149933,0.418438451905991,1.3850501966953253,-0.42857139149953993
2024-12-04,6.369999885559082,6.372000217437744,5.98199987411499,6.052000045776367,6.052000045776367,7449289,PGE.WA,-0.039365101182571305,0.7603015096448684,6.795600032806396,6.894879999160767,6.998099985122681,0.4362405403951197,1.3850501966953253,-0.4510657364917765
2024-12-05,6.099999904632568,6.228000164031982,6.039999961853027,6.190000057220459,6.190000057220459,2785607,PGE.WA,0.02280238109720445,0.7776381944165706,6.766500043869018,6.8706799983978275,6.98952998638153,0.4457789856445582,1.3850501966953253,-0.43854872821794877
2024-12-06,6.216000080108643,6.28000020980835,6.130000114440918,6.130000114440918,6.130000114440918,1582433,PGE.WA,-0.00969304397817461,0.7701005131989824,6.7274000406265255,6.846000003814697,6.980179986953735,0.43632194282144016,1.3850501966953253,-0.4439909000869343
2024-12-09,6.127999782562256,6.230000019073486,6.0920000076293945,6.203999996185303,6.203999996185303,1858323,PGE.WA,0.012071758623634743,0.7793969807102578,6.691400051116943,6.824440002441406,6.971519987583161,0.44016029433716264,1.3850501966953253,-0.4372788924402393
2024-12-10,6.208000183105469,6.216000080108643,6.099999904632568,6.208000183105469,6.208000183105469,2149679,PGE.WA,0.0006447754549687712,0.7798995167530965,6.664900064468384,6.801040010452271,6.962799987792969,0.4328987403428698,1.3850501966953253,-0.4369160636820919
2024-12-11,6.199999809265137,6.24399995803833,6.122000217437744,6.122000217437744,6.122000217437744,1861589,PGE.WA,-0.01385308684457931,0.7690955010174705,6.640500068664551,6.779480018615723,6.953559989929199,0.4308736290716056,1.3850501966953253,-0.44471651435269144
2024-12-12,6.179999828338623,6.193999767303467,6.059999942779541,6.110000133514404,6.110000133514404,1876776,PGE.WA,-0.001960157382738914,0.7675879527931198,6.59490008354187,6.759640016555786,6.944609990119934,0.3542697742812812,1.3850501966953253,-0.4458049573765961
2024-12-13,6.110000133514404,6.208000183105469,6.078000068664551,6.203999996185303,6.203999996185303,3520409,PGE.WA,0.015384592572313283,0.779396980710258,6.562500071525574,6.742480020523072,6.935489990711212,0.3561739288348451,1.3850501966953253,-0.4372788924402392
2024-12-16,6.203999996185303,6.357999801635742,6.1539998054504395,6.335999965667725,6.335999965667725,3186576,PGE.WA,0.02127659083874689,0.7959798913697849,6.53500006198883,6.729680023193359,6.927869989871978,0.3666054350549613,1.3850501966953253,-0.4253061056783637
2024-12-17,6.335999965667725,6.438000202178955,6.199999809265137,6.2179999351501465,6.2179999351501465,2803022,PGE.WA,-0.018623742291189016,0.7811557670039454,6.510200047492981,6.715800018310547,6.919099988937378,0.3624286348272961,1.3850501966953253,-0.43600905666252965
2024-12-18,6.2179999351501465,6.236000061035156,5.920000076293945,5.920000076293945,5.920000076293945,3385263,PGE.WA,-0.04792535573563095,0.7437185989853417,6.466900062561035,6.6959200191497805,6.91009999036789,0.3904437197346837,1.3850501966953253,-0.463038523253652
2024-12-19,5.920000076293945,5.934000015258789,5.7220001220703125,5.843999862670898,5.843999862670898,6298874,PGE.WA,-0.012837873757364004,0.7341708335005642,6.409600067138672,6.676560020446777,6.901819989681244,0.3660843831841034,1.3850501966953253,-0.4699319669046893
2024-12-20,5.900000095367432,5.923999786376953,5.789999961853027,5.888000011444092,5.888000011444092,6621425,PGE.WA,0.007529115298966493,0.7396984903551284,6.354100060462952,6.657880020141602,6.8949899888038635,0.3690406070468834,1.3850501966953253,-0.46594102356721834
2024-12-23,5.9079999923706055,6.046000003814697,5.8979997634887695,5.953999996185303,5.953999996185303,2665564,PGE.WA,0.011209236517141896,0.7479899456848917,6.298200058937073,6.640680017471314,6.888269989490509,0.3694786466761084,1.3850501966953253,-0.4599546301862806
2024-12-27,5.953999996185303,5.980000019073486,5.909999847412109,5.96999979019165,5.96999979019165,1313850,PGE.WA,0.0026872344670134662,0.7499999700479157,6.244200038909912,6.621440010070801,6.881649987697601,0.3711289804186791,1.3850501966953253,-0.4585034016547661
2024-12-30,5.96999979019165,6.070000171661377,5.935999870300293,6.070000171661377,6.070000171661377,1943671,PGE.WA,0.016750483246920966,0.7625628319813946,6.202500057220459,6.60524001121521,6.874799988269806,0.3778919674745897,1.3850501966953253,-0.4494330719559195
2025-01-02,6.099999904632568,6.21999979019165,6.067999839782715,6.125999927520752,6.125999927520752,1518184,PGE.WA,0.009225659682979392,0.769597977156144,6.166800045967102,6.5890000057220455,6.868309988975525,0.38154608605410406,1.3850501966953253,-0.4443537288450814
2025-01-03,6.184000015258789,6.239999771118164,6.067999839782715,6.2179999351501465,6.2179999351501465,1653979,PGE.WA,0.015017957675136362,0.7811557670039455,6.14130003452301,6.574360008239746,6.862379989624023,0.3856198367431655,1.3850501966953253,-0.43600905666252954
2025-01-07,6.2179999351501465,6.27400016784668,6.110000133514404,6.136000156402588,6.136000156402588,3104643,PGE.WA,-0.013187484657890769,0.7708542873111581,6.110000038146973,6.561200008392334,6.856939990520477,0.3855976063476878,1.3850501966953253,-0.44344667857498177
2025-01-08,6.164000034332275,6.164000034332275,5.949999809265137,5.966000080108643,5.966000080108643,2289616,PGE.WA,-0.027705357229588667,0.7494974939092425,6.093300032615661,6.543640012741089,6.850269989967346,0.3174440409581719,1.3850501966953253,-0.4588661871623759
2025-01-09,5.98199987411499,6.044000148773193,5.915999889373779,6.004000186920166,6.004000186920166,2042158,PGE.WA,0.006369444569439553,0.7542713766516312,6.090900039672851,6.526840019226074,6.844039990901947,0.2871155560600435,1.3850501966953253,-0.4554194653368573
2025-01-10,6.004000186920166,6.026000022888184,5.9120001792907715,5.949999809265137,5.949999809265137,2159482,PGE.WA,-0.00899406661789759,0.7474874096420532,6.078900027275085,6.513320016860962,6.838039989471436,0.2752062542647349,1.3850501966953253,-0.4603174589444279
2025-01-13,5.96999979019165,6.03000020980835,5.880000114440918,5.98199987411499,5.98199987411499,1738654,PGE.WA,0.005378162332043024,0.7515075182722665,6.071500015258789,6.50024001121521,6.8318699884414675,0.2746947626910556,1.3850501966953253,-0.45741495863086146
2025-01-14,5.989999771118164,6.02400016784668,5.949999809265137,5.953999996185303,5.953999996185303,1873664,PGE.WA,-0.004680688485275142,0.7479899456848917,6.059000015258789,6.4862400150299075,6.826639988422394,0.2704629948901247,1.3850501966953253,-0.4599546301862806
2025-01-15,5.980000019073486,6.0980000495910645,5.953999996185303,6.084000110626221,6.084000110626221,1323964,PGE.WA,0.0218340803702064,0.7643216182750819,6.052800011634827,6.47012001991272,6.82158998966217,0.2832774155384712,1.3850501966953253,-0.4481632361782101
2025-01-16,6.099999904632568,6.127999782562256,5.980000019073486,5.980000019073486,5.980000019073486,1233606,PGE.WA,-0.01709403183130942,0.7512562802029298,6.045700001716614,6.450240020751953,6.816179990768433,0.28547481203915165,1.3850501966953253,-0.4575963513846665
2025-01-17,6.079999923706055,6.234000205993652,6.019999980926514,6.210000038146973,6.210000038146973,2757172,PGE.WA,0.03846154152840975,0.7801507548224333,6.050699996948242,6.432840023040772,6.811859991550445,0.3179185807594596,1.3850501966953253,-0.4367346709282869
2025-01-20,6.239999771118164,6.257999897003174,6.171999931335449,6.234000205993652,6.234000205993652,2113073,PGE.WA,0.0038647613042270823,0.7831658512711346,6.0522000074386595,6.417120027542114,6.807199993133545,0.3136078040247426,1.3850501966953253,-0.4345577848804778
2025-01-21,6.230000019073486,6.25,6.136000156402588,6.199999809265137,6.199999809265137,1373909,PGE.WA,-0.005454025602345314,0.7788944446674193,6.04539999961853,6.403280019760132,6.802479991912842,0.30425273307181805,1.3850501966953253,-0.4376417211983865
2025-01-22,6.182000160217285,6.308000087738037,6.165999889373779,6.179999828338623,6.179999828338623,1633495,PGE.WA,-0.0032258034744817587,0.7763818842615566,6.043499994277954,6.387880020141601,6.797369990348816,0.2971892354781934,1.3850501966953253,-0.4394557784880483
2025-01-23,6.210000038146973,6.276000022888184,6.131999969482422,6.179999828338623,6.179999828338623,1593926,PGE.WA,0.0,0.7763818842615566,6.056499981880188,6.3736800193786625,6.791389989852905,0.23772135939932088,1.3850501966953253,-0.4394557784880483
2025-01-24,6.190000057220459,6.257999897003174,6.177999973297119,6.242000102996826,6.242000102996826,1197499,PGE.WA,0.01003240718129117,0.7841708634526466,6.0763999938964846,6.363080024719238,6.7861499905586244,0.23225868657557086,1.3850501966953253,-0.43383217061472057
2025-01-27,6.21999979019165,6.24399995803833,6.125999927520752,6.210000038146973,6.210000038146973,1373902,PGE.WA,-0.005126572304042454,0.7801507548224332,6.092499995231629,6.3490400218963625,6.780549991130829,0.23361576774791157,1.3850501966953253,-0.436734670928287
2025-01-28,6.211999893188477,6.308000087738037,6.197999954223633,6.306000232696533,6.306000232696533,1386263,PGE.WA,0.015458968431537379,0.7922110807130733,6.11010000705719,6.3366800308227536,6.776579992771149,0.23612591447285458,1.3850501966953253,-0.42802716998758783
2025-01-29,6.309999942779541,6.360000133514404,6.236000061035156,6.3379998207092285,6.3379998207092285,1203733,PGE.WA,0.005074466671722844,0.7962311294391213,6.128500008583069,6.3286800289154055,6.7730199909210205,0.2362385954955508,1.3850501966953253,-0.4251247129245589
2025-01-30,6.380000114440918,6.659999847412109,6.380000114440918,6.650000095367432,6.650000095367432,3913682,PGE.WA,0.049226930180520156,0.8354271436555777,6.157500004768371,6.3294800281524655,6.771339991092682,0.28435500729504265,1.3850501966953253,-0.3968253673051896
2025-01-31,6.650000095367432,6.677999973297119,6.501999855041504,6.541999816894531,6.541999816894531,2363877,PGE.WA,-0.016240643146476996,0.8218592695405869,6.17829999923706,6.319880027770996,6.772109990119934,0.29323738483773,1.3850501966953253,-0.4066213112697934
2025-02-03,6.449999809265137,6.489999771118164,6.389999866485596,6.438000202178955,6.438000202178955,2801326,PGE.WA,-0.01589722067050503,0.8087939913726001,6.189300012588501,6.31160002708435,6.771799991130829,0.2975643082176453,1.3850501966953253,-0.4160543832257124
2025-02-04,6.438000202178955,6.4679999351501465,6.395999908447266,6.452000141143799,6.452000141143799,1712193,PGE.WA,0.002174578832741414,0.8105527776662874,6.205100011825562,6.302920026779175,6.772209992408753,0.2921779632355649,1.3850501966953253,-0.41478454744800286
2025-02-05,6.460000038146973,6.533999919891357,6.414000034332275,6.420000076293945,6.420000076293945,1728005,PGE.WA,-0.00495971236048065,0.806532669036074,6.227800011634827,6.297040023803711,6.77380999326706,0.271215442068684,1.3850501966953253,-0.4176870477615693
2025-02-06,6.421999931335449,6.526000022888184,6.420000076293945,6.449999809265137,6.449999809265137,1875598,PGE.WA,0.004672855547457999,0.8103014796927853,6.250099992752075,6.290320024490357,6.7756499934196475,0.271069924440854,1.3850501966953253,-0.41496598345234526
2025-02-07,6.478000164031982,6.510000228881836,6.374000072479248,6.48199987411499,6.48199987411499,2006850,PGE.WA,0.004961250511029025,0.8143215883229987,6.2766999959945675,6.280160026550293,6.7780299925804135,0.26687875526364024,1.3850501966953253,-0.41206348313877883
2025-02-10,6.498000144958496,6.883999824523926,6.473999977111816,6.803999900817871,6.803999900817871,5361534,PGE.WA,0.049676031002213517,0.8547738527903037,6.317799997329712,6.27628002166748,6.781479992866516,0.31156309216575856,1.3850501966953253,-0.3828571304998475
2025-02-11,6.8460001945495605,6.849999904632568,6.736000061035156,6.769999980926514,6.769999980926514,2167114,PGE.WA,-0.004997048851701269,0.8505025060907536,6.358599996566772,6.270240020751953,6.784329993724823,0.3117175101415065,1.3850501966953253,-0.3859410235672188
2025-02-12,6.789999961853027,6.868000030517578,6.639999866485596,6.699999809265137,6.699999809265137,2460456,PGE.WA,-0.010339759506439061,0.8417085147181516,6.389399981498718,6.263240013122559,6.786929993629456,0.31181419012179346,1.3850501966953253,-0.3922902457063039
2025-02-13,6.710000038146973,6.914000034332275,6.699999809265137,6.889999866485596,6.889999866485596,3287962,PGE.WA,0.028358218302889426,0.8655778685259297,6.4348999738693236,6.262960014343261,6.790809993743896,0.310811766881427,1.3850501966953253,-0.37505667982924806
2025-02-14,6.860000133514404,6.881999969482422,6.769999980926514,6.800000190734863,6.800000190734863,1984048,PGE.WA,-0.013062362481095158,0.8542713766516302,6.464399981498718,6.262160015106201,6.794729995727539,0.2957102949750349,1.3850501966953253,-0.38321991600745753
2025-02-17,6.800000190734863,6.920000076293945,6.76800012588501,6.822000026702881,6.822000026702881,1407510,PGE.WA,0.00323526990454992,0.8570351751268297,6.4937999725341795,6.264040012359619,6.799039995670318,0.2957425959426025,1.3850501966953253,-0.3812244659639906
2025-02-18,6.855999946594238,7.039999961853027,6.855999946594238,6.932000160217285,6.932000160217285,3310495,PGE.WA,0.016124323231286875,0.8708542873111572,6.530399990081787,6.267440013885498,6.803369996547699,0.29585608685588916,1.3850501966953253,-0.3712471292455819
2025-02-19,6.960000038146973,7.223999977111816,6.880000114440918,6.9720001220703125,6.9720001220703125,5195322,PGE.WA,0.0057703348136930455,0.8758794081228827,6.570000004768372,6.280880012512207,6.807289996147156,0.2939504529944714,1.3850501966953253,-0.36761901466625824
2025-02-20,6.973999977111816,7.039999961853027,6.802000045776367,6.860000133514404,6.860000133514404,2777246,PGE.WA,-0.016064255105412983,0.8618090578692186,6.6040000200271605,6.297040014266968,6.811149997711182,0.303814810087677,1.3850501966953253,-0.37777774413847187
2025-02-21,6.889999866485596,7.107999801635742,6.889999866485596,7.050000190734863,7.050000190734863,3119905,PGE.WA,0.02769680080503467,0.8856784116769969,6.644400024414063,6.314240016937256,6.815499999523163,0.31369381740090724,1.3850501966953253,-0.3605441782614158
2025-02-24,7.050000190734863,7.0980000495910645,7.001999855041504,7.033999919891357,7.033999919891357,1835313,PGE.WA,-0.0022695419022162877,0.8836683274098076,6.685600018501281,6.332320013046265,6.81944000005722,0.3124766490999044,1.3850501966953253,-0.36199545004346767
2025-02-25,7.001999855041504,7.124000072479248,6.973999977111816,7.050000190734863,7.050000190734863,2593278,PGE.WA,0.0022747044392563698,0.8856784116769969,6.722800016403198,6.349240016937256,6.821820001602173,0.31092465201180736,1.3850501966953253,-0.3605441782614158
2025-02-26,7.050000190734863,7.498000144958496,7.044000148773193,7.438000202178955,7.438000202178955,8997223,PGE.WA,0.05503546112722146,0.9344221314740655,6.777800035476685,6.3738400173187255,6.825510003566742,0.3566542102284648,1.3850501966953253,-0.3253514322415465
2025-02-27,7.389999866485596,7.47599983215332,7.2179999351501465,7.254000186920166,7.254000186920166,2948903,PGE.WA,-0.024737834129782144,0.9113065517784625,6.8080000400543215,6.396480016708374,6.82764000415802,0.3402554679489432,1.3850501966953253,-0.3420407766066502
2025-02-28,7.199999809265137,7.199999809265137,6.9720001220703125,7.124000072479248,7.124000072479248,4693422,PGE.WA,-0.017921162267864776,0.8949748791882723,6.8371000528335575,6.416760015487671,6.828230004310608,0.3416680986931089,1.3850501966953253,-0.35383217061472083
2025-03-03,7.099999904632568,7.25600004196167,6.984000205993652,7.193999767303467,7.193999767303467,2967681,PGE.WA,0.009825897545205686,0.9037688106567091,6.8749000310897825,6.436560010910034,6.828700003623962,0.3334150446198344,1.3850501966953253,-0.34748299172617314
2025-03-04,7.059999942779541,7.168000221252441,6.97599983215332,7.013999938964844,7.013999938964844,3459799,PGE.WA,-0.025020827656503042,0.8811557670039448,6.903000020980835,6.450120010375977,6.825870003700256,0.3508277244746599,1.3850501966953253,-0.36380950733312956
2025-03-05,7.107999801635742,7.1579999923706055,7.059999942779541,7.0960001945495605,7.0960001945495605,3135221,PGE.WA,0.011690940447430131,0.8914573066008976,6.936800026893616,6.467680015563965,6.82503000497818,0.3499052094449656,1.3850501966953253,-0.35637184217013984
2025-03-06,7.199999809265137,7.28000020980835,7.052000045776367,7.165999889373779,7.165999889373779,3251791,PGE.WA,0.009864669236901324,0.9002512380693344,6.972600030899048,6.492600011825561,6.824010004997254,0.35027764436243153,1.3850501966953253,-0.35002266328159215
2025-03-07,7.099999904632568,7.168000221252441,7.047999858856201,7.168000221252441,7.168000221252441,2411318,PGE.WA,0.00027914204710333124,0.9005025360428364,7.00690004825592,6.519080018997192,6.82253000497818,0.3507679962312633,1.3850501966953253,-0.34984122727724987
2025-03-10,7.131999969482422,7.248000144958496,7.078000068664551,7.185999870300293,7.185999870300293,2990794,PGE.WA,0.0025111116758178564,0.9027637984751972,7.026000046730042,6.545040016174316,6.819770004749298,0.3090494312046808,1.3850501966953253,-0.34820860599193026
2025-03-11,7.127999782562256,7.326000213623047,7.127999782562256,7.179999828338623,7.179999828338623,2256723,PGE.WA,-0.0008349627149963901,0.9020100243630219,7.046500039100647,6.569560012817383,6.817200005054474,0.3079878982316253,1.3850501966953253,-0.3487528275038825
2025-03-12,7.260000228881836,7.4019999504089355,7.25,7.369999885559082,7.369999885559082,2654199,PGE.WA,0.026462404145269014,0.9258793781708001,7.080000042915344,6.597560014724731,6.815130004882812,0.314295119493971,1.3850501966953253,-0.33151926162682654
2025-03-13,7.369999885559082,7.480000019073486,7.289999961853027,7.480000019073486,7.480000019073486,3595052,PGE.WA,0.01492539148201888,0.9396984903551275,7.109500050544739,6.625760011672973,6.815340003967285,0.3044962568378261,1.3850501966953253,-0.32154192490841793
2025-03-14,7.478000164031982,7.78000020980835,7.4120001792907715,7.763999938964844,7.763999938964844,5230275,PGE.WA,0.03796790363197555,0.975376872080044,7.157700037956237,6.658520011901856,6.816940004825592,0.3194393888506117,1.3850501966953253,-0.295782294095005
2025-03-17,7.763999938964844,7.8460001945495605,7.673999786376953,7.72599983215332,7.72599983215332,3807351,PGE.WA,-0.004894398133726607,0.9706029893376553,7.202900028228759,6.688680009841919,6.81815000295639,0.32195000649731564,1.3850501966953253,-0.29922901592052364
2025-03-18,7.72599983215332,7.8480000495910645,7.7220001220703125,7.800000190734863,7.800000190734863,4623975,PGE.WA,0.009578094769504775,0.9798995167530961,7.2463000297546385,6.721960010528565,6.821400003433228,0.3201704391831288,1.3850501966953253,-0.2925169650232913
2025-03-19,7.71999979019165,7.894000053405762,7.691999912261963,7.8480000495910645,7.8480000495910645,3514830,PGE.WA,0.0061538279080066705,0.9859296497463335,7.290100026130676,6.759600009918213,6.827130002975464,0.3201679847426602,1.3850501966953253,-0.2881632361782104
2025-03-20,7.78000020980835,7.875999927520752,7.71999979019165,7.809999942779541,7.809999942779541,2449880,PGE.WA,-0.004842011540698632,0.9811557670039448,7.3376000165939335,6.795720005035401,6.832310001850129,0.31223166952832265,1.3850501966953253,-0.291609958003729
2025-03-21,7.77400016784668,7.875999927520752,7.74399995803833,7.800000190734863,7.800000190734863,6151047,PGE.WA,-0.0012803779920539382,0.9798995167530962,7.375100016593933,6.832720012664795,6.83648000240326,0.30318214452266246,1.3850501966953253,-0.2925169650232913
2025-03-24,7.880000114440918,8.0,7.8460001945495605,8.0,8.0,3181487,PGE.WA,0.02564100056083385,1.0050251208117231,7.423400020599365,6.873080015182495,6.842030003070831,0.3101228264491885,1.3850501966953253,-0.274376392126673
2025-03-25,8.0,8.300000190734863,7.9720001220703125,8.289999961853027,8.289999961853027,3470391,PGE.WA,0.03624999523162842,1.0414572766488148,7.485400009155273,6.919800014495849,6.848510003089904,0.3267902723286201,1.3850501966953253,-0.24807253980130795
2025-03-26,8.289999961853027,8.357999801635742,8.057999610900879,8.210000038146973,8.210000038146973,3146158,PGE.WA,-0.00965017178216887,1.031407035025364,7.5240000009536745,6.962320013046265,6.854880003929138,0.2817397359134824,1.3850501966953253,-0.25532876895995527
2025-03-27,8.1899995803833,8.37600040435791,8.137999534606934,8.343999862670898,8.343999862670898,2073904,PGE.WA,0.01632153762500721,1.0482411837542276,7.578499984741211,7.009600009918213,6.862670004367828,0.2610037970098037,1.3850501966953253,-0.24317458944427472
2025-03-28,8.199999809265137,8.657999992370605,8.199999809265137,8.574000358581543,8.574000358581543,5954104,PGE.WA,0.02756477704890825,1.0771357182778964,7.650999999046325,7.056880016326904,6.871470005512237,0.25286379887035526,1.3850501966953253,-0.22231286573735776
2025-03-31,8.564000129699707,8.564000129699707,7.895999908447266,7.934000015258789,7.934000015258789,6047677,PGE.WA,-0.07464431030518803,0.9967336654819595,7.688000011444092,7.090880012512207,6.878140006065369,0.391084518018377,1.3850501966953253,-0.28036278550761085
2025-04-01,8.020000457763672,8.303999900817871,7.909999847412109,8.248000144958496,8.248000144958496,4379321,PGE.WA,0.03957652244716625,1.0361809177677526,7.749700021743775,7.1318400192260745,6.885540006160736,0.3920925520753515,1.3850501966953253,-0.2518820471344366
2025-04-02,8.248000144958496,8.380000114440918,8.196000099182129,8.244000434875488,8.244000434875488,2658841,PGE.WA,-0.00048493089387890986,1.0356784416290792,7.8071000337600704,7.173120031356811,6.893490009307861,0.39313100141912016,1.3850501966953253,-0.25224483264204667
2025-04-03,8.029999732971191,8.444000244140625,8.0,8.246000289916992,8.246000289916992,3685887,PGE.WA,0.0002425830829706488,1.0359296796984159,7.861100053787231,7.214440040588379,6.90122001171112,0.39395114350221927,1.3850501966953253,-0.25206343988824165
2025-04-04,8.180000305175781,8.350000381469727,7.900000095367432,7.927999973297119,7.927999973297119,6018245,PGE.WA,-0.03856418935719852,0.9959798913697842,7.899100041389465,7.248160037994385,6.907020010948181,0.42601169034234904,1.3850501966953253,-0.28090700701956317
2025-04-07,7.311999797821045,7.728000164031982,7.070000171661377,7.458000183105469,7.458000183105469,7085292,PGE.WA,-0.05928352570316486,0.9369346918799282,7.912700057029724,7.273120040893555,6.910770010948181,0.48408205523402614,1.3850501966953253,-0.3235373749518847
2025-04-08,7.460000038146973,7.797999858856201,7.449999809265137,7.771999835968018,7.771999835968018,6050204,PGE.WA,0.04210239275320071,0.976381884261556,7.9423000574111935,7.302440032958985,6.914420011043549,0.5039669557545571,1.3850501966953253,-0.29505667982924777
2025-04-09,7.590000152587891,7.78000020980835,7.519999980926514,7.5960001945495605,7.5960001945495605,4173667,PGE.WA,-0.022645348061376525,0.9542713766516304,7.953600072860718,7.327600040435791,6.917200012207031,0.5056712024414569,1.3850501966953253,-0.3110203666780569
2025-04-10,8.14799976348877,8.178000450134277,7.539999961853027,7.776000022888184,7.776000022888184,4895487,PGE.WA,0.023696659258616082,0.9768844203043946,7.968400073051453,7.350120038986206,6.921410012245178,0.5095877614662933,1.3850501966953253,-0.29469385107110047
2025-04-11,7.76800012588501,7.880000114440918,7.75600004196167,7.811999797821045,7.811999797821045,3158512,PGE.WA,0.0046296006721833205,0.9814070050732813,7.970800065994263,7.375520038604736,6.9256700110435485,0.49220452885014065,1.3850501966953253,-0.2914285652499242
2025-04-14,7.866000175476074,7.940000057220459,7.802000045776367,7.881999969482422,7.881999969482422,1770382,PGE.WA,0.00896059568267038,0.9902009964458833,7.978600072860718,7.404400033950806,6.930550010204315,0.4925453987297343,1.3850501966953253,-0.28507934311083916
2025-04-15,7.881999969482422,7.900000095367432,7.050000190734863,7.230000019073486,7.230000019073486,10794907,PGE.WA,-0.0827201158250892,0.9082914553297611,7.950100064277649,7.419960031509399,6.931960010528565,0.574525106421408,1.3850501966953253,-0.3442176626544594
2025-04-16,7.25,7.309999942779541,7.079999923706055,7.309999942779541,7.309999942779541,2865715,PGE.WA,0.011064996334025912,0.918341696953212,7.923200058937073,7.4377600288391115,6.93211000919342,0.5758427762712848,1.3850501966953253,-0.3369614334958121
2025-04-17,7.3460001945495605,7.441999912261963,7.294000148773193,7.389999866485596,7.389999866485596,3121185,PGE.WA,0.010943902097437785,0.9283919385766628,7.902200055122376,7.45656002998352,6.933170008659363,0.5778606280924626,1.3850501966953253,-0.32970520433716477
2025-04-22,7.3979997634887695,7.670000076293945,7.388000011444092,7.642000198364258,7.642000198364258,4104228,PGE.WA,0.03410018084323774,0.960050271575531,7.894300055503845,7.479760036468506,6.934830009937286,0.5920115505038879,1.3850501966953253,-0.306848030586781
2025-04-23,7.699999809265137,7.855999946594238,7.354000091552734,7.7179999351501465,7.7179999351501465,5477423,PGE.WA,0.009945005864061107,0.9695979771561432,7.880200052261353,7.498040037155151,6.937520010471344,0.5854591867246919,1.3850501966953253,-0.299954630186281
2025-04-24,7.7179999351501465,7.96999979019165,7.6620001792907715,7.949999809265137,7.949999809265137,5432530,PGE.WA,0.03005958487488347,0.9987436898449835,7.863200044631958,7.521640033721924,6.9401700091361995,0.5806093637997672,1.3850501966953253,-0.2789115569760964
2025-04-25,7.949999809265137,8.204000473022461,7.932000160217285,7.99399995803833,7.99399995803833,3909793,PGE.WA,0.0055346100413631305,1.0042713466995477,7.8524000406265255,7.547520036697388,6.943190009593963,0.580263015349275,1.3850501966953253,-0.2749206136386254
2025-04-28,7.995999813079834,8.197999954223633,7.995999813079834,8.071999549865723,8.071999549865723,1980964,PGE.WA,0.009757266979837809,1.0140702903494965,7.838800024986267,7.57116003036499,6.947040007114411,0.5781761780362689,1.3850501966953253,-0.2678458204843204
2025-04-29,8.10200023651123,8.338000297546387,8.10200023651123,8.276000022888184,8.276000022888184,3954657,PGE.WA,0.02527260708604162,1.0396984903551274,7.8239000082015995,7.600680027008057,6.952180006504059,0.5767292058439732,1.3850501966953253,-0.2493423755790175
2025-04-30,8.293999671936035,8.394000053405762,8.116000175476074,8.232000350952148,8.232000350952148,4708615,PGE.WA,-0.00531653840192714,1.0341708934047287,7.838800024986267,7.628880033493042,6.956720008850097,0.5079071099596666,1.3850501966953253,-0.2533332756659511
2025-05-02,8.199999809265137,8.350000381469727,8.199999809265137,8.314000129699707,8.314000129699707,2549678,PGE.WA,0.009961100006279144,1.0444723730975163,7.842100024223328,7.656520032882691,6.962400009632111,0.4896641817415028,1.3850501966953253,-0.24589565375349876
2025-05-05,8.314000129699707,8.395999908447266,8.21399974822998,8.37399959564209,8.37399959564209,1981893,PGE.WA,0.0072166784948739515,1.0520099944109391,7.848599982261658,7.684560022354126,6.967730007171631,0.4901459350171292,1.3850501966953253,-0.24045352513505058
2025-05-06,8.366000175476074,8.369999885559082,8.010000228881836,8.338000297546387,8.338000297546387,2957858,PGE.WA,-0.004298937166707928,1.0474874695462177,7.853199982643128,7.714120025634766,6.972710008621216,0.49053443135149727,1.3850501966953253,-0.24371876770568945
2025-05-07,8.338000297546387,8.576000213623047,8.300000190734863,8.545999526977539,8.545999526977539,3391165,PGE.WA,0.02494593691635627,1.0736180258821912,7.884099960327148,7.744040012359619,6.979000005722046,0.47408661326341545,1.3850501966953253,-0.2248526237938515
2025-05-08,8.505999565124512,8.763999938964844,8.479999542236328,8.711999893188477,8.711999893188477,3961060,PGE.WA,0.019424335993340147,1.0944723431454335,7.946799945831299,7.7776000118255615,6.9874600052833555,0.41264885361391546,1.3850501966953253,-0.20979590071406717
2025-05-09,8.711999893188477,8.90999984741211,8.694000244140625,8.836000442504883,8.836000442504883,3160296,PGE.WA,0.014233304733320296,1.1100503015276135,7.999999976158142,7.813320016860962,6.996520006656647,0.3936394566641105,1.3850501966953253,-0.19854868496741174
2025-05-12,8.802000045776367,8.991999626159668,8.802000045776367,8.878000259399414,8.878000259399414,2312916,PGE.WA,0.0047532610673597375,1.1153266604086756,8.064099979400634,7.842120018005371,7.00528000831604,0.37822623974043723,1.3850501966953253,-0.19473917763428306
2025-05-13,8.890000343322754,9.489999771118164,8.88599967956543,9.489999771118164,9.489999771118164,6764597,PGE.WA,0.06893438768159621,1.1922110208089072,8.149799966812134,7.886840009689331,7.0169500064849855,0.4330662557206858,1.3850501966953253,-0.13922901592052384
2025-05-14,9.5,9.649999618530273,9.1899995803833,9.215999603271484,9.215999603271484,4274660,PGE.WA,-0.028872515748690653,1.1577888893348394,8.219999957084656,7.928680000305175,7.027250003814697,0.45474170619526627,1.3850501966953253,-0.1640816397143745
2025-05-15,9.170000076293945,9.1899995803833,8.956000328063965,9.020000457763672,9.020000457763672,2013401,PGE.WA,-0.02126726930828393,1.1331658812232164,8.276899981498719,7.96520001411438,7.0373100066185,0.46700102971972174,1.3850501966953253,-0.18185934060230802
2025-05-16,9.470000267028809,10.0600004196167,9.4399995803833,9.593999862670898,9.593999862670898,9212307,PGE.WA,0.06363629443202257,1.2052763588810593,8.395099973678589,8.0168000125885,7.050450005531311,0.3727621772338505,1.3850501966953253,-0.12979590071406732
2025-05-19,9.593999862670898,9.595999717712402,9.175999641418457,9.47599983215332,9.47599983215332,3539214,PGE.WA,-0.01229935711972463,1.1904522345152198,8.503399968147278,8.064400005340577,7.0631100058555605,0.38465527340129746,1.3850501966953253,-0.1404988516982334
2025-05-20,9.399999618530273,9.670000076293945,9.300000190734863,9.505999565124512,9.505999565124512,2720996,PGE.WA,0.003165864658355,1.1942210451719313,8.609199953079223,8.111199998855591,7.075870003700256,0.3862834673593974,1.3850501966953253,-0.13777778738900925
2025-05-21,9.505999565124512,9.526000022888184,9.305999755859375,9.477999687194824,9.477999687194824,2589343,PGE.WA,-0.002945495393499975,1.1907034725845567,8.700999927520751,8.157399988174438,7.087790002822876,0.3817294185457753,1.3850501966953253,-0.14031745894442826
2025-05-22,9.369999885559082,9.5,9.180000305175781,9.210000038146973,9.210000038146973,3448369,PGE.WA,-0.028275971501658725,1.1570351751268297,8.775599932670593,8.197879991531373,7.098610002994537,0.40655488189556643,1.3850501966953253,-0.16462581797578912
2025-05-23,9.220000267028809,9.38599967956543,8.800000190734863,8.97599983215332,8.97599983215332,3149205,PGE.WA,-0.025407188384847457,1.1276381644644875,8.826899933815003,8.233799991607667,7.10699000120163,0.4163318771516025,1.3850501966953253,-0.18585032719031602
2025-05-26,9.100000381469727,9.232000350952148,9.050000190734863,9.199999809265137,9.199999809265137,1316859,PGE.WA,0.024955434636865226,1.1557788649718157,8.887199926376343,8.270399990081787,7.117490000724793,0.4214674511779553,1.3850501966953253,-0.16553286824588875
2025-05-27,9.199999809265137,9.345999717712402,9.083999633789062,9.244000434875488,9.244000434875488,2292865,PGE.WA,0.004782676795932028,1.161306581730545,8.945799970626831,8.305679998397828,7.127960002422332,0.4214649970624707,1.3850501966953253,-0.16154188165788042
2025-05-28,9.399999618530273,9.54800033569336,9.251999855041504,9.472000122070312,9.472000122070312,2853766,PGE.WA,0.024664612339765135,1.1899497583765466,9.005599975585938,8.339840002059937,7.141670002937317,0.4211232585298161,1.3850501966953253,-0.14086163720584322
2025-05-29,9.553999900817871,9.87399959564209,9.552000045776367,9.706000328063965,9.706000328063965,6043950,PGE.WA,0.024704413321154695,1.219346769038889,9.079299974441529,8.379440011978149,7.158320004940033,0.42286305854226197,1.3850501966953253,-0.1196371279913161
2025-05-30,9.699999809265137,9.784000396728516,9.093999862670898,9.338000297546387,9.338000297546387,7205334,PGE.WA,-0.03791469380580392,1.1731156096476834,9.130499982833863,8.41020001411438,7.172100007534027,0.45383444258573835,1.3850501966953253,-0.15301581672152342
2025-06-02,9.197999954223633,9.407999992370605,9.02400016784668,9.407999992370605,9.407999992370605,3736225,PGE.WA,0.007496218954138545,1.18190954111612,9.182200002670289,8.441400012969972,7.1855500078201295,0.4538437775169398,1.3850501966953253,-0.14666663783297584
2025-06-03,9.411999702453613,9.618000030517578,9.277999877929688,9.539999961853027,9.539999961853027,4009230,PGE.WA,0.014030609012485762,1.1984924517756468,9.24229998588562,8.47600001335144,7.199940006732941,0.45287148742770056,1.3850501966953253,-0.13469385107110043
2025-06-04,9.565999984741211,9.890000343322754,9.529999732971191,9.890000343322754,9.890000343322754,3477664,PGE.WA,0.03668767116029881,1.242462348734492,9.309500026702882,8.517800016403198,7.215140008926392,0.4608432585763785,1.3850501966953253,-0.10294778362621249
2025-06-05,9.895999908447266,9.947999954223633,9.607999801635742,9.657999992370605,9.657999992370605,1924822,PGE.WA,-0.023458073093878484,1.2133165761414864,9.356800031661987,8.55096001625061,7.229220008850097,0.47142100112201296,1.3850501966953253,-0.12399090008693436
2025-06-06,9.657999992370605,9.90999984741211,9.468000411987305,9.859999656677246,9.859999656677246,1857260,PGE.WA,0.020915268633900475,1.23869341826945,9.407999992370605,8.582360010147095,7.244860007762909,0.47363918340505784,1.3850501966953253,-0.10566893443651115
2025-06-09,9.899999618530273,10.244999885559082,9.880000114440918,10.170000076293945,10.170000076293945,2956139,PGE.WA,0.03144020592401997,1.2776381944165698,9.472599983215332,8.621560010910034,7.261290009021759,0.4821678090924646,1.3850501966953253,-0.07755098157094686
2025-06-10,10.199999809265137,10.770000457763672,10.1899995803833,10.609999656677246,10.609999656677246,6155038,PGE.WA,0.043264461856684866,1.3329145233455493,9.528599977493286,8.66688000679016,7.279800007343292,0.44585303296264855,1.3850501966953253,-0.0376417211983866
2025-06-11,10.649999618530273,10.71500015258789,10.515000343322754,10.6850004196167,10.6850004196167,3195939,PGE.WA,0.0070688751523428905,1.3423367296998236,9.602050018310546,8.709100008010864,7.299215009212494,0.4264357119715102,1.3850501966953253,-0.03083893067371435
2025-06-12,10.630000114440918,10.970000267028809,10.329999923706055,10.734999656677246,10.734999656677246,5858447,PGE.WA,0.004679385596349839,1.3486180408582324,9.687799978256226,8.765120000839234,7.318800008296966,0.4127347730408874,1.3850501966953253,-0.026303852325365917
2025-06-13,10.300000190734863,10.5,9.553999900817871,9.600000381469727,9.600000381469727,8642745,PGE.WA,-0.10572885994472692,1.2060301928974004,9.688100004196167,8.792160005569459,7.333000009059906,0.5353336587312355,1.3850501966953253,-0.1292516359515774
2025-06-16,9.600000381469727,10.024999618530273,9.303999900817871,9.869999885559082,9.869999885559082,6552693,PGE.WA,0.028124947225056207,1.2399497284244643,9.707800006866455,8.82467999458313,7.348550007343293,0.5416173346971476,1.3850501966953253,-0.10476188416641141
2025-06-17,9.850000381469727,10.395000457763672,9.805999755859375,10.375,10.375,6727670,PGE.WA,0.05116515909790342,1.303391953552704,9.75125002861023,8.86725998878479,7.3657850074768065,0.5684042832016154,1.3850501966953253,-0.058956883539278526
2025-06-18,10.399999618530273,10.829999923706055,10.375,10.625,10.625,4588925,PGE.WA,0.024096385542168752,1.3347989885780707,9.808600044250488,8.921199989318847,7.384720008373261,0.5714795869955412,1.3850501966953253,-0.036281145793236935
2025-06-20,10.625,10.744999885559082,10.335000038146973,10.595000267028809,10.595000267028809,4739936,PGE.WA,-0.002823504279641509,1.3310301779213594,9.87785005569458,8.983939990997314,7.404495010375976,0.5579996713588676,1.3850501966953253,-0.039002210102460966
2025-06-23,10.550000190734863,10.78499984741211,10.279999732971191,10.755000114440918,10.755000114440918,3587135,PGE.WA,0.015101448171740195,1.351130661168261,9.96680006980896,9.043599996566773,7.425020010471344,0.5445474449524496,1.3850501966953253,-0.024489751785166325
2025-06-24,10.755000114440918,11.100000381469727,10.755000114440918,10.875,10.875,16851696,PGE.WA,0.011157590356317693,1.366206023603437,10.050550079345703,9.10917999267578,7.445495009422302,0.5416026745672157,1.3850501966953253,-0.013605408047195455
2025-06-25,10.875,11.390000343322754,10.854999542236328,11.204999923706055,11.204999923706055,4440053,PGE.WA,0.030344820570671782,1.4076633002522543,10.14860005378723,9.177759990692138,7.464800009727478,0.5465578060563097,1.4076633002522543,0.0
2025-06-26,11.300000190734863,11.510000228881836,11.229999542236328,11.3100004196167,11.3100004196167,3233220,PGE.WA,0.009370860921515733,1.42085431726324,10.24050006866455,9.247720003128052,7.484320011138916,0.5438980466966253,1.42085431726324,0.0
2025-06-27,11.3100004196167,11.489999771118164,11.100000381469727,11.234999656677246,11.234999656677246,3802740,PGE.WA,-0.006631366945784367,1.4114321109089656,10.316950035095214,9.314779996871948,7.50387501001358,0.5436429506524465,1.42085431726324,-0.006631366945784256
2025-06-30,11.364999771118164,11.550000190734863,11.25,11.404999732971191,11.404999732971191,3733636,PGE.WA,0.015131293412448787,1.432788904310881,10.420300006866455,9.398279991149902,7.524100008010865,0.5162448290481569,1.432788904310881,0.0
2025-07-01,11.425000190734863,11.850000381469727,11.425000190734863,11.5600004196167,11.5600004196167,4421666,PGE.WA,0.013590590992949236,1.452261352288606,10.52790002822876,9.483280000686646,7.545630009174347,0.516216547185717,1.452261352288606,0.0
2025-07-02,11.5600004196167,11.609999656677246,11.03499984741211,11.199999809265137,11.199999809265137,5868958,PGE.WA,-0.031141920180267513,1.407035145174747,10.610900020599365,9.559479999542237,7.566200008392334,0.5370390749252495,1.452261352288606,-0.031141920180267513
2025-07-03,11.25,11.430000305175781,11.229999542236328,11.380000114440918,11.380000114440918,7650587,PGE.WA,0.016071456092961345,1.4296482487316764,10.685400009155273,9.63423999786377,7.588130009174347,0.5276510883397446,1.452261352288606,-0.015570960090133812
2025-07-04,11.375,11.4399995803833,11.289999961853027,11.420000076293945,11.420000076293945,1731345,PGE.WA,0.0035149351011225516,1.4346733695434017,10.773500013351441,9.708280000686646,7.6105400085449215,0.5151409222512692,1.452261352288606,-0.012110755903190329
2025-07-07,11.399999618530273,11.520000457763672,11.149999618530273,11.520000457763672,11.520000457763672,2259436,PGE.WA,0.008756600770722489,1.4472362314768805,10.856500053405762,9.779680013656616,7.632910010814666,0.5131950215026005,1.452261352288606,-0.003460204186943705
2025-07-08,11.520000457763672,11.630000114440918,11.319999694824219,11.420000076293945,11.420000076293945,4893948,PGE.WA,-0.008680588324311511,1.4346733695434017,10.919000053405762,9.848200016021728,7.654880011081696,0.5089728851775072,1.452261352288606,-0.012110755903190329
2025-07-09,11.449999809265137,11.859999656677246,10.8100004196167,11.854999542236328,11.854999542236328,9685962,PGE.WA,0.038091021281634774,1.489321543394874,10.981250047683716,9.92386001586914,7.6782950091362,0.5043023693428851,1.489321543394874,0.0
2025-07-10,11.890000343322754,12.0,11.414999961853027,11.614999771118164,11.614999771118164,3747417,PGE.WA,-0.020244603997082056,1.4591708185245218,11.027750015258789,9.99064001083374,7.699920008182525,0.5128274514505956,1.489321543394874,-0.020244603997082056
2025-07-11,11.619999885559082,11.78499984741211,11.595000267028809,11.78499984741211,11.78499984741211,1389099,PGE.WA,0.01463625309030725,1.4805276119264374,11.080250024795532,10.06170000076294,7.723105008602142,0.5140393195847879,1.489321543394874,-0.00590465605458923
2025-07-14,11.734999656677246,11.960000038146973,11.654999732971191,11.925000190734863,11.925000190734863,1691974,PGE.WA,0.0118795371349536,1.4981155946716418,11.196500015258788,10.133920001983643,7.74711000919342,0.30408022969839327,1.4981155946716418,0.0
2025-07-15,11.960000038146973,12.210000038146973,11.805000305175781,11.890000343322754,11.890000343322754,3784461,PGE.WA,-0.0029349976396061406,1.4937186289374234,11.297500038146973,10.204240016937256,7.771120011806488,0.3009537469013269,1.4981155946716418,-0.0029349976396061406
2025-07-16,11.84000015258789,12.119999885559082,11.84000015258789,12.0,12.0,2360752,PGE.WA,0.009251442683012145,1.5075376812175854,11.378750038146972,10.277480010986329,7.795880012512207,0.25770019105068154,1.5075376812175854,0.0
2025-07-17,12.09000015258789,12.210000038146973,11.859999656677246,12.1850004196167,12.1850004196167,4798146,PGE.WA,0.015416701634724861,1.5307789398520217,11.456750059127808,10.350260028839111,7.819805014133453,0.25203301774314696,1.5307789398520217,0.0
2025-07-18,12.180000305175781,12.350000381469727,12.100000381469727,12.239999771118164,12.239999771118164,3221055,PGE.WA,0.0045136930330278435,1.5376884060879377,11.539000034332275,10.420820026397704,7.844185013771057,0.24957645191071323,1.5376884060879377,0.0
2025-07-21,12.21500015258789,12.3149995803833,11.970000267028809,12.15999984741211,12.15999984741211,2375242,PGE.WA,-0.00653594160147164,1.527638164464487,11.609250020980834,10.48730001449585,7.868575012683868,0.2524757362936698,1.5376884060879377,-0.00653594160147164
2025-07-22,12.100000381469727,12.180000305175781,11.895000457763672,12.149999618530273,12.149999618530273,1924917,PGE.WA,-0.0008223872538916099,1.526381854309473,11.673000001907349,10.552740001678467,7.892435011863708,0.2529854680309441,1.5376884060879377,-0.007352953780297988
2025-07-23,12.149999618530273,12.670000076293945,12.149999618530273,12.649999618530273,12.649999618530273,4662391,PGE.WA,0.041152264666530325,1.5891959243602056,11.74524998664856,10.61593999862671,7.919685010910034,0.2693410732346937,1.5891959243602056,0.0
2025-07-24,12.720000267028809,12.75,12.274999618530273,12.569999694824219,12.569999694824219,3153540,PGE.WA,-0.006324104831502697,1.579145682736755,11.808249950408936,10.683020000457764,7.947025008201599,0.27264681201373825,1.5891959243602056,-0.006324104831502697
2025-07-25,12.5,12.539999961853027,12.279999732971191,12.520000457763672,12.520000457763672,2085270,PGE.WA,-0.003977664142755244,1.5728643715783461,11.872499990463258,10.753020000457763,7.974315011501313,0.27124834266901926,1.5891959243602056,-0.010276613809234614
2025-07-28,12.270000457763672,12.350000381469727,11.819999694824219,12.055000305175781,12.055000305175781,4232025,PGE.WA,-0.037140585909447243,1.5144472672618319,11.905000019073487,10.80224000930786,7.999710013866425,0.30780164423458006,1.5891959243602056,-0.04703552026064173
2025-07-29,12.015000343322754,12.164999961853027,11.944999694824219,12.050000190734863,12.050000190734863,2455182,PGE.WA,-0.00041477514013588124,1.513819112184325,11.929500007629395,10.853720016479492,8.025400013923646,0.30538759559756007,1.5891959243602056,-0.04743078623627017
2025-07-30,12.199999809265137,12.279999732971191,12.024999618530273,12.170000076293945,12.170000076293945,2359914,PGE.WA,0.009958496569265618,1.5288944746195012,11.978000020980835,10.907000026702882,8.051680014133453,0.27953023098827157,1.5891959243602056,-0.03794462898901607
2025-07-31,12.149999618530273,12.170000076293945,11.979999542236328,12.109999656677246,12.109999656677246,2863832,PGE.WA,-0.004930190570300419,1.5213567334977478,12.014499998092651,10.95964002609253,8.078170013427734,0.27774346363976926,1.5891959243602056,-0.042687745307281255
2025-08-01,12.020000457763672,12.100000381469727,11.819999694824219,11.970000267028809,11.970000267028809,2345504,PGE.WA,-0.011560643568742313,1.5037688705608743,12.042000007629394,11.014840030670166,8.103910014629363,0.28267017206660405,1.5891959243602056,-0.05375489106777276
2025-08-04,11.90999984741211,12.0,11.375,11.720000267028809,11.720000267028809,3488695,PGE.WA,-0.020885546735418314,1.472361835535508,12.05199999809265,11.069720039367676,8.12844001531601,0.2933555467381681,1.5891959243602056,-0.07351773751353785
2025-08-05,11.744999885559082,11.904999732971191,11.675000190734863,11.75,11.75,1852355,PGE.WA,0.0025597041201088633,1.4761306461922192,12.068499994277953,11.120720043182374,8.152530014514923,0.29112943035716565,1.5891959243602056,-0.07114621704904345
2025-08-06,11.755000114440918,11.930000305175781,11.579999923706055,11.899999618530273,11.899999618530273,2336911,PGE.WA,0.012765924981299914,1.4949748192841068,12.070749998092651,11.17384002685547,8.17763001203537,0.2613675643439397,1.5891959243602056,-0.05928853933729494
2025-08-07,11.9350004196167,12.039999961853027,11.880000114440918,11.914999961853027,11.914999961853027,2886844,PGE.WA,0.0012605330927402125,1.4968592845166278,12.085750007629395,11.222700023651123,8.202515010833741,0.24982010337679694,1.5891959243602056,-0.05810274141040961
2025-08-08,11.824999809265137,11.9399995803833,11.625,11.78499984741211,11.78499984741211,1866992,PGE.WA,-0.010910626509200605,1.4805276119264377,12.085750007629395,11.264280014038086,8.226690011024475,0.2483126339593628,1.5891959243602056,-0.06837943060892049
2025-08-11,11.670000076293945,11.800000190734863,11.229999542236328,11.3149995803833,11.3149995803833,2895836,PGE.WA,-0.03988122809624106,1.4214823525324163,12.055249977111817,11.303819999694824,8.249295008182525,0.2815408483703445,1.5891959243602056,-0.10553360303595616
2025-08-12,11.369999885559082,11.8149995803833,11.354999542236328,11.8149995803833,11.8149995803833,2777513,PGE.WA,0.04418913111290301,1.484296422583149,12.051499938964843,11.351959991455079,8.274150006771087,0.32659929044511266,1.5891959243602056,-0.06600791014442609
2025-08-13,11.824999809265137,11.920000076293945,11.505000114440918,11.614999771118164,11.614999771118164,2544461,PGE.WA,-0.01692761882084204,1.459170818524522,12.032249927520752,11.39345998764038,8.298005006313325,0.3298446546058564,1.5891959243602056,-0.08181817222318288
2025-08-14,11.614999771118164,11.755000114440918,11.305000305175781,11.454999923706055,11.454999923706055,1537528,PGE.WA,-0.01377527770684639,1.4390703352776204,11.995749902725219,11.424759979248046,8.322150006294251,0.32633355771279016,1.5891959243602056,-0.09446638188618828
2025-08-18,11.404999732971191,11.449999809265137,11.119999885559082,11.40999984741211,11.40999984741211,1486851,PGE.WA,-0.003928422225548678,1.433417059388388,11.954249906539918,11.459799976348878,8.346020004749299,0.32516900436085727,1.5891959243602056,-0.09802370027756813
2025-08-19,11.40999984741211,11.550000190734863,11.274999618530273,11.399999618530273,11.399999618530273,1715505,PGE.WA,-0.0008764442607862577,1.4321607492333739,11.916249895095826,11.490599975585937,8.369750003814698,0.3250440409320152,1.5891959243602056,-0.09881423222882513
2025-08-20,11.3100004196167,11.364999771118164,11.119999885559082,11.295000076293945,11.295000076293945,1931074,PGE.WA,-0.009210486469285128,1.4189698520307186,11.87349991798401,11.513099975585938,8.391775004863739,0.32565382503939105,1.5891959243602056,-0.1071145915491939
2025-08-21,11.295000076293945,11.449999809265137,11.15999984741211,11.449999809265137,11.449999809265137,1092002,PGE.WA,0.013722862498824373,1.4384421802001133,11.813499927520752,11.529899978637696,8.414155004024506,0.2882409279930541,1.5891959243602056,-0.09486164786181683
2025-08-22,11.430000305175781,11.845000267028809,11.414999961853027,11.645000457763672,11.645000457763672,3301749,PGE.WA,0.01703062460671334,1.4629397489895637,11.767249965667725,11.549099979400635,8.436980006694794,0.29836236765704444,1.5891959243602056,-0.07944657636941233
2025-08-25,11.645000457763672,11.755000114440918,11.4399995803833,11.619999885559082,11.619999885559082,1519131,PGE.WA,-0.002146893192084165,1.4597989736020287,11.722249937057494,11.566799983978271,8.459980006217956,0.29840619469337315,1.5891959243602056,-0.08142290624755466
2025-08-26,11.640000343322754,11.835000038146973,11.46500015258789,11.8149995803833,11.8149995803833,3728658,PGE.WA,0.016781385262021997,1.4842964225831485,11.710249900817871,11.611099967956543,8.484595003128051,0.27864434750745937,1.5891959243602056,-0.06600791014442642
2025-08-27,11.8149995803833,11.890000343322754,11.4399995803833,11.484999656677246,11.484999656677246,2181216,PGE.WA,-0.027930591233702673,1.4428391459343315,11.68199987411499,11.643399963378906,8.507270002365113,0.2947170981806775,1.5891959243602056,-0.0920948614216941
2025-08-28,11.449999809265137,11.699999809265137,11.449999809265137,11.515000343322754,11.515000343322754,1857393,PGE.WA,0.002612162607080748,1.4466080763993734,11.64924988746643,11.666199970245362,8.530395004749298,0.29182538843000716,1.5891959243602056,-0.08972326556792343
2025-08-29,11.5600004196167,11.680000305175781,11.279999732971191,11.345000267028809,11.345000267028809,2468512,PGE.WA,-0.014763358334811016,1.4252512829974577,11.610999917984008,11.680599975585938,8.553260006904601,0.2949366454107404,1.5891959243602056,-0.10316200718218582
2025-09-01,11.345000267028809,11.505000114440918,10.595000267028809,10.925000190734863,10.925000190734863,2998019,PGE.WA,-0.037020719824446546,1.372487454570176,11.558749914169312,11.687199974060059,8.573325006961822,0.3176056748746359,1.5891959243602056,-0.13636359524221298
2025-09-02,10.920000076293945,10.949999809265137,10.40999984741211,10.614999771118164,10.614999771118164,3463605,PGE.WA,-0.02837532395464859,1.3335426784230562,11.50349988937378,11.684399967193604,8.591780006885529,0.32382414480392974,1.5891959243602056,-0.16086955800624325
2025-09-03,10.614999771118164,10.8100004196167,10.609999656677246,10.805000305175781,10.805000305175781,1963527,PGE.WA,0.01789924994389369,1.357412092135,11.456249904632568,11.68299997329712,8.612115008831024,0.33286279615053643,1.5891959243602056,-0.14584975248946697
2025-09-04,10.800000190734863,10.979999542236328,10.694999694824219,10.864999771118164,10.864999771118164,1630961,PGE.WA,0.005552935145558768,1.3649497134484228,11.404499912261963,11.676199970245362,8.633390007019043,0.3290140081144418,1.5891959243602056,-0.14110671156047805
2025-09-05,10.899999618530273,11.354999542236328,10.770000457763672,11.125,11.125,2984296,PGE.WA,0.023930072191347795,1.397613058628803,11.364999914169312,11.672499961853028,8.653905007839203,0.34364256966484685,1.5891959243602056,-0.12055333316345629
2025-09-08,11.0,11.399999618530273,10.960000038146973,11.399999618530273,11.399999618530273,1864728,PGE.WA,0.024719066834181902,1.4321607492333737,11.34574990272522,11.675799961090087,8.676645004749298,0.3560891029874302,1.5891959243602056,-0.09881423222882524
2025-09-09,11.390000343322754,11.390000343322754,10.850000381469727,11.015000343322754,11.015000343322754,1891113,PGE.WA,-0.03377186737635651,1.3837940063486407,11.330749940872192,11.66799997329712,8.697290005683898,0.3479033550910895,1.5891959243602056,-0.1292489584594534
2025-09-10,10.989999771118164,11.164999961853027,10.579999923706055,11.069999694824219,11.069999694824219,2693323,PGE.WA,0.00499313207328278,1.3907034725845566,11.293499946594238,11.65819995880127,8.719070003032684,0.3054359892340152,1.5891959243602056,-0.12490118350609292
2025-09-11,11.069999694824219,11.239999771118164,10.920000076293945,11.149999618530273,11.149999618530273,1561124,PGE.WA,0.007226732241325973,1.4007537142080073,11.270249938964843,11.657199954986572,8.740890002250671,0.3029293627607717,1.5891959243602056,-0.11857707867459022
2025-09-12,11.199999809265137,11.260000228881836,10.930000305175781,11.0,11.0,1660070,PGE.WA,-0.013452881045931897,1.3819095411161197,11.247499942779541,11.649599952697754,8.760940003395081,0.3027633814436998,1.5891959243602056,-0.13043475638633872
2025-09-15,11.069999694824219,11.34000015258789,11.069999694824219,11.335000038146973,11.335000038146973,3229657,PGE.WA,0.03045454892245214,1.423994972842444,11.243749952316284,11.647899951934814,8.782625002861023,0.3235212669066738,1.5891959243602056,-0.1039525391334426
2025-09-16,11.350000381469727,11.350000381469727,10.925000190734863,10.960000038146973,10.960000038146973,2154218,PGE.WA,-0.03308336998129413,1.3768844203043944,11.221749973297118,11.63669994354248,8.802065002918244,0.3440529367428786,1.5891959243602056,-0.13359680880209013
2025-09-17,10.979999542236328,11.0,10.670000076293945,10.824999809265137,10.824999809265137,3016320,PGE.WA,-0.012317539088682383,1.3599245926366972,11.198249959945679,11.624799938201905,8.820940001010895,0.3451226354531628,1.5891959243602056,-0.14426876397622956
2025-09-18,10.829999923706055,10.835000038146973,10.550000190734863,10.579999923706055,10.579999923706055,2255545,PGE.WA,-0.02263278428415183,1.3291457126888377,11.154749965667724,11.599299945831298,8.839320001602173,0.3474190216793183,1.5891959243602056,-0.1636363444463662
2025-09-19,10.5600004196167,10.600000381469727,10.260000228881836,10.350000381469727,10.350000381469727,4931913,PGE.WA,-0.02173908732465868,1.3002512979734995,11.089999961853028,11.57399995803833,8.856870002746582,0.3439534668918146,1.5891959243602056,-0.1818181269896173
2025-09-22,10.359999656677246,10.454999923706055,10.194999694824219,10.444999694824219,10.444999694824219,2048960,PGE.WA,0.009178677280493153,1.3121858850211405,11.031249952316283,11.547199954986572,8.875455000400542,0.3478125538079738,1.5891959243602056,-0.17430829962050565
2025-09-23,10.399999618530273,10.604999542236328,10.3149995803833,10.444999694824219,10.444999694824219,1630122,PGE.WA,0.0,1.3121858850211405,10.96274995803833,11.51759994506836,8.893869998455047,0.3388026784795892,1.5891959243602056,-0.17430829962050565
2025-09-24,10.399999618530273,10.739999771118164,10.3100004196167,10.725000381469727,10.725000381469727,2188027,PGE.WA,0.02680715125192923,1.3473618505115488,10.924749994277954,11.4942999458313,8.915994999408722,0.34725961570235947,1.5891959243602056,-0.15217385732096989
2025-09-25,10.854999542236328,10.854999542236328,10.53499984741211,10.635000228881836,10.635000228881836,2068262,PGE.WA,-0.008391622320441994,1.336055298733084,10.880749988555909,11.466999950408935,8.938910000324249,0.3470180725788989,1.5891959243602056,-0.15928849410372947
2025-09-26,10.670000076293945,10.729999542236328,10.454999923706055,10.729999542236328,10.729999542236328,1420730,PGE.WA,0.008932704401500624,1.3479898857807253,10.849999952316285,11.437899932861328,8.961609997749328,0.3472277817761219,1.5891959243602056,-0.1517786667346177
2025-09-29,10.734999656677246,11.039999961853027,10.609999656677246,10.675000190734863,10.675000190734863,1527475,PGE.WA,-0.005125755251430553,1.3410804195448094,10.837499952316284,11.406599941253662,8.984334998130798,0.3228384445657593,1.5891959243602056,-0.15612644168797818
2025-09-30,10.699999809265137,10.770000457763672,10.515000343322754,10.739999771118164,10.739999771118164,1575676,PGE.WA,0.006088953557088939,1.3492461959357391,10.843749952316283,11.378199939727784,9.007014997005463,0.30680158703258154,1.5891959243602056,-0.15098813478336082
2025-10-01,10.744999885559082,10.744999885559082,10.5600004196167,10.604999542236328,10.604999542236328,1303766,PGE.WA,-0.01256985398127064,1.332286368268042,10.833749914169312,11.347299938201905,9.028999993801117,0.3032736079462769,1.5891959243602056,-0.16166008995750036
2025-10-02,10.649999618530273,10.845000267028809,10.604999542236328,10.640000343322754,10.640000343322754,1613971,PGE.WA,0.003300405714024679,1.336683453810591,10.82249994277954,11.307099952697754,9.051589994430541,0.30275667424441,1.5891959243602056,-0.15889322812810114
2025-10-03,10.699999809265137,10.914999961853027,10.524999618530273,10.65999984741211,10.65999984741211,1440929,PGE.WA,0.0018796525793258745,1.3391959543122882,10.799249935150147,11.26889995574951,9.07433999300003,0.28858354144458587,1.5891959243602056,-0.15731223961486362
2025-10-06,10.699999809265137,10.8149995803833,10.46500015258789,10.569999694824219,10.569999694824219,1410611,PGE.WA,-0.008442791170371278,1.3278894025338235,10.757749938964844,11.229899940490723,9.096169991493225,0.271394313264883,1.5891959243602056,-0.1644268763976232
2025-10-07,10.569999694824219,10.630000114440918,10.369999885559082,10.630000114440918,10.630000114440918,1862598,PGE.WA,0.005676482625262436,1.335427143655577,10.738499927520753,11.201399936676026,9.117639992237091,0.24844524940104096,1.5891959243602056,-0.15968376007935803
2025-10-08,10.630000114440918,10.635000228881836,10.420000076293945,10.515000343322754,10.515000343322754,4863233,PGE.WA,-0.010818416733781255,1.3209799362979078,10.710749959945678,11.170699939727783,9.139124994277955,0.24916715957655994,1.5891959243602056,-0.16877465135098357
2025-10-09,10.569999694824219,10.630000114440918,10.399999618530273,10.539999961853027,10.539999961853027,1837682,PGE.WA,0.002377519516311599,1.3241205918771122,10.680249977111817,11.138099937438964,9.162224993705749,0.24725622445650658,1.5891959243602056,-0.16679839686211761
2025-10-10,10.520000457763672,10.6899995803833,10.399999618530273,10.670000076293945,10.670000076293945,1321461,PGE.WA,0.012333976746814246,1.3404522644673025,10.663749980926514,11.1092999458313,9.186354994773865,0.24930842939174888,1.5891959243602056,-0.15652170766360662
2025-10-13,10.595000267028809,10.71500015258789,10.510000228881836,10.675000190734863,10.675000190734863,1497191,PGE.WA,0.0004686142835206297,1.3410804195448094,10.630749988555909,11.08339994430542,9.210289995670319,0.21941469256718074,1.5891959243602056,-0.15612644168797818
2025-10-14,10.65999984741211,10.65999984741211,9.954000473022461,10.085000038146973,10.085000038146973,3740815,PGE.WA,-0.055269334149517735,1.266959797715612,10.586999988555908,11.050699939727783,9.230944995880128,0.2685251302300619,1.5891959243602056,-0.20276677136226784
2025-10-15,10.1899995803833,10.529999732971191,10.125,10.5,10.5,2493755,PGE.WA,0.04115021916542094,1.3190954710653868,10.570749998092651,11.025699939727783,9.253594996929168,0.3104005584080285,1.5891959243602056,-0.1699604492778689
2025-10-16,10.550000190734863,10.664999961853027,10.470000267028809,10.65999984741211,10.65999984741211,2469403,PGE.WA,0.015238080705915147,1.3391959543122884,10.574749994277955,11.00089994430542,9.276544995307923,0.305006609406133,1.5891959243602056,-0.1573122396148635
2025-10-17,10.600000381469727,10.600000381469727,10.260000228881836,10.399999618530273,10.399999618530273,2304063,PGE.WA,-0.024390265722654347,1.306532609131908,10.57724995613098,10.970599937438966,9.29791499376297,0.30770986658866645,1.5891959243602056,-0.1778656180118855
2025-10-20,10.489999771118164,10.819999694824219,10.46500015258789,10.819999694824219,10.819999694824219,4039492,PGE.WA,0.04038462420187083,1.35929643755919,10.595999956130981,10.951299934387206,9.32092499256134,0.3379417401154285,1.5891959243602056,-0.14466402995185812
2025-10-21,10.819999694824219,11.104999542236328,10.819999694824219,11.010000228881836,11.010000228881836,3841193,PGE.WA,0.017560123790807847,1.3831658512711336,10.624249982833863,10.945199947357178,9.345294992923737,0.3422965504181759,1.5891959243602056,-0.12964422443508195
2025-10-22,11.069999694824219,11.085000038146973,10.845000267028809,10.960000038146973,10.960000038146973,1643654,PGE.WA,-0.004541343296587841,1.3768844203043942,10.635999965667725,10.928099956512451,9.370264992713928,0.3311123852638833,1.5891959243602056,-0.13359680880209024
2025-10-23,11.0,11.09000015258789,10.899999618530273,11.039999961853027,11.039999961853027,1877457,PGE.WA,0.007299263086460783,1.386934661927845,10.656249952316283,10.916599960327149,9.395444991588592,0.3297074595320254,1.5891959243602056,-0.12727270397058743
2025-10-24,11.045000076293945,11.345000267028809,10.904999732971191,11.154999732971191,11.154999732971191,2271980,PGE.WA,0.010416645970609428,1.4013818692855142,10.677499961853027,10.910599956512451,9.421469991207124,0.3301584978502926,1.5891959243602056,-0.11818181269896189
2025-10-27,11.25,11.664999961853027,11.210000038146973,11.329999923706055,11.329999923706055,3658987,PGE.WA,0.015688049746662935,1.4233668177649368,10.710249948501588,10.90899995803833,9.448209991455078,0.33233361122133726,1.5891959243602056,-0.10434780510907116
2025-10-28,11.4350004196167,11.595000267028809,11.3100004196167,11.550000190734863,11.550000190734863,2520796,PGE.WA,0.019417499427206275,1.4510050421335918,10.750749969482422,10.911999969482421,9.476189992427827,0.3372067996643744,1.5891959243602056,-0.08695647912780047
2025-10-29,11.574999809265137,11.699999809265137,11.399999618530273,11.420000076293945,11.420000076293945,1792046,PGE.WA,-0.011255420977845598,1.4346733695434017,10.791499996185303,10.914499969482423,9.502869992256164,0.33638877153646934,1.5891959243602056,-0.09723316832631135
2025-10-30,11.4399995803833,11.460000038146973,11.255000114440918,11.305000305175781,11.305000305175781,1662690,PGE.WA,-0.010070032429937092,1.4202261621857326,10.824749994277955,10.911599979400634,9.529494993686676,0.3400455052730756,1.5891959243602056,-0.106324059597937
2025-10-31,11.260000228881836,11.300000190734863,11.0649995803833,11.199999809265137,11.199999809265137,2567730,PGE.WA,-0.00928796931235576,1.4070351451747467,10.851749992370605,10.902699966430664,9.554444992542267,0.3429429082501751,1.5891959243602056,-0.11462449430758204
2025-11-03,11.199999809265137,11.289999961853027,11.050000190734863,11.130000114440918,11.130000114440918,1419669,PGE.WA,-0.00624997285859874,1.39824121370631,10.87975001335144,10.892899971008301,9.578924992084502,0.34208546481981755,1.5891959243602056,-0.12015806718782773
2025-11-04,11.104999542236328,11.265000343322754,11.024999618530273,11.225000381469727,11.225000381469727,1276320,PGE.WA,0.008535513571607867,1.4101759205622817,10.909500026702881,10.88109998703003,9.604049994945527,0.342553824769951,1.5891959243602056,-0.1126481644294397
2025-11-05,11.255000114440918,11.75,11.149999618530273,11.699999809265137,11.699999809265137,3542680,PGE.WA,0.04231620593791163,1.4698492152254794,10.96875,10.885399990081787,9.631649994850159,0.365392023402736,1.5891959243602056,-0.07509880141605196
2025-11-06,11.699999809265137,11.890000343322754,11.585000038146973,11.649999618530273,11.649999618530273,2825379,PGE.WA,-0.004273520645296847,1.46356778425874,11.024249982833862,10.888099975585938,9.658999993801118,0.3669309461554846,1.5891959243602056,-0.07905138578306026
2025-11-07,11.579999923706055,11.654999732971191,10.640000343322754,10.920000076293945,10.920000076293945,5409573,PGE.WA,-0.06266090696476967,1.371859299492669,11.036749982833863,10.87959997177124,9.682389993667602,0.4375592194675562,1.5891959243602056,-0.13675886121784142
2025-11-10,11.0,11.470000267028809,11.0,11.414999961853027,11.414999961853027,2321539,PGE.WA,0.045329659533031474,1.4340452144658948,11.07374997138977,10.889399967193604,9.708414993286134,0.4642844662552713,1.5891959243602056,-0.09762843430193979
2025-11-12,11.414999961853027,11.579999923706055,11.335000038146973,11.369999885559082,11.369999885559082,2262479,PGE.WA,-0.0039421880371728335,1.4283919385766624,11.137999963760375,10.904499969482423,9.733734991550445,0.4103358425390338,1.5891959243602056,-0.10118575269331964
2025-11-13,11.375,11.805000305175781,11.345000267028809,11.545000076293945,11.545000076293945,2543939,PGE.WA,0.015391397756927772,1.450376887056085,11.190249967575074,10.919299964904786,9.75976999282837,0.39108288339677905,1.5891959243602056,-0.08735174510342891
2025-11-14,11.479999542236328,11.479999542236328,11.199999809265137,11.444999694824219,11.444999694824219,1875480,PGE.WA,-0.00866179132168765,1.4378140251226061,11.229499959945679,10.930899963378906,9.783744990825653,0.39202168203829685,1.5891959243602056,-0.09525691383744539
2025-11-17,10.899999618530273,11.114999771118164,10.640000343322754,10.829999923706055,10.829999923706055,4441990,PGE.WA,-0.05373523700453098,1.3605527477142043,11.250999975204468,10.924999961853027,9.805184991359711,0.43187271042408515,1.5891959243602056,-0.143873498000601
2025-11-18,10.5649995803833,10.574999809265137,9.824000358581543,10.130000114440918,10.130000114440918,5997443,PGE.WA,-0.06463525523512603,1.2726130736048447,11.216499996185302,10.89959997177124,9.82364499092102,0.4686332941844203,1.5891959243602056,-0.19920945297088777
2025-11-19,10.149999618530273,10.305000305175781,10.0,10.175000190734863,10.175000190734863,2370641,PGE.WA,0.0044422582216752105,1.2782663494940771,11.174749994277954,10.882799968719482,9.842259991168977,0.4633325136600747,1.5891959243602056,-0.19565213457950792
2025-11-20,10.274999618530273,10.494999885559082,10.1899995803833,10.399999618530273,10.399999618530273,1815358,PGE.WA,0.022112965462181444,1.3065326091319085,11.14674997329712,10.869399967193603,9.862159988880158,0.4721327267436587,1.5891959243602056,-0.17786561801188516
2025-11-21,10.295000076293945,10.3100004196167,10.03499984741211,10.260000228881836,10.260000228881836,2534366,PGE.WA,-0.01346148026765237,1.288944746195035,11.10774998664856,10.851599979400635,9.881209990978242,0.4723490182865135,1.5891959243602056,-0.18893276377237678
2025-11-24,10.260000228881836,10.289999961853027,9.949999809265137,10.029999732971191,10.029999732971191,3459607,PGE.WA,-0.022417201830385425,1.2600502116713659,11.05149998664856,10.832199974060059,9.898949990272522,0.4741436377336829,1.5891959243602056,-0.20711462170490436
2025-11-25,10.0,10.114999771118164,9.600000381469727,9.699999809265137,9.699999809265137,3705518,PGE.WA,-0.03290128938102166,1.2185929350225486,10.969999980926513,10.799499969482422,9.913429989814759,0.4775578663485288,1.5891959243602056,-0.23320157298217215
2025-11-26,9.732000350952148,9.95199966430664,9.696000099182129,9.878000259399414,9.878000259399414,1496518,PGE.WA,0.018350562230347256,1.2409548005101414,10.886399984359741,10.777859973907471,9.928969991207122,0.4767805502161565,1.5891959243602056,-0.21913039072904905
2025-11-27,9.958000183105469,10.079999923706055,9.850000381469727,9.859999656677246,9.859999656677246,1088833,PGE.WA,-0.0018222921896604571,1.23869341826945,10.808399963378907,10.758559970855712,9.944769990444183,0.4769324628295974,1.5891959243602056,-0.22055336331916686
2025-11-28,9.9399995803833,9.9399995803833,9.720000267028809,9.866000175476074,9.866000175476074,1987356,PGE.WA,0.0006085719074813145,1.239447252285791,10.736449956893921,10.744279975891112,9.959649991989135,0.47749171507591665,1.5891959243602056,-0.22007901399270202
2025-12-01,9.850000381469727,9.859999656677246,9.428000450134277,9.428000450134277,9.428000450134277,3403303,PGE.WA,-0.04439486291826078,1.1844221614261483,10.647849988937377,10.725839977264405,9.972789993286133,0.49625148464890917,1.5891959243602056,-0.2547034992535707
2025-12-02,9.449999809265137,9.454000473022461,8.899999618530273,8.989999771118164,8.989999771118164,4156037,PGE.WA,-0.04645743085532783,1.1293969507581751,10.540849971771241,10.696739978790283,9.98362999200821,0.5144495762999401,1.5891959243602056,-0.2893280599037158
2025-12-03,9.0,9.100000381469727,8.70199966430664,8.842000007629395,8.842000007629395,4092420,PGE.WA,-0.016462710484625664,1.1108040157356243,10.421699953079223,10.664679985046387,9.99317999124527,0.5100643842711786,1.5891959243602056,-0.3010276463030681
2025-12-04,8.75,8.868000030517578,8.5,8.609999656677246,8.609999656677246,3844154,PGE.WA,-0.026238447268939757,1.0816582431426185,10.267199945449828,10.622379970550536,10.001369988918304,0.47091965318390555,1.5891959243602056,-0.31936759554799177
2025-12-05,8.569999694824219,8.758000373840332,8.479999542236328,8.607999801635742,8.607999801635742,4650889,PGE.WA,-0.00023227121036561993,1.0814070050732818,10.115099954605103,10.581839962005615,10.010109987258911,0.47233316264964054,1.5891959243602056,-0.31952568686038796
2025-12-08,8.746000289916992,8.746000289916992,8.345999717712402,8.404000282287598,8.404000282287598,3666173,PGE.WA,-0.023698829466675786,1.0557789248759815,9.989299964904784,10.53531997680664,10.016879987716674,0.4387973109474337,1.5891959243602056,-0.3356521315639369
2025-12-09,8.404000282287598,8.479999542236328,8.210000038146973,8.447999954223633,8.447999954223633,4513592,PGE.WA,0.005235562881734879,1.0613065218263802,9.840949964523315,10.490779972076416,10.023949987888336,0.3887712836792565,1.5891959243602056,-0.33217389652339335
2025-12-10,8.5,8.847999572753906,8.449999809265137,8.63599967956543,8.63599967956543,4667861,PGE.WA,0.022253755487747773,1.0849245776606564,9.704249954223632,10.448699970245361,10.03187998533249,0.40893454338526475,1.5891959243602056,-0.31731225770828964
2025-12-11,8.696000099182129,8.862000465393066,8.564000129699707,8.71399974822998,8.71399974822998,2531295,PGE.WA,0.00903196752648272,1.0947235812147704,9.562699937820435,10.410879974365235,10.038259983062744,0.4035974615526885,1.5891959243602056,-0.31114624418918313
2025-12-12,8.800000190734863,8.880000114440918,8.567999839782715,8.600000381469727,8.600000381469727,2583811,PGE.WA,-0.01308232385287933,1.080402052795935,9.42044997215271,10.370079975128174,10.044989984035492,0.4031770331681634,1.5891959243602056,-0.3201580521099725
2025-12-15,8.640000343322754,8.744000434875488,8.428000450134277,8.62600040435791,8.62600040435791,3596576,PGE.WA,0.0030232583412677094,1.0836683873139732,9.310249996185302,10.32939998626709,10.052499985694885,0.3783251688112052,1.5891959243602056,-0.31810271427027026
2025-12-16,8.61400032043457,8.62399959564209,8.468000411987305,8.54800033569336,8.54800033569336,3260846,PGE.WA,-0.009042437399509606,1.073869383759859,9.231150007247924,10.288959999084472,10.059269988536835,0.3209852509294204,1.5891959243602056,-0.3242687277893769
2025-12-17,8.550000190734863,9.07800006866455,8.460000038146973,9.020000457763672,9.020000457763672,5140382,PGE.WA,0.05521760687109589,1.1331658812232168,9.173400020599365,10.256760005950929,10.069299991130828,0.39066777835530553,1.5891959243602056,-0.28695646404994524
2025-12-18,9.020000457763672,9.020000457763672,8.649999618530273,8.675999641418457,8.675999641418457,5357738,PGE.WA,-0.03813756085224218,1.0899496984723818,9.087200021743774,10.219979991912842,10.077199988365173,0.3922746290090344,1.5891959243602056,-0.31415020529253834
2025-12-19,8.666000366210938,8.739999771118164,8.522000312805176,8.569999694824219,8.569999694824219,8129619,PGE.WA,-0.012217606152057026,1.076633122330893,9.002699995040894,10.180579986572265,10.084219987392425,0.3921005080966036,1.5891959243602056,-0.3225296479637433
2025-12-22,8.605999946594238,8.684000015258789,8.539999961853027,8.640000343322754,8.640000343322754,2783473,PGE.WA,0.008168103966305962,1.0854271736076602,8.933200025558472,10.139979991912842,10.091579988002778,0.3929066665297379,1.5891959243602056,-0.3169959996942213
2025-12-23,8.642000198364258,8.699999809265137,8.531999588012695,8.640000343322754,8.640000343322754,1919854,PGE.WA,0.0,1.0854271736076602,8.880200052261353,10.099279994964599,10.098849990367889,0.3814863832542074,1.5891959243602056,-0.3169959996942213
2025-12-29,8.630000114440918,8.770000457763672,8.565999984741211,8.767999649047852,8.767999649047852,1513587,PGE.WA,0.014814733870238683,1.101507488320183,8.824700021743775,10.072939987182616,10.106789989471435,0.37875171844806954,1.5891959243602056,-0.3068774771973828
2025-12-30,8.767999649047852,8.84000015258789,8.618000030517578,8.803999900817871,8.803999900817871,2444142,PGE.WA,0.004105868295048332,1.1060301329932352,8.771900033950805,10.039019985198975,10.11395998954773,0.38013285702425204,1.5891959243602056,-0.30403160740642354
2026-01-02,8.815999984741211,9.13599967956543,8.800000190734863,9.100000381469727,9.100000381469727,4711030,PGE.WA,0.033621136300144405,1.1432161228466675,8.733600044250489,10.007819995880126,10.122059991359711,0.4043178017841391,1.5891959243602056,-0.28063235921844254
2026-01-05,9.149999618530273,9.229999542236328,8.934000015258789,9.017999649047852,9.017999649047852,3044120,PGE.WA,-0.009011069119167603,1.1329145233455493,8.713100004196168,9.98017999649048,10.128329989910126,0.37559964368993964,1.5891959243602056,-0.2871146307516178
2026-01-07,9.09000015258789,9.336000442504883,9.079999923706055,9.336000442504883,9.336000442504883,4018862,PGE.WA,0.03526289707613883,1.1728643715783462,8.730400037765502,9.950500011444092,10.136379992961883,0.3588200673699925,1.5891959243602056,-0.26197622734872683
2026-01-08,9.336000442504883,9.338000297546387,9.008000373840332,9.065999984741211,9.065999984741211,3625133,PGE.WA,-0.028920356144630843,1.1389447162429518,8.741600036621094,9.911620006561279,10.142709991931916,0.3699344892655144,1.5891959243602056,-0.2833201376970058
2026-01-09,9.140000343322754,9.3100004196167,8.989999771118164,9.3100004196167,9.3100004196167,3345949,PGE.WA,0.02691379167065522,1.169598037060308,8.776600074768066,9.878620014190673,10.150019993782044,0.36514153246105824,1.5891959243602056,-0.2640315651884292
2026-01-12,9.3100004196167,9.319999694824219,9.182000160217285,9.23799991607666,9.23799991607666,2227434,PGE.WA,-0.007733673501059135,1.160552747714204,8.808100080490112,9.842580013275146,10.157159993648529,0.3673042401795921,1.5891959243602056,-0.26972330477034745
2026-01-13,9.25,9.276000022888184,9.105999946594238,9.17199993133545,9.17199993133545,3000353,PGE.WA,-0.007144401963714353,1.1522612923844404,8.846500062942505,9.802920017242432,10.164019992351532,0.3553789572430941,1.5891959243602056,-0.274940695025801
2026-01-14,9.182000160217285,9.293999671936035,9.083999633789062,9.27400016784668,9.27400016784668,2712381,PGE.WA,0.0111208283116917,1.1650753923872557,8.887800073623657,9.761800022125245,10.170389993190765,0.35612783876562726,1.5891959243602056,-0.26687743497938854
2026-01-15,9.279999732971191,9.40999984741211,9.210000038146973,9.40999984741211,9.40999984741211,2481255,PGE.WA,0.014664619053700978,1.182160779185456,8.926500082015991,9.71900001525879,10.175989992618561,0.3522239052057705,1.5891959243602056,-0.2561264718436891
2026-01-16,9.40999984741211,9.420000076293945,9.100000381469727,9.15999984741211,9.15999984741211,5369266,PGE.WA,-0.026567481833568163,1.1507537441600897,8.948800086975098,9.673800010681152,10.180739991664886,0.36848504489246725,1.5891959243602056,-0.27588931828945407
2026-01-19,9.1899995803833,9.284000396728516,9.050000190734863,9.156000137329102,9.156000137329102,1504634,PGE.WA,-0.00043664957965450224,1.1502512680214163,8.976600074768067,9.63082000732422,10.184799993038178,0.3639839974538802,1.5891959243602056,-0.27620550091424634
2026-01-20,9.149999618530273,9.15999984741211,8.779999732971191,8.887999534606934,8.887999534606934,5158174,PGE.WA,-0.029270489154923363,1.1165828507553586,8.989700031280517,9.584580001831055,10.186369988918305,0.38201395878015004,1.5891959243602056,-0.29739131995012913
2026-01-21,8.899999618530273,9.013999938964844,8.84000015258789,8.98799991607666,8.98799991607666,2545904,PGE.WA,0.011251168621280616,1.1291457126888373,9.011700010299682,9.54173999786377,10.191639988422393,0.38118633741345764,1.5891959243602056,-0.28948615121611254
2026-01-22,9.010000228881836,9.324000358581543,8.916000366210938,9.324000358581543,9.324000358581543,4348387,PGE.WA,0.037383227152003595,1.171356823353995,9.026900005340575,9.503719997406005,10.197019989490508,0.35285385181491236,1.5891959243602056,-0.26292485061238025
2026-01-23,9.329999923706055,9.35200023651123,9.178000450134277,9.279999732971191,9.279999732971191,1883992,PGE.WA,-0.004719071634296412,1.1658291065952657,9.057100009918212,9.455319995880126,10.202199985980988,0.3210783109892203,1.5891959243602056,-0.2664031610422001
2026-01-26,9.300000190734863,9.600000381469727,9.163999557495117,9.454000473022461,9.454000473022461,3508675,PGE.WA,0.018750080286431103,1.1876884959441851,9.101300048828126,9.41140001296997,10.208239986896515,0.3197037472942863,1.5891959243602056,-0.25264816141386937
2026-01-27,9.5,9.539999961853027,9.319999694824219,9.444000244140625,9.444000244140625,2801851,PGE.WA,-0.0010577774890504488,1.186432185789171,9.14150004386902,9.381880016326905,10.215819988250733,0.3202111880054662,1.5891959243602056,-0.25343869336512626
2026-01-28,9.513999938964844,9.583999633789062,9.331999778747559,9.446000099182129,9.446000099182129,2363832,PGE.WA,0.0002117593170061216,1.1866834238585078,9.181800031661988,9.342500019073487,10.225759987831117,0.32017127024248354,1.5891959243602056,-0.2532806020527302
2026-01-29,9.529999732971191,9.850000381469727,9.460000038146973,9.53600025177002,9.53600025177002,5161446,PGE.WA,0.009527858526667154,1.1979899756369727,9.220200061798096,9.305820026397704,10.234579989910126,0.318493307067844,1.5891959243602056,-0.24616596526997037
2026-01-30,9.550000190734863,10.104999542236328,9.470000267028809,10.039999961853027,10.039999961853027,5049617,PGE.WA,0.052852317195509535,1.2613065218263788,9.282000064849854,9.275720024108887,10.246799988746643,0.3619406954493618,1.5891959243602056,-0.20632408975364813
2026-02-02,9.812000274658203,10.154999732971191,9.779999732971191,10.010000228881836,10.010000228881836,2903362,PGE.WA,-0.002988021223623072,1.2575377111696675,9.327500057220458,9.247020034790038,10.257969989776612,0.3491070439274801,1.5891959243602056,-0.20869561021814254
2026-02-03,10.199999809265137,10.279999732971191,10.03499984741211,10.119999885559082,10.119999885559082,3291999,PGE.WA,0.01098897643976704,1.2713567634498295,9.38260006904602,9.2328200340271,10.269509990215301,0.3456589615274706,1.5891959243602056,-0.19999998492214544
2026-02-04,10.119999885559082,10.260000228881836,10.055000305175781,10.135000228881836,10.135000228881836,2521411,PGE.WA,0.0014822473806703762,1.2732412286823507,9.422550058364868,9.232920036315917,10.280774991512299,0.32808629046324334,1.5891959243602056,-0.19881418699526
2026-02-05,10.119999885559082,10.119999885559082,9.859999656677246,9.895999908447266,9.895999908447266,3128239,PGE.WA,-0.023581678839383557,1.2432160629425013,9.464050054550171,9.227340030670167,10.294104990959168,0.3213923297301008,1.5891959243602056,-0.21770749352820817
2026-02-06,9.699999809265137,9.944000244140625,9.630000114440918,9.85200023651123,9.85200023651123,2052976,PGE.WA,-0.00444620779538174,1.2376884659921026,9.491150045394898,9.216380043029785,10.306814992427826,0.3116211963471054,1.5891959243602056,-0.22118572856875174
2026-02-09,9.930000305175781,9.989999771118164,9.619999885559082,9.720000267028809,9.720000267028809,2984260,PGE.WA,-0.013398291343237445,1.2211055553325758,9.515250062942505,9.205580043792725,10.318464994430542,0.31484455804109185,1.5891959243602056,-0.2316205090796588
2026-02-10,9.779999732971191,10.010000228881836,9.6899995803833,9.930000305175781,9.930000305175781,2580191,PGE.WA,0.02160494160265758,1.2474874695462168,9.553150081634522,9.203580055236817,10.3299049949646,0.3193901554293916,1.5891959243602056,-0.21501971504964512
2026-02-11,9.899999618530273,10.319999694824219,9.734000205993652,10.265000343322754,10.265000343322754,4164041,PGE.WA,0.03373615587628542,1.2895729012725408,9.602700090408325,9.214880065917969,10.342639997005463,0.3355965136851283,1.5891959243602056,-0.1885374977967491
2026-02-12,10.220000267028809,10.28499984741211,10.015000343322754,10.125,10.125,3372676,PGE.WA,-0.013638610680984709,1.2719849185273366,9.638450098037719,9.21982006072998,10.353514997959136,0.340128361844701,1.5891959243602056,-0.19960471894651688
2026-02-13,10.050000190734863,10.225000381469727,9.930000305175781,10.09000015258789,10.09000015258789,2962322,PGE.WA,-0.003456775053047867,1.2675879527931182,9.684950113296509,9.224420070648193,10.363994998931885,0.3221006855768122,1.5891959243602056,-0.20237150538663984
2026-02-16,10.199999809265137,10.4399995803833,10.100000381469727,10.25,10.25,2013242,PGE.WA,0.01585726907755025,1.2876884360400198,9.739650106430053,9.232100067138672,10.374885001182555,0.32361558713486066,1.5891959243602056,-0.18972329572363444
2026-02-17,10.25,10.289999961853027,10.119999885559082,10.21500015258789,10.21500015258789,1356844,PGE.WA,-0.003414619259717977,1.2832914703058014,9.806000137329102,9.247840061187745,10.384580001831054,0.2984286320367026,1.5891959243602056,-0.1924900821637573
2026-02-18,10.21500015258789,10.529999732971191,10.204999923706055,10.444999694824219,10.444999694824219,3139936,PGE.WA,0.022515862829239452,1.3121858850211399,9.87885012626648,9.276940059661865,10.395644998550415,0.3031250576508247,1.5891959243602056,-0.17430829962050598
2026-02-19,10.550000190734863,10.579999923706055,10.135000228881836,10.170000076293945,10.170000076293945,3329273,PGE.WA,-0.0263283510354283,1.2776381944165691,9.9211501121521,9.303500061035157,10.404924998283386,0.30476605880297125,1.5891959243602056,-0.19604740055513703
2026-02-20,10.170000076293945,10.494999885559082,10.079999923706055,10.21500015258789,10.21500015258789,2603419,PGE.WA,0.004424786229730637,1.2832914703058014,9.967900133132934,9.335600070953369,10.414130001068115,0.3028096527069927,1.5891959243602056,-0.1924900821637573
2026-02-23,10.220000267028809,10.350000381469727,10.145000457763672,10.3149995803833,10.3149995803833,2317986,PGE.WA,0.009789469045683452,1.2958542124309496,10.010950088500977,9.36974006652832,10.424014997482299,0.29905322637687237,1.5891959243602056,-0.18458498881901708
2026-02-24,10.319999694824219,10.399999618530273,10.180000305175781,10.335000038146973,10.335000038146973,3376466,PGE.WA,0.001938968354560977,1.2983668327409776,10.055500078201295,9.408360061645508,10.432960000038147,0.2984987035746872,1.5891959243602056,-0.1830039249165032
2026-02-25,10.335000038146973,10.399999618530273,10.220000267028809,10.300000190734863,10.300000190734863,2777592,PGE.WA,-0.0033865357796732942,1.2939698670067592,10.09820008277893,9.445400066375733,10.440900001525879,0.29948536077721194,1.5891959243602056,-0.18577071135662615
2026-02-26,10.300000190734863,11.220000267028809,10.300000190734863,11.09000015258789,11.09000015258789,9847220,PGE.WA,0.07669902400231554,1.3932160928945836,10.175900077819824,9.494480075836181,10.452170000076293,0.39432701714049406,1.5891959243602056,-0.1233201196035798
2026-02-27,11.079999923706055,11.359999656677246,10.84000015258789,11.28499984741211,11.28499984741211,7487493,PGE.WA,0.01758338071606924,1.4177135418757036,10.238150072097778,9.545900077819825,10.464204998016358,0.35927219079614575,1.5891959243602056,-0.10790512350045134
2026-03-02,10.904999732971191,11.21500015258789,10.670000076293945,10.949999809265137,10.949999809265137,4283040,PGE.WA,-0.029685426909757173,1.3756281101493795,10.285150051116943,9.592900066375732,10.471504998207092,0.38012172713176057,1.5891959243602056,-0.13438734075334757
2026-03-03,10.869999885559082,10.9350004196167,10.130000114440918,10.479999542236328,10.479999542236328,8906553,PGE.WA,-0.04292239956306909,1.316582850755358,10.303150033950805,9.629980049133302,10.477824997901916,0.4149840978797886,1.5891959243602056,-0.17154151318038324
2026-03-04,10.399999618530273,10.994999885559082,10.399999618530273,10.694999694824219,10.694999694824219,5227536,PGE.WA,0.020515282631587972,1.343592920046506,10.331150007247924,9.672920036315919,10.486199994087219,0.42009542542482403,1.5891959243602056,-0.1545454531747411
2026-03-05,10.710000038146973,10.979999542236328,10.600000381469727,10.609999656677246,10.609999656677246,5106570,PGE.WA,-0.00794764287726979,1.3329145233455482,10.366849994659423,9.70472002029419,10.491279993057251,0.4105212488885207,1.5891959243602056,-0.16126482398187236
2026-03-06,10.550000190734863,10.675000190734863,9.95199966430664,9.973999977111816,9.973999977111816,4446872,PGE.WA,-0.059943421314361034,1.2530150664966153,10.372949981689453,9.730680027008056,10.493769993782044,0.468484213183425,1.5891959243602056,-0.21154148000910167
2026-03-09,9.779999732971191,9.890000343322754,9.550000190734863,9.781999588012695,9.781999588012695,3940099,PGE.WA,-0.019250089185855246,1.2288944147153351,10.376049947738647,9.754920024871826,10.495149993896485,0.4713259380212254,1.5891959243602056,-0.22671937683827392
2026-03-10,10.095000267028809,10.125,9.75,9.800000190734863,9.800000190734863,2413303,PGE.WA,0.0018401761889488277,1.2311557969560265,10.3695499420166,9.778120021820069,10.496759996414184,0.4648959273040841,1.5891959243602056,-0.22529640424815622
2026-03-11,9.793999671936035,9.793999671936035,9.300000190734863,9.38599967956543,9.38599967956543,4722989,PGE.WA,-0.04224494929712741,1.1791456827367546,10.325599908828735,9.793040008544923,10.497639994621277,0.46942856504845604,1.5891959243602056,-0.25802371837099514
2026-03-12,9.486000061035156,9.486000061035156,9.204000473022461,9.32800006866455,9.32800006866455,3680611,PGE.WA,-0.0061793749074114945,1.1718592994926684,10.285749912261963,9.804240016937255,10.499399995803833,0.4681533124046514,1.5891959243602056,-0.262608667987588
2026-03-13,9.399999618530273,9.520000457763672,9.119999885559082,9.484000205993652,9.484000205993652,3489476,PGE.WA,0.016723856794679026,1.1914573066008967,10.255449914932251,9.817840023040771,10.500819997787476,0.4737281348389391,1.5891959243602056,-0.25027664094937474
2026-03-16,9.381999969482422,9.630000114440918,9.331999778747559,9.520000457763672,9.520000457763672,2350656,PGE.WA,0.003795893187272137,1.1959799512739486,10.218949937820435,9.826240024566651,10.502199997901917,0.4693862284672179,1.5891959243602056,-0.24743077115841572
2026-03-17,9.569999694824219,10.84000015258789,9.5600004196167,10.819999694824219,10.819999694824219,7426415,PGE.WA,0.13655453514189508,1.359296437559189,10.249199914932252,9.862280025482178,10.508939995765687,0.6831191679349788,1.5891959243602056,-0.14466402995185879
2026-03-18,11.0,11.135000228881836,10.609999656677246,10.675000190734863,10.675000190734863,5332094,PGE.WA,-0.013401063602498708,1.3410804195448083,10.260699939727782,9.889060020446777,10.51378499507904,0.6819112200787241,1.5891959243602056,-0.15612644168797885
2026-03-19,10.619999885559082,10.619999885559082,10.335000038146973,10.4350004196167,10.4350004196167,3599582,PGE.WA,-0.022482413754565278,1.310929694674456,10.27394995689392,9.916440029144287,10.519269995689392,0.6799312667655106,1.5891959243602056,-0.17509875618248694
2026-03-20,10.5,10.654999732971191,9.576000213623047,9.593999862670898,9.593999862670898,8984766,PGE.WA,-0.0805942044204242,1.2052763588810587,10.242899942398072,9.922120018005371,10.520199995040894,0.7403964137906769,1.5891959243602056,-0.24158101565337775
2026-03-23,9.260000228881836,9.84000015258789,9.0,9.631999969482422,9.631999969482422,6569265,PGE.WA,0.003960820028711565,1.2100502416234473,10.208749961853027,9.930000019073486,10.52065999507904,0.7394403525719817,1.5891959243602056,-0.23857705455002254
2026-03-24,9.684000015258789,9.684000015258789,9.381999969482422,9.437999725341797,9.437999725341797,2095064,PGE.WA,-0.020141221423929268,1.1856783517728304,10.16389994621277,9.935320014953612,10.518399991989135,0.7418632958294784,1.5891959243602056,-0.2539130426915909
2026-03-25,9.5600004196167,9.78600025177002,9.496000289916992,9.696000099182129,9.696000099182129,3097467,PGE.WA,0.02733634046921818,1.218090458883874,10.133699941635133,9.943760013580322,10.518589992523193,0.7499115327974131,1.5891959243602056,-0.2335177556069652
2026-03-26,9.699999809265137,9.699999809265137,9.470000267028809,9.680000305175781,9.680000305175781,2280561,PGE.WA,-0.0016501437544020892,1.2160804345208498,10.063199949264526,9.949160022735596,10.517689995765686,0.6900541891790133,1.5891959243602056,-0.23478256149541055
2026-03-27,9.739999771118164,9.831999778747559,9.428000450134277,9.579999923706055,9.579999923706055,2919069,PGE.WA,-0.010330617594738856,1.203517572587371,9.977949953079223,9.957560024261475,10.514739995002747,0.6845431365142728,1.5891959243602056,-0.24268773022942713
2026-03-30,9.600000381469727,10.65999984741211,9.600000381469727,10.510000228881836,10.510000228881836,5981871,PGE.WA,0.09707727688749368,1.3203517812203995,9.955949974060058,9.98464002609253,10.51423999786377,0.7718818922504704,1.5891959243602056,-0.1691699173266129
2026-03-31,10.545000076293945,10.699999809265137,10.350000381469727,10.529999732971191,10.529999732971191,4219247,PGE.WA,0.001902902345748414,1.322864281722097,9.958449983596802,10.017480030059815,10.513464994430542,0.7557965946606781,1.5891959243602056,-0.16758892881337528
2026-04-01,10.739999771118164,10.869999885559082,10.515000343322754,10.654999732971191,10.654999732971191,3909359,PGE.WA,0.01187084550520967,1.3385677992347802,9.95644998550415,10.050820026397705,10.513064994812012,0.7534975980908635,1.5891959243602056,-0.15770750559049274
2026-04-02,10.5,11.130000114440918,10.375,11.130000114440918,11.130000114440918,3950079,PGE.WA,0.04458004630444701,1.3982412137063085,9.982450008392334,10.086940021514893,10.520714993476867,0.7682921491076978,1.5891959243602056,-0.12015806718782873
2026-04-07,11.100000381469727,11.119999885559082,10.75,10.890000343322754,10.890000343322754,2905025,PGE.WA,-0.021563321531935076,1.3680904888359562,10.028250026702882,10.119140033721925,10.525814995765685,0.7377476831894314,1.5891959243602056,-0.13913038168233682
2026-04-08,11.119999885559082,11.449999809265137,10.850000381469727,11.0,11.0,4593494,PGE.WA,0.01010097825613876,1.3819095411161184,10.089150047302246,10.150060024261474,10.528939995765686,0.7320805807541902,1.5891959243602056,-0.1304347563863396
2026-04-09,11.0,11.25,10.904999732971191,11.180000305175781,11.180000305175781,3359647,PGE.WA,0.016363664106889164,1.4045226446730479,10.158150053024292,10.184780025482178,10.531714997291566,0.7325753520384394,1.5891959243602056,-0.11620548282082044
2026-04-10,11.180000305175781,11.404999732971191,10.885000228881836,11.15999984741211,11.15999984741211,3470306,PGE.WA,-0.0017889496616929623,1.40201002436302,10.246850061416627,10.219060020446777,10.534539995193482,0.7097993053553975,1.5891959243602056,-0.11778654672333422
2026-04-13,11.100000381469727,11.395000457763672,11.0,11.15999984741211,11.15999984741211,2730959,PGE.WA,0.0,1.40201002436302,10.338450050354004,10.25154001235962,10.536564993858338,0.7083138955173653,1.5891959243602056,-0.11778654672333422
2026-04-14,11.199999809265137,11.289999961853027,10.96500015258789,11.055000305175781,11.055000305175781,2491159,PGE.WA,-0.009408561260928372,1.388819127160365,10.41700005531311,10.271840019226074,10.537464995384216,0.7110511978066233,1.5891959243602056,-0.12608690604370276
2026-04-15,11.055000305175781,11.175000190734863,10.96500015258789,11.0600004196167,11.0600004196167,1869692,PGE.WA,0.0004522943738478613,1.3894472822378718,10.494000053405761,10.292840023040771,10.53673999786377,0.7114503303648324,1.5891959243602056,-0.12569164006807443
2026-04-16,11.0,11.050000190734863,10.670000076293945,10.755000114440918,10.755000114440918,2981046,PGE.WA,-0.027576880072699983,1.3511306611682592,10.490750074386597,10.305540027618408,10.533964996337891,0.536486486689782,1.5891959243602056,-0.14980233685647615
2026-04-17,10.699999809265137,10.744999885559082,10.425000190734863,10.545000076293945,10.545000076293945,3698348,PGE.WA,-0.019525805291717435,1.3247487469546184,10.48425006866455,10.31374002456665,10.530514998435974,0.538985972687379,1.5891959243602056,-0.16640313088648961
2026-04-20,10.59000015258789,10.640000343322754,10.40999984741211,10.420000076293945,10.420000076293945,1442526,PGE.WA,-0.01185395913661591,1.3090452294419352,10.483500051498414,10.324220027923584,10.525590000152588,0.5344255317507041,1.5891959243602056,-0.17628455410937216
2026-04-21,10.444999694824219,10.574999809265137,10.34000015258789,10.34000015258789,10.34000015258789,2371513,PGE.WA,-0.0076775358080907186,1.2989949878184845,10.520800065994262,10.333980026245117,10.519489998817443,0.4425221213864537,1.5891959243602056,-0.18260865894087486
2026-04-22,10.390000343322754,10.725000381469727,10.34000015258789,10.619999885559082,10.619999885559082,2551919,PGE.WA,0.02707927745060168,1.3341708335005622,10.570200061798095,10.351980018615723,10.516589999198914,0.4499675330431285,1.5891959243602056,-0.16047429203061536
2026-04-23,10.654999732971191,10.744999885559082,10.470000267028809,10.6899995803833,10.6899995803833,3099760,PGE.WA,0.006591308434890308,1.342964764968999,10.63280005455017,10.367180004119874,10.513139996528626,0.4398420644314486,1.5891959243602056,-0.15494071915036955
2026-04-24,10.6899995803833,11.0,10.630000114440918,10.949999809265137,10.949999809265137,2595308,PGE.WA,0.02432181843663961,1.3756281101493795,10.695500040054322,10.38087999343872,10.510789995193482,0.43808366178872155,1.5891959243602056,-0.13438734075334757
2026-04-27,10.960000038146973,11.095000267028809,10.800000190734863,10.880000114440918,10.880000114440918,7273314,PGE.WA,-0.006392666305344519,1.3668341786809428,10.755500030517577,10.395979995727538,10.507589993476868,0.4395673747064415,1.5891959243602056,-0.13992091363359327
2026-04-28,10.8100004196167,10.930000305175781,10.625,10.625,10.625,1597593,PGE.WA,-0.023437510271940076,1.3347989885780693,10.807750034332276,10.406679992675782,10.503614993095399,0.44848101985290306,1.5891959243602056,-0.16007902605498692
2026-04-29,10.5,11.069999694824219,10.5,10.819999694824219,10.819999694824219,5249277,PGE.WA,0.018352912454044024,1.3592964375591892,10.823250007629394,10.418079986572266,10.498439993858337,0.2968209121458292,1.5891959243602056,-0.14466402995185867
2026-04-30,10.805000305175781,10.8149995803833,10.40999984741211,10.649999618530273,10.649999618530273,3478649,PGE.WA,-0.015711652596003822,1.3379396441572735,10.829250001907349,10.426779975891113,10.493614993095399,0.3031166252189767,1.5891959243602056,-0.15810277156612096
2026-05-04,10.649999618530273,10.854999542236328,10.369999885559082,10.5649995803833,10.5649995803833,1854103,PGE.WA,-0.007981224525029917,1.3272612474563157,10.824749994277955,10.429179973602295,10.487514991760253,0.30163430668151736,1.5891959243602056,-0.1648221423732522
2026-05-05,10.5649995803833,10.899999618530273,10.529999732971191,10.875,10.875,2540262,PGE.WA,0.029342208417338478,1.3662060236034355,10.811999988555907,10.443279972076416,10.482264990806579,0.2752941492244878,1.5891959243602056,-0.14031617960922194
2026-05-06,10.949999809265137,11.135000228881836,10.800000190734863,11.135000228881836,11.135000228881836,3606571,PGE.WA,0.02390806702361714,1.3988693687838158,10.824249982833862,10.461679973602294,10.478489990234374,0.27758763695237104,1.5891959243602056,-0.11976280121220007
2026-05-07,11.125,11.125,10.800000190734863,10.90999984741211,10.90999984741211,2292871,PGE.WA,-0.0202065897480741,1.370602989337654,10.819749975204468,10.47357997894287,10.473039989471436,0.285515717111653,1.5891959243602056,-0.1375493931690991
2026-05-08,10.920000076293945,10.920000076293945,10.399999618530273,10.539999961853027,10.539999961853027,2931349,PGE.WA,-0.033913830498067954,1.3241205918771115,10.78774995803833,10.477679977416992,10.464814987182617,0.30199767099524133,1.5891959243602056,-0.16679839686211806
2026-05-11,10.555000305175781,10.930000305175781,10.470000267028809,10.914999961853027,10.914999961853027,1778070,PGE.WA,0.0355787477568521,1.371231144415161,10.775499963760376,10.489979972839356,10.458189988136292,0.3313160632694546,1.5891959243602056,-0.13715412719347053
2026-05-12,10.90999984741211,10.944999694824219,10.649999618530273,10.694999694824219,10.694999694824219,2031308,PGE.WA,-0.020155773504140218,1.343592920046506,10.752249956130981,10.482079963684082,10.450864987373352,0.3382400981847718,1.5891959243602056,-0.1545454531747411
2026-05-13,10.774999618530273,10.864999771118164,10.579999923706055,10.739999771118164,10.739999771118164,1430285,PGE.WA,0.0042075808862083175,1.3492461959357385,10.736499929428101,10.471179962158203,10.44381498813629,0.33768964573831256,1.5891959243602056,-0.15098813478336126
2026-05-14,10.600000381469727,10.640000343322754,10.34000015258789,10.380000114440918,10.380000114440918,2965440,PGE.WA,-0.03351952182022866,1.30402010863021,10.702499914169312,10.459779968261719,10.432464990615845,0.3564544847618592,1.5891959243602056,-0.17944660652512345
2026-05-15,10.399999618530273,10.430000305175781,10.0,10.029999732971191,10.029999732971191,3444090,PGE.WA,-0.03371872616675575,1.2600502116713648,10.666249895095826,10.450779972076417,10.419764990806579,0.36269935151057453,1.5891959243602056,-0.20711462170490502
2026-05-18,10.074999809265137,10.319999694824219,9.949999809265137,10.300000190734863,10.300000190734863,1989937,PGE.WA,0.02691928862930193,1.2939698670067592,10.65399990081787,10.44287998199463,10.408664989471436,0.37237227198905615,1.5891959243602056,-0.18577071135662615
2026-05-19,10.380000114440918,10.489999771118164,10.244999885559082,10.279999732971191,10.279999732971191,1675728,PGE.WA,-0.0019417919799324945,1.2914572466967311,10.646999883651734,10.436279983520508,10.399789986610413,0.37016541212884113,1.5891959243602056,-0.18735177525914004
2026-05-20,10.28499984741211,10.385000228881836,10.1899995803833,10.305000305175781,10.305000305175781,1646644,PGE.WA,0.002431962339882743,1.2945980220842663,10.645249891281129,10.442899990081788,10.391064987182617,0.36927407817971025,1.5891959243602056,-0.1853754453809976
2026-05-21,10.305000305175781,10.324999809265137,10.15999984741211,10.210000038146973,10.210000038146973,1386708,PGE.WA,-0.00921885145225021,1.2826633152282945,10.624749898910522,10.451459999084472,10.381264986991882,0.3563362588671517,1.5891959243602056,-0.19288534813938574
2026-05-22,10.300000190734863,10.350000381469727,10.010000228881836,10.140000343322754,10.140000343322754,1948281,PGE.WA,-0.00685599359086031,1.2738693837598576,10.597249937057494,10.45826000213623,10.37141499042511,0.35536841279644504,1.5891959243602056,-0.19841892101963154
2026-05-25,10.180000305175781,10.729999542236328,10.180000305175781,10.529999732971191,10.529999732971191,7311304,PGE.WA,0.038461476966838104,1.3228642817220977,10.576249933242797,10.481140003204345,10.364214987754822,0.37259670078667856,1.5891959243602056,-0.16758892881337484
2026-05-26,10.600000381469727,10.729999542236328,10.520000457763672,10.729999542236328,10.729999542236328,2468553,PGE.WA,0.01899333469486275,1.3479898857807247,10.568749904632568,10.509179992675781,10.35926498413086,0.3791877433846461,1.5891959243602056,-0.15177866673461804
2026-05-27,10.729999542236328,10.850000381469727,10.609999656677246,10.725000381469727,10.725000381469727,3195971,PGE.WA,-0.0004659050307432855,1.3473618505115483,10.573749923706055,10.533999996185303,10.354139986038208,0.3693352643971072,1.5891959243602056,-0.15217385732097022
2026-05-28,10.720000267028809,10.880000114440918,10.649999618530273,10.800000190734863,10.800000190734863,4567475,PGE.WA,0.00699298896014211,1.3567839370574923,10.572749948501587,10.559599990844726,10.348639988899231,0.3643112487053021,1.5891959243602056,-0.14624501846509586
2026-05-29,10.800000190734863,10.869999885559082,10.579999923706055,10.579999923706055,10.579999923706055,3721314,PGE.WA,-0.020370394735505948,1.3291457126888373,10.569249963760376,10.554799995422364,10.341964988708495,0.3673652501704863,1.5891959243602056,-0.16363634444636643
2026-06-01,10.579999923706055,10.654999732971191,10.279999732971191,10.279999732971191,10.279999732971191,1637734,PGE.WA,-0.028355405755974394,1.2914572466967316,10.55499997138977,10.54689998626709,10.33443998813629,0.3800791539009648,1.5891959243602056,-0.1873517752591397
2026-06-02,10.420000076293945,10.569999694824219,10.350000381469727,10.4350004196167,10.4350004196167,1602717,PGE.WA,0.015077888197639888,1.3109296946744566,10.532999992370605,10.54689998626709,10.330039992332459,0.3681131788969412,1.5891959243602056,-0.1750987561824866
2026-06-03,10.460000038146973,10.550000190734863,10.354999542236328,10.484999656677246,10.484999656677246,1180946,PGE.WA,0.004791493536172142,1.3172110058328654,10.500499963760376,10.564719982147217,10.323389992713928,0.35647117306133946,1.5891959243602056,-0.17114624720475458
2026-06-05,10.4399995803833,10.449999809265137,10.244999885559082,10.255000114440918,10.255000114440918,2188610,PGE.WA,-0.02193605624868622,1.2883165911175272,10.467749977111817,10.577179985046387,10.316589994430542,0.3576445368851425,1.5891959243602056,-0.18932802974800567
