Date,Open,High,Low,Close,Adj Close,Volume,Symbol,Return,Cumulative_Return,MA20,MA50,MA200,Volatility_20,Running_Max,Drawdown
2020-01-01,85.81999969482422,85.81999969482422,85.81999969482422,85.81999969482422,61.15936279296875,0,PKN.WA,,,,,,,,
2020-01-02,86.5,87.27999877929688,85.69999694824219,86.95999908447266,61.97178268432617,644692,PKN.WA,0.013283609807763552,1.0132836098077636,,,,,1.0132836098077636,0.0
2020-01-03,86.5,86.63999938964844,84.80000305175781,85.72000122070312,61.088096618652344,729205,PKN.WA,-0.014259405207272424,0.9988347882256269,,,,,1.0132836098077636,-0.014259405207272424
2020-01-06,85.72000122070312,85.72000122070312,85.72000122070312,85.72000122070312,61.088096618652344,0,PKN.WA,0.0,0.9988347882256269,,,,,1.0132836098077636,-0.014259405207272424
2020-01-07,85.87999725341797,85.9800033569336,82.16000366210938,82.30000305175781,58.65084457397461,1557711,PKN.WA,-0.03989731824827969,0.958983958802336,,,,,1.0132836098077636,-0.053587811427966425
2020-01-08,82.0199966430664,82.63999938964844,81.30000305175781,81.54000091552734,58.109230041503906,790836,PKN.WA,-0.009234533512137433,0.9501281892971736,,,,,1.0132836098077636,-0.06232748649963027
2020-01-09,82.69999694824219,84.69999694824219,82.30000305175781,84.66000366210938,60.332698822021484,1222019,PKN.WA,0.03826346224614641,0.9864833833973454,,,,,1.0132836098077636,-0.02644888968005965
2020-01-10,85.0,85.54000091552734,84.5199966430664,85.44000244140625,60.88855743408203,642103,PKN.WA,0.009213309066344655,0.9955721596973985,,,,,1.0132836098077636,-0.017479262408799046
2020-01-13,85.9800033569336,86.44000244140625,85.44000244140625,86.31999969482422,61.515689849853516,1398103,PKN.WA,0.010299593027533582,1.0058261477718244,,,,,1.0132836098077636,-0.007359698670497461
2020-01-14,86.0199966430664,86.44000244140625,84.54000091552734,85.37999725341797,60.845802307128906,2370682,PKN.WA,-0.010889741018646149,0.9948729615128068,,,,,1.0132836098077636,-0.018169294476646614
2020-01-15,85.0199966430664,85.66000366210938,84.66000366210938,85.08000183105469,60.63200378417969,2251702,PKN.WA,-0.0035136499415999722,0.9913773261896879,,,,,1.0132836098077636,-0.021619103877769885
2020-01-16,85.41999816894531,86.0,84.81999969482422,85.58000183105469,60.98832702636719,1053641,PKN.WA,0.005876821688284073,0.9972034739615125,,,,,1.0132836098077636,-0.0158693338080359
2020-01-17,85.0,86.5999984741211,85.0,86.23999786376953,61.45867156982422,705605,PKN.WA,0.00771203573958501,1.004893942792342,,,,,1.0132836098077636,-0.008279682937941901
2020-01-20,85.76000213623047,86.23999786376953,85.72000122070312,85.73999786376953,61.10234069824219,477159,PKN.WA,-0.005797773798531747,0.9990677950205173,,,,,1.0132836098077636,-0.014029453007675885
2020-01-21,85.63999938964844,86.19999694824219,84.86000061035156,84.94000244140625,60.53224182128906,819096,PKN.WA,-0.009330481015807579,0.9897460119255737,,,,,1.0132836098077636,-0.02322903247853325
2020-01-22,85.72000122070312,86.0,85.0,85.0,60.57499694824219,648361,PKN.WA,0.0007063522117878307,0.9904451212102054,,,,,1.0132836098077636,-0.022539088145214325
2020-01-23,84.9000015258789,86.77999877929688,84.9000015258789,85.4800033569336,60.917076110839844,1464295,PKN.WA,0.005647098316865717,0.9960382621871394,,,,,1.0132836098077636,-0.017019270275077103
2020-01-24,85.86000061035156,86.5,85.5199966430664,85.5199966430664,60.94556427001953,589072,PKN.WA,0.00046786715678770463,0.9965042757769207,,,,,1.0132836098077636,-0.01655936587588358
2020-01-27,84.80000305175781,85.45999908447266,82.58000183105469,82.58000183105469,58.850399017333984,968818,PKN.WA,-0.03437786397820308,0.9622465873305639,,,,,1.0132836098077636,-0.05036795422644036
2020-01-28,83.0,83.22000122070312,81.18000030517578,81.62000274658203,58.1662483215332,1504541,PKN.WA,-0.011625079476707434,0.9510603942766556,84.88200073242187,,,,1.0132836098077636,-0.06140750223218627
2020-01-29,81.9000015258789,82.16000366210938,78.72000122070312,79.27999877929688,56.49864959716797,1565405,PKN.WA,-0.02866949140580799,0.9237939764765366,84.55500068664551,,,0.28066704126103403,1.0132836098077636,-0.08831647178049651
2020-01-30,76.0,77.9800033569336,74.80000305175781,76.0,54.16117477416992,1940163,PKN.WA,-0.041372336400103626,0.88557446131736,84.00700073242187,,,0.3027150006256859,1.0132836098077636,-0.12603494940042714
2020-01-31,76.0,76.12000274658203,74.5199966430664,75.66000366210938,53.91887664794922,1668877,PKN.WA,-0.004473636024876604,0.8816127235044999,83.50400085449219,,,0.3013949444477697,1.0132836098077636,-0.12994475093527247
2020-02-03,75.4800033569336,75.5999984741211,71.81999969482422,73.0,52.023231506347656,1999786,PKN.WA,-0.03515732928045723,0.8506175746864115,82.86800079345703,,,0.31744449707532696,1.0132836098077636,-0.16053356981883127
2020-02-04,73.55999755859375,75.0,73.30000305175781,74.44000244140625,53.04944610595703,1067357,PKN.WA,0.01972606084118156,0.867396908717254,82.47500076293946,,,0.30791341003347483,1.0132836098077636,-0.14397420394294813
2020-02-05,74.5,76.83999633789062,73.9000015258789,76.62000274658203,54.6030158996582,1259477,PKN.WA,0.029285333606641428,0.8927989165584083,82.22900085449218,,,0.33015477869888404,1.0132836098077636,-0.11890520292952655
2020-02-06,76.87999725341797,77.68000030517578,73.81999969482422,73.9000015258789,52.664615631103516,961007,PKN.WA,-0.035499884145128946,0.8611046584556882,81.69100074768066,,,0.3114722190984375,1.0132836098077636,-0.15018396614640417
2020-02-07,73.9000015258789,74.76000213623047,72.80000305175781,74.76000213623047,53.27749252319336,794306,PKN.WA,0.01163735578612135,0.8711256397352235,81.15700073242188,,,0.3132172767690715,1.0132836098077636,-0.14029435460769935
2020-02-10,74.13999938964844,74.26000213623047,72.04000091552734,72.55999755859375,51.70966339111328,1629492,PKN.WA,-0.02942756172783123,0.8454905361992188,80.46900062561035,,,0.31673588903955424,1.0132836098077636,-0.16559339555524621
2020-02-11,72.5,74.0,70.9800033569336,73.87999725341797,52.650352478027344,2389728,PKN.WA,0.018191837641095443,0.8608715627608376,79.89400062561035,,,0.33030102964778274,1.0132836098077636,-0.15041400608052957
2020-02-12,74.0,74.76000213623047,73.31999969482422,74.44000244140625,53.04944610595703,1127969,PKN.WA,0.007579929734802038,0.8673969087172541,79.36200065612793,,,0.3341785029004124,1.0132836098077636,-0.14397420394294802
2020-02-13,74.4000015258789,74.58000183105469,72.69999694824219,74.58000183105469,53.14921569824219,619338,PKN.WA,0.001880701035154253,0.8690282229813682,78.81200065612794,,,0.3325211795474859,1.0132836098077636,-0.14236427534218477
2020-02-14,75.0,76.66000366210938,75.0,76.0,54.16117477416992,1391238,PKN.WA,0.01903993207404331,0.88557446131736,78.30000076293945,,,0.34132278420191914,1.0132836098077636,-0.12603494940042714
2020-02-17,76.77999877929688,77.0999984741211,75.5199966430664,75.80000305175781,54.018638610839844,368560,PKN.WA,-0.002631538792660315,0.883244037768614,77.80300102233886,,,0.3415422843915912,1.0132836098077636,-0.1283348223345092
2020-02-18,75.0,76.45999908447266,74.80000305175781,75.5,53.80485153198242,1224861,PKN.WA,-0.003957823742473554,0.8797483135455352,77.33100090026855,,,0.3413631574694969,1.0132836098077636,-0.13178471947016113
2020-02-19,75.5,75.77999877929688,73.26000213623047,73.44000244140625,52.336795806884766,1615806,PKN.WA,-0.027284735875413912,0.8557446131736044,76.75300102233886,,,0.3488269013611224,1.0132836098077636,-0.1554737440824162
2020-02-20,73.5,73.72000122070312,72.5,72.87999725341797,51.93770980834961,1301767,PKN.WA,-0.00762534272020321,0.849219267217188,76.12300071716308,,,0.3455852531893402,1.0132836098077636,-0.16191354621999787
2020-02-21,72.54000091552734,73.72000122070312,72.44000244140625,73.30000305175781,52.23702621459961,856599,PKN.WA,0.005762977691662119,0.8541132989094903,75.51200103759766,,,0.34775245110871755,1.0132836098077636,-0.15708367268317946
2020-02-24,72.0999984741211,72.31999969482422,69.37999725341797,69.80000305175781,49.742767333984375,1026570,PKN.WA,-0.047748974819668444,0.8133302645067171,74.87300109863281,,,0.36432876614130083,1.0132836098077636,-0.19733206317131768
2020-02-25,69.80000305175781,70.27999877929688,68.30000305175781,68.31999969482422,48.68804168701172,1424565,PKN.WA,-0.0212034855619726,0.7960848279861336,74.20800094604492,,,0.36712723110279877,1.0132836098077636,-0.21435142118092299
2020-02-26,68.27999877929688,68.63999938964844,65.9000015258789,66.5999984741211,47.462284088134766,1518215,PKN.WA,-0.025175662007993704,0.7760428654270628,73.57400093078613,,,0.3647957789636801,1.0132836098077636,-0.23413064425833274
2020-02-27,66.16000366210938,66.62000274658203,59.70000076293945,60.900001525878906,43.400203704833984,1381356,PKN.WA,-0.0855855417242547,0.7096248163882447,72.81900100708008,,,0.443114320553195,1.0132836098077636,-0.2996779879594893
2020-02-28,59.5,59.7599983215332,55.040000915527344,58.63999938964844,41.78961944580078,3039912,PKN.WA,-0.037110050568227027,0.6832906035676082,71.96800079345704,,,0.4521486271583376,1.0132836098077636,-0.3256669732403551
2020-03-02,61.5,62.20000076293945,59.560001373291016,60.560001373291016,43.157901763916016,2037669,PKN.WA,0.032742189693499846,0.7056630341254048,71.34600086212158,,,0.4704223005425943,1.0132836098077636,-0.303587833361599
2020-03-03,61.79999923706055,62.79999923706055,60.619998931884766,62.2599983215332,44.36940002441406,1804094,PKN.WA,0.02807128318514107,0.7254719009896249,70.73700065612793,,,0.4780219028685195,1.0132836098077636,-0.28403865021831476
2020-03-04,62.0,62.0,59.040000915527344,59.040000915527344,42.074676513671875,1696461,PKN.WA,-0.05171855915216417,0.6879515395650599,69.85800056457519,,,0.47967897010883725,1.0132836098077636,-0.3210671396376622
2020-03-05,60.400001525878906,60.599998474121094,56.560001373291016,56.86000061035156,40.5211067199707,1742634,PKN.WA,-0.03692412383758026,0.6625495317239056,69.00600051879883,,,0.48061032633530637,1.0132836098077636,-0.3461361406510838
2020-03-06,56.2599983215332,56.5,53.52000045776367,54.34000015258789,38.72523880004883,1785479,PKN.WA,-0.04431938851060968,0.6331857416199114,67.9850004196167,,,0.48425280752714195,1.0132836098077636,-0.37511498706661495
2020-03-09,50.0,56.119998931884766,49.279998779296875,54.2400016784668,38.65397262573242,3127163,PKN.WA,-0.0018402369127769047,0.6320205298455384,67.06900062561036,,,0.48353341879038303,1.0132836098077636,-0.37626492353365615
2020-03-10,55.86000061035156,56.279998779296875,51.060001373291016,51.41999816894531,36.64430236816406,2203096,PKN.WA,-0.0519912135371674,0.5991610155184653,65.94600067138671,75.33320068359374,,0.4857466068681024,1.0132836098077636,-0.40869366708483923
2020-03-11,51.720001220703125,52.47999954223633,46.099998474121094,46.470001220703125,33.11670684814453,2119052,PKN.WA,-0.09626598841910694,0.5414821881373844,64.54750061035156,74.54620071411132,,0.5502144723454185,1.0132836098077636,-0.4656163556813947
2020-03-12,44.459999084472656,45.939998626708984,42.0,43.439998626708984,30.957382202148438,2372104,PKN.WA,-0.06520341111254857,0.5061757024141401,62.99050045013428,73.67580070495606,,0.5618793745013818,1.0132836098077636,-0.5004599921337227
2020-03-13,44.400001525878906,51.380001068115234,43.41999816894531,45.68000030517578,32.553714752197266,2757275,PKN.WA,0.051565417801130886,0.5322768639899061,61.474500465393064,72.8750006866455,,0.6065801724458691,1.0132836098077636,-0.47470100291971784
2020-03-16,45.689998626708984,49.29999923706055,42.66999816894531,48.0,34.207054138183594,2934275,PKN.WA,0.050788084048268844,0.5593101860951745,60.084500312805176,72.12060066223144,,0.6593735785748466,1.0132836098077636,-0.4480220733055331
2020-03-17,49.63999938964844,51.5,47.5,49.459999084472656,35.247520446777344,2882210,PKN.WA,0.030416647593180413,0.5763225269209076,58.78250026702881,71.46380058288574,,0.6825586106017815,1.0132836098077636,-0.4312327552300531
2020-03-18,50.0,51.400001525878906,47.0,47.869998931884766,34.114410400390625,2099720,PKN.WA,-0.03214719332833649,0.5577953752285058,57.50400009155273,70.7904005432129,,0.6834614692181439,1.0132836098077636,-0.4495170258064979
2020-03-19,48.5,50.70000076293945,47.720001220703125,50.5,35.98867416381836,1858193,PKN.WA,0.05494048729471501,0.5884409249542982,56.385000228881836,70.1072004699707,,0.7331009476594812,1.0132836098077636,-0.41927322295686287
2020-03-20,52.70000076293945,53.68000030517578,51.68000030517578,52.58000183105469,37.47098159790039,3527840,PKN.WA,0.041188155070389865,0.6126777210210795,55.34900016784668,69.45000045776368,,0.7581412096159278,1.0132836098077636,-0.3953541584104824
2020-03-23,52.0,53.380001068115234,49.11000061035156,49.720001220703125,35.43280792236328,1379722,PKN.WA,-0.05439331515318424,0.5793521486542452,54.34500007629394,68.71800048828125,,0.7622598428259088,1.0132836098077636,-0.42824285022812336
2020-03-24,52.5,52.599998474121094,49.65999984741211,50.099998474121094,35.70361328125,1545683,PKN.WA,0.007642744249566569,0.5837799889568465,53.43400001525879,68.01240051269531,,0.7663678998086076,1.0132836098077636,-0.42387305655955587
2020-03-25,52.41999816894531,52.459999084472656,49.68000030517578,51.20000076293945,36.48752212524414,1342522,PKN.WA,0.021956134178059195,0.5965975407248489,52.66400012969971,67.33480049133301,,0.7756737957135383,1.0132836098077636,-0.4112235360857823
2020-03-26,50.70000076293945,52.900001525878906,50.099998474121094,52.900001525878906,37.69902801513672,1519033,PKN.WA,0.033203139406395854,0.616406452039049,52.26400012969971,66.6812004852295,,0.7398039164514052,1.0132836098077636,-0.3916743090752338
2020-03-27,52.900001525878906,53.31999969482422,51.41999816894531,51.939998626708984,37.0148811340332,1697247,PKN.WA,-0.01814750229638995,0.6052202145351607,51.92900009155274,65.99520050048828,,0.7322409789184384,1.0132836098077636,-0.402713900948244
2020-03-30,52.36000061035156,53.34000015258789,50.720001220703125,52.47999954223633,37.39971160888672,1464477,PKN.WA,0.010396629376298483,0.6115124647967266,51.525,65.33000053405762,,0.7211684161154337,1.0132836098077636,-0.39650413874478785
2020-03-31,53.0,55.70000076293945,52.36000061035156,55.70000076293945,39.694435119628906,2814990,PKN.WA,0.061356731112614415,0.6490328706712715,51.197000122070314,64.74520050048828,,0.7511653778757964,1.0132836098077636,-0.35947560545817614
2020-04-01,54.0,55.939998626708984,53.0,55.58000183105469,39.608917236328125,1952017,PKN.WA,-0.0021543793580091064,0.6476346076520278,51.02400016784668,64.15680053710938,,0.7301292777393739,1.0132836098077636,-0.36085553799207837
2020-04-02,58.08000183105469,62.65999984741211,57.400001525878906,60.20000076293945,42.901344299316406,4160978,PKN.WA,0.08312340373661864,0.701468200617694,51.19100017547608,63.651200485229495,,0.7768196375630612,1.0132836098077636,-0.30772767483056995
2020-04-03,61.0,63.84000015258789,59.58000183105469,60.86000061035156,43.37169647216797,7507991,PKN.WA,0.010963452475874824,0.7091587138985035,51.51700019836426,63.1580005645752,,0.755705216881072,1.0132836098077636,-0.3001379800932116
2020-04-06,63.2400016784668,64.0,61.52000045776367,63.79999923706055,45.46687698364258,2384376,PKN.WA,0.048307568143680424,0.7434164467948402,51.99500007629395,62.78240051269531,,0.7689755393839154,1.0132836098077636,-0.26632934787539053
2020-04-07,64.80000305175781,67.91999816894531,64.80000305175781,64.9000015258789,46.25079345703125,2675560,PKN.WA,0.017241415391418657,0.7562339985628426,52.669000244140626,62.44800048828125,,0.7343012951015534,1.0132836098077636,-0.2536798274016171
2020-04-08,65.19999694824219,66.41999816894531,63.20000076293945,64.80000305175781,46.179527282714844,2168842,PKN.WA,-0.0015408085018491224,0.7550687867884696,53.58550033569336,62.15840057373047,,0.6151087055155409,1.0132836098077636,-0.2548297638686582
2020-04-09,65.9000015258789,66.58000183105469,63.20000076293945,64.86000061035156,46.2222785949707,2010462,PKN.WA,0.0009258882062987972,0.7557678960731014,54.65650043487549,61.9356005859375,,0.5370545307562283,1.0132836098077636,-0.25413981953533926
2020-04-10,64.86000061035156,64.86000061035156,64.86000061035156,64.86000061035156,46.2222785949707,0,PKN.WA,0.0,0.7557678960731014,55.61550045013428,61.71960052490235,,0.5289835210257012,1.0132836098077636,-0.25413981953533926
2020-04-13,64.86000061035156,64.86000061035156,64.86000061035156,64.86000061035156,46.2222785949707,0,PKN.WA,0.0,0.7557678960731014,56.45850048065186,61.556800537109375,,0.5180980273275747,1.0132836098077636,-0.25413981953533926
2020-04-14,66.0,66.08000183105469,64.04000091552734,65.05999755859375,46.364810943603516,2506617,PKN.WA,0.0030835175201997522,0.7580983196218473,57.23850040435791,61.369200439453124,,0.5168584239507883,1.0132836098077636,-0.2518399466012572
2020-04-15,65.5999984741211,65.5999984741211,61.91999816894531,62.0,44.18410873413086,1827899,PKN.WA,-0.04703347177100459,0.722442323706267,57.94500045776367,61.07680038452148,,0.53691221096994,1.0132836098077636,-0.28702851135298024
2020-04-16,60.34000015258789,61.34000015258789,59.20000076293945,60.0,42.758819580078125,3239850,PKN.WA,-0.032258064516129004,0.6991377326189682,58.42000045776367,60.79880035400391,,0.5369807356748143,1.0132836098077636,-0.3100275916319164
2020-04-17,61.5,61.779998779296875,60.15999984741211,61.2400016784668,43.64249801635742,2188806,PKN.WA,0.02066669464111337,0.7135865986510848,58.853000450134275,60.528400344848635,,0.525583241864155,1.0132836098077636,-0.2957681425573796
2020-04-20,62.0,62.41999816894531,60.2400016784668,61.900001525878906,44.11284637451172,1720325,PKN.WA,0.010777266971306654,0.7212771119318941,59.46200046539307,60.31520042419434,,0.47074654489590273,1.0132836098077636,-0.28817844782002133
2020-04-21,61.20000076293945,61.20000076293945,58.20000076293945,59.0,42.04616928100586,1250423,PKN.WA,-0.04684978116949623,0.6874854370753186,59.90700054168701,60.017600479125974,,0.5142811884873258,1.0132836098077636,-0.3215271317713845
2020-04-22,59.0,61.29999923706055,57.52000045776367,60.86000061035156,43.37169647216797,1570599,PKN.WA,0.03152543407375519,0.7091587138985034,60.39000053405762,59.74600044250488,,0.5186555982298164,1.0132836098077636,-0.3001379800932117
2020-04-23,61.5,61.79999923706055,60.47999954223633,61.459999084472656,43.79928207397461,1468774,PKN.WA,0.009858666909363212,0.7161500734447012,60.818000411987306,59.48360038757324,,0.5108753520118138,1.0132836098077636,-0.2932382735564365
2020-04-24,61.099998474121094,61.5,60.7599983215332,60.84000015258789,43.35744094848633,906959,PKN.WA,-0.010087844795321543,0.7089256626536329,61.26300048828125,59.180400390625,,0.5061811431158472,1.0132836098077636,-0.3003679761600726
2020-04-27,61.47999954223633,61.47999954223633,58.5,59.439998626708984,42.359737396240234,1108638,PKN.WA,-0.02301120187981054,0.6926124311125317,61.61100044250488,58.85320030212402,,0.5181949507645323,1.0132836098077636,-0.3164673499022336
2020-04-28,59.619998931884766,61.29999923706055,58.2400016784668,60.52000045776367,43.12939453125,1137703,PKN.WA,0.01816961399742345,0.7051969316356634,61.8520004272461,58.5536003112793,,0.4790233403139338,1.0132836098077636,-0.3040478254953213
2020-04-29,61.02000045776367,61.97999954223633,59.81999969482422,61.41999816894531,43.77077865600586,1698063,PKN.WA,0.014871079054431524,0.71568397095496,62.14400024414063,58.31320022583008,,0.4796580574549682,1.0132836098077636,-0.29369826569015867
2020-04-30,61.97999954223633,63.400001525878906,61.70000076293945,62.36000061035156,44.44066619873047,2491256,PKN.WA,0.015304501293220918,0.7266371572139776,62.25200023651123,58.10280029296875,,0.38505450012649495,1.0132836098077636,-0.2828886698840095
2020-05-01,62.36000061035156,62.36000061035156,62.36000061035156,62.36000061035156,44.44066619873047,0,PKN.WA,0.0,0.7266371572139776,62.32700023651123,57.88400024414062,,0.38365087260580155,1.0132836098077636,-0.2828886698840095
2020-05-04,61.13999938964844,61.279998779296875,59.439998626708984,59.52000045776367,42.416744232177734,1351793,PKN.WA,-0.04554201611275255,0.6935446360920139,62.113000297546385,57.67840019226074,,0.3763412403815171,1.0132836098077636,-0.31554736563478947
2020-05-05,59.79999923706055,61.15999984741211,59.79999923706055,60.5,43.115142822265625,1329262,PKN.WA,0.01646504594588749,0.7049638803907927,61.89300022125244,57.52200019836426,,0.3757917677582241,1.0132836098077636,-0.3042778215621825
2020-05-06,60.0,60.0,57.52000045776367,58.540000915527344,41.718353271484375,3471999,PKN.WA,-0.03239667908219268,0.682125391793235,61.58000011444092,57.36080024719238,,0.38965374484768894,1.0132836098077636,-0.3268169097073964
2020-05-07,58.720001220703125,61.2400016784668,57.79999923706055,60.86000061035156,43.37169647216797,1466580,PKN.WA,0.03963101569082572,0.7091587138985033,61.38000011444092,57.36000022888184,,0.4201912330474672,1.0132836098077636,-0.3001379800932118
2020-05-08,61.380001068115234,63.20000076293945,61.060001373291016,62.81999969482422,44.76848220825195,1326970,PKN.WA,0.03220504542912028,0.731997202496061,61.278000068664554,57.443600234985354,,0.4382422040797627,1.0132836098077636,-0.2775988919479978
2020-05-11,62.81999969482422,63.720001220703125,62.099998474121094,62.91999816894531,44.83974838256836,899385,PKN.WA,0.001591825447419204,0.7331624142704339,61.18099994659424,57.49080017089844,,0.43833792725241955,1.0132836098077636,-0.2764489554809568
2020-05-12,63.0,65.0,62.720001220703125,64.54000091552734,45.994239807128906,1413477,PKN.WA,0.0257470246936784,0.7520391650551317,61.15500011444092,57.53640022277832,,0.4485063204637515,1.0132836098077636,-0.25781966887058816
2020-05-13,64.19999694824219,64.33999633789062,62.20000076293945,62.7400016784668,44.71146774291992,1138675,PKN.WA,-0.027889668601282835,0.7310650419665586,61.192000198364255,57.61040023803711,,0.42649811245346225,1.0132836098077636,-0.27851883234817776
2020-05-14,62.439998626708984,62.7400016784668,59.880001068115234,61.380001068115234,43.74226760864258,1445566,PKN.WA,-0.02167677038520599,0.7152179129151985,61.26100025177002,57.70080024719238,,0.41712536357192276,1.0132836098077636,-0.2941582139566167
2020-05-15,62.34000015258789,62.900001525878906,60.380001068115234,60.65999984741211,43.22916793823242,962942,PKN.WA,-0.011730224962103186,0.7068282458997773,61.23200016021728,57.82720024108887,,0.4131817977118498,1.0132836098077636,-0.30243789689455824
2020-05-18,61.599998474121094,64.5999984741211,61.5,64.45999908447266,45.93722152709961,1422281,PKN.WA,0.0626442342007798,0.7511069600756494,61.36000003814697,58.03160018920899,,0.468670728893529,1.0132836098077636,-0.2587396531380325
2020-05-19,65.26000213623047,65.5999984741211,63.560001373291016,63.79999923706055,45.46687698364258,1359202,PKN.WA,-0.010238905628081052,0.74341644679484,61.6,58.27920021057129,,0.4343632874743443,1.0132836098077636,-0.26632934787539075
2020-05-20,63.400001525878906,64.9000015258789,63.040000915527344,64.55999755859375,46.00848388671875,1374534,PKN.WA,0.011912199539521717,0.7522721718500224,61.78499984741211,58.6410001373291,,0.42348478921557636,1.0132836098077636,-0.2575897166709914
2020-05-21,64.23999786376953,64.45999908447266,63.279998779296875,63.68000030517578,45.38136291503906,817419,PKN.WA,-0.01363068907521714,0.7420181837755964,61.895999908447266,59.04580017089844,,0.4268482273355529,1.0132836098077636,-0.267709280409293
2020-05-22,63.400001525878906,63.540000915527344,62.5,62.5,44.54043960571289,616943,PKN.WA,-0.018530155457299413,0.7282684714780916,61.97899990081787,59.382200164794924,,0.43108074816224057,1.0132836098077636,-0.2812787412832465
2020-05-25,63.279998779296875,63.779998779296875,62.880001068115234,63.060001373291016,44.93952178955078,198984,PKN.WA,0.008960021972656218,0.7347937729845281,62.160000038146975,59.68340019226074,,0.4216126321992817,1.0132836098077636,-0.2748389830129292
2020-05-26,64.19999694824219,66.4800033569336,63.900001525878906,65.86000061035156,46.9349250793457,1257613,PKN.WA,0.04440214361058481,0.7674201916167506,62.42700004577637,60.01140022277832,,0.443598407638305,1.0132836098077636,-0.24264027939587152
2020-05-27,66.30000305175781,69.5,66.0,66.54000091552734,47.41952896118164,1833973,PKN.WA,0.0103249362112654,0.7753437561424306,62.68300018310547,60.38480026245117,,0.44249512934906965,1.0132836098077636,-0.2348205885916521
2020-05-28,66.54000091552734,68.68000030517578,65.69999694824219,67.45999908447266,48.07516098022461,1241980,PKN.WA,0.013826242204493688,0.7860638467065977,62.93800010681152,60.724000244140626,,0.4420418547406637,1.0132836098077636,-0.22424103271962836
2020-05-29,67.0,67.18000030517578,65.26000213623047,66.76000213623047,47.576316833496094,2418198,PKN.WA,-0.010376474321703744,0.777907275386027,63.15800018310547,61.00760025024414,,0.44490702306138796,1.0132836098077636,-0.23229067572344453
2020-06-01,67.80000305175781,68.0,66.5,67.69999694824219,48.24619674682617,610432,PKN.WA,0.014080209435787028,0.7888603727450847,63.567000007629396,61.36720016479492,,0.40585646781798584,1.0132836098077636,-0.22148116765182413
2020-06-02,67.73999786376953,68.0,66.30000305175781,67.80000305175781,48.31747055053711,1622362,PKN.WA,0.001477195096361461,0.7900256734194177,63.932000160217285,61.72120025634766,,0.4045909240712993,1.0132836098077636,-0.2203311434502544
2020-06-03,68.0,69.54000091552734,67.81999969482422,68.76000213623047,49.001609802246094,1540461,PKN.WA,0.014159277894719269,0.8012118664733259,64.44300022125245,62.07240028381348,,0.3788996651494074,1.0132836098077636,-0.20929159544450848
2020-06-04,68.76000213623047,69.0999984741211,67.83999633789062,68.83999633789062,49.058616638183594,1196152,PKN.WA,0.0011633827686867715,0.8021439825528484,64.8420000076294,62.39120018005371,,0.3609500459278602,1.0132836098077636,-0.2083716989115928
2020-06-05,68.94000244140625,73.4000015258789,68.87999725341797,72.68000030517578,51.79518127441406,2457387,PKN.WA,0.05578158296867253,0.8468888436684415,65.33500003814697,62.806000213623044,,0.3916809497429802,1.0132836098077636,-0.1642134191540805
2020-06-08,73.0,73.5,71.08000183105469,71.5999984741211,51.02552032470703,1630425,PKN.WA,-0.014859683909189236,0.8343043431453097,65.76900005340576,63.188400192260744,,0.39930700164064714,1.0132836098077636,-0.1766329435609929
2020-06-09,71.5,71.77999877929688,69.08000183105469,69.5199966430664,49.5432243347168,1482084,PKN.WA,-0.02905030552209409,0.8100675470785283,66.01799983978272,63.46480010986328,,0.4119549038704545,1.0132836098077636,-0.2005520081073734
2020-06-10,69.69999694824219,70.5,69.08000183105469,69.87999725341797,49.799766540527344,1533847,PKN.WA,0.0051783749674196855,0.8142623805862389,66.37499961853027,63.75080001831055,,0.39430862013921797,1.0132836098077636,-0.19641216663840266
2020-06-11,69.87999725341797,69.87999725341797,69.87999725341797,69.87999725341797,49.799766540527344,0,PKN.WA,0.0,0.8142623805862389,66.79999942779541,63.944399948120115,,0.38165862094380903,1.0132836098077636,-0.19641216663840266
2020-06-12,67.0,67.86000061035156,64.5,66.36000061035156,47.2912483215332,1872228,PKN.WA,-0.050372020340831325,0.7732463393885751,67.08499946594239,64.05439994812012,,0.4283053166812765,1.0132836098077636,-0.23689050932613764
2020-06-15,65.44000244140625,65.44000244140625,62.70000076293945,62.7400016784668,44.71146774291992,1641778,PKN.WA,-0.0545509177002641,0.7310650419665585,66.99899959564209,64.03319999694824,,0.42048958152156274,1.0132836098077636,-0.27851883234817787
2020-06-16,64.12000274658203,67.26000213623047,64.12000274658203,66.5,47.391021728515625,1496971,PKN.WA,0.059929840945855295,0.7748776536526895,67.13399963378906,64.06519996643067,,0.470834310132395,1.0132836098077636,-0.23528058072537417
2020-06-17,67.0,67.19999694824219,65.0199966430664,66.0999984741211,47.105960845947266,1616180,PKN.WA,-0.00601506053953238,0.7702167176552377,67.21099967956543,64.09119987487793,,0.47037681247867674,1.0132836098077636,-0.23988041432806717
2020-06-18,66.0999984741211,66.86000061035156,64.80000305175781,65.9000015258789,46.96343994140625,1588118,PKN.WA,-0.003025672509213262,0.7678862941064918,67.32199974060059,64.11199989318848,,0.46732032082451413,1.0132836098077636,-0.24218028726214924
2020-06-19,66.45999908447266,66.9000015258789,65.45999908447266,66.23999786376953,47.20573043823242,6168560,PKN.WA,0.005159276631535592,0.7718480319193519,67.50899963378906,64.13959983825684,,0.46095510838022435,1.0132836098077636,-0.2382704857273038
2020-06-22,66.30000305175781,66.30000305175781,65.0,65.12000274658203,46.407569885253906,787142,PKN.WA,-0.01690813939171476,0.7587975178064388,67.61199970245362,64.14479988098145,,0.4658688829249976,1.0132836098077636,-0.25114991453340985
2020-06-23,65.80000305175781,67.36000061035156,65.77999877929688,66.37999725341797,47.305503845214844,961523,PKN.WA,0.01934880917833004,0.773479346183466,67.63799953460693,64.17119987487793,,0.44359206434786463,1.0132836098077636,-0.23666055712654066
2020-06-24,66.4000015258789,66.41999816894531,64.08000183105469,64.08000183105469,45.666419982910156,1019129,PKN.WA,-0.03464892313241019,0.7466791197730482,67.5149995803833,64.21279991149902,,0.4591869229559944,1.0132836098077636,-0.26310944680659987
2020-06-25,64.0,65.36000061035156,62.7599983215332,64.62000274658203,46.05125045776367,1159393,PKN.WA,0.008426980338593681,0.7529713700346141,67.37299976348876,64.30519996643066,,0.45719471724905125,1.0132836098077636,-0.2568996846031437
2020-06-26,65.0,65.62000274658203,63.58000183105469,63.720001220703125,45.40986633300781,754881,PKN.WA,-0.01392759962280421,0.7424842862653377,67.2209997177124,64.35479995727539,,0.4582554080025886,1.0132836098077636,-0.2672492882755707
2020-06-29,63.720001220703125,64.5999984741211,62.2400016784668,63.599998474121094,45.324344635009766,1033504,PKN.WA,-0.0018832822392200743,0.7410859787961142,67.01599979400635,64.38879989624023,,0.45434372449697635,1.0132836098077636,-0.2686292646767372
2020-06-30,63.79999923706055,64.08000183105469,62.15999984741211,62.619998931884766,44.625953674316406,1167817,PKN.WA,-0.015408798203589424,0.7296667344973353,66.75699958801269,64.46119987487793,,0.4562193166641671,1.0132836098077636,-0.27989880874934414
2020-07-01,63.0,63.31999969482422,61.79999923706055,63.279998779296875,45.0963020324707,864991,PKN.WA,0.010539761396834768,0.7373572477781448,66.48299942016601,64.50959983825683,,0.4545309793290562,1.0132836098077636,-0.27230911401198576
2020-07-02,63.619998931884766,64.80000305175781,63.439998626708984,63.52000045776367,45.267333984375,1272271,PKN.WA,0.003792694107088268,0.7401538182666119,66.21699962615966,64.55079986572265,,0.45500399318237844,1.0132836098077636,-0.26954920507691704
2020-07-03,63.900001525878906,63.91999816894531,62.540000915527344,63.439998626708984,45.2103271484375,442882,PKN.WA,-0.0012594746611799268,0.7392216132871295,65.75499954223633,64.60279983520508,,0.3976658144128265,1.0132836098077636,-0.27046918934436137
2020-07-06,64.69999694824219,64.87999725341797,63.0,64.0,45.609405517578125,1208974,PKN.WA,0.00882726017360369,0.7457469147935661,65.37499961853027,64.69399986267089,,0.39992542411104665,1.0132836098077636,-0.264029431074044
2020-07-07,64.0,64.0,63.099998474121094,63.31999969482422,45.12480926513672,775572,PKN.WA,-0.010625004768371582,0.7378233502678861,65.06499977111817,64.74999984741211,,0.3906483295542456,1.0132836098077636,-0.2718491218782634
2020-07-08,63.15999984741211,63.220001220703125,61.220001220703125,61.7599983215332,44.01307678222656,1822974,PKN.WA,-0.02463678744171771,0.7196457532178002,64.65899982452393,64.75679985046386,,0.3952901020439311,1.0132836098077636,-0.28978842028804874
2020-07-09,62.0,62.18000030517578,60.86000061035156,61.20000076293945,43.61399459838867,1160444,PKN.WA,-0.009067318228836552,0.7131204961613437,64.225,64.73359985351563,,0.39481676998695703,1.0132836098077636,-0.29622813469110165
2020-07-10,61.0,61.439998626708984,60.0,61.41999816894531,43.77077865600586,853408,PKN.WA,0.0035947288114919207,0.7156839709549603,63.97799987792969,64.7147998046875,,0.359871667531198,1.0132836098077636,-0.29369826569015833
2020-07-13,61.41999816894531,62.099998474121094,61.0,61.380001068115234,44.46623992919922,660364,PKN.WA,-0.0006512064803397832,0.7152179129151991,63.90999984741211,64.75199981689452,,0.3054331093323017,1.0132836098077636,-0.2941582139566161
2020-07-14,61.97999954223633,64.08000183105469,58.5,58.5,42.37984848022461,3172279,PKN.WA,-0.04692083769954991,0.6816592893034942,63.50999984741211,64.71199981689453,,0.25430104276721605,1.0132836098077636,-0.32727690184111824
2020-07-15,59.459999084472656,59.459999084472656,57.36000061035156,57.52000045776367,41.669898986816406,3522263,PKN.WA,-0.01675212892711675,0.6702400450047152,63.08099994659424,64.69159980773925,,0.2570030792374778,1.0132836098077636,-0.3385464459137253
2020-07-16,57.400001525878906,59.63999938964844,56.7400016784668,59.380001068115234,43.01736068725586,1646698,PKN.WA,0.03233658893513636,0.6919133218279,62.75499992370605,64.66199981689454,,0.29214446571278396,1.0132836098077636,-0.3171572942355524
2020-07-17,59.7599983215332,59.97999954223633,58.2400016784668,59.29999923706055,42.95940399169922,753318,PKN.WA,-0.0013472857799869953,0.6909811168484177,62.407999992370605,64.59159980773926,,0.29003904505792455,1.0132836098077636,-0.3180772785029967
2020-07-20,59.2400016784668,59.84000015258789,58.13999938964844,59.18000030517578,42.87247085571289,892802,PKN.WA,-0.002023590782945117,0.6895828538291741,62.11099987030029,64.51679985046387,,0.28697387390667645,1.0132836098077636,-0.31945721103689895
2020-07-21,59.52000045776367,60.70000076293945,58.91999816894531,59.7400016784668,43.278160095214844,984925,PKN.WA,0.009462679459331547,0.6961081553356107,61.77900009155273,64.42079986572266,,0.2780311709392571,1.0132836098077636,-0.31301745276658155
2020-07-22,59.79999923706055,60.0,58.779998779296875,58.779998779296875,42.58269500732422,638644,PKN.WA,-0.016069683163667414,0.6849219178317224,61.513999938964844,64.34159980773926,,0.25902137861080227,1.0132836098077636,-0.32405704463959184
2020-07-23,59.29999923706055,59.400001525878906,57.599998474121094,57.619998931884766,41.742340087890625,772714,PKN.WA,-0.019734601420588582,0.6714052567790882,61.16399974822998,64.26639976501465,,0.26012958049929813,1.0132836098077636,-0.3373965094466842
2020-07-24,57.400001525878906,57.81999969482422,56.63999938964844,57.81999969482422,41.887229919433594,800992,PKN.WA,0.003471030313205725,0.6737357247778142,60.86899967193604,64.20959976196289,,0.2600625461174845,1.0132836098077636,-0.33509659264533764
2020-07-27,57.81999969482422,57.880001068115234,56.63999938964844,56.939998626708984,41.24972152709961,687163,PKN.WA,-0.01521966573434641,0.6634816922534083,60.53599967956543,64.05919975280761,,0.2624324913156192,1.0132836098077636,-0.3452162002509035
2020-07-28,57.439998626708984,58.959999084472656,57.0,57.31999969482422,41.52500915527344,817353,PKN.WA,0.006673710524766063,0.6679095770059894,60.2709997177124,63.92959976196289,,0.2629509080604974,1.0132836098077636,-0.34084636271507174
2020-07-29,57.31999969482422,57.36000061035156,55.79999923706055,56.220001220703125,40.72812271118164,727279,PKN.WA,-0.019190482902609274,0.655092069687967,59.917999839782716,63.76279983520508,,0.26190157709534895,1.0132836098077636,-0.3534958393215808
2020-07-30,56.099998474121094,56.13999938964844,52.880001068115234,53.0,38.395416259765625,980078,PKN.WA,-0.05727501157572645,0.6175716638134221,59.39199981689453,63.54919982910156,,0.31637866741807014,1.0132836098077636,-0.3905243726081925
2020-07-31,53.20000076293945,54.5,52.279998779296875,53.279998779296875,38.598262786865234,1075247,PKN.WA,0.005282995835790061,0.6208342923416503,58.883999824523926,63.3647998046875,,0.31929134557224903,1.0132836098077636,-0.3873045154066661
2020-08-03,53.540000915527344,53.81999969482422,52.439998626708984,53.02000045776367,38.409908294677734,708088,PKN.WA,-0.0048798484889273075,0.6178047150582927,58.33499984741211,63.163999786376955,,0.31307602507212146,1.0132836098077636,-0.3902943765413315
2020-08-04,53.5,53.70000076293945,52.70000076293945,53.380001068115234,38.670711517333984,1088272,PKN.WA,0.006789902060418518,0.6219995485660033,57.83799991607666,62.914399795532226,,0.3180719017151489,1.0132836098077636,-0.38615453507236075
2020-08-05,54.0,55.58000183105469,53.400001525878906,54.08000183105469,39.177818298339844,1061625,PKN.WA,0.013113539695254417,0.6301561643365539,57.454000091552736,62.665199813842776,,0.32058446622867354,1.0132836098077636,-0.3781048482012802
2020-08-06,54.08000183105469,54.52000045776367,51.52000045776367,52.36000061035156,37.93177795410156,1238989,PKN.WA,-0.0318047552231302,0.6101142017774831,57.01200008392334,62.36319984436035,,0.3329939882116554,1.0132836098077636,-0.39788407127868997
2020-08-07,52.459999084472656,53.7400016784668,52.439998626708984,53.63999938964844,38.85906219482422,784371,PKN.WA,0.024446118494578783,0.6250291258493608,56.623000144958496,62.10079978942871,,0.350044964517311,1.0132836098077636,-0.3831646739376955
2020-08-10,54.0,54.099998474121094,52.720001220703125,53.20000076293945,38.540306091308594,567161,PKN.WA,-0.008202808197531386,0.6199021318121477,56.214000129699706,61.81079986572266,,0.3493930102018784,1.0132836098077636,-0.3882244558068464
2020-08-11,53.560001373291016,54.779998779296875,53.02000045776367,54.5,39.48208236694336,1108784,PKN.WA,0.024436075534159718,0.635050107128896,56.01400012969971,61.5447998046875,,0.33236220530050375,1.0132836098077636,-0.3732750623989908
2020-08-12,54.70000076293945,56.18000030517578,54.29999923706055,55.459999084472656,40.177547454833984,1208792,PKN.WA,0.017614662100415623,0.6462363001828042,55.91100006103515,61.27879974365234,,0.33631104211271723,1.0132836098077636,-0.362235514393245
2020-08-13,55.619998931884766,57.720001220703125,55.400001525878906,55.70000076293945,40.351409912109375,1299770,PKN.WA,0.00432747353820262,0.6490328706712712,55.727000045776364,61.01599983215332,,0.31268405038786223,1.0132836098077636,-0.35947560545817636
2020-08-14,55.86000061035156,56.29999923706055,54.7599983215332,55.58000183105469,40.26447677612305,629542,PKN.WA,-0.0021543793580091064,0.6476346076520276,55.54100017547607,60.6739998626709,,0.3126403700947763,1.0132836098077636,-0.3608555379920786
2020-08-17,55.5,56.58000183105469,55.099998474121094,56.58000183105469,40.988922119140625,908319,PKN.WA,0.01799208289052734,0.6592869031956771,55.41100025177002,60.37359992980957,,0.32145790617392467,1.0132836098077636,-0.3493559978526105
2020-08-18,56.599998474121094,56.599998474121094,53.599998474121094,53.619998931884766,38.844573974609375,1375019,PKN.WA,-0.05231535530890152,0.6247960746044898,55.10500011444092,60.055599975585935,,0.36409278094840086,1.0132836098077636,-0.38339467000455696
2020-08-19,53.79999923706055,53.79999923706055,52.58000183105469,52.58000183105469,38.091156005859375,1050867,PKN.WA,-0.019395694172825717,0.6126777210210791,54.79500026702881,59.70960006713867,,0.3656059018313164,1.0132836098077636,-0.3953541584104828
2020-08-20,52.58000183105469,54.779998779296875,52.29999923706055,53.68000030517578,38.888038635253906,800850,PKN.WA,0.02092047234337313,0.6254952283391014,54.59800033569336,59.38560012817383,,0.3727305299053055,1.0132836098077636,-0.3827046818039739
2020-08-21,54.15999984741211,54.2599983215332,52.79999923706055,53.02000045776367,38.409908294677734,628879,PKN.WA,-0.01229507905476801,0.617804715058292,54.35800037384033,59.11880012512207,,0.3731507055231648,1.0132836098077636,-0.39029437654133214
2020-08-24,53.439998626708984,53.79999923706055,52.619998931884766,53.18000030517578,38.52581787109375,726457,PKN.WA,0.0030177262548227723,0.6196690805672768,54.17000045776367,58.92760009765625,,0.37152654353144393,1.0132836098077636,-0.38845445187370775
2020-08-25,53.70000076293945,55.18000030517578,53.540000915527344,53.70000076293945,38.90252685546875,1258134,PKN.WA,0.009778120623911812,0.6257282795839721,53.989000511169436,58.67160011291504,,0.3727760111261444,1.0132836098077636,-0.38247468573711263
2020-08-26,53.599998474121094,54.959999084472656,53.34000015258789,54.279998779296875,39.32270050048828,1068521,PKN.WA,0.010800707786166486,0.6324865878852993,53.892000389099124,58.43520011901855,,0.37068406848437124,1.0132836098077636,-0.3758049752671986
2020-08-27,54.52000045776367,54.58000183105469,53.220001220703125,53.900001525878906,39.047420501708984,558125,PKN.WA,-0.0070006864768557,0.6280587475826981,53.93700046539307,58.19520011901855,,0.30799188327252514,1.0132836098077636,-0.38017476893576607
2020-08-28,53.619998931884766,53.880001068115234,52.220001220703125,52.41999816894531,37.975242614746094,1186598,PKN.WA,-0.027458317533126664,0.6108133110621146,53.89400043487549,57.91880012512207,,0.32352244938210994,1.0132836098077636,-0.3971941269453714
2020-08-31,52.70000076293945,53.400001525878906,50.63999938964844,50.63999938964844,36.685733795166016,2001045,PKN.WA,-0.03395648304984844,0.5900722392184121,53.775000381469724,57.6292000579834,,0.3443981266412573,1.0132836098077636,-0.41766329435609995
2020-09-01,50.86000061035156,51.459999084472656,49.5,50.31999969482422,36.453914642333984,1082599,PKN.WA,-0.006319109373639331,0.5863435082004427,53.62200031280518,57.30800010681153,,0.3430675901540232,1.0132836098077636,-0.4213431436913485
2020-09-02,50.7599983215332,51.119998931884766,49.869998931884766,50.29999923706055,36.43942642211914,925487,PKN.WA,-0.00039746537927198844,0.5861104569555721,53.43300018310547,57.03240005493164,,0.33811207142862765,1.0132836098077636,-0.42157313975820965
2020-09-03,50.560001373291016,51.20000076293945,50.20000076293945,50.5,36.58431625366211,714084,PKN.WA,0.003976158369245031,0.588440924954298,53.34000015258789,56.75,,0.3216981059604852,1.0132836098077636,-0.4192732229568631
2020-09-04,50.119998931884766,51.220001220703125,50.0,50.279998779296875,36.42493438720703,567687,PKN.WA,-0.004356459815903491,0.5858774057107016,53.172000122070315,56.481199951171874,,0.306652034776426,1.0132836098077636,-0.4218031358250707
2020-09-07,51.0,51.0,50.0,50.439998626708984,36.54085159301758,322224,PKN.WA,0.0031821768356523616,0.5877417712196863,53.03400001525879,56.217999954223636,,0.3067773184324666,1.0132836098077636,-0.4199632111574463
2020-09-08,50.65999984741211,50.81999969482422,47.86000061035156,48.099998474121094,34.84565353393555,1222968,PKN.WA,-0.046391756865528766,0.5604753978695474,52.71399993896485,55.92759994506836,,0.32672767823301185,1.0132836098077636,-0.44687213683849214
2020-09-09,48.29999923706055,49.81999969482422,48.189998626708984,49.439998626708984,35.81640625,1936925,PKN.WA,0.027858631914694065,0.5760894756760367,52.41299991607666,55.650799942016604,,0.33837256054848486,1.0132836098077636,-0.43146275129691447
2020-09-10,49.79999923706055,50.08000183105469,48.29999923706055,49.220001220703125,35.65702819824219,703883,PKN.WA,-0.004449785843784637,0.5735260008824202,52.08899993896485,55.36479995727539,,0.3364170077580561,1.0132836098077636,-0.4339926202978577
2020-09-11,49.459999084472656,49.5099983215332,48.619998931884766,49.5099983215332,35.86711883544922,651998,PKN.WA,0.005891854807758445,0.5769051328080937,51.78549976348877,55.08619995117188,,0.3388242872579834,1.0132836098077636,-0.4306577869965329
2020-09-14,50.20000076293945,50.279998779296875,48.79999923706055,48.90999984741211,35.43244934082031,489947,PKN.WA,-0.0121187334773174,0.5699137732618961,51.40199966430664,54.78439994812012,,0.3277580647720232,1.0132836098077636,-0.437557493533308
2020-09-15,49.0,49.40999984741211,48.209999084472656,48.599998474121094,35.2078742980957,767342,PKN.WA,-0.006338200250626591,0.566301545641372,51.15099964141846,54.48999992370605,,0.28081384281054733,1.0132836098077636,-0.44112236676875816
2020-09-16,48.72999954223633,48.72999954223633,47.529998779296875,47.70000076293945,34.55587387084961,765202,PKN.WA,-0.018518472004909192,0.5558145063220755,50.906999588012695,54.20879997253418,,0.2802237910783055,1.0132836098077636,-0.45147192657392077
2020-09-17,49.439998626708984,49.880001068115234,47.54999923706055,49.880001068115234,36.13515853881836,1302162,PKN.WA,0.04570231174649231,0.5812165141632297,50.71699962615967,53.982399978637694,,0.3211096800845674,1.0132836098077636,-0.4264029255604993
2020-09-18,49.88999938964844,49.88999938964844,48.11000061035156,48.11000061035156,34.85289764404297,1658241,PKN.WA,-0.03548517281197716,0.5605919457169726,50.471499633789065,53.71620002746582,,0.339582695972657,1.0132836098077636,-0.4467571168714295
2020-09-21,48.119998931884766,48.59000015258789,46.2599983215332,46.5,33.686546325683594,981557,PKN.WA,-0.033464988358473335,0.5418317427797001,50.13749961853027,53.41860000610352,,0.3531098758371862,1.0132836098077636,-0.4652713835147354
2020-09-22,46.54999923706055,46.79999923706055,44.79999923706055,45.400001525878906,32.88966369628906,1255401,PKN.WA,-0.0236558811638945,0.5290142354616777,49.72249965667724,53.15660003662109,,0.35266974851167787,1.0132836098077636,-0.47792086012124446
2020-09-23,45.04999923706055,46.2599983215332,45.02000045776367,45.16999816894531,32.72304153442383,869355,PKN.WA,-0.005066153066151102,0.5263341683706559,49.26699962615967,52.909599990844725,,0.3458069852050724,1.0132836098077636,-0.4805657929565148
2020-09-24,45.0,45.08000183105469,43.849998474121094,44.06999969482422,31.9261531829834,988582,PKN.WA,-0.02435241352029438,0.5135166610526335,48.775499534606936,52.603399963378905,,0.349990661681063,1.0132836098077636,-0.493215269563024
2020-09-25,44.099998474121094,44.939998626708984,44.04999923706055,44.43000030517578,32.186954498291016,844178,PKN.WA,0.00816883623427489,0.5177114945603442,48.37599964141846,52.30599998474121,,0.34897727254403615,1.0132836098077636,-0.489075428094053
2020-09-28,45.0,46.66999816894531,44.4900016784668,46.5,33.686546325683594,933130,PKN.WA,0.04659013460738315,0.5418317427797001,48.168999671936035,52.052399978637695,,0.38481406369369,1.0132836098077636,-0.4652713835147354
2020-09-29,46.65999984741211,46.79999923706055,45.02000045776367,45.15999984741211,32.71579360961914,855237,PKN.WA,-0.028817207582535254,0.5262176649732107,47.91099967956543,51.760799942016604,,0.3947874779923591,1.0132836098077636,-0.4806807690563132
2020-09-30,45.150001525878906,46.099998474121094,44.84000015258789,45.849998474121094,33.215660095214844,900730,PKN.WA,0.015278977613825795,0.534257732896336,47.68849964141846,51.50219993591308,,0.40113587848725313,1.0132836098077636,-0.4727461021522953
2020-10-01,46.31999969482422,46.45000076293945,44.86000061035156,44.86000061035156,32.49846267700195,757520,PKN.WA,-0.021592102436564065,0.5227219852001119,47.40649967193603,51.246999969482424,,0.4043779125720794,1.0132836098077636,-0.4841306223247006
2020-10-02,44.63999938964844,44.65999984741211,43.70000076293945,43.939998626708984,31.831972122192383,1190542,PKN.WA,-0.020508291821785818,0.5120018501859648,47.08949966430664,50.96939994812012,,0.4077710356309552,1.0132836098077636,-0.49471022206398874
2020-10-05,44.79999923706055,46.63999938964844,44.79999923706055,46.0,33.32432556152344,978534,PKN.WA,0.046882144689891714,0.5360055950078755,46.86749973297119,50.750599975585935,,0.44883396208295634,1.0132836098077636,-0.4710211535844693
2020-10-06,46.97999954223633,47.20000076293945,46.25,46.790000915527344,33.896636962890625,808101,PKN.WA,0.017173932946246584,0.5452109191553537,46.8019998550415,50.54,62.02050016403198,0.42573913283683973,1.0132836098077636,-0.46193650634614614
2020-10-07,46.7599983215332,46.869998931884766,46.150001525878906,46.7599983215332,33.874900817871094,678914,PKN.WA,-0.0006412180681146795,0.5448613200630579,46.667999839782716,50.3507999420166,61.825200157165526,0.41187379489656983,1.0132836098077636,-0.4622815223800699
2020-10-08,46.91999816894531,46.95000076293945,45.970001220703125,46.65999984741211,33.80245590209961,829313,PKN.WA,-0.0021385474275144034,0.5436961082886849,46.53999977111816,50.223999938964845,61.62370016098023,0.41180785324160973,1.0132836098077636,-0.463431458847111
2020-10-09,46.400001525878906,46.400001525878906,44.93000030517578,45.83000183105469,33.201171875,1252860,PKN.WA,-0.01778821301053768,0.5340247261014454,46.35599994659424,50.075,61.42425016403198,0.4140938716721431,1.0132836098077636,-0.47297605435189205
2020-10-12,45.97999954223633,46.18000030517578,44.58000183105469,44.70000076293945,32.38255310058594,1148098,PKN.WA,-0.024656360963737467,0.5208576196911271,46.1454999923706,49.90860000610351,61.219150161743165,0.41989199395794075,1.0132836098077636,-0.485970546992325
2020-10-13,44.720001220703125,45.0,43.15999984741211,43.939998626708984,31.831972122192383,1420674,PKN.WA,-0.017002284636661202,0.5120018501859647,45.9125,49.71979995727539,61.02735013961792,0.42232449505989966,1.0132836098077636,-0.49471022206398885
2020-10-14,44.0,44.060001373291016,42.81999969482422,43.29999923706055,31.368331909179688,1779708,PKN.WA,-0.014565302905116928,0.5045443881500258,45.69249992370605,49.50419990539551,60.83615013122559,0.42083876716164736,1.0132836098077636,-0.5020699207344861
2020-10-15,42.79999923706055,42.95000076293945,40.7599983215332,40.79999923706055,29.557226181030273,1573861,PKN.WA,-0.057736721571584826,0.47541364929090213,45.23849983215332,49.272999877929685,60.61685010910034,0.4173502693798828,1.0132836098077636,-0.5308187710831562
2020-10-16,40.81999969482422,42.45000076293945,40.02000045776367,42.099998474121094,30.499000549316406,1213883,PKN.WA,0.03186272699435966,0.4905616246076504,44.9379997253418,49.04219985961914,60.40015008926392,0.4303613669666494,1.0132836098077636,-0.5158693776753007
2020-10-19,42.93000030517578,43.400001525878906,42.279998779296875,42.63999938964844,30.89020347595215,1263641,PKN.WA,0.012826625536798586,0.4968538748692163,44.744999694824216,48.83099983215332,60.18175008773804,0.4229140042441903,1.0132836098077636,-0.5096596154718445
2020-10-20,42.599998474121094,43.08000183105469,41.439998626708984,42.45000076293945,30.752561569213867,867743,PKN.WA,-0.004455877800859209,0.49463995471791566,44.59749965667724,48.58999984741211,59.967100105285645,0.41651360830452416,1.0132836098077636,-0.5118445123061283
2020-10-21,42.4900016784668,43.099998474121094,41.79999923706055,41.79999923706055,30.28167152404785,664705,PKN.WA,-0.01531216759002707,0.4870659448345515,44.428999710083005,48.316799850463866,59.750700092315675,0.4187607909452314,1.0132836098077636,-0.5193192309436883
2020-10-22,41.5,42.189998626708984,41.0,41.84000015258789,30.31064796447754,847850,PKN.WA,0.0009569597190777213,0.4875320473242927,44.31749973297119,48.039599838256834,59.53200008392334,0.4116532976997707,1.0132836098077636,-0.518859238809966
2020-10-23,42.02000045776367,42.70000076293945,41.540000915527344,41.7599983215332,30.252689361572266,1372466,PKN.WA,-0.001912089645385362,0.4865998423448104,44.183999633789064,47.76319976806641,59.30960008621216,0.40981273423989867,1.0132836098077636,-0.5197792230774103
2020-10-26,41.279998779296875,41.58000183105469,40.119998931884766,40.119998931884766,29.064607620239258,831604,PKN.WA,-0.03927201761410959,0.4674900847652221,43.8649995803833,47.43399971008301,59.08150009155273,0.3852232704636828,1.0132836098077636,-0.5386384618873756
2020-10-27,40.20000076293945,40.29999923706055,38.09000015258789,38.650001525878906,27.999677658081055,1893772,PKN.WA,-0.03664001608029954,0.45036124054204374,43.53949966430664,47.13459976196289,58.850050086975095,0.39202121685971203,1.0132836098077636,-0.555542756062654
2020-10-28,38.0,39.0,37.20000076293945,37.7400016784668,27.340438842773438,1322678,PKN.WA,-0.02354462642912969,0.4397576533753219,43.133999824523926,46.83779975891113,58.61375009536743,0.38633216397193676,1.0132836098077636,-0.5660073358348794
2020-10-29,39.70000076293945,39.7400016784668,37.7400016784668,38.9900016784668,28.245988845825195,1931251,PKN.WA,0.03312135517771342,0.45432302280488374,42.84049987792969,46.54399978637695,58.381300086975095,0.4114378049344833,1.0132836098077636,-0.5516329106605442
2020-10-30,38.970001220703125,38.970001220703125,37.54999923706055,38.099998474121094,27.601232528686523,1513862,PKN.WA,-0.02282644693593916,0.4439524424330526,42.54849987030029,46.2455997467041,58.14420009613037,0.41255287823374664,1.0132836098077636,-0.5618675382331728
2020-11-02,38.52000045776367,38.9900016784668,38.0,38.90999984741211,28.188030242919922,1237227,PKN.WA,0.02125987941551233,0.45339081782540147,42.1939998626709,45.96019973754883,57.92585008621216,0.37682518964330314,1.0132836098077636,-0.5525528949279885
2020-11-03,39.20000076293945,42.880001068115234,39.099998474121094,42.77000045776367,30.984378814697266,2939846,PKN.WA,0.09920330571803615,0.4983686857358852,41.99299983978271,45.74159973144531,57.73160007476807,0.530751934762615,1.0132836098077636,-0.5081646629708795
2020-11-04,42.599998474121094,42.720001220703125,40.220001220703125,41.0099983215332,29.709360122680664,1661945,PKN.WA,-0.04115038852918673,0.47786062068707336,41.70549983978272,45.47619972229004,57.540250072479246,0.5466302407295727,1.0132836098077636,-0.5284038781820113
2020-11-05,41.189998626708984,41.70000076293945,40.41999816894531,40.779998779296875,29.542739868164062,1536571,PKN.WA,-0.005608377265296394,0.4751805980460316,41.41149978637695,45.2137996673584,57.364150066375736,0.5464448398589172,1.0132836098077636,-0.5310487671500173
2020-11-06,40.720001220703125,40.779998779296875,38.7599983215332,39.459999084472656,28.586477279663086,1304588,PKN.WA,-0.03236880172478951,0.4597995714844127,41.092999649047854,44.954599685668946,57.18315004348755,0.5529713405665754,1.0132836098077636,-0.546228156624734
2020-11-09,40.119998931884766,45.400001525878906,39.52000045776367,45.13999938964844,32.7013053894043,4060341,PKN.WA,0.1439432447278195,0.52598461372834,41.1149995803833,44.844599685668946,57.04385004043579,0.7645197001298873,1.0132836098077636,-0.4809107651231742
2020-11-10,46.0,49.790000915527344,45.099998474121094,47.939998626708984,34.729740142822266,3903216,PKN.WA,0.062029226294199935,0.5586110323605626,41.3149995803833,44.79699966430664,56.9113500213623,0.7901389748657385,1.0132836098077636,-0.4487120615061164
2020-11-11,47.939998626708984,47.939998626708984,47.939998626708984,47.939998626708984,34.729740142822266,0,PKN.WA,0.0,0.5586110323605626,41.546999549865724,44.74979965209961,56.76795000076294,0.7869204653884557,1.0132836098077636,-0.4487120615061164
2020-11-12,47.81999969482422,49.0,45.58000183105469,46.91999816894531,33.99081039428711,2656991,PKN.WA,-0.0212766059028503,0.5467256855720426,41.85299949645996,44.67819961547852,56.633049983978275,0.7577194520812984,1.0132836098077636,-0.46044159771244564
2020-11-13,46.849998474121094,46.849998474121094,45.20000076293945,45.7599983215332,33.15045928955078,1175617,PKN.WA,-0.024722930364048268,0.5332090245194084,42.03599948883057,44.587799606323244,56.48804996490478,0.7607415700250972,1.0132836098077636,-0.473781062519538
2020-11-16,46.84000015258789,49.68000030517578,46.61000061035156,49.599998474121094,35.932315826416016,2728175,PKN.WA,0.08391609032863334,0.5779538411850216,42.3839994430542,44.57099960327148,56.37324996948242,0.8104090061169077,1.0132836098077636,-0.4296228266292901
2020-11-17,49.9900016784668,51.880001068115234,49.0099983215332,50.36000061035156,36.48289489746094,3527158,PKN.WA,0.015322624185704292,0.5868096106901839,42.7794994354248,44.61619964599609,56.25564998626709,0.8091689283177376,1.0132836098077636,-0.42088315155762634
2020-11-18,50.36000061035156,52.459999084472656,49.849998474121094,52.400001525878906,37.96075439453125,1784027,PKN.WA,0.040508357641044546,0.610580304267224,43.30949954986572,44.675399703979494,56.14544998168945,0.8104914922241377,1.0132836098077636,-0.397424079144968
2020-11-19,51.599998474121094,51.779998779296875,50.040000915527344,50.279998779296875,36.42493438720703,1597091,PKN.WA,-0.04045806650473127,0.5858774057107016,43.73149948120117,44.69659965515137,56.02394996643066,0.8314088315768444,1.0132836098077636,-0.4218031358250707
2020-11-20,50.29999923706055,50.439998626708984,48.349998474121094,50.040000915527344,36.25107192993164,2714851,PKN.WA,-0.004773227318938478,0.5830808796722144,44.14549961090088,44.70719970703125,55.894149971008304,0.8320360592127247,1.0132836098077636,-0.424563000892875
2020-11-23,51.79999923706055,52.880001068115234,50.599998474121094,52.540000915527344,38.06217575073242,1743461,PKN.WA,0.04996003106035629,0.6122116185313381,44.76649971008301,44.779799728393556,55.777849960327146,0.8217021742078865,1.0132836098077636,-0.3958141505442049
2020-11-24,53.0,54.380001068115234,52.91999816894531,54.02000045776367,39.13434982299805,2076896,PKN.WA,0.02816900488098284,0.6294570106019418,45.53499965667724,44.88819976806641,55.67044996261597,0.7998083101059061,1.0132836098077636,-0.37879483640186373
2020-11-25,54.52000045776367,55.20000076293945,53.20000076293945,53.5,38.75764083862305,1887627,PKN.WA,-0.009626072812980446,0.6233978115852465,46.32299957275391,45.004199752807615,55.57074995040894,0.7916960820194905,1.0132836098077636,-0.38477460253845885
2020-11-26,53.52000045776367,54.18000030517578,53.15999984741211,54.0,39.1198616027832,720162,PKN.WA,0.009345794392523255,0.6292239593570712,47.073499488830564,45.08659973144531,55.476349964141846,0.7904616174633876,1.0132836098077636,-0.37902483246872487
2020-11-27,53.79999923706055,53.79999923706055,52.599998474121094,53.52000045776367,38.77212905883789,858331,PKN.WA,-0.008888880411783817,0.623630862830117,47.844499588012695,45.194799728393555,55.377449951171876,0.782529461106283,1.0132836098077636,-0.3845446064715978
2020-11-30,52.79999923706055,58.08000183105469,50.68000030517578,55.34000015258789,40.090614318847656,7686239,PKN.WA,0.034005973080297514,0.6448380371635607,48.66599960327149,45.371599731445315,55.305149936676024,0.7844875391891466,1.0132836098077636,-0.3636154469271471
2020-12-01,57.0,57.47999954223633,55.79999923706055,56.97999954223633,41.27869415283203,2346083,PKN.WA,0.02963497262606607,0.663947794743149,49.376499557495116,45.60319969177246,55.24844993591309,0.7267511293767349,1.0132836098077636,-0.3447562081171818
2020-12-02,57.2400016784668,57.2400016784668,55.2599983215332,56.31999969482422,40.80056381225586,1613308,PKN.WA,-0.011583008998146571,0.6562572814623395,50.14199962615967,45.82619972229004,55.197049942016605,0.7034420738019671,1.0132836098077636,-0.35234590285454015
2020-12-03,56.5,56.779998779296875,55.47999954223633,55.47999954223633,40.19203567504883,1464581,PKN.WA,-0.014914775517392065,0.6464693514276747,50.87699966430664,46.05439971923828,55.16994993209839,0.7081473958263378,1.0132836098077636,-0.36200551832638395
2020-12-04,56.41999816894531,57.599998474121094,55.68000030517578,57.5,41.65540313720703,1660774,PKN.WA,0.03640952549442367,0.6700069937598442,51.778999710083006,46.315799713134766,55.164249935150146,0.6870812408306215,1.0132836098077636,-0.33877644198058676
2020-12-07,57.63999938964844,59.86000061035156,56.880001068115234,59.599998474121094,43.17673873901367,2644167,PKN.WA,0.036521712593410305,0.6944767966215161,52.50199966430664,46.57779968261719,55.159449920654296,0.5136863663035129,1.0132836098077636,-0.3146274252346096
2020-12-08,59.5,60.68000030517578,58.79999923706055,60.0,43.466514587402344,2126961,PKN.WA,0.006711435169794333,0.6991377326189678,53.104999732971194,46.87459968566895,55.14814992904663,0.482344562994642,1.0132836098077636,-0.31002759163191673
2020-12-09,60.0,62.5,59.900001525878906,61.70000076293945,44.69806671142578,2571429,PKN.WA,0.02833334604899096,0.718946643933168,53.792999839782716,47.191599731445315,55.161449928283695,0.4837023516100091,1.0132836098077636,-0.290478364621368
2020-12-10,61.7599983215332,62.36000061035156,60.099998474121094,61.97999954223633,44.90090560913086,2152723,PKN.WA,0.004538067679653146,0.7222092724613962,54.545999908447264,47.53399971008301,55.18704992294312,0.4677650946269431,1.0132836098077636,-0.2872585074198416
2020-12-11,62.099998474121094,62.099998474121094,59.7599983215332,61.939998626708984,44.87192916870117,2139258,PKN.WA,-0.0006453842501255025,0.721743169971655,55.35499992370605,47.89399971008301,55.22504991531372,0.44845099827329127,1.0132836098077636,-0.28771849955356377
2020-12-14,62.040000915527344,63.20000076293945,60.220001220703125,60.86000061035156,44.089534759521484,1164814,PKN.WA,-0.01743619696968668,0.7091587138985032,55.918000030517575,48.19119972229004,55.25814990997314,0.3833231526965321,1.0132836098077636,-0.3001379800932119
2020-12-15,60.0,60.439998626708984,59.060001373291016,59.900001525878906,43.39406967163086,1147012,PKN.WA,-0.015773892126931255,0.6979725208445948,56.39500007629395,48.45339973449707,55.30054992675781,0.393940997602058,1.0132836098077636,-0.3111775280989578
2020-12-16,59.959999084472656,61.5,59.720001220703125,60.060001373291016,43.509979248046875,1001888,PKN.WA,0.002671115915464206,0.6998368863535795,56.778000068664554,48.719399795532226,55.36849992752075,0.3763056442979492,1.0132836098077636,-0.30933760343133343
2020-12-17,60.31999969482422,60.900001525878906,56.900001525878906,58.5,42.37984848022461,2308463,PKN.WA,-0.025974048245439363,0.6816592893034936,57.18900012969971,48.95619979858398,55.44379993438721,0.3549270466250381,1.0132836098077636,-0.3272769018411188
2020-12-18,58.0,59.439998626708984,57.900001525878906,58.47999954223633,42.3653564453125,1990619,PKN.WA,-0.0003418881669003948,0.681426238058623,57.611000061035156,49.20919975280762,55.50779993057251,0.3531836015077309,1.0132836098077636,-0.32750689790797993
2020-12-21,57.400001525878906,57.47999954223633,53.52000045776367,54.84000015258789,39.7283935546875,2102910,PKN.WA,-0.06224349210227853,0.6390118893917357,57.726000022888186,49.411999740600585,55.54199993133545,0.3983046969380286,1.0132836098077636,-0.3693652169968814
2020-12-22,54.939998626708984,56.5,54.2400016784668,56.2599983215332,40.75709915161133,1098398,PKN.WA,0.025893474926956372,0.6555581277277276,57.83799991607666,49.65839973449707,55.575999927520755,0.39643306800537964,1.0132836098077636,-0.35303589105512356
2020-12-23,56.7400016784668,58.0,56.34000015258789,57.41999816894531,41.59744644165039,713856,PKN.WA,0.02061855460397566,0.6690747887803618,58.033999824523924,49.940799713134766,55.62374992370606,0.3988624495996085,1.0132836098077636,-0.3396964262480312
2020-12-28,58.560001373291016,59.939998626708984,58.5,59.599998474121094,43.17673873901367,829318,PKN.WA,0.03796587207755775,0.694476796621516,58.31399974822998,50.31679969787598,55.66924991607666,0.4166399102670133,1.0132836098077636,-0.31462742523460974
2020-12-29,60.0,61.0,58.84000015258789,59.20000076293945,42.886959075927734,849821,PKN.WA,-0.0067113711648050245,0.6898159050740441,58.59799976348877,50.658799743652345,55.70234991073608,0.41572879022867565,1.0132836098077636,-0.31922721497003836
2020-12-30,59.20000076293945,59.29999923706055,57.599998474121094,57.720001220703125,41.814788818359375,1451962,PKN.WA,-0.024999991945318323,0.6725705130034405,58.71699981689453,50.960399780273434,55.74234991073608,0.41460881870825833,1.0132836098077636,-0.3362465291123794
2021-01-04,58.939998626708984,60.619998931884766,58.619998931884766,58.97999954223633,42.72758102416992,1028132,PKN.WA,0.02182949228839015,0.6872523858304477,58.81699981689453,51.290999755859374,55.78674991607666,0.40870049379026235,1.0132836098077636,-0.32175712783824595
2021-01-05,58.70000076293945,60.18000030517578,58.099998474121094,59.599998474121094,43.17673873901367,1458858,PKN.WA,0.010512019950776219,0.6944767966215158,58.98099975585937,51.646999740600585,55.828749904632566,0.4064490632108598,1.0132836098077636,-0.31462742523460985
2021-01-07,61.41999816894531,62.900001525878906,60.79999923706055,62.900001525878906,45.5673942565918,2133973,PKN.WA,0.055369180138330254,0.7329294074755431,59.351999855041505,52.06819976806641,55.87874990463257,0.44018932860752863,1.0132836098077636,-0.2766789076805537
2021-01-08,63.0,64.9800033569336,62.7400016784668,63.97999954223633,46.34979248046875,2024786,PKN.WA,0.01717007933478465,0.7455138635486949,59.67599983215332,52.51259979248047,55.93894990921021,0.4280760545655431,1.0132836098077636,-0.2642594271409058
2021-01-11,64.0,64.19999694824219,62.5,63.41999816894531,45.94410705566406,1193999,PKN.WA,-0.008752756756763236,0.7389885620422584,59.866999816894534,52.97859977722168,55.99364990234375,0.4148023594167752,1.0132836098077636,-0.27069918541122306
2021-01-12,64.0,64.5,62.29999923706055,63.2599983215332,45.828189849853516,1374732,PKN.WA,-0.0025228611168653936,0.7371241965332737,60.02999973297119,53.47079971313477,56.03144989013672,0.4151304256284124,1.0132836098077636,-0.27253911007884735
2021-01-13,63.880001068115234,63.939998626708984,61.119998931884766,61.34000015258789,44.4372673034668,1220431,PKN.WA,-0.030350904519258592,0.7147518104254571,60.011999702453615,53.942799682617185,56.06024988174438,0.41982241984031216,1.0132836098077636,-0.29461820609033906
2021-01-14,61.0,62.29999923706055,60.20000076293945,61.939998626708984,44.87192916870117,896157,PKN.WA,0.009781520584097647,0.7217431699716548,60.009999656677245,54.40179962158203,56.06894987106323,0.42097840228179895,1.0132836098077636,-0.287718499553564
2021-01-15,61.47999954223633,61.68000030517578,59.279998779296875,60.060001373291016,43.509979248046875,1280167,PKN.WA,-0.03035190983370961,0.6998368863535793,59.915999794006346,54.84099967956543,56.06494987487793,0.43484400276734597,1.0132836098077636,-0.30933760343133365
2021-01-18,59.79999923706055,61.779998779296875,58.599998474121094,61.70000076293945,44.69806671142578,1172519,PKN.WA,0.027306016519302867,0.7189466439331677,59.957999801635744,55.296799697875976,56.05444988250733,0.4416130195749398,1.0132836098077636,-0.29047836462136833
2021-01-19,62.400001525878906,62.70000076293945,60.5,60.65999984741211,43.944644927978516,794454,PKN.WA,-0.016855768276619387,0.706828245899777,59.9959997177124,55.65459968566895,56.03324987411499,0.4421761608372991,1.0132836098077636,-0.3024378968945586
2021-01-20,60.70000076293945,61.20000076293945,59.619998931884766,60.47999954223633,43.814247131347656,869850,PKN.WA,-0.0029673640888322472,0.7047308291459217,60.01699962615967,56.04399971008301,56.01164985656738,0.4423465708852057,1.0132836098077636,-0.304507817629044
2021-01-21,60.5,61.099998474121094,59.599998474121094,60.119998931884766,43.553443908691406,952741,PKN.WA,-0.005952391089225406,0.700535995638211,60.097999572753906,56.43079971313477,55.98794984817505,0.4319084090465946,1.0132836098077636,-0.30864765909801495
2021-01-22,59.5,60.099998474121094,58.099998474121094,59.68000030517578,43.23468780517578,1486153,PKN.WA,-0.0073186732289781675,0.6954090016009981,60.15799961090088,56.83519973754883,55.96204984664917,0.4330585806760971,1.0132836098077636,-0.31370744096716563
2021-01-25,60.0,60.220001220703125,57.5,57.900001525878906,41.945186614990234,1037405,PKN.WA,-0.029825716658759882,0.6746679297572956,60.31099967956543,57.09039978027344,55.927249851226804,0.3822010522965375,1.0132836098077636,-0.3341766083778942
2021-01-26,57.560001373291016,59.65999984741211,56.58000183105469,58.599998474121094,42.45228958129883,1076352,PKN.WA,0.012089756991272571,0.6828245010778663,60.42799968719483,57.30359977722168,55.89494985580444,0.3742896907559906,1.0132836098077636,-0.32612696537407804
2021-01-27,58.70000076293945,59.380001068115234,56.900001525878906,57.20000076293945,41.438079833984375,1396691,PKN.WA,-0.02389074654668988,0.666511313986745,60.41699981689453,57.48879981994629,55.87094985961914,0.37871910723849805,1.0132836098077636,-0.34222629524897463
2021-01-28,56.599998474121094,58.560001373291016,56.20000076293945,58.0,42.01762771606445,1284795,PKN.WA,0.013986000461365,0.6758331415316686,60.33699989318848,57.710399856567385,55.86094985961914,0.3557696529141891,1.0132836098077636,-0.3330266719108531
2021-01-29,57.5,57.58000183105469,56.0,56.02000045776367,40.58323287963867,2521801,PKN.WA,-0.0341379231420057,0.6527616016892402,60.177999877929686,57.91559989929199,55.83484985351563,0.3743204210720997,1.0132836098077636,-0.35579575612292813
2021-02-01,56.5,58.2599983215332,56.2400016784668,57.18000030517578,41.423587799072266,1204934,PKN.WA,0.02070688750327121,0.6662782627418745,60.15099983215332,58.06719993591309,55.81124984741211,0.37303055928526385,1.0132836098077636,-0.34245629131583566
2021-02-02,58.02000045776367,59.47999954223633,57.900001525878906,59.040000915527344,42.77104949951172,1173850,PKN.WA,0.03252886674404576,0.6879515395650593,60.15399990081787,58.2407999420166,55.81144985198975,0.38320882293336206,1.0132836098077636,-0.32106713963766287
2021-02-03,59.20000076293945,60.0,58.2400016784668,58.91999816894531,42.68411636352539,845287,PKN.WA,-0.002032566814382797,0.6865532320958357,60.11999988555908,58.37119987487793,55.801749839782715,0.3813690600530205,1.0132836098077636,-0.32244711603882936
2021-02-04,60.0,60.619998931884766,58.47999954223633,58.47999954223633,42.3653564453125,1103819,PKN.WA,-0.007467729809619961,0.6814262380586228,59.898999786376955,58.53519989013672,55.78684984207153,0.32000038321808905,1.0132836098077636,-0.32750689790798015
2021-02-05,59.18000030517578,59.880001068115234,58.560001373291016,58.7400016784668,42.55371856689453,732824,PKN.WA,0.0044460009963351865,0.6844558597919603,59.636999893188474,58.70919990539551,55.77634984970093,0.31222244717118064,1.0132836098077636,-0.3245169929060505
2021-02-08,59.41999816894531,60.2599983215332,58.400001525878906,59.959999084472656,43.43753433227539,1421873,PKN.WA,0.020769447925519824,0.6986716301292264,59.46399993896485,58.857599868774415,55.77894985198974,0.3237352587014679,1.0132836098077636,-0.3104875837656391
2021-02-09,60.099998474121094,61.720001220703125,59.220001220703125,60.41999816894531,43.77077865600586,1855011,PKN.WA,0.007671766035629801,0.70403167541131,59.32199993133545,58.98559982299805,55.778449840545655,0.3257847655418616,1.0132836098077636,-0.3051978058296273
2021-02-10,60.86000061035156,61.29999923706055,58.7599983215332,59.439998626708984,43.06082534790039,1002727,PKN.WA,-0.016219787685131548,0.692612431112531,59.226999855041505,59.104399795532224,55.768549842834474,0.31314455795580765,1.0132836098077636,-0.31646734990223424
2021-02-11,59.599998474121094,60.20000076293945,58.79999923706055,59.439998626708984,43.06082534790039,934607,PKN.WA,0.0,0.692612431112531,59.101999855041505,59.2131997680664,55.75394983291626,0.3104307687484356,1.0132836098077636,-0.31646734990223424
2021-02-12,59.439998626708984,59.81999969482422,58.36000061035156,59.7599983215332,43.29264450073242,575565,PKN.WA,0.005383575070952773,0.6963411621305005,59.08699970245361,59.337999725341795,55.74094982147217,0.29234292784086524,1.0132836098077636,-0.3127875005669857
2021-02-15,60.7400016784668,61.2400016784668,60.0,60.380001068115234,43.74180221557617,809498,PKN.WA,0.01037487891559441,0.7035656173715487,59.0209997177124,59.438799743652346,55.745249824523924,0.27707881486557595,1.0132836098077636,-0.3056577540960852
2021-02-16,60.779998779296875,61.79999923706055,60.400001525878906,61.599998474121094,44.62561798095703,1547688,PKN.WA,0.020205322696658534,0.7177813877088146,59.06799964904785,59.53119972229004,55.75074981689453,0.28005004468119393,1.0132836098077636,-0.2916283449556739
2021-02-17,61.599998474121094,62.29999923706055,60.7400016784668,61.13999938964844,44.29237365722656,1155257,PKN.WA,-0.007467517790051725,0.712421342426731,59.100999641418454,59.62759971618652,55.763749809265136,0.2813306569242058,1.0132836098077636,-0.29691812289168573
2021-02-18,61.08000183105469,61.560001373291016,59.02000045776367,59.02000045776367,42.75655746459961,1283338,PKN.WA,-0.0346745003769775,0.6877184883201886,59.045999717712405,59.69839973449707,55.7545498085022,0.3075777880750898,1.0132836098077636,-0.321297135704524
2021-02-19,59.31999969482422,60.91999816894531,59.20000076293945,60.68000030517578,43.95913314819336,1119972,PKN.WA,0.028126056159556434,0.7070612971446474,59.0959997177124,59.76199974060059,55.74384981155396,0.32288057750009985,1.0132836098077636,-0.3022079008276978
2021-02-22,60.29999923706055,60.459999084472656,59.36000061035156,59.52000045776367,43.118778228759766,698001,PKN.WA,-0.01911667504248782,0.6935446360920132,59.17699966430664,59.76039978027344,55.72684982299805,0.31133912345992404,1.0132836098077636,-0.31554736563479013
2021-02-23,59.900001525878906,61.439998626708984,58.779998779296875,59.720001220703125,43.263671875,1388688,PKN.WA,0.0033602278461233315,0.695875104090739,59.23299980163574,59.7547998046875,55.70274982452393,0.3089577215308109,1.0132836098077636,-0.3132474488334437
2021-02-24,60.02000045776367,60.34000015258789,59.2400016784668,59.959999084472656,43.43753433227539,1475266,PKN.WA,0.004018718333286486,0.6986716301292262,59.3709997177124,59.71999977111816,55.68884981155396,0.29452936398907126,1.0132836098077636,-0.31048758376563934
2021-02-25,61.0,61.459999084472656,59.900001525878906,59.91999816894531,43.40855407714844,1401721,PKN.WA,-0.0006671266867598336,0.698205527639485,59.46699962615967,59.67879974365234,55.6815497970581,0.29154308636221365,1.0132836098077636,-0.3109475758993615
2021-02-26,58.2599983215332,59.5,58.099998474121094,58.84000015258789,42.62615966796875,1970795,PKN.WA,-0.018023999488657405,0.6856210715663331,59.607999610900876,59.61679977416992,55.67244979858398,0.2700217754727007,1.0132836098077636,-0.32336705643900954
2021-03-01,60.0,60.5,59.220001220703125,60.400001525878906,43.756290435791016,1098901,PKN.WA,0.026512599749243915,0.703798668616419,59.76899967193604,59.60759979248047,55.652149810791016,0.2759086738236017,1.0132836098077636,-0.3054277580292243
2021-03-02,60.400001525878906,61.15999984741211,59.70000076293945,60.900001525878906,44.11851501464844,1054364,PKN.WA,0.0082781454862344,0.7096248163882438,59.861999702453616,59.62759979248047,55.637649822235105,0.25390379360692156,1.0132836098077636,-0.2996779879594902
2021-03-03,60.91999816894531,61.7400016784668,60.18000030517578,60.20000076293945,43.61139678955078,1191567,PKN.WA,-0.011494265113310309,0.7014682006176932,59.92599983215332,59.630399780273436,55.615849838256835,0.25792515330553095,1.0132836098077636,-0.30772767483057073
2021-03-04,60.0,61.79999923706055,59.599998474121094,61.47999954223633,44.5386848449707,1622898,PKN.WA,0.02126243792483251,0.7163831246895709,60.07599983215332,59.68999977111817,55.60484983444214,0.26517806715725817,1.0132836098077636,-0.29300827748957625
2021-03-05,61.02000045776367,64.9000015258789,61.02000045776367,63.7599983215332,46.19041061401367,3120582,PKN.WA,0.03708521139025933,0.7429503443050981,60.32699966430664,59.7955997467041,55.611149826049804,0.29207604248425123,1.0132836098077636,-0.2667893400091136
2021-03-08,64.9000015258789,67.4000015258789,64.5999984741211,66.66000366210938,48.29130172729492,3281325,PKN.WA,0.04548314643848994,0.7767420636116534,60.66199989318848,60.03199981689453,55.6291498374939,0.32221269174496225,1.0132836098077636,-0.23344061219048629
2021-03-09,66.72000122070312,67.9000015258789,66.30000305175781,67.05999755859375,48.58107376098633,2043527,PKN.WA,0.006000508168464647,0.7814029107091452,60.9939998626709,60.24799980163574,55.63514982223511,0.3221182238033512,1.0132836098077636,-0.22884086632232203
2021-03-10,67.80000305175781,69.87999725341797,67.31999969482422,69.44000244140625,50.30524444580078,2398086,PKN.WA,0.03549067953265239,0.8091354309990053,61.49400005340576,60.48839988708496,55.6496498298645,0.3282793212867041,1.0132836098077636,-0.20147190464028963
2021-03-11,69.5999984741211,70.9000015258789,67.55999755859375,68.4800033569336,49.60978317260742,1844597,PKN.WA,-0.013824871122127491,0.797949237945097,61.946000289916995,60.66599998474121,55.6547498512268,0.3363210025391538,1.0132836098077636,-0.21251145264603566
2021-03-12,68.4000015258789,69.4800033569336,67.41999816894531,69.12000274658203,50.073429107666016,1021619,PKN.WA,0.009345785021542818,0.8054066999810358,62.414000511169434,60.86440002441406,55.666549854278564,0.33631318932252274,1.0132836098077636,-0.20515175397553842
2021-03-15,69.0999984741211,70.19999694824219,68.31999969482422,68.36000061035156,49.522850036621094,846587,PKN.WA,-0.010995400839564518,0.7965509304758734,62.81300048828125,61.07720001220703,55.66984987258911,0.34240171190045793,1.0132836098077636,-0.21389142904720215
2021-03-16,68.41999816894531,69.0999984741211,66.0,66.45999908447266,48.14640808105469,1422386,PKN.WA,-0.027794053670490926,0.7744115511629476,63.056000518798825,61.22680000305176,55.66314985275269,0.3588155222758286,1.0132836098077636,-0.2357405728590971
2021-03-17,65.9800033569336,66.16000366210938,62.5,65.33999633789062,47.33502960205078,3137659,PKN.WA,-0.016852283509039334,0.7613609481500747,63.26600036621094,61.34159996032715,55.64604982376099,0.36431351403268264,1.0132836098077636,-0.24862008939973157
2021-03-18,65.0999984741211,66.4800033569336,64.19999694824219,65.13999938964844,47.19014358520508,1097752,PKN.WA,-0.003060865617560693,0.7590305246013287,63.57200031280517,61.38639991760254,55.62754983901978,0.3365121490398037,1.0132836098077636,-0.25091996233381375
2021-03-19,63.119998931884766,64.72000122070312,63.08000183105469,63.68000030517578,46.13246154785156,1966656,PKN.WA,-0.022413249894882026,0.7420181837755957,63.72200031280518,61.38039993286133,55.58254983901978,0.33857111557016983,1.0132836098077636,-0.26770928040929365
2021-03-22,63.0,64.9000015258789,62.65999984741211,64.08000183105469,46.422237396240234,730421,PKN.WA,0.0062814309667393875,0.7466791197730475,63.95000038146973,61.39360000610352,55.54494985580445,0.3287966746793159,1.0132836098077636,-0.26310944680660064
2021-03-23,64.19999694824219,64.26000213623047,62.29999923706055,63.040000915527344,45.668819427490234,897101,PKN.WA,-0.016229726682425505,0.7345607217396568,64.11600036621094,61.3892000579834,55.51254987716675,0.33648627520253094,1.0132836098077636,-0.2750689790797909
2021-03-24,62.400001525878906,63.68000030517578,62.0,62.81999969482422,45.509437561035156,1085362,PKN.WA,-0.003489867028998339,0.7319972024960604,64.25900039672851,61.418800048828125,55.47724988937378,0.3372159214930719,1.0132836098077636,-0.27759889194799847
2021-03-25,62.70000076293945,63.18000030517578,61.5,61.900001525878906,44.842952728271484,1089836,PKN.WA,-0.014644988433852424,0.7212771119318933,64.35800056457519,61.418000106811526,55.43734991073608,0.3425890581108482,1.0132836098077636,-0.2881784478200222
2021-03-26,62.380001068115234,64.04000091552734,61.79999923706055,63.040000915527344,45.668819427490234,1149521,PKN.WA,0.018416790978136532,0.7345607217396569,64.56800060272217,61.47760009765625,55.42074991226196,0.33895757351113504,1.0132836098077636,-0.2750689790797908
2021-03-29,63.0,65.4800033569336,63.0,64.0999984741211,46.43672561645508,1033682,PKN.WA,0.016814681840092716,0.7469121265679382,64.75300045013428,61.525600051879884,55.42754989624024,0.3319645330892008,1.0132836098077636,-0.2628794946070039
2021-03-30,64.37999725341797,65.19999694824219,63.540000915527344,64.58000183105469,46.784454345703125,959672,PKN.WA,0.0074883520804978065,0.7525052675448722,64.93700046539307,61.604000091552734,55.41794990539551,0.3318155588771899,1.0132836098077636,-0.25735967673686666
2021-03-31,64.87999725341797,64.95999908447266,63.36000061035156,63.459999084472656,45.973079681396484,1131355,PKN.WA,-0.017342872635897844,0.7394546645319993,65.10000038146973,61.66360008239746,55.404749908447265,0.33586231020090135,1.0132836098077636,-0.2702391932775011
2021-04-01,63.5,64.55999755859375,63.47999954223633,64.19999694824219,46.5091667175293,875338,PKN.WA,0.011660855254417957,0.748077338342311,65.23600025177002,61.74520004272461,55.39624988555908,0.33056891416010836,1.0132836098077636,-0.2617295581399629
2021-04-06,64.0199966430664,66.4000015258789,64.0199966430664,66.19999694824219,47.95804977416992,1806221,PKN.WA,0.03115264945592422,0.7713819294296099,65.35800018310547,61.875599975585935,55.396049880981444,0.3228874738154733,1.0132836098077636,-0.23873047786102686
2021-04-07,66.4800033569336,67.77999877929688,66.22000122070312,66.4000015258789,48.102943420410156,1887591,PKN.WA,0.0030212173241199736,0.7737124418783158,65.34500007629394,62.04559997558594,55.40244987487793,0.2794287558602817,1.0132836098077636,-0.23643051719241603
2021-04-08,67.08000183105469,67.12000274658203,64.55999755859375,64.5999984741211,46.798946380615234,1224734,PKN.WA,-0.02710847907219216,0.7527382743397628,65.22200012207031,62.165599975585934,55.393549880981446,0.2942444304495805,1.0132836098077636,-0.2571297245372699
2021-04-09,64.69999694824219,65.4000015258789,63.79999923706055,64.62000274658203,46.813438415527344,783338,PKN.WA,0.00030966366770046605,0.7529713700346133,64.9810001373291,62.31400001525879,55.39624988555908,0.25973782234622605,1.0132836098077636,-0.2568996846031445
2021-04-12,64.58000183105469,65.18000030517578,63.52000045776367,64.80000305175781,46.9438362121582,631664,PKN.WA,0.0027855199245607754,0.7550687867884686,64.79700012207032,62.45000007629395,55.397149887084964,0.257632851259,1.0132836098077636,-0.2548297638686592
2021-04-13,64.94000244140625,64.94000244140625,63.540000915527344,63.560001373291016,46.045528411865234,894740,PKN.WA,-0.01913582747019882,0.7406199207563521,64.51900005340576,62.600800094604494,55.3963498878479,0.25989596091317485,1.0132836098077636,-0.2690892129431959
2021-04-14,63.900001525878906,65.5999984741211,63.70000076293945,65.5999984741211,47.52338409423828,824090,PKN.WA,0.03209561133973349,0.7643905698834121,64.38099994659424,62.7692000579834,55.4063498878479,0.2881161624253266,1.0132836098077636,-0.24563018439780204
2021-04-15,65.87999725341797,67.63999938964844,65.73999786376953,67.37999725341797,48.81289291381836,1982913,PKN.WA,0.027134128364333376,0.7851316417271146,64.4269998550415,62.93599998474121,55.43014987945557,0.28861917338836307,1.0132836098077636,-0.22516101698707347
2021-04-16,67.37999725341797,67.72000122070312,66.37999725341797,67.16000366210938,48.65352249145508,972165,PKN.WA,-0.0032649688375794295,0.782568211383478,64.51800022125244,63.100800094604494,55.44954990386963,0.28151200523983105,1.0132836098077636,-0.2276908421207524
2021-04-19,67.0,67.63999938964844,66.0999984741211,66.26000213623047,48.001522064208984,988365,PKN.WA,-0.013400855818992086,0.7720811276142014,64.57400035858154,63.256400146484374,55.463249912261965,0.2861005979086973,1.0132836098077636,-0.2380404457931794
2021-04-20,66.37999725341797,67.41999816894531,65.9000015258789,66.19999694824219,47.95804977416992,999486,PKN.WA,-0.0009056019627785572,0.7713819294296097,64.70000019073487,63.40560005187988,55.47704990386963,0.27261812173346806,1.0132836098077636,-0.23873047786102708
2021-04-21,65.91999816894531,66.5999984741211,65.5999984741211,66.41999816894531,48.117427825927734,685119,PKN.WA,0.003323281432703551,0.7739454486732061,64.81700000762939,63.53480003356933,55.48914989471436,0.272215659273327,1.0132836098077636,-0.2362005649928195
2021-04-22,66.5,67.5999984741211,66.5,66.94000244140625,48.494140625,1359071,PKN.WA,0.007829031719306379,0.7800046921398814,65.01200008392334,63.66520011901856,55.507249908447264,0.2642019055174623,1.0132836098077636,-0.23022075498896
2021-04-23,66.76000213623047,66.87999725341797,65.72000122070312,66.5,48.175384521484375,920236,PKN.WA,-0.006573086724808386,0.7748776536526886,65.19600009918213,63.80640014648438,55.5309499168396,0.26545132638347435,1.0132836098077636,-0.23528058072537505
2021-04-26,66.68000030517578,66.94000244140625,65.80000305175781,66.76000213623047,48.36374282836914,650857,PKN.WA,0.003909806559856621,0.7779072753860261,65.4390001296997,63.9528002166748,55.55874992370605,0.2571500236072524,1.0132836098077636,-0.23229067572344542
2021-04-27,66.91999816894531,67.05999755859375,66.22000122070312,66.91999816894531,48.47964859008789,1096936,PKN.WA,0.002396585194655243,0.7797715964450309,65.6329999923706,64.09600021362304,55.586249923706056,0.251386821724482,1.0132836098077636,-0.2304507949230854
2021-04-28,67.0999984741211,67.36000061035156,66.36000061035156,67.16000366210938,48.65352249145508,966422,PKN.WA,0.0035864539708765353,0.7825682113834779,65.78600025177002,64.23160026550293,55.615149936676026,0.24615250749257125,1.0132836098077636,-0.22769084212075252
2021-04-29,67.69999694824219,68.86000061035156,67.5,67.5,48.89982604980469,1368129,PKN.WA,0.0050624824203582275,0.7865299491963379,65.93200016021729,64.34960029602051,55.66014993667603,0.24564378096965703,1.0132836098077636,-0.2237810405859072
2021-04-30,68.23999786376953,68.23999786376953,66.69999694824219,66.72000122070312,48.33476257324219,895726,PKN.WA,-0.011555537471064858,0.7774411728962849,66.09500026702881,64.4612003326416,55.706149940490725,0.24029827783489488,1.0132836098077636,-0.2327506678571677
2021-05-04,67.18000030517578,68.22000122070312,66.5999984741211,67.12000274658203,48.62453842163086,1549824,PKN.WA,0.005995226597129921,0.7821021088937365,66.2410005569458,64.62320037841796,55.74484994888306,0.2383031695465084,1.0132836098077636,-0.2281508342544748
2021-05-05,67.63999938964844,69.16000366210938,67.33999633789062,69.05999755859375,50.02994918823242,1291006,PKN.WA,0.028903378018865,0.8047075017964437,66.38400058746338,64.79080032348632,55.793649940490724,0.23480335965630506,1.0132836098077636,-0.20584178604338643
2021-05-06,69.30000305175781,71.0,68.41999816894531,68.9000015258789,49.91404342651367,2082013,PKN.WA,-0.0023167685834204477,0.8028431807374389,66.50900058746338,64.97840034484864,55.84224994659424,0.23532583810656496,1.0132836098077636,-0.20768166684374645
2021-05-07,70.0,70.4000015258789,69.26000213623047,70.0199966430664,50.72541809082031,1104632,PKN.WA,0.01625537144243494,0.8158936948503519,66.78000049591064,65.1844002532959,55.893649921417236,0.21364006650886835,1.0132836098077636,-0.19480223803764052
2021-05-10,70.30000305175781,72.5,70.30000305175781,71.77999877929688,52.00043869018555,1441014,PKN.WA,0.025135707235209415,0.8364017598991637,67.13800029754638,65.42080024719239,55.95864992141723,0.22560469545152564,1.0132836098077636,-0.17456302282650882
2021-05-11,71.72000122070312,72.30000305175781,70.73999786376953,72.19999694824219,52.3046989440918,1228740,PKN.WA,0.005851186627025218,0.841295702691506,67.5079999923706,65.66640022277832,56.03154991149902,0.22540251717135312,1.0132836098077636,-0.16973323702421916
2021-05-12,72.19999694824219,73.95999908447266,71.05999755859375,73.19999694824219,53.02914047241211,1777537,PKN.WA,0.013850416097896279,0.8529479982351554,67.98999977111816,65.9536001586914,56.108449897766114,0.20723314515664265,1.0132836098077636,-0.1582336968847512
2021-05-13,72.5,74.44000244140625,71.54000091552734,74.0,53.608699798583984,1988038,PKN.WA,0.010929003894951883,0.8622698702300589,68.40999984741211,66.22560012817382,56.19374990463257,0.18599243112014005,1.0132836098077636,-0.1490340296793654
2021-05-14,74.73999786376953,76.86000061035156,74.5,76.45999908447266,55.39082336425781,1510065,PKN.WA,0.03324323087125203,0.8909345065994412,68.86399993896484,66.53680007934571,56.28944990158081,0.1961399400671684,1.0132836098077636,-0.12074517146441754
2021-05-17,77.0,77.9000015258789,75.4800033569336,76.45999908447266,55.39082336425781,1435615,PKN.WA,0.0,0.8909345065994412,69.32899971008301,66.86200004577637,56.39064989089966,0.19433741600354273,1.0132836098077636,-0.12074517146441754
2021-05-18,77.13999938964844,77.5,76.30000305175781,76.80000305175781,55.63713836669922,1034392,PKN.WA,0.0044468214930204475,0.8948963333122611,69.85599975585937,67.16840011596679,56.509649906158444,0.1797858199775868,1.0132836098077636,-0.11683528219504347
2021-05-19,76.30000305175781,76.31999969482422,74.55999755859375,75.19999694824219,54.47802734375,1569108,PKN.WA,-0.02083341197834765,0.8762525893224541,70.30599975585938,67.39720008850098,56.61924989700317,0.20433597088289665,1.0132836098077636,-0.13523461660581526
2021-05-20,75.19999694824219,76.95999908447266,74.80000305175781,76.9000015258789,55.7095832824707,859182,PKN.WA,0.02260644476896423,0.896061545086634,70.82999992370605,67.60200004577636,56.73864990234375,0.21172575144718675,1.0132836098077636,-0.11568534572800249
2021-05-21,77.0,77.4800033569336,76.0,76.0,55.057586669921875,765829,PKN.WA,-0.011703530663468631,0.8855744613173575,71.28299980163574,67.78080009460449,56.851749897003174,0.2223316862346432,1.0132836098077636,-0.12603494940042947
2021-05-24,76.0,76.55999755859375,75.5,75.69999694824219,54.840248107910156,669121,PKN.WA,-0.0039474085757607025,0.8820787370942788,71.74299964904785,67.90599998474121,56.95984987258911,0.22047796302414702,1.0132836098077636,-0.1294848465360814
2021-05-25,76.41999816894531,76.41999816894531,75.05999755859375,76.08000183105469,55.11553955078125,1188767,PKN.WA,0.005019879763962454,0.8865066662968398,72.20899963378906,68.05799995422363,57.07844987869262,0.2203340975514208,1.0132836098077636,-0.12511496513298526
2021-05-26,76.12000274658203,76.76000213623047,75.5999984741211,76.76000213623047,55.60816192626953,788510,PKN.WA,0.008937963838195007,0.8944302308225198,72.70099983215331,68.2107999420166,57.19404989242554,0.21988374910955935,1.0132836098077636,-0.11729527432876585
2021-05-27,76.68000030517578,78.72000122070312,76.16000366210938,78.27999877929688,56.709312438964844,2013838,PKN.WA,0.019801935914081747,0.9121416809328847,73.25699958801269,68.40919990539551,57.31944988250732,0.2240649529764377,1.0132836098077636,-0.09981601191996692
2021-05-28,78.36000061035156,79.9800033569336,78.36000061035156,79.94000244140625,57.91188049316406,981915,PKN.WA,0.021205974552830575,0.9314845342073236,73.87899971008301,68.67879997253418,57.446649894714355,0.22874295418222873,1.0132836098077636,-0.0807267331758762
2021-05-31,80.12000274658203,82.68000030517578,79.80000305175781,81.80000305175781,59.25934600830078,1053956,PKN.WA,0.023267457512462508,0.9531578110305085,74.63299980163575,69.00800010681152,57.578349914550785,0.22134242252202554,1.0132836098077636,-0.059337581497703296
2021-06-01,81.80000305175781,84.23999786376953,81.19999694824219,81.68000030517578,59.17241287231445,1242420,PKN.WA,-0.0014670261871029266,0.951759503561285,75.36099967956542,69.33880012512208,57.70824991226196,0.22483913556591245,1.0132836098077636,-0.06071755789886968
2021-06-02,81.69999694824219,82.5199966430664,80.31999969482422,81.18000030517578,58.810184478759766,1021485,PKN.WA,-0.006121449536384493,0.9459333557894603,75.96699981689453,69.68880012512207,57.83624990463257,0.22002048659324136,1.0132836098077636,-0.06646732796860377
2021-06-04,81.45999908447266,82.36000061035156,80.9800033569336,81.54000091552734,59.070987701416016,678206,PKN.WA,0.004434597302269472,0.9501281892971709,76.59899978637695,70.03800010681152,57.96104990005493,0.217021771794421,1.0132836098077636,-0.06232748649963282
2021-06-07,81.77999877929688,83.33999633789062,81.31999969482422,81.54000091552734,59.070987701416016,534915,PKN.WA,0.0,0.9501281892971709,77.175,70.40800010681153,58.10064990997314,0.21703328365241314,1.0132836098077636,-0.06232748649963282
2021-06-08,81.5,81.68000030517578,80.37999725341797,81.0,58.679786682128906,747786,PKN.WA,-0.006622527709887693,0.943835939035605,77.63600006103516,70.77160011291504,58.24274990081787,0.21248761297275004,1.0132836098077636,-0.06853724870308908
2021-06-09,81.5,81.81999969482422,78.9000015258789,80.27999877929688,58.15819549560547,1391975,PKN.WA,-0.008888903959297867,0.9354462720201838,78.0400001525879,71.1392000579834,58.37574989318848,0.21909692729469574,1.0132836098077636,-0.07681693164103065
2021-06-10,80.0,82.77999877929688,79.58000183105469,82.77999877929688,59.969303131103516,1112111,PKN.WA,0.031141006950845984,0.9645770108793074,78.51900024414063,71.53400001525878,58.524549884796144,0.23588681799997038,1.0132836098077636,-0.04806808129236062
2021-06-11,82.5199966430664,82.5999984741211,80.9000015258789,81.33999633789062,58.92610168457031,611979,PKN.WA,-0.017395535910135762,0.9477976768484649,78.88600006103516,71.87879997253418,58.665349864959715,0.24950485239683384,1.0132836098077636,-0.06462744716824376
2021-06-14,81.77999877929688,83.0999984741211,81.58000183105469,83.0999984741211,60.20112228393555,709679,PKN.WA,0.02163759792807629,0.9683057418972768,79.21800003051757,72.24919990539551,58.81234985351563,0.23496960938557082,1.0132836098077636,-0.044388231957111945
2021-06-15,83.41999816894531,83.62000274658203,81.9800033569336,82.37999725341797,59.67951965332031,762763,PKN.WA,-0.008664274776459147,0.9599160748818557,79.51399993896484,72.62759986877441,58.95284984588623,0.23903839083560946,1.0132836098077636,-0.0526679148950534
2021-06-16,82.26000213623047,83.33999633789062,80.9000015258789,80.9000015258789,58.60734558105469,998000,PKN.WA,-0.01796547434914675,0.9426707272612321,79.7189998626709,72.96159996032715,59.08784984588623,0.25121576216686736,1.0132836098077636,-0.06968718517013006
2021-06-17,80.68000030517578,82.27999877929688,80.5,81.4000015258789,58.96957778930664,865020,PKN.WA,0.00618046959912677,0.9484968750330569,80.02900009155273,73.26560005187989,59.2327498626709,0.23542468029868024,1.0132836098077636,-0.06393741510039597
2021-06-18,81.23999786376953,81.4000015258789,77.94000244140625,78.5199966430664,56.8831787109375,3055250,PKN.WA,-0.03538089470301642,0.9149382069713722,80.10999984741211,73.50799995422364,59.37214984893799,0.2632194779783492,1.0132836098077636,-0.09705614685216224
2021-06-21,78.31999969482422,79.45999908447266,76.58000183105469,79.08000183105469,57.28887176513672,853056,PKN.WA,0.007132007283876085,0.9214635529277886,80.26399993896484,73.7976000213623,59.51594985961914,0.2594626120548601,1.0132836098077636,-0.09061634471458069
2021-06-22,80.26000213623047,80.77999877929688,79.19999694824219,79.4800033569336,57.57863998413086,847395,PKN.WA,0.005058188121106255,0.9261244889252402,80.45300025939942,74.09480003356934,59.661849880218504,0.25863957941253496,1.0132836098077636,-0.0860165111118878
2021-06-23,79.94000244140625,80.19999694824219,79.54000091552734,79.69999694824219,57.73801803588867,484639,PKN.WA,0.0027679111979981297,0.9286879192688767,80.63400001525879,74.39279991149903,59.807849864959714,0.2584796283727857,1.0132836098077636,-0.08348668597820896
2021-06-24,79.9800033569336,80.0999984741211,78.94000244140625,79.83999633789062,57.839439392089844,866538,PKN.WA,0.0017565796111556065,0.930319233532991,80.78799972534179,74.71839981079101,59.955649852752686,0.2573444427128826,1.0132836098077636,-0.08187675737744571
2021-06-25,79.9800033569336,80.4000015258789,79.0199966430664,79.37999725341797,57.506195068359375,637682,PKN.WA,-0.0057615118433359536,0.9249591882509074,80.84299964904785,74.99399978637695,60.10034984588623,0.24990444305794624,1.0132836098077636,-0.08716653531345753
2021-06-28,79.30000305175781,79.37999725341797,78.62000274658203,79.0,57.230899810791016,348151,PKN.WA,-0.004787065590401096,0.9205313479483062,80.79599952697754,75.22639984130859,60.25484985351562,0.2385501871555775,1.0132836098077636,-0.09153632898202513
2021-06-29,78.5199966430664,78.55999755859375,75.72000122070312,77.0,55.78203201293945,1271108,PKN.WA,-0.025316455696202556,0.8972267568610073,80.55599937438964,75.42319976806641,60.39264986038208,0.2367224529013182,1.0132836098077636,-0.11453540926096117
2021-06-30,77.08000183105469,77.5,75.86000061035156,76.77999877929688,55.622642517089844,1038005,PKN.WA,-0.002857158710430241,0.8946632376174107,80.31099929809571,75.63359970092773,60.530449848175046,0.23666124164343494,1.0132836098077636,-0.11706532212916876
2021-07-01,76.9800033569336,79.18000030517578,76.80000305175781,77.81999969482422,56.376060485839844,909297,PKN.WA,0.013545206200338944,0.9067816356508014,80.14299926757812,75.86599975585938,60.671999855041506,0.24340187732825436,1.0132836098077636,-0.10510578985597852
2021-07-02,78.5,79.0,77.41999816894531,77.41999816894531,56.08628845214844,485931,PKN.WA,-0.005140086448824688,0.9021206996533496,79.93699913024902,76.08599975585938,60.81454984664917,0.2424159281145199,1.0132836098077636,-0.10970562345867152
2021-07-05,77.69999694824219,78.33999633789062,77.41999816894531,77.80000305175781,56.36157989501953,446547,PKN.WA,0.004908355616119353,0.9065486288559107,79.74999923706055,76.3031997680664,60.96054986953735,0.2437040908704042,1.0132836098077636,-0.10533574205557539
2021-07-06,78.0999984741211,78.5,75.5199966430664,75.68000030517578,54.82575988769531,677512,PKN.WA,-0.027249391560713154,0.8818457302993884,79.48399925231934,76.48679977416992,61.100449867248535,0.2591419083108973,1.0132836098077636,-0.12971479873567782
2021-07-07,75.68000030517578,76.30000305175781,74.66000366210938,75.0,54.3331413269043,1422837,PKN.WA,-0.008985204841883143,0.8739221657737084,79.21999931335449,76.65159973144532,61.22604986190796,0.2591698563227572,1.0132836098077636,-0.13753448953989722
2021-07-08,75.0,75.05999755859375,72.31999969482422,73.36000061035156,53.14505386352539,1522907,PKN.WA,-0.021866658528645888,0.8548124081941201,78.74899940490722,76.78039978027344,61.35229986190796,0.2327855424116792,1.0132836098077636,-0.15639372834986254
2021-07-09,73.72000122070312,74.87999725341797,73.04000091552734,74.54000091552734,53.99989700317383,1030390,PKN.WA,0.016085064004337957,0.8685621204916247,78.40899963378907,76.92799972534179,61.492499866485595,0.24108241444767176,1.0132836098077636,-0.14282426747590915
2021-07-12,74.62000274658203,75.69999694824219,74.05999755859375,75.5,54.69536590576172,698125,PKN.WA,0.012878978705146205,0.879748313545533,78.02899971008301,77.0879997253418,61.6429998588562,0.23037769451530776,1.0132836098077636,-0.13178471947016335
2021-07-13,75.80000305175781,75.81999969482422,74.30000305175781,74.41999816894531,53.9129638671875,568645,PKN.WA,-0.01430466001396935,0.8671638130224012,77.63099975585938,77.24199966430665,61.7892498588562,0.23253042846957367,1.0132836098077636,-0.14420424387707576
2021-07-14,75.0,75.55999755859375,74.80000305175781,75.27999877929688,54.535980224609375,528446,PKN.WA,0.011556041810149242,0.8771847943019365,77.34999961853028,77.40519958496094,61.945299854278566,0.23424557289477727,1.0132836098077636,-0.13431463233837093
2021-07-15,74.5199966430664,75.5,73.91999816894531,74.08000183105469,53.666656494140625,957093,PKN.WA,-0.01594044856138077,0.8632020752095412,76.98399963378907,77.50559967041016,62.09354986190796,0.23529276964791462,1.0132836098077636,-0.14811404541192108
2021-07-16,74.0999984741211,74.77999877929688,74.0,74.12000274658203,53.69562911987305,642948,PKN.WA,0.0005399691487395497,0.8636681776992823,76.76399993896484,77.60999969482423,62.23164987564087,0.20563644552237548,1.0132836098077636,-0.14765405327819892
2021-07-19,74.12000274658203,74.31999969482422,71.12000274658203,71.68000030517578,51.92799758911133,1365428,PKN.WA,-0.03291962157298722,0.8352365481247904,76.3939998626709,77.64319976806641,62.36424987792969,0.22791990473630197,1.0132836098077636,-0.17571295929355013
2021-07-20,72.0,73.12000274658203,71.23999786376953,72.5,52.522037506103516,1125584,PKN.WA,0.011439727836678237,0.8447914269145846,76.04499969482421,77.65759979248047,62.49749988555908,0.23265781357763138,1.0132836098077636,-0.16628333988856747
2021-07-21,69.68000030517578,70.80000305175781,69.19999694824219,70.44000244140625,53.61814880371094,824569,PKN.WA,-0.02841375942887936,0.8207877265426539,75.58199996948242,77.62239990234374,62.625399894714356,0.24573056320647876,1.0132836098077636,-0.18997236450082255
2021-07-22,70.63999938964844,70.87999725341797,68.69999694824219,68.72000122070312,52.30890655517578,1024312,PKN.WA,-0.0244179608331766,0.8007457639835833,75.02600021362305,77.53279998779297,62.749299907684325,0.2521933042728407,1.0132836098077636,-0.2097515875782321
2021-07-23,68.66000366210938,69.5,68.41999816894531,69.4000015258789,52.82651138305664,642543,PKN.WA,0.009895231273234106,0.8086693285092634,74.5270004272461,77.44080001831054,62.86629991531372,0.25951880110030945,1.0132836098077636,-0.20193189677401258
2021-07-26,69.4000015258789,70.86000061035156,68.4000015258789,70.33999633789062,53.54202651977539,737904,PKN.WA,0.013544593535220528,0.8196224258683211,74.09400024414063,77.31839996337891,62.98404989242554,0.2691653886956904,1.0132836098077636,-0.19112238870239218
2021-07-27,70.37999725341797,70.5199966430664,69.22000122070312,69.44000244140625,52.85696029663086,539242,PKN.WA,-0.012794909629524231,0.8091354309990045,73.71600036621093,77.17800003051758,63.0974499130249,0.260564060109528,1.0132836098077636,-0.2014719046402904
2021-07-28,69.68000030517578,71.95999908447266,69.68000030517578,71.54000091552734,54.4554557800293,926710,PKN.WA,0.030241912446548058,0.8336052338606763,73.45400047302246,77.07279998779296,63.22184991836548,0.28913794687404576,1.0132836098077636,-0.17732288789431339
2021-07-29,73.55999755859375,74.27999877929688,72.54000091552734,72.54000091552734,55.21664810180664,1872315,PKN.WA,0.013978193838448227,0.8452575294043259,73.19000053405762,77.01960006713867,63.35539991378784,0.2894777952000231,1.0132836098077636,-0.1658233477548452
2021-07-30,72.54000091552734,73.12000274658203,72.22000122070312,72.94000244140625,55.521121978759766,1121449,PKN.WA,0.005514220027991179,0.8499184654017775,72.96600074768067,76.94040008544921,63.496599922180174,0.2910691675852007,1.0132836098077636,-0.16122351415215241
2021-08-02,73.80000305175781,73.80000305175781,72.0199966430664,72.23999786376953,54.988285064697266,651884,PKN.WA,-0.009596991420435463,0.841761805181247,72.68800048828125,76.86520004272461,63.63809991836548,0.29051751046921354,1.0132836098077636,-0.16927324489049722
2021-08-03,73.62000274658203,74.86000061035156,72.66000366210938,73.68000030517578,56.08440399169922,1423272,PKN.WA,0.01993358920250543,0.8585411392120894,72.58800048828125,76.82480010986328,63.789999923706056,0.28771078585407023,1.0132836098077636,-0.15271387901461397
2021-08-04,74.0,74.5999984741211,73.33999633789062,73.91999816894531,56.26708984375,649992,PKN.WA,0.003257299983380646,0.8613376652505765,72.53400039672852,76.7816000366211,63.95559991836548,0.2865864139260227,1.0132836098077636,-0.14995401394680963
2021-08-05,74.27999877929688,74.91999816894531,73.54000091552734,74.69999694824219,56.860809326171875,712827,PKN.WA,0.010551931799486436,0.8704264415506295,72.60100021362305,76.74039993286132,64.11859991073608,0.2775959986226046,1.0132836098077636,-0.14098438667554913
2021-08-06,74.5,74.63999938964844,73.22000122070312,74.0,56.32798385620117,709794,PKN.WA,-0.009370776129043246,0.8622698702300589,72.57400016784668,76.65479995727539,64.27539991378784,0.2739942938302866,1.0132836098077636,-0.1490340296793654
2021-08-09,73.87999725341797,73.9000015258789,72.91999816894531,72.91999816894531,55.505897521972656,366154,PKN.WA,-0.014594619338576864,0.8496853697069271,72.44500007629395,76.51439987182617,64.42774990081787,0.27392726962740277,1.0132836098077636,-0.1614535540862777
2021-08-10,72.9000015258789,74.12000274658203,72.80000305175781,73.94000244140625,56.282310485839844,522804,PKN.WA,0.01398799092256886,0.8615707609454272,72.42100028991699,76.35719985961914,64.5884499168396,0.274924652099163,1.0132836098077636,-0.1497239740126841
2021-08-11,73.77999877929688,74.80000305175781,73.69999694824219,74.5,56.70857620239258,644254,PKN.WA,0.007573675143404568,0.8680960180018837,72.38200035095215,76.21359985351563,64.75174991607666,0.27302670239113785,1.0132836098077636,-0.1432842596096312
2021-08-12,74.5,75.83999633789062,74.22000122070312,75.58000183105469,57.53066635131836,641279,PKN.WA,0.014496668873217322,0.8806805185250155,72.45700035095214,76.1015998840332,64.92084993362427,0.2713905097720123,1.0132836098077636,-0.1308647352027188
2021-08-13,75.76000213623047,75.76000213623047,74.33999633789062,75.0,57.08917236328125,464549,PKN.WA,-0.007674011868260777,0.8739221657737085,72.50100021362304,75.97079986572265,65.09524993896484,0.27319254772484153,1.0132836098077636,-0.1375344895398971
2021-08-16,74.63999938964844,75.5999984741211,73.83999633789062,73.9800033569336,56.3127555847168,463766,PKN.WA,-0.01359995524088542,0.8620368634351684,72.61600036621094,75.81959991455078,65.27189994812012,0.2491817378986615,1.0132836098077636,-0.14926398187896195
2021-08-17,73.87999725341797,74.22000122070312,73.5199966430664,74.19999694824219,56.480220794677734,478575,PKN.WA,0.0029736899341188394,0.8646002937788049,72.70100021362305,75.68359985351563,65.454199924469,0.24659037298769917,1.0132836098077636,-0.14673415674528312
2021-08-18,74.19999694824219,74.19999694824219,73.0199966430664,73.37999725341797,55.85604476928711,438490,PKN.WA,-0.011051209279647312,0.8550454149890108,72.84799995422364,75.54559982299804,65.62614990234376,0.22568101053028905,1.0132836098077636,-0.15616377615026578
2021-08-19,72.5,72.5,69.83999633789062,70.73999786376953,53.84650421142578,1332280,PKN.WA,-0.03597709850725661,0.824283361865773,72.94899978637696,75.3047998046875,65.78934989929199,0.246494285209751,1.0132836098077636,-0.18652255509969906
2021-08-20,70.72000122070312,71.5,70.0999984741211,71.41999816894531,54.36410903930664,579153,PKN.WA,0.00961267070555083,0.8322069263914531,73.04999961853028,75.10639984130859,65.95189989089965,0.24636963522702374,1.0132836098077636,-0.17870286429547955
2021-08-23,71.76000213623047,72.91999816894531,71.76000213623047,72.5,55.18620300292969,893294,PKN.WA,0.015121840643287587,0.8447914269145849,73.15799980163574,74.89439987182617,66.10054988861084,0.24744931680423815,1.0132836098077636,-0.16628333988856725
2021-08-24,73.0,74.4800033569336,72.81999969482422,74.36000061035156,56.60200881958008,849828,PKN.WA,0.025655180832435454,0.8664647037377697,73.40399971008301,74.73399993896484,66.26729990005494,0.2552398918350208,1.0132836098077636,-0.14489418821039424
2021-08-25,74.30000305175781,74.30000305175781,73.36000061035156,74.23999786376953,56.51066589355469,420687,PKN.WA,-0.0016138077675772466,0.8650663962685462,73.53899955749512,74.60079986572265,66.43459989547729,0.23532976643240042,1.0132836098077636,-0.14627416461156084
2021-08-26,74.0,74.0,72.69999694824219,72.69999694824219,55.33843231201172,451476,PKN.WA,-0.020743547411642527,0.8471218504633309,73.54699935913087,74.42679977416992,66.60079988479615,0.24392708682023306,1.0132836098077636,-0.16398346695448496
2021-08-27,72.87999725341797,73.66000366210938,72.30000305175781,73.55999755859375,55.9930534362793,319244,PKN.WA,0.011829444930566257,0.8571428317428662,73.57799911499023,74.32759979248047,66.74289987564087,0.2467576712782231,1.0132836098077636,-0.15409385541578013
2021-08-30,73.55999755859375,74.12000274658203,73.31999969482422,73.95999908447266,56.29753494262695,438976,PKN.WA,0.005437758824832661,0.8618037677403181,73.66399917602538,74.22519973754883,66.87299987792969,0.2443261312105459,1.0132836098077636,-0.14949402181308713
2021-08-31,73.95999908447266,74.87999725341797,73.18000030517578,74.30000305175781,56.55634307861328,1798821,PKN.WA,0.004597133200296977,0.8657655944531382,73.69499931335449,74.12159973144531,67.00479990005493,0.23467940435688883,1.0132836098077636,-0.14558413254371294
2021-09-01,74.5,74.66000366210938,73.63999938964844,73.63999938964844,56.053955078125,530211,PKN.WA,-0.00888295605653766,0.8580750367223487,73.68099937438964,74.00039978027344,67.13839990615844,0.2367511469311063,1.0132836098077636,-0.1531738711483357
2021-09-02,73.54000091552734,73.9000015258789,72.0,73.5,55.947383880615234,799618,PKN.WA,-0.001901132411852191,0.8564437224582346,73.62099952697754,73.87359985351563,67.27709991455077,0.2334349048776841,1.0132836098077636,-0.15478379974909884
2021-09-03,73.73999786376953,74.68000030517578,73.33999633789062,74.36000061035156,56.60200881958008,596722,PKN.WA,0.011700688576211649,0.8664647037377698,73.63899955749511,73.77319992065429,67.40089992523194,0.2350388514410271,1.0132836098077636,-0.14489418821039413
2021-09-06,74.27999877929688,74.5,73.66000366210938,74.5,56.70857620239258,270214,PKN.WA,0.0018827244284469469,0.868096018001884,73.71799964904785,73.6831999206543,67.52159992218017,0.2283271400000684,1.0132836098077636,-0.14328425960963098
2021-09-07,74.4000015258789,75.44000244140625,74.13999938964844,75.16000366210938,57.21096420288086,732107,PKN.WA,0.0088591095585151,0.8757865757326734,73.77899971008301,73.64639999389648,67.63539993286133,0.22521326449660342,1.0132836098077636,-0.13569452100500823
2021-09-08,74.9800033569336,75.80000305175781,73.91999816894531,75.18000030517578,57.22618865966797,920646,PKN.WA,0.00026605431202875174,0.876019582527564,73.8129997253418,73.61440002441407,67.75989994049073,0.2238372061545503,1.0132836098077636,-0.13546456880541158
2021-09-09,74.73999786376953,75.18000030517578,74.26000213623047,74.5999984741211,56.78469467163086,648506,PKN.WA,-0.007714842094976082,0.869261229776257,73.76399955749511,73.55,67.88269992828369,0.21932116133859889,1.0132836098077636,-0.1421343231425899
2021-09-10,74.83999633789062,75.0,74.0999984741211,74.54000091552734,56.73902130126953,528048,PKN.WA,-0.0008042568340609346,0.8685621204916252,73.74099960327149,73.49240005493164,67.99269992828368,0.21771594306380362,1.0132836098077636,-0.1428242674759087
2021-09-13,74.95999908447266,76.9800033569336,74.4000015258789,76.9800033569336,58.5963249206543,1099096,PKN.WA,0.03273413484622023,0.896993750066117,73.89099960327148,73.47600006103515,68.10749994277954,0.2408374124092268,1.0132836098077636,-0.11476536146055749
2021-09-14,77.0,80.72000122070312,76.73999786376953,80.5,61.27571105957031,2020430,PKN.WA,0.045726117037761416,0.9380097912637808,74.20599975585938,73.57240005493163,68.24249994277955,0.28639906877156923,1.0132836098077636,-0.07428701877282251
2021-09-15,80.19999694824219,80.30000305175781,78.55999755859375,79.30000305175781,60.362281799316406,1433676,PKN.WA,-0.014906794388101718,0.9240270721713855,74.50200004577637,73.6584001159668,68.36899995803833,0.28943962268934526,1.0132836098077636,-0.08808643184637266
2021-09-16,79.18000030517578,79.19999694824219,76.86000061035156,77.0999984741211,58.687660217285156,1005818,PKN.WA,-0.027742805712136165,0.8983919686353807,74.82000007629395,73.73320007324219,68.48689994812011,0.2754777867669194,1.0132836098077636,-0.11338547279391964
2021-09-17,77.22000122070312,77.76000213623047,75.5199966430664,76.08000183105469,57.9112548828125,2438693,PKN.WA,-0.013229528706265481,0.8865066662968406,75.05300025939941,73.76400009155273,68.59059995651245,0.2816691606136282,1.0132836098077636,-0.12511496513298448
2021-09-20,75.0999984741211,75.54000091552734,72.5199966430664,74.22000122070312,56.49544143676758,1127073,PKN.WA,-0.024447956960909734,0.8648333894736558,75.13900032043458,73.7384001159668,68.67679996490479,0.2944005998212422,1.0132836098077636,-0.14650411681115727
2021-09-21,74.22000122070312,75.9800033569336,74.22000122070312,75.05999755859375,57.13484191894531,796050,PKN.WA,0.01131765459546119,0.8746212750583406,75.17400016784669,73.75120010375977,68.77049995422364,0.282864539718797,1.0132836098077636,-0.13684454520657785
2021-09-22,75.5,77.77999877929688,75.5,77.5,58.99214553833008,605559,PKN.WA,0.03250736105475527,0.9030529046328325,75.33700027465821,73.79560012817383,68.88059995651246,0.3044039696575043,1.0132836098077636,-0.10878563919122664
2021-09-23,78.4000015258789,78.55999755859375,76.12000274658203,76.44000244140625,58.185279846191406,742725,PKN.WA,-0.013677387852822576,0.8907014998045513,75.52400054931641,73.84280014038086,68.97529996871948,0.2982735311806917,1.0132836098077636,-0.12097512366401364
2021-09-24,76.5199966430664,78.9000015258789,76.22000122070312,78.9000015258789,60.057804107666016,1576017,PKN.WA,0.032182090605744396,0.9193661361739338,75.79100074768067,73.9384001159668,69.07179998397827,0.3148449526250639,1.0132836098077636,-0.09268626544906555
2021-09-27,79.0999984741211,80.37999725341797,79.04000091552734,79.81999969482422,60.75810241699219,1588099,PKN.WA,0.011660306098264961,0.930086226738101,76.08400077819825,74.10120010375977,69.1708999824524,0.31607412613611363,1.0132836098077636,-0.08210670957704169
2021-09-28,79.86000061035156,79.87999725341797,78.33999633789062,79.55999755859375,60.5601921081543,1016991,PKN.WA,-0.0032573557657796792,0.9270566050047634,76.34700050354004,74.24240005493164,69.26019996643066,0.3171073658921243,1.0132836098077636,-0.08509661457897144
2021-09-29,79.26000213623047,80.13999938964844,78.54000091552734,80.0,60.89511489868164,856521,PKN.WA,0.00553044815118553,0.9321836434919564,76.66500053405761,74.43360000610352,69.35029996871948,0.31368269645828045,1.0132836098077636,-0.08003678884255627
2021-09-30,80.0,82.33999633789062,79.83999633789062,82.0199966430664,62.432716369628906,2648573,PKN.WA,0.025249958038330078,0.9557212413741459,77.09100036621093,74.69959991455079,69.45069995880127,0.3212390073971011,1.0132836098077636,-0.056807756364023465
2021-10-01,81.26000213623047,82.13999938964844,80.5999984741211,81.31999969482422,61.899879455566406,820804,PKN.WA,-0.008534466921382933,0.9475646700535753,77.43900032043457,74.93799987792968,69.55299995422364,0.32423502531506665,1.0132836098077636,-0.06485739936783963
2021-10-04,81.0,82.5999984741211,80.9000015258789,81.91999816894531,62.356597900390625,1027051,PKN.WA,0.007378239994746183,0.954556029599773,77.81000022888183,75.16959991455079,69.66309993743897,0.32419299994404144,1.0132836098077636,-0.057957692831064445
2021-10-05,82.0,82.0,80.33999633789062,81.95999908447266,62.387046813964844,871241,PKN.WA,0.0004882924367850539,0.9550221320895141,78.15,75.41999984741211,69.77259992599487,0.32421759885213547,1.0132836098077636,-0.05749770069734239
2021-10-06,81.62000274658203,81.91999816894531,80.0999984741211,81.55999755859375,62.08256912231445,1288414,PKN.WA,-0.004880448149671701,0.9503611960920624,78.4689998626709,75.62039978027343,69.88789991378785,0.325628224271615,1.0132836098077636,-0.062097534300035284
2021-10-07,81.58000183105469,81.5999984741211,80.13999938964844,80.72000122070312,61.44317626953125,837873,PKN.WA,-0.010299121665460542,0.9405733105073776,78.775,75.78399978637695,69.99909992218018,0.32701694170211176,1.0132836098077636,-0.0717571059046147
2021-10-08,80.9800033569336,84.4000015258789,80.87999725341797,84.22000122070312,64.10733032226562,2084343,PKN.WA,0.04335976148501741,0.9813563449101507,79.25900001525879,76.00959976196289,70.14599992752075,0.354559234845453,1.0132836098077636,-0.031508715416476596
2021-10-11,84.72000122070312,87.55999755859375,83.54000091552734,87.44000244140625,66.55836486816406,1763705,PKN.WA,0.03823321270519742,1.0188767507846956,79.78199996948243,76.31359985351563,70.30189994812012,0.360472992379407,1.0188767507846956,0.0
2021-10-12,87.19999694824219,88.16000366210938,86.5,88.04000091552734,67.01508331298828,1506668,PKN.WA,0.006861830482257192,1.0258681103308933,80.15900001525878,76.60079986572265,70.45499996185303,0.3296513039460744,1.0258681103308933,0.0
2021-10-13,88.04000091552734,89.45999908447266,85.18000030517578,87.0,66.22343444824219,1313738,PKN.WA,-0.011812822634170606,1.0137497122975028,80.5439998626709,76.86239990234375,70.59199996948242,0.3273870546990404,1.0258681103308933,-0.011812822634170494
2021-10-14,87.9000015258789,89.9000015258789,87.0,89.30000305175781,67.97417449951172,1425283,PKN.WA,0.026436816686871367,1.0405500276078805,81.15400009155273,77.15440002441406,70.74249998092651,0.31198542421582404,1.0405500276078805,0.0
2021-10-15,89.5999984741211,91.19999694824219,89.5,90.5999984741211,68.96371459960938,1197608,PKN.WA,0.014557619013851664,1.0556979584746489,81.87999992370605,77.48639999389648,70.90689996719361,0.30289408349011876,1.0556979584746489,0.0
2021-10-18,90.5,90.9000015258789,88.86000061035156,89.44000244140625,68.08074188232422,846376,PKN.WA,-0.012803488435446098,1.0421813418719947,82.64099998474121,77.8168000793457,71.05919998168946,0.2883391011291973,1.0556979584746489,-0.012803488435445987
2021-10-19,89.16000366210938,90.86000061035156,87.83999633789062,88.54000091552734,67.39566802978516,1162954,PKN.WA,-0.010062628592485967,1.0316942581027182,83.31500015258788,78.10880004882813,71.20389999389648,0.29644961854194185,1.0556979584746489,-0.022737280279117922
2021-10-20,88.54000091552734,90.0999984741211,88.41999816894531,90.04000091552734,68.53746032714844,774430,PKN.WA,0.016941495194144895,1.0491727014181922,83.94200019836425,78.41960006713867,71.33959999084473,0.2846126181057274,1.0556979584746489,-0.006180988609549742
2021-10-21,89.69999694824219,89.69999694824219,87.13999938964844,87.5999984741211,66.68014526367188,1237984,PKN.WA,-0.02709909392043852,1.0207410718437004,84.5,78.66,71.45769998550415,0.3014583266719375,1.0556979584746489,-0.0331125833391368
2021-10-22,87.0999984741211,87.68000030517578,85.86000061035156,86.44000244140625,65.79716491699219,906851,PKN.WA,-0.013241964074434676,1.0072244552410463,84.87700004577637,78.88880004882813,71.57280000686646,0.2941775144039286,1.0556979584746489,-0.04591607177458279
2021-10-25,86.55999755859375,89.54000091552734,86.55999755859375,89.54000091552734,68.1568603515625,853149,PKN.WA,0.0358630077113018,1.0433465536463677,85.36300010681153,79.2,71.70420001983642,0.3136351630477754,1.0556979584746489,-0.01169975249940558
2021-10-26,89.5999984741211,90.58000183105469,88.94000244140625,89.5,68.12641143798828,738273,PKN.WA,-0.00044673793967320297,1.0428804511566265,85.86000022888183,79.50600006103515,71.84500001907348,0.3126986260772383,1.0556979584746489,-0.012141263715752637
2021-10-27,89.5,89.5,87.44000244140625,89.0999984741211,67.82192993164062,824887,PKN.WA,-0.004469290791943137,1.0382195151591747,86.31500015258788,79.82040008544922,71.98080001831055,0.31494083151662006,1.0556979584746489,-0.0165562916695684
2021-10-28,90.19999694824219,90.55999755859375,87.26000213623047,87.45999908447266,66.5735855102539,1303089,PKN.WA,-0.018406278537981935,1.0191097575795864,86.58700027465821,80.15480010986329,72.11780000686646,0.3169069717122061,1.0556979584746489,-0.034657830491524044
2021-10-29,87.45999908447266,88.62000274658203,85.4000015258789,86.05999755859375,65.50791931152344,1250560,PKN.WA,-0.016007335245072696,1.0027965260384852,86.82400016784668,80.44760009765625,72.23959999084472,0.32171421369589187,1.0556979584746489,-0.05011038622505204
2021-11-02,86.05999755859375,88.95999908447266,85.86000061035156,87.54000091552734,66.63448333740234,1632599,PKN.WA,0.017197343701130574,1.0200419625590689,87.10500030517578,80.7484001159668,72.3739999961853,0.3253421904494249,1.0556979584746489,-0.03377480805883004
2021-11-03,87.4800033569336,88.4000015258789,86.0999984741211,87.0,66.22343444824219,894188,PKN.WA,-0.006168619029926936,1.013749712297503,87.35700035095215,81.00120010375977,72.50659999847412,0.3270188710671316,1.0556979584746489,-0.03973508316503316
2021-11-04,87.4800033569336,89.30000305175781,87.30000305175781,89.0,67.74581909179688,1078374,PKN.WA,0.02298850574712641,1.0370543033848019,87.72900047302247,81.29640014648437,72.6510000038147,0.33281083980414955,1.0556979584746489,-0.017660027605608697
2021-11-05,88.9000015258789,89.19999694824219,87.66000366210938,88.45999908447266,67.33477020263672,443900,PKN.WA,-0.006067426017161148,1.030762053123236,88.11600036621094,81.61160018920899,72.79489999771118,0.330633272787873,1.0556979584746489,-0.023620302711811703
2021-11-08,89.0,89.80000305175781,87.27999877929688,87.69999694824219,66.75627136230469,613146,PKN.WA,-0.008591478002444086,1.0219062836180737,88.2900001525879,81.89440017700196,72.943899974823,0.30029416616533816,1.0556979584746489,-0.032008847403096174
2021-11-09,87.5199966430664,88.36000061035156,86.36000061035156,88.04000091552734,67.01508331298828,1023625,PKN.WA,0.003876898279549623,1.0258681103308935,88.32000007629395,82.17600021362304,73.09109998703003,0.2687115565816359,1.0556979584746489,-0.02825604416897398
2021-11-10,87.87999725341797,89.30000305175781,87.58000183105469,87.86000061035156,66.87805938720703,905197,PKN.WA,-0.0020445286608810065,1.023770693577038,88.31100006103516,82.44720016479492,73.24439998626708,0.2677629805347716,1.0556979584746489,-0.030242802537708502
2021-11-12,87.5999984741211,88.23999786376953,85.58000183105469,85.77999877929688,65.29478454589844,1317591,PKN.WA,-0.023674047537049825,0.9995338975102568,88.25,82.69000015258788,73.38329998016357,0.2778425484455533,1.0556979584746489,-0.053200880529826966
2021-11-15,85.55999755859375,86.58000183105469,79.37999725341797,82.83999633789062,63.056888580322266,1881072,PKN.WA,-0.03427375242765596,0.9652761201639402,87.92699966430663,82.8768000793457,73.51739995956422,0.2831238110906612,1.0556979584746489,-0.08565123914927042
2021-11-16,82.31999969482422,83.95999908447266,81.5,83.45999908447266,63.52882385253906,1604922,PKN.WA,0.007484340584144267,0.9725005754049885,87.56999969482422,83.05880004882812,73.6487999534607,0.2781784465794505,1.0556979584746489,-0.0788079416103733
2021-11-17,83.69999694824219,83.77999877929688,80.80000305175781,81.0,61.65629959106445,1019856,PKN.WA,-0.02947518705317509,0.943835939035606,87.1479995727539,83.18880004882813,73.75859994888306,0.2912054346780293,1.0556979584746489,-0.10596024984330688
2021-11-18,80.5,80.5,78.0,78.5999984741211,59.82945251464844,1280213,PKN.WA,-0.029629648467640823,0.9158704119508554,86.6509994506836,83.25759994506836,73.85699995040893,0.30391553660733117,1.0556979584746489,-0.1324503333565471
2021-11-19,79.0,80.5,76.30000305175781,77.22000122070312,58.779014587402344,1175933,PKN.WA,-0.017557217305447237,0.8997902761046047,86.00999946594239,83.29839996337891,73.95069995880127,0.294251597898543,1.0556979584746489,-0.14768209137707455
2021-11-22,77.19999694824219,80.26000213623047,76.80000305175781,79.18000030517578,60.27094268798828,1072173,PKN.WA,0.02538201312469246,0.9226287647021625,85.58899955749511,83.39,74.05289995193482,0.3065702922815666,1.0556979584746489,-0.12604854703399704
2021-11-23,79.36000061035156,80.08000183105469,78.44000244140625,79.30000305175781,60.362281799316406,1385521,PKN.WA,0.0015155689077988033,0.9240270721713859,85.2319995880127,83.48520004272461,74.14959997177124,0.305694955024277,1.0556979584746489,-0.12472401338495609
2021-11-24,79.95999908447266,81.80000305175781,78.95999908447266,80.0,60.89511489868164,769487,PKN.WA,0.008827199512026596,0.9321836434919565,84.75499954223633,83.54559997558594,74.24749998092652,0.2719949113615479,1.0556979584746489,-0.11699777762301922
2021-11-25,80.0199966430664,80.5,78.22000122070312,78.62000274658203,59.84467697143555,646640,PKN.WA,-0.01724996566772463,0.9161035076457058,84.21099967956543,83.50800003051758,74.34340000152588,0.27440244597935565,1.0556979584746489,-0.13222953564354667
2021-11-26,76.9800033569336,76.9800033569336,73.33999633789062,73.63999938964844,56.053955078125,1351160,PKN.WA,-0.06334270138587728,0.8580750367223491,83.4379997253418,83.3947999572754,74.41440000534058,0.3407102972824638,1.0556979584746489,-0.18719646103876164
2021-11-29,73.58000183105469,74.76000213623047,71.30000305175781,71.62000274658203,54.516353607177734,1340292,PKN.WA,-0.027430698802400566,0.8345374388401595,82.64599990844727,83.28520004272461,74.47370002746582,0.34539678031034143,1.0556979584746489,-0.20949223010153262
2021-11-30,70.77999877929688,72.55999755859375,69.19999694824219,71.87999725341797,54.71426010131836,2976124,PKN.WA,0.003630194036097656,0.8375669716735373,81.93699989318847,83.20119995117187,74.53120000839233,0.3476760186367327,1.0556979584746489,-0.20662253350975823
2021-12-01,73.04000091552734,74.94000244140625,72.69999694824219,74.80000305175781,56.93693923950195,1098149,PKN.WA,0.04062334320972716,0.8715917422249633,81.3,83.21279998779296,74.59720003128052,0.3793477328577866,1.0556979584746489,-0.1743928883936614
2021-12-02,74.19999694824219,74.5,72.83999633789062,73.5999984741211,56.023502349853516,875142,PKN.WA,-0.016042841292484677,0.857608934232608,80.62999992370605,83.18360000610352,74.65950002670289,0.38048530115327395,1.0556979584746489,-0.1876379722551086
2021-12-03,74.19999694824219,75.76000213623047,73.5199966430664,73.76000213623047,56.145301818847656,1471755,PKN.WA,0.002173962845469779,0.8594733441915726,79.86800003051758,83.10880004882813,74.73320003509521,0.36481385184691023,1.0556979584746489,-0.1858719273897207
2021-12-06,74.0,75.5,72.9000015258789,73.55999755859375,55.9930534362793,695856,PKN.WA,-0.0027115587289072707,0.8571428317428669,79.12299995422363,83.05119995117188,74.7976000213623,0.3653770727380308,1.0556979584746489,-0.18807948347145542
2021-12-07,74.5199966430664,76.4000015258789,74.5199966430664,76.37999725341797,58.139610290527344,937791,PKN.WA,0.03833604932596635,0.8900023016199599,78.55699996948242,83.00079986572266,74.88190000534058,0.4020744169299601,1.0556979584746489,-0.15695365850105314
2021-12-08,76.5999984741211,77.16000366210938,75.0,75.0,57.08917236328125,890627,PKN.WA,-0.0180675216423396,0.8739221657737092,77.90499992370606,82.90439987182617,74.95829999923706,0.402050942593807,1.0556979584746489,-0.1721854165215806
2021-12-09,75.69999694824219,75.91999816894531,72.5,73.72000122070312,56.11485290527344,881236,PKN.WA,-0.01706665039062505,0.8590072417018314,77.19799995422363,82.78759994506837,75.02710000991821,0.40279542177680233,1.0556979584746489,-0.18631343860606764
2021-12-10,73.19999694824219,74.5,73.0,73.5,55.947383880615234,273039,PKN.WA,-0.002984281294902358,0.856443722458235,76.5840000152588,82.65759994506836,75.09500001907348,0.3990865877157931,1.0556979584746489,-0.188741708191149
2021-12-13,73.95999908447266,75.22000122070312,73.63999938964844,74.18000030517578,56.464996337890625,1065948,PKN.WA,0.009251704832323515,0.864367286983915,76.15100021362305,82.50080001831054,75.17170001983642,0.39000592376727083,1.0556979584746489,-0.18123618593255852
2021-12-14,74.0999984741211,75.16000366210938,72.87999725341797,74.9000015258789,57.01305389404297,1032553,PKN.WA,0.009706136664074494,0.8727569539993362,75.72300033569336,82.37240005493165,75.24420001983643,0.39104394634476436,1.0556979584746489,-0.173289152457621
2021-12-15,74.69999694824219,74.69999694824219,71.5,71.86000061035156,54.69903564453125,1145799,PKN.WA,-0.04058746132971691,0.8373339648786466,75.26600036621093,82.17120010375976,75.29900001525878,0.4020629488114868,1.0556979584746489,-0.20684324701310475
2021-12-16,73.0999984741211,74.76000213623047,72.44000244140625,74.76000213623047,56.90648651123047,948538,PKN.WA,0.040356269151786694,0.8711256397352221,75.07400054931641,82.02720016479492,75.37180002212524,0.4229339663326635,1.0556979584746489,-0.17483439961000835
2021-12-17,73.63999938964844,74.0,72.19999694824219,72.9000015258789,55.49067687988281,1991208,PKN.WA,-0.024879622220478237,0.8494523629120373,74.85800056457519,81.85400024414062,75.42890003204346,0.42724588795807417,1.0556979584746489,-0.19536420801704546
2021-12-20,72.0,72.0,69.66000366210938,70.9800033569336,54.029197692871094,1161344,PKN.WA,-0.026337422891050677,0.8270799768042207,74.44800071716308,81.65920028686523,75.46500005722046,0.4218438754380435,1.0556979584746489,-0.21655624114377603
2021-12-21,72.0,72.5999984741211,71.44000244140625,71.5999984741211,54.501129150390625,821147,PKN.WA,0.008734785684212598,0.8343043431453091,74.06300048828125,81.40680023193359,75.48970003128052,0.42412084449582316,1.0556979584746489,-0.20971302781453305
2021-12-22,71.63999938964844,72.5199966430664,71.5,72.5199966430664,55.201416015625,464304,PKN.WA,0.012849136711613696,0.8450244337094762,73.68900032043457,81.1084001159668,75.51700002670287,0.4260647215753714,1.0556979584746489,-0.1995585224675147
2021-12-23,72.69999694824219,73.4000015258789,72.0999984741211,73.0,55.56679153442383,531651,PKN.WA,0.0066189103578713215,0.8506175746864102,73.40800018310547,80.80760009765625,75.53480001449584,0.42505278883090275,1.0556979584746489,-0.19426047208100516
2021-12-27,72.9800033569336,73.27999877929688,71.31999969482422,71.5999984741211,54.501129150390625,471813,PKN.WA,-0.019178103094231624,0.834304343145309,73.30600013732911,80.49960006713867,75.55039999008179,0.36738726228811586,1.0556979584746489,-0.20971302781453316
2021-12-28,71.62000274658203,73.18000030517578,71.62000274658203,72.72000122070312,55.353660583496094,773634,PKN.WA,0.015642496794002536,0.8473549461581819,73.36100006103516,80.16800003051758,75.56839998245239,0.3582218373786627,1.0556979584746489,-0.19735096638577998
2021-12-29,72.83999633789062,73.94000244140625,72.72000122070312,73.94000244140625,56.282310485839844,331956,PKN.WA,0.016776694172494055,0.8615707609454278,73.46400032043456,79.83480010986328,75.59629999160767,0.3625142674292605,1.0556979584746489,-0.1838851690209864
2021-12-30,74.19999694824219,74.33999633789062,73.58000183105469,74.33999633789062,56.58678436279297,393192,PKN.WA,0.005409708997526019,0.8662316080429197,73.44099998474121,79.53279998779297,75.63569997787475,0.3326350237723151,1.0556979584746489,-0.17947022527682477
2022-01-03,74.5,75.68000030517578,74.0,75.16000366210938,57.21096420288086,566158,PKN.WA,0.011030499927544346,0.8757865757326737,73.51900024414063,79.26520004272462,75.68480001449585,0.32929009546480564,1.0556979584746489,-0.1704193716561928
2022-01-04,75.72000122070312,76.36000061035156,74.9800033569336,76.36000061035156,58.1243896484375,822110,PKN.WA,0.015965897948021945,0.8897692948250692,73.64900016784668,78.9916000366211,75.74090002059937,0.3334147409155223,1.0556979584746489,-0.15717437200439965
2022-01-05,76.4000015258789,79.0999984741211,76.08000183105469,79.0199966430664,60.14915466308594,1692472,PKN.WA,0.03483493990902686,0.9207643547431976,73.92200012207032,78.82,75.81760000228881,0.35255073883046684,1.0556979584746489,-0.12781459189938515
2022-01-07,78.5,81.16000366210938,77.4000015258789,79.86000061035156,60.788543701171875,1603776,PKN.WA,0.010630270855103374,0.9305523292278423,74.09600028991699,78.68839996337891,75.8964999961853,0.3295411985300756,1.0556979584746489,-0.11854302477540668
2022-01-10,80.0199966430664,80.13999938964844,77.72000122070312,77.81999969482422,59.2357177734375,988667,PKN.WA,-0.025544714499575294,0.9067816356508023,74.2370002746582,78.45399993896484,75.97039999008179,0.33670228661480844,1.0556979584746489,-0.1410595915511781
2022-01-11,78.30000305175781,79.4000015258789,76.44000244140625,79.13999938964844,60.24048614501953,1323466,PKN.WA,0.016962216653825246,0.9221626622124212,74.50800018310547,78.24679992675782,76.0519999885559,0.3327049512502465,1.0556979584746489,-0.1264900582503441
2022-01-12,79.44000244140625,82.44000244140625,78.0199966430664,82.19999694824219,62.56972885131836,2421296,PKN.WA,0.038665625248842206,0.9578186581280013,74.94300003051758,78.10879989624023,76.15349996566772,0.3536885286299433,1.0556979584746489,-0.09271525019151394
2022-01-13,82.19999694824219,83.66000366210938,80.66000366210938,81.44000244140625,61.991233825683594,1459203,PKN.WA,-0.009245675608898996,0.9489629775227988,75.30600013732911,77.98839996337891,76.24549997329711,0.35740081255018646,1.0556979584746489,-0.10110371067314439
2022-01-14,81.44000244140625,83.0,81.37999725341797,82.16000366210938,62.53928756713867,1059520,PKN.WA,0.008840879164034199,0.95735264453822,75.66900024414062,77.91040008544923,76.33579999923705,0.35726031735379205,1.0556979584746489,-0.09315667719820686
2022-01-17,82.04000091552734,82.19999694824219,81.26000213623047,81.55999755859375,62.08256912231445,415517,PKN.WA,-0.00730289772117354,0.9503611960920624,76.15400009155273,77.79080001831055,76.42069997787476,0.31851597072592797,1.0556979584746489,-0.09977926123375758
2022-01-18,81.54000091552734,82.23999786376953,79.5,80.0,60.89511489868164,772377,PKN.WA,-0.01912699368919213,0.9321836434919564,76.4159999847412,77.65080001831055,76.5033999824524,0.3044324260780867,1.0556979584746489,-0.11699777762301933
2022-01-19,79.5,81.31999969482422,78.68000030517578,80.86000061035156,61.54973220825195,1248094,PKN.WA,0.010750007629394487,0.9422046247714917,76.81399993896484,77.48800003051758,76.58670000076295,0.2859870024938916,1.0556979584746489,-0.10750549699569445
2022-01-20,80.9000015258789,81.0,79.05999755859375,80.76000213623047,61.4736213684082,552195,PKN.WA,-0.0012366865368078628,0.9410394129971187,77.3029998779297,77.33400009155274,76.65950002670289,0.2619723438853689,1.0556979584746489,-0.10860923293173497
2022-01-21,79.54000091552734,79.91999816894531,76.5999984741211,77.77999877929688,59.20527267456055,1250452,PKN.WA,-0.036899495766564705,0.906315533161061,77.61199989318848,77.13560012817383,76.71640001296997,0.3037915989792109,1.0556979584746489,-0.14150110276752526
2022-01-24,77.4000015258789,78.19999694824219,72.0,72.80000305175781,55.414554595947266,1400410,PKN.WA,-0.06402668816786627,0.8482871511376643,77.62600021362304,76.83080017089844,76.75740003585815,0.3864782581770124,1.0556979584746489,-0.19646794395308598
2022-01-25,73.19999694824219,74.95999908447266,72.9000015258789,74.44000244140625,56.66291046142578,1170885,PKN.WA,0.022527463199176756,0.8673969087172525,77.69800033569337,76.56240020751953,76.80650003433227,0.39388522157195627,1.0556979584746489,-0.17836640513113022
2022-01-26,75.19999694824219,76.0199966430664,73.5,74.45999908447266,56.67812728881836,803008,PKN.WA,0.00026862765194213267,0.8676299155121431,77.84100036621093,76.33600021362305,76.85480001449585,0.3864718290339485,1.0556979584746489,-0.17814569162778393
2022-01-27,73.4800033569336,75.0,71.5999984741211,73.80000305175781,56.17574691772461,1608350,PKN.WA,-0.008863766328630951,0.8599394466813136,77.89500045776367,76.15520034790039,76.90600002288818,0.3849922392658261,1.0556979584746489,-0.18543041617337386
2022-01-28,74.0199966430664,74.0199966430664,70.86000061035156,71.77999877929688,54.63814163208008,1882662,PKN.WA,-0.027371330473309863,0.8364017598991641,77.7870002746582,75.92160034179688,76.93690002441406,0.39284289793484667,1.0556979584746489,-0.20772626944579897
2022-01-31,72.91999816894531,73.22000122070312,70.5999984741211,71.0,54.04441452026367,1748082,PKN.WA,-0.010866519818357068,0.8273129835991111,77.62000045776367,75.72160034179687,76.95500003814698,0.3934660482904736,1.0556979584746489,-0.21633552764042985
2022-02-01,71.5,72.33999633789062,70.9000015258789,71.72000122070312,54.59247589111328,708805,PKN.WA,0.010140862263424255,0.8357026506145323,77.44800033569337,75.58400039672851,76.97780002593994,0.39308776292871683,1.0556979584746489,-0.20838849416549232
2022-02-02,72.0999984741211,73.12000274658203,70.86000061035156,71.30000305175781,54.27277755737305,1199609,PKN.WA,-0.005856081452827344,0.8308087078221899,77.19500045776367,75.4656004333496,77.00300003051758,0.38741763424387005,1.0556979584746489,-0.2130242356226546
2022-02-03,71.30000305175781,71.76000213623047,70.68000030517578,71.16000366210938,54.16621017456055,970018,PKN.WA,-0.001963525717478709,0.8291773935580757,76.80200080871582,75.30520050048828,77.02780006408692,0.3606798296548253,1.0556979584746489,-0.21456948277504195
2022-02-04,71.18000030517578,71.26000213623047,68.80000305175781,68.91999816894531,52.461143493652344,1264138,PKN.WA,-0.03147843420301566,0.8030761875323298,76.2550006866455,75.09760040283203,77.04030006408692,0.3674229171343319,1.0556979584746489,-0.23929360563254842
2022-02-07,69.4800033569336,69.9000015258789,67.26000213623047,68.5,52.14144515991211,1121303,PKN.WA,-0.006093995648632444,0.7981822447399874,75.7890007019043,74.86760040283202,77.04810005187989,0.36088818925477256,1.0556979584746489,-0.24392934708971048
2022-02-08,68.80000305175781,71.69999694824219,68.37999725341797,71.5999984741211,54.501129150390625,1356648,PKN.WA,0.04525545217695037,0.8343043431453089,75.41200065612793,74.72720031738281,77.07360004425048,0.397041360459622,1.0556979584746489,-0.20971302781453327
2022-02-09,72.05999755859375,73.80000305175781,71.18000030517578,73.26000213623047,55.764705657958984,1465555,PKN.WA,0.023184409182765098,0.8536471964197477,74.96500091552734,74.71960037231446,77.10610004425048,0.3779623614772912,1.0556979584746489,-0.19139069127957686
2022-02-10,73.26000213623047,73.58000183105469,70.9000015258789,71.22000122070312,54.21187973022461,913266,PKN.WA,-0.027846039531009947,0.8298765028427076,74.4540008544922,74.71160034179688,77.12760005950928,0.3861069888298006,1.0556979584746489,-0.21390725805534838
2022-02-11,70.80000305175781,71.73999786376953,70.30000305175781,71.62000274658203,54.516353607177734,769598,PKN.WA,0.0056164212162723715,0.8345374388401593,73.92700080871582,74.70640045166016,77.14990005493163,0.3845857036128277,1.0556979584746489,-0.20949223010153284
2022-02-14,69.73999786376953,71.18000030517578,68.04000091552734,70.58000183105469,53.72471618652344,1225764,PKN.WA,-0.014521095722479282,0.8224190408067686,73.37800102233886,74.62200042724609,77.16530006408692,0.38562287404255613,1.0556979584746489,-0.22097126909759213
2022-02-15,71.22000122070312,73.30000305175781,71.13999938964844,73.27999877929688,55.77992248535156,1510492,PKN.WA,0.03825441878997249,0.8538802032146382,73.04200096130371,74.61560043334961,77.19810005187988,0.4142610052381497,1.0556979584746489,-0.19116997777623068
2022-02-16,73.31999969482422,75.5,73.31999969482422,73.72000122070312,56.11485290527344,1402517,PKN.WA,0.006004400228382112,0.8590072417018312,72.68500099182128,74.61480041503906,77.23110004425048,0.4123502180263631,1.0556979584746489,-0.18631343860606786
2022-02-17,73.5,73.55999755859375,71.18000030517578,71.77999877929688,54.63814163208008,888008,PKN.WA,-0.026315822155214885,0.8364017598991641,72.2360008239746,74.57920043945313,77.244700050354,0.41943693541593075,1.0556979584746489,-0.20772626944579897
2022-02-18,71.73999786376953,72.30000305175781,70.87999725341797,70.95999908447266,54.01396942138672,666638,PKN.WA,-0.011423790871681216,0.8268468811093699,71.8950008392334,74.47080047607422,77.25500003814697,0.4036267947509601,1.0556979584746489,-0.2167770388567769
2022-02-21,71.4800033569336,72.0,67.62000274658203,68.12000274658203,51.852195739746094,866320,PKN.WA,-0.04002249682260872,0.7937544044373862,71.6610008239746,74.33320053100586,77.24550006866455,0.3634890524344396,1.0556979584746489,-0.2481235773305257
2022-02-22,66.5999984741211,69.9800033569336,65.13999938964844,69.69999694824219,53.05487060546875,1419253,PKN.WA,0.023194276834338945,0.8121649638323828,71.4240005493164,74.25280044555664,77.23510005950928,0.36411898967787737,1.0556979584746489,-0.23068434743791744
2022-02-23,69.87999725341797,71.5,68.19999694824219,68.19999694824219,51.9130859375,1113398,PKN.WA,-0.021520804385599446,0.7946865205169086,71.11100044250489,74.14680038452148,77.21510005950928,0.3696691319647432,1.0556979584746489,-0.24724063910748584
2022-02-24,64.91999816894531,65.9000015258789,61.13999938964844,62.959999084472656,47.92445755004883,2622289,PKN.WA,-0.07683281668980468,0.7336285167601743,70.56900024414062,73.92240036010742,77.16390007019044,0.45100895737953217,1.0556979584746489,-0.30507726109447497
2022-02-25,63.599998474121094,70.5,63.52000045776367,69.86000061035156,53.17666244506836,2512019,PKN.WA,0.10959341845957238,0.8140293737913474,70.47300033569336,73.82160034179688,77.14320007324218,0.6063537651723674,1.0556979584746489,-0.22891830257252954
2022-02-28,68.45999908447266,71.69999694824219,67.19999694824219,71.05999755859375,54.090084075927734,2955226,PKN.WA,0.01717716773200806,0.8280120928837429,70.47600021362305,73.80560028076172,77.11620006561279,0.6082701928090082,1.0556979584746489,-0.2156733029207364
2022-03-01,71.19999694824219,75.12000274658203,71.19999694824219,73.0199966430664,55.5820198059082,1779885,PKN.WA,0.02758231285972812,0.8508505814813005,70.5409999847412,73.77080017089844,77.09900005340576,0.6149641100267875,1.0556979584746489,-0.19403975857765898
2022-03-02,73.0999984741211,77.45999908447266,72.0999984741211,77.45999908447266,58.961692810058594,2649725,PKN.WA,0.060805295063346865,0.9025868021430913,70.84899978637695,73.86200012207031,77.10230003356934,0.648836374364848,1.0556979584746489,-0.14503310828864724
2022-03-03,79.0,81.19999694824219,77.83999633789062,79.0999984741211,60.210044860839844,2648605,PKN.WA,0.021172210289596816,0.9216965597226795,71.24599952697754,74.02440002441406,77.12180004119872,0.6507694311470422,1.0556979584746489,-0.1269315694666916
2022-03-04,77.9800033569336,78.68000030517578,73.69999694824219,74.41999816894531,56.647682189941406,1920795,PKN.WA,-0.05916561814734955,0.8671638130224016,71.52099952697753,74.08080001831054,77.10940002441406,0.6787863547986421,1.0556979584746489,-0.1785872028441311
2022-03-07,73.0,78.5999984741211,73.0,77.69999694824219,59.14438247680664,2272369,PKN.WA,0.04407415829076955,0.9053833281815783,71.98099937438965,74.18440002441406,77.11790000915528,0.6914421723872392,1.0556979584746489,-0.1423841252002196
2022-03-08,77.69999694824219,79.55999755859375,76.31999969482422,77.37999725341797,58.90080261230469,1492231,PKN.WA,-0.00411840035254285,0.9016545971636089,72.26999931335449,74.27199996948242,77.12630001068115,0.6774837164164287,1.0556979584746489,-0.14591613072134135
2022-03-09,79.12000274658203,79.95999908447266,73.0999984741211,74.04000091552734,56.358428955078125,1929725,PKN.WA,-0.043163562373260356,0.8627359727198005,72.30899925231934,74.32080001831055,77.11610000610352,0.6942597229884193,1.0556979584746489,-0.1827814330849462
2022-03-10,74.22000122070312,75.41999816894531,73.4000015258789,74.66000366210938,56.83036804199219,1292634,PKN.WA,0.008373888964282816,0.8699604279608486,72.48099937438965,74.35960006713867,77.10560001373291,0.685857951173909,1.0556979584746489,-0.1759381355460493
2022-03-11,74.66000366210938,77.80000305175781,74.19999694824219,77.5999984741211,59.068260192871094,1369221,PKN.WA,0.03937844451920092,0.9042181164072052,72.77999916076661,74.43279998779298,77.10220001220704,0.6977775120405381,1.0556979584746489,-0.1434878611362601
2022-03-14,77.0199966430664,77.41999816894531,73.80000305175781,73.80000305175781,56.17574691772461,1759899,PKN.WA,-0.04896901413768129,0.8599394466813132,72.94099922180176,74.42200012207032,77.07150001525879,0.7208438889876474,1.0556979584746489,-0.1854304161733742
2022-03-15,74.19999694824219,75.73999786376953,73.4000015258789,75.0,57.08917236328125,1308018,PKN.WA,0.016260120577509918,0.8739221657737085,73.02699928283691,74.41880004882813,77.0375,0.710817626630947,1.0556979584746489,-0.17218541652158126
2022-03-16,76.22000122070312,76.23999786376953,73.63999938964844,74.4800033569336,56.693359375,1367036,PKN.WA,-0.00693328857421871,0.8678630112069932,73.06499938964843,74.38120010375977,77.00150001525878,0.7113594144921622,1.0556979584746489,-0.17792489391478372
2022-03-17,75.19999694824219,76.83999633789062,74.69999694824219,76.63999938964844,58.33751678466797,1344922,PKN.WA,0.02900101954028389,0.8930319233532968,73.30799942016601,74.33360015869141,76.97880001068116,0.7098131451054723,1.0556979584746489,-0.1540838776996254
2022-03-18,76.91999816894531,77.94000244140625,74.54000091552734,74.77999877929688,56.92170333862305,2437323,PKN.WA,-0.024269319221873475,0.8713586465301121,73.49899940490722,74.23200012207032,76.945,0.7150142643579728,1.0556979584746489,-0.1746136861066625
2022-03-21,74.91999816894531,78.0,74.9000015258789,78.0,59.372737884521484,921040,PKN.WA,0.043059658642232934,0.9088790524046568,73.99299926757813,74.23560012817383,76.92729999542236,0.7086063055593388,1.0556979584746489,-0.13907283318244446
2022-03-22,78.0999984741211,78.45999908447266,76.91999816894531,78.04000091552734,59.40319061279297,999109,PKN.WA,0.0005128322503504812,0.9093451548943979,74.40999946594238,74.2136001586914,76.9125,0.7066142942516619,1.0556979584746489,-0.1386313219660975
2022-03-23,78.5,79.16000366210938,77.76000213623047,78.95999908447266,60.103477478027344,678295,PKN.WA,0.011788802641623963,0.9200652454585649,74.9479995727539,74.14880020141601,76.90590000152588,0.6988819949802326,1.0556979584746489,-0.1284768166190794
2022-03-24,78.95999908447266,79.19999694824219,76.72000122070312,78.23999786376953,59.555419921875,887559,PKN.WA,-0.009118556598928684,0.9116755784431438,75.71199951171874,74.08480010986328,76.88319999694824,0.6271792716093948,1.0556979584746489,-0.1364238500940168
2022-03-25,78.23999786376953,78.95999908447266,76.81999969482422,77.66000366210938,59.11393737792969,897011,PKN.WA,-0.0074130140273014344,0.9049173145917967,76.10199966430665,73.99480010986328,76.86480003356934,0.5117311914903894,1.0556979584746489,-0.14282555220691273
2022-03-28,76.80000305175781,78.66000366210938,76.62000274658203,77.36000061035156,58.885581970214844,806685,PKN.WA,-0.0038630316457760605,0.9014215903687179,76.41699981689453,73.91080017089844,76.83610004425049,0.5109773709314124,1.0556979584746489,-0.14613684422468798
2022-03-29,77.9800033569336,78.04000091552734,74.66000366210938,75.5,57.46976852416992,1567267,PKN.WA,-0.024043440998922083,0.8797483135455332,76.5409999847412,73.82080017089844,76.8017000579834,0.5132365664692128,1.0556979584746489,-0.1666666526317251
2022-03-30,76.13999938964844,76.33999633789062,74.81999969482422,75.62000274658203,57.56111145019531,1171548,PKN.WA,0.0015894403520799738,0.8811466210147567,76.44900016784668,73.71600021362305,76.77530006408692,0.46420729661738924,1.0556979584746489,-0.16534211898268414
2022-03-31,75.81999969482422,77.12000274658203,75.5,76.0199966430664,57.86558151245117,1403260,PKN.WA,0.005289525019257502,0.8858074681122485,76.29500007629395,73.62120010375976,76.74840003967284,0.45761667760009384,1.0556979584746489,-0.1609271752385225
2022-04-01,76.72000122070312,76.95999908447266,75.66000366210938,76.4800033569336,58.21573257446289,821267,PKN.WA,0.00605112778453587,0.8911676022942919,76.39800033569335,73.5952001953125,76.73820007324218,0.40422025993560795,1.0556979584746489,-0.15584983835535937
2022-04-04,77.0,79.26000213623047,76.76000213623047,79.0,60.13392639160156,1512645,PKN.WA,0.03294974545575702,0.9205313479483062,76.46300048828125,73.71920013427734,76.73780006408691,0.3904376523609988,1.0556979584746489,-0.12803530540273234
2022-04-05,79.0999984741211,79.33999633789062,76.30000305175781,76.30000305175781,58.078712463378906,967475,PKN.WA,-0.03417717656002772,0.8890701855404366,76.40900077819825,73.75640014648438,76.72190006256103,0.4098797309916641,1.0556979584746489,-0.15783659672409378
2022-04-06,76.30000305175781,77.0,74.81999969482422,77.0,58.61155700683594,796302,PKN.WA,0.00917427156283801,0.8972267568610074,76.55700073242187,73.80720016479492,76.70840007781982,0.3783184904102738,1.0556979584746489,-0.15011036096215669
2022-04-07,77.0,77.0199966430664,74.19999694824219,74.19999694824219,56.480220794677734,856052,PKN.WA,-0.03636367599685475,0.864600293778805,76.53400039672852,73.81520004272461,76.68020008087159,0.4013160199921,1.0556979584746489,-0.18101547242921268
2022-04-08,75.0,76.31999969482422,74.9000015258789,76.0,57.850364685058594,877832,PKN.WA,0.02425880223436394,0.885574461317358,76.45400047302246,73.89960006713868,76.6633000946045,0.38488905854194927,1.0556979584746489,-0.16114788874186892
2022-04-11,76.4000015258789,78.69999694824219,75.80000305175781,78.69999694824219,59.905574798583984,1178334,PKN.WA,0.035526275634765625,0.9170356237252275,76.69900016784668,74.05360000610352,76.66180007934571,0.3606177961541158,1.0556979584746489,-0.13134659742050747
2022-04-12,78.5999984741211,80.9000015258789,76.83999633789062,80.37999725341797,61.18437194824219,1727259,PKN.WA,0.021346891617805897,0.9366114837945569,76.96800003051757,74.2267999267578,76.67870006561279,0.3634526720742376,1.0556979584746489,-0.11280354738220477
2022-04-13,80.9000015258789,81.81999969482422,79.0199966430664,81.5999984741211,62.11301803588867,1410511,PKN.WA,0.015177920656761934,0.9508272985818028,77.32399978637696,74.43279983520507,76.70280006408692,0.3633325807909617,1.0556979584746489,-0.09933775001741119
2022-04-14,81.69999694824219,82.0999984741211,80.22000122070312,81.08000183105469,61.717201232910156,608049,PKN.WA,-0.0063725079998784295,0.9447681440150875,77.54599990844727,74.63119979858398,76.71910007476806,0.3536816039887245,1.0556979584746489,-0.10507722741061376
2022-04-19,81.08000183105469,81.66000366210938,79.58000183105469,80.58000183105469,61.33660888671875,824204,PKN.WA,-0.006166748750719653,0.9389419962432627,77.83600006103515,74.86439987182617,76.73490009307861,0.340732502046948,1.0556979584746489,-0.11059599130046993
2022-04-20,80.58000183105469,81.5199966430664,79.44000244140625,79.44000244140625,60.46885299682617,509595,PKN.WA,-0.014147423228390799,0.9256583864354991,77.90800018310547,75.0831999206543,76.74310009002686,0.31305128903722296,1.0556979584746489,-0.12317876623256963
2022-04-21,79.80000305175781,80.4000015258789,78.31999969482422,78.37999725341797,59.6619873046875,927380,PKN.WA,-0.013343468723709173,0.913306892707258,77.925,75.21879989624023,76.75660007476807,0.31723192023576047,1.0556979584746489,-0.13487860294162934
2022-04-22,78.19999694824219,78.23999786376953,76.0999984741211,76.0999984741211,57.92647933959961,730930,PKN.WA,-0.029089038775099607,0.8867396730917307,77.78199996948243,75.27559982299805,76.76210006713868,0.3306798173723249,1.0556979584746489,-0.16004415280582873
2022-04-25,75.0199966430664,75.5,72.91999816894531,72.91999816894531,55.505897521972656,1307184,PKN.WA,-0.04178712705568821,0.8496853697069272,77.51599998474121,75.30959976196289,76.75990005493163,0.359555153959763,1.0556979584746489,-0.19514349451369972
2022-04-26,74.62000274658203,76.87999725341797,73.66000366210938,74.0199966430664,56.343204498291016,1585806,PKN.WA,0.015085004137994629,0.8625028770249497,77.33399963378906,75.35759963989258,76.75730003356934,0.36494534776167276,1.0556979584746489,-0.18300223079794709
2022-04-27,74.0999984741211,76.08000183105469,73.86000061035156,75.0199966430664,57.10438919067383,1231260,PKN.WA,0.01350986281210087,0.874155172568599,77.21699943542481,75.44639953613282,76.75490001678467,0.3690479344078184,1.0556979584746489,-0.17196470301823497
2022-04-28,76.0,77.22000122070312,74.68000030517578,76.0,57.850364685058594,836815,PKN.WA,0.013063228482884437,0.8855744613173578,77.2419994354248,75.50079956054688,76.76280002593994,0.3621269003221098,1.0556979584746489,-0.16114788874186903
2022-04-29,76.80000305175781,77.5999984741211,75.0,75.31999969482422,57.3327522277832,1028055,PKN.WA,-0.008947372436523438,0.8776508967916778,77.22699928283691,75.5327995300293,76.76300003051757,0.36366510400647284,1.0556979584746489,-0.1686534110004595
2022-05-02,75.30000305175781,75.5199966430664,71.69999694824219,72.45999908447266,55.15574645996094,619593,PKN.WA,-0.037971330615234944,0.8443253244248436,77.04899940490722,75.54639953613281,76.75490001678467,0.38706949326377527,1.0556979584746489,-0.20022074718720884
2022-05-04,73.0,74.9000015258789,72.13999938964844,74.0,56.32798385620117,959488,PKN.WA,0.021253118064934462,0.862269870230059,76.92499923706055,75.60719955444335,76.75430000305175,0.3950014115214176,1.0556979584746489,-0.1832229443012936
2022-05-05,74.9800033569336,74.9800033569336,72.0199966430664,72.5,55.18620300292969,1081481,PKN.WA,-0.020270270270270285,0.8447914269145848,76.59999923706054,75.69479949951172,76.75840000152589,0.37853731835511756,1.0556979584746489,-0.199779235970862
2022-05-06,72.0,74.9000015258789,70.5,74.9000015258789,57.01305389404297,1323415,PKN.WA,0.03310346932246766,0.8727569539993354,76.52999916076661,75.79879959106445,76.77040000915527,0.3827411435081808,1.0556979584746489,-0.17328915245762178
2022-05-09,74.08000183105469,76.44000244140625,73.55999755859375,75.41999816894531,57.40886688232422,1032043,PKN.WA,0.006942545159852154,0.8788161085660507,76.45099906921386,75.94319961547852,76.79529998779297,0.38206290687918554,1.0556979584746489,-0.1675496750644192
2022-05-10,75.5199966430664,76.69999694824219,72.16000366210938,74.0,56.32798385620117,1706819,PKN.WA,-0.01882787328851998,0.862269870230059,76.44099922180176,76.16399963378906,76.82169998168945,0.36508220420250614,1.0556979584746489,-0.1832229443012936
2022-05-11,74.80000305175781,75.26000213623047,72.18000030517578,72.18000030517578,54.9426155090332,1321854,PKN.WA,-0.024594590470597533,0.8410626958966154,76.24999923706055,76.21039962768555,76.83559997558594,0.36341675556639025,1.0556979584746489,-0.20331124149198365
2022-05-12,70.9800033569336,71.33999633789062,69.27999877929688,70.0,53.28322219848633,1587632,PKN.WA,-0.030202276197821787,0.8156606880554612,75.81499938964843,76.18919967651367,76.83389999389648,0.34714679540965965,1.0556979584746489,-0.22737305542014252
2022-05-13,70.80000305175781,73.83999633789062,70.80000305175781,73.5,55.947383880615234,980991,PKN.WA,0.050000000000000044,0.8564437224582343,75.47099952697754,76.19879974365234,76.85419998168945,0.3890319290702832,1.0556979584746489,-0.18874170819114966
2022-05-16,73.0,74.41999816894531,72.80000305175781,73.83999633789062,56.2061882019043,623442,PKN.WA,0.004625800515518641,0.8604054602710943,75.08299942016602,76.12639968872071,76.86569995880127,0.38383665140005924,1.0556979584746489,-0.1849889891666815
2022-05-17,74.37999725341797,75.33999633789062,72.80000305175781,72.83999633789062,55.44499588012695,896501,PKN.WA,-0.01354279590459373,0.8487531647274449,74.6709991455078,76.0011996459961,76.86719993591309,0.38509114437711517,1.0556979584746489,-0.19602651694639373
2022-05-18,73.0,74.44000244140625,72.87999725341797,73.05999755859375,55.61246871948242,1023525,PKN.WA,0.0030203354168578667,0.8513166839710414,74.29499893188476,75.97399963378906,76.86779991149902,0.3861220718277432,1.0556979584746489,-0.19359824736131226
2022-05-19,72.0,72.19999694824219,70.54000091552734,71.4000015258789,54.34889602661133,925451,PKN.WA,-0.02272099764831681,0.8319739195965625,73.8929988861084,75.8479997253418,76.86359992980957,0.39011074240054433,1.0556979584746489,-0.21192049968661442
2022-05-20,71.80000305175781,72.4000015258789,70.05999755859375,70.05999755859375,53.328895568847656,1043110,PKN.WA,-0.01876756216594022,0.8163597973400931,73.47699890136718,75.70159973144531,76.84549991607666,0.39211295646848704,1.0556979584746489,-0.22671083070044895
2022-05-23,70.91999816894531,73.36000061035156,70.91999816894531,72.63999938964844,55.292762756347656,805239,PKN.WA,0.03682560549473246,0.8464227411786991,73.30399894714355,75.67359970092774,76.83909992218018,0.40854879679308365,1.0556979584746489,-0.19823398881847443
2022-05-24,71.5,72.5999984741211,71.0999984741211,71.72000122070312,54.59247589111328,875193,PKN.WA,-0.012665173137052843,0.835702650614532,73.24399909973144,75.6147996520996,76.82419994354248,0.383236739372252,1.0556979584746489,-0.20838849416549265
2022-05-25,72.4000015258789,72.4000015258789,71.12000274658203,71.33999633789062,54.30321502685547,843056,PKN.WA,-0.005298450590416448,0.8312747214119708,73.10999908447266,75.489599609375,76.81089992523194,0.3790112139047758,1.0556979584746489,-0.21258280861596202
2022-05-26,71.33999633789062,71.9800033569336,70.80000305175781,71.5999984741211,54.501129150390625,556743,PKN.WA,0.003644549335256597,0.8343043431453084,72.93899917602539,75.44559951782226,76.8042999267578,0.3754046953104624,1.0556979584746489,-0.2097130278145336
2022-05-27,71.63999938964844,71.95999908447266,70.0199966430664,70.4000015258789,53.587703704833984,809863,PKN.WA,-0.016759734271166393,0.8203216240529131,72.65899925231933,75.35359954833984,76.78659992218017,0.3743877817738726,1.0556979584746489,-0.22295802746632665
2022-05-30,71.0,72.9800033569336,70.9000015258789,72.9000015258789,55.49067687988281,665211,PKN.WA,0.035511362866675666,0.8494523629120367,72.53799934387207,75.32199951171874,76.77859992980957,0.3983903441892635,1.0556979584746489,-0.19536420801704601
2022-05-31,72.9000015258789,76.4000015258789,72.18000030517578,73.9000015258789,56.251861572265625,2791059,PKN.WA,0.01371742083770755,0.8611046584556862,72.60999946594238,75.26719955444337,76.77019992828369,0.3770221692885533,1.0556979584746489,-0.18432668023733378
2022-06-01,73.9000015258789,73.9000015258789,72.0999984741211,72.18000030517578,54.9426155090332,493949,PKN.WA,-0.0232747115722427,0.8410626958966155,72.51899948120118,75.21519958496094,76.75609992980957,0.37881511307130716,1.0556979584746489,-0.20331124149198354
2022-06-02,72.0,72.44000244140625,70.63999938964844,71.83999633789062,54.683815002441406,779960,PKN.WA,-0.004710501050812166,0.8371008691837956,72.4859992980957,75.09199951171875,76.74539989471435,0.372274259667662,1.0556979584746489,-0.20706404472610584
2022-06-03,71.12000274658203,73.04000091552734,70.5,73.0,55.56679153442383,1234744,PKN.WA,0.016147045117505865,0.8506175746864096,72.39099922180176,74.9911994934082,76.73939990997314,0.3566957506147432,1.0556979584746489,-0.19426047208100572
2022-06-06,73.63999938964844,74.95999908447266,72.91999816894531,73.5,55.947383880615234,696361,PKN.WA,0.006849315068493178,0.8564437224582344,72.2949993133545,74.88199951171875,76.73999992370605,0.3566682081554972,1.0556979584746489,-0.18874170819114955
2022-06-07,73.5,74.26000213623047,72.83999633789062,74.04000091552734,56.358428955078125,969335,PKN.WA,0.007346951231664622,0.8627359727198004,72.29699935913087,74.79799957275391,76.75649993896485,0.3514284917842448,1.0556979584746489,-0.18278143308494632
2022-06-08,74.0999984741211,74.86000061035156,73.0199966430664,73.33999633789062,55.82559585571289,747069,PKN.WA,-0.009454410710169503,0.8545793124992698,72.3549991607666,74.71159942626953,76.76609992980957,0.34118801426455686,1.0556979584746489,-0.19050775305653744
2022-06-09,73.33999633789062,73.83999633789062,73.0199966430664,73.22000122070312,55.7342529296875,755166,PKN.WA,-0.0016361483934994592,0.8531810939300062,72.51599922180176,74.62879943847656,76.76969993591308,0.320992914264414,1.0556979584746489,-0.19183220249592425
2022-06-10,73.0,73.0,70.76000213623047,70.76000213623047,53.86172866821289,682451,PKN.WA,-0.03359736470172425,0.8245164575606238,72.37899932861328,74.53399948120118,76.75169994354248,0.2926302850499737,1.0556979584746489,-0.21898451072885794
2022-06-13,70.30000305175781,71.80000305175781,69.55999755859375,70.4800033569336,53.648597717285156,1018386,PKN.WA,-0.003957020503727593,0.8212538290323955,72.21099967956543,74.4311994934082,76.7328999710083,0.29173968494858915,1.0556979584746489,-0.22207500503363264
2022-06-14,70.4800033569336,71.08000183105469,69.31999969482422,70.81999969482422,53.90739822387695,717287,PKN.WA,0.004824011374811921,0.8252155668452557,72.10999984741211,74.32719955444335,76.72349998474121,0.28951642634875924,1.0556979584746489,-0.21832228600916437
2022-06-15,71.0199966430664,71.0999984741211,69.68000030517578,70.73999786376953,53.84650421142578,926575,PKN.WA,-0.0011296502598056035,0.8242833618657733,71.9939998626709,74.21239944458007,76.70939998626709,0.28907942386977153,1.0556979584746489,-0.21920530844185826
2022-06-17,69.13999938964844,69.5,67.5999984741211,67.5999984741211,51.45637130737305,2225833,PKN.WA,-0.044387892062075274,0.7876951609707109,71.803999710083,73.9843994140625,76.67759998321533,0.3189112124896822,1.0556979584746489,-0.2538631389333824
2022-06-20,68.0,68.4000015258789,65.63999938964844,66.63999938964844,50.72563171386719,1112666,PKN.WA,-0.014201170209200087,0.7765089679168026,71.63299980163575,73.79119934082031,76.63929996490478,0.3162298073260205,1.0556979584746489,-0.2644591554967477
2022-06-21,67.0,69.41999816894531,66.77999877929688,69.41999816894531,52.841732025146484,639046,PKN.WA,0.04171666873887614,0.8089023353041545,71.47199974060058,73.63959930419922,76.61819995880127,0.32462329027846354,1.0556979584746489,-0.23377484174269236
2022-06-22,68.0999984741211,68.26000213623047,65.69999694824219,66.13999938964844,50.34503936767578,1001597,PKN.WA,-0.04724861518023149,0.7706828201449779,71.19299964904785,73.47839935302734,76.58139995574952,0.36079588955365477,1.0556979584746489,-0.26997791938660376
2022-06-23,66.0,66.66000366210938,64.5,64.5,49.09668731689453,672182,PKN.WA,-0.02479587851198428,0.7515730625653896,70.85099983215332,73.24839935302734,76.53209995269775,0.3684306989183683,1.0556979584746489,-0.2880794582085596
2022-06-24,65.0199966430664,65.4800033569336,64.41999816894531,64.69999694824219,49.24892807006836,681719,PKN.WA,0.00310072787972393,0.7539034861141356,70.50599975585938,72.96839935302734,76.48309993743896,0.3682709933582047,1.0556979584746489,-0.2858719863364787
2022-06-27,64.9000015258789,67.55999755859375,64.9000015258789,67.44000244140625,51.33458709716797,800185,PKN.WA,0.04234939138182603,0.7858308399117062,70.35799980163574,72.7095994567871,76.44449993133544,0.4011104006551376,1.0556979584746489,-0.25562909958911617
2022-06-28,68.0,69.08000183105469,67.80000305175781,68.76000213623047,52.33935546875,1540135,PKN.WA,0.01957294850294633,0.8012118664733251,70.15099983215332,72.4527995300293,76.41239994049073,0.38509484523005066,1.0556979584746489,-0.24105956628828218
2022-06-29,68.4000015258789,70.0999984741211,68.05999755859375,69.30000305175781,52.750396728515625,971528,PKN.WA,0.007853416212196596,0.807504116734891,69.92099990844727,72.21719955444335,76.3858999633789,0.3823442799167201,1.0556979584746489,-0.23509929118207906
2022-06-30,68.69999694824219,69.26000213623047,68.27999877929688,68.5199966430664,52.15666580200195,1491863,PKN.WA,-0.011255503237263098,0.7984152515348781,69.7379997253418,71.97599945068359,76.3557999420166,0.37619340346769126,1.0556979584746489,-0.24370863358636397
2022-07-01,68.0,70.16000366210938,67.73999786376953,68.0199966430664,51.776065826416016,832804,PKN.WA,-0.007297139878809311,0.7925891037630534,69.54699974060058,71.7475993347168,76.31099990844727,0.3765223345349095,1.0556979584746489,-0.24922739747622014
2022-07-04,69.0,71.36000061035156,68.41999816894531,71.23999786376953,54.22710037231445,714273,PKN.WA,0.04733903821842311,0.8301095096375982,69.45899963378906,71.60479934692383,76.2646998977661,0.41161117730102365,1.0556979584746489,-0.2136865445520021
2022-07-05,71.5,71.9000015258789,68.9800033569336,69.5999984741211,52.97875213623047,1151108,PKN.WA,-0.02302076696836186,0.8109997520580099,69.26399955749511,71.47479934692383,76.21619987487793,0.4177622635348851,1.0556979584746489,-0.23178808337395784
2022-07-06,70.04000091552734,70.04000091552734,67.63999938964844,67.73999786376953,51.56293869018555,851926,PKN.WA,-0.02672414728634165,0.7893264752348251,68.94899940490723,71.37119934082031,76.16939987182617,0.4246743197037666,1.0556979584746489,-0.25231789178099495
2022-07-07,68.0,70.58000183105469,67.73999786376953,70.5,53.663818359375,678991,PKN.WA,0.04074405407837545,0.8214868358272863,68.8069995880127,71.30079940795899,76.1414998626709,0.45273132197591526,1.0556979584746489,-0.22185429153028602
2022-07-08,70.44000244140625,73.5,70.0,73.36000061035156,55.8408203125,1049648,PKN.WA,0.04056738454399378,0.8548124081941205,68.81399955749512,71.2675994873047,76.13719985961914,0.4768160937917352,1.0556979584746489,-0.19028695534353668
2022-07-11,71.5,71.5,69.69999694824219,70.5999984741211,53.73994064331055,1213761,PKN.WA,-0.03762271146765794,0.8226520476016593,68.80599937438964,71.1595994567871,76.11489986419677,0.4808336527143832,1.0556979584746489,-0.2207505555942456
2022-07-12,70.0,71.37999725341797,69.0,69.5199966430664,52.9178581237793,1135920,PKN.WA,-0.01529747669117254,0.8100675470785276,68.75799903869628,71.04359939575195,76.07499984741212,0.4838475589933761,1.0556979584746489,-0.23267110580665173
2022-07-13,69.54000091552734,72.19999694824219,69.19999694824219,70.62000274658203,53.755165100097656,921344,PKN.WA,0.01582287336927446,0.8228851432965099,68.74799919128418,71.00679946899415,76.04589984893799,0.4869413416678188,1.0556979584746489,-0.22052975788124507
2022-07-14,70.55999755859375,71.16000366210938,66.55999755859375,67.22000122070312,51.16712188720703,1318779,PKN.WA,-0.048145021150448275,0.7832673206681098,68.57199935913086,70.8711994934082,75.98749984741211,0.5164801968953577,1.0556979584746489,-0.2580573691741975
2022-07-15,67.66000366210938,69.0999984741211,66.81999969482422,68.69999694824219,52.293678283691406,637463,PKN.WA,0.022017192809619335,0.8005126682887335,68.62699928283692,70.79519943237305,75.9318998336792,0.4977243936484153,1.0556979584746489,-0.24172187521762967
2022-07-18,69.9000015258789,72.9800033569336,69.87999725341797,72.76000213623047,55.38410949707031,1009348,PKN.WA,0.05909760361484495,0.8478210486479228,68.93299942016601,70.75239944458008,75.89789985656738,0.5341695326393254,1.0556979584746489,-0.19690945516943315
2022-07-19,72.5,73.12000274658203,71.26000213623047,72.80000305175781,55.414554595947266,648131,PKN.WA,0.00054976517802241,0.848287151137664,69.10199966430665,70.69999954223633,75.86189987182617,0.5162641906137007,1.0556979584746489,-0.1964679439530863
2022-07-20,73.23999786376953,74.0999984741211,73.0,74.0999984741211,56.40410232543945,1053042,PKN.WA,0.01785707922895341,0.8634350820044324,69.49999961853027,70.70199951171875,75.82229988098145,0.48307715309155524,1.0556979584746489,-0.18211920836525264
2022-07-21,74.19999694824219,74.91999816894531,72.91999816894531,73.44000244140625,55.9017219543457,1335941,PKN.WA,-0.008906829234893165,0.855744613173603,69.94699974060059,70.72719955444336,75.78289989471436,0.47276590647162386,1.0556979584746489,-0.18940393291084268
2022-07-22,73.5199966430664,76.19999694824219,73.22000122070312,75.80000305175781,57.698123931884766,1701259,PKN.WA,0.032135083495326455,0.8832440377686125,70.50200004577637,70.84319961547851,75.75229991912842,0.4808118594935025,1.0556979584746489,-0.16335536061394929
2022-07-25,75.69999694824219,76.87999725341797,74.27999877929688,76.44000244140625,58.185279846191406,1107194,PKN.WA,0.00844326337574719,0.8907014998045513,70.95200004577637,70.90199966430664,75.72469993591308,0.4638046208889529,1.0556979584746489,-0.15629134957170587
2022-07-26,73.77999877929688,76.0999984741211,73.5,74.4000015258789,59.349945068359375,1469097,PKN.WA,-0.026687609240869326,0.8669308062275112,71.23400001525879,70.9131997680664,75.6888999557495,0.4756742375786189,1.0556979584746489,-0.1788079163474774
2022-07-27,75.19999694824219,76.9800033569336,73.26000213623047,74.23999786376953,59.22230911254883,4485070,PKN.WA,-0.0021505868122021488,0.8650663962685465,71.48099975585937,70.94119979858398,75.65649993896484,0.47602890689043365,1.0556979584746489,-0.18057396121286529
2022-07-28,75.0,76.4000015258789,73.9000015258789,74.9800033569336,59.812625885009766,15830891,PKN.WA,0.00996774669258449,0.8736891589788183,71.80400009155274,70.97959991455077,75.61029994964599,0.4730346418914563,1.0556979584746489,-0.17240613002492733
2022-07-29,75.0,75.73999786376953,72.4000015258789,75.5199966430664,60.24338912963867,2864335,PKN.WA,0.0072018306475960525,0.8799813203404243,72.17900009155274,71.06199981689453,75.5506999206543,0.47085690872315483,1.0556979584746489,-0.16644593912837824
2022-08-01,75.5,76.19999694824219,74.73999786376953,76.0999984741211,60.70606231689453,1017720,PKN.WA,0.00768010933310781,0.8867396730917313,72.42200012207032,71.18279983520507,75.49099990844726,0.44460846050629466,1.0556979584746489,-0.16004415280582818
2022-08-02,76.08000183105469,76.80000305175781,74.73999786376953,76.0999984741211,60.70606231689453,1180121,PKN.WA,0.0,0.8867396730917313,72.74700012207032,71.25199981689452,75.43649990081786,0.4336488334732903,1.0556979584746489,-0.16004415280582818
2022-08-03,76.0999984741211,76.18000030517578,73.80000305175781,74.45999908447266,59.39780807495117,1764164,PKN.WA,-0.021550583738922713,0.867629915512143,73.08300018310547,71.30679977416992,75.36229988098144,0.4290204580570646,1.0556979584746489,-0.17814569162778393
2022-08-04,74.41999816894531,74.5199966430664,72.0199966430664,72.4000015258789,57.75452423095703,1369656,PKN.WA,-0.027665828416902682,0.8436262151402123,73.17800025939941,71.32799987792968,75.27129989624024,0.42227764731749234,1.0556979584746489,-0.20088297190690185
2022-08-05,74.5,76.0999984741211,68.5199966430664,70.16000366210938,55.96764373779297,2591920,PKN.WA,-0.030939196361326804,0.8175250980144263,73.0180004119873,71.29919998168945,75.17489990234375,0.41104208707555806,1.0556979584746489,-0.22560701055475418
2022-08-08,70.5,72.26000213623047,69.83999633789062,71.16000366210938,56.765357971191406,1228238,PKN.WA,0.014253134945887425,0.8291773935580757,73.04600067138672,71.31440002441406,75.08799991607665,0.3920709973662861,1.0556979584746489,-0.21456948277504195
2022-08-09,71.0999984741211,71.80000305175781,70.0,70.4000015258789,56.15909194946289,1209817,PKN.WA,-0.010680186862260466,0.8203216240529134,73.09000091552734,71.26440002441406,74.98979991912842,0.38991136053778114,1.0556979584746489,-0.22295802746632642
2022-08-10,70.30000305175781,71.5,69.80000305175781,71.08000183105469,56.701541900634766,1000307,PKN.WA,0.009659095034618925,0.8282451885785934,73.11300086975098,71.20800003051758,74.90719993591308,0.3873914002585408,1.0556979584746489,-0.21545250520773596
2022-08-11,71.41999816894531,72.22000122070312,70.62000274658203,72.22000122070312,57.610931396484375,756021,PKN.WA,0.01603825774172085,0.8415287983863571,73.36300086975098,71.20880004882812,74.83609992980956,0.3449282428485268,1.0556979584746489,-0.20286973027563615
2022-08-12,72.0,72.5999984741211,70.86000061035156,72.30000305175781,57.67475128173828,765272,PKN.WA,0.0011077517267024106,0.8424610033658394,73.54300117492676,71.21800018310547,74.74989994049072,0.33821436169236463,1.0556979584746489,-0.20198670784294226
2022-08-16,71.9800033569336,71.9800033569336,68.87999725341797,69.69999694824219,55.60068893432617,1621864,PKN.WA,-0.03596135537718226,0.8121649638323829,73.39000091552734,71.15200012207032,74.65089992523194,0.29362005857654383,1.0556979584746489,-0.23068434743791733
2022-08-17,69.69999694824219,69.81999969482422,66.94000244140625,67.5,53.84571838378906,1770151,PKN.WA,-0.03156380264802394,0.7865299491963381,73.12500076293945,71.03200012207031,74.54289993286133,0.31152816992028376,1.0556979584746489,-0.2549668748694226
2022-08-18,67.5,68.81999969482422,66.62000274658203,68.26000213623047,54.45198440551758,1873099,PKN.WA,0.01125929090711808,0.7953857187015005,72.83300094604492,70.91640014648438,74.44689994812012,0.3063414026698313,1.0556979584746489,-0.24657833017813813
2022-08-19,67.94000244140625,69.22000122070312,67.12000274658203,68.30000305175781,54.483890533447266,2134935,PKN.WA,0.0005860081200628198,0.7958518211912416,72.5760009765625,70.81560028076171,74.35809997558594,0.3061441801254107,1.0556979584746489,-0.24613681896179118
2022-08-22,67.80000305175781,68.0,64.9000015258789,65.19999694824219,52.0109748840332,1879426,PKN.WA,-0.045388081478802245,0.7597296338859604,72.04600067138672,70.6552001953125,74.24639995574951,0.31029754470849535,1.0556979584746489,-0.28035322244662253
2022-08-23,65.19999694824219,69.76000213623047,65.0199966430664,69.0,55.04228973388672,4077723,PKN.WA,0.05828225812302379,0.8040083925118123,71.6740005493164,70.62000015258789,74.1563999557495,0.38525466444295775,1.0556979584746489,-0.2384105831998542
2022-08-24,69.04000091552734,69.04000091552734,65.23999786376953,66.0,52.649147033691406,2838969,PKN.WA,-0.04347826086956519,0.769051505880864,71.25400047302246,70.53040008544922,74.04139995574951,0.4021315073583052,1.0556979584746489,-0.271523166538991
2022-08-25,66.76000213623047,66.80000305175781,64.5199966430664,64.81999969482422,51.70784378051758,1711541,PKN.WA,-0.017878792502663332,0.7553017935833592,70.78300056457519,70.41040008544923,73.92319995880126,0.4041776280133864,1.0556979584746489,-0.28454745268743764
2022-08-26,65.30000305175781,65.30000305175781,62.02000045776367,62.5,49.857147216796875,1787694,PKN.WA,-0.035791417860951746,0.7282684714780909,70.15900039672852,70.24560012817383,73.79719997406006,0.41208033358860147,1.0556979584746489,-0.31015451376798386
2022-08-29,61.720001220703125,64.76000213623047,60.65999984741211,64.12000274658203,51.14944839477539,1341462,PKN.WA,0.025920043945312443,0.7471452222627886,69.5890007019043,70.17600021362304,73.67759998321533,0.4267799698330071,1.0556979584746489,-0.2922736884493746
2022-08-30,64.55999755859375,64.69999694824219,60.70000076293945,61.13999938964844,48.772254943847656,1601220,PKN.WA,-0.04647540906558123,0.7124213424267308,68.84100074768067,70.06600021362304,73.54399997711181,0.443676423734295,1.0556979584746489,-0.3251655582851649
2022-08-31,61.02000045776367,61.540000915527344,59.279998779296875,60.97999954223633,48.644622802734375,3268971,PKN.WA,-0.002616942247454457,0.7105569769177461,68.08500080108642,69.89720024108887,73.41999998092652,0.44295061167179145,1.0556979584746489,-0.32693156104572574
2022-09-01,60.58000183105469,60.68000030517578,56.91999816894531,57.20000076293945,45.6292610168457,2200020,PKN.WA,-0.0619875173445803,0.6665113139867448,67.22200088500976,69.71840026855469,73.29180000305176,0.4780237784742768,1.0556979584746489,-0.3686534025794934
2022-09-02,57.779998779296875,59.7599983215332,57.65999984741211,59.560001373291016,47.51186752319336,1783050,PKN.WA,0.041258751378909775,0.6940107385817543,66.58000087738037,69.61960029602051,73.17230001449585,0.5108228037834722,1.0556979584746489,-0.34260483028260014
2022-09-05,59.0,60.68000030517578,58.52000045776367,59.619998931884766,47.55972671508789,901153,PKN.WA,0.0010073464944655441,0.6947098478663861,66.05300064086914,69.51800033569336,73.06540000915527,0.5053649583886717,1.0556979584746489,-0.3419426055629067
2022-09-06,59.68000030517578,59.79999923706055,56.58000183105469,56.91999816894531,45.40590286254883,1263690,PKN.WA,-0.04528683011256296,0.6632486410085366,65.34100036621093,69.30760025024414,72.95700000762939,0.515277592693439,1.0556979584746489,-0.3717439389890952
2022-09-07,56.2400016784668,58.63999938964844,55.91999816894531,58.08000183105469,46.33124923706055,1527477,PKN.WA,0.020379544965309915,0.6767653465111508,64.72500038146973,69.09400024414063,72.86130001068115,0.5268774226830335,1.0556979584746489,-0.35894036634399495
2022-09-08,58.5,58.70000076293945,55.060001373291016,55.41999816894531,44.209327697753906,1594151,PKN.WA,-0.04579895968059533,0.6457701976930625,63.942000198364255,68.81640014648437,72.7425,0.5374333079332512,1.0556979584746489,-0.3883002306586635
2022-09-09,56.0,57.63999938964844,55.79999923706055,57.31999969482422,45.7249870300293,1155583,PKN.WA,0.03428368077687116,0.6679095770059885,63.197000122070314,68.59240020751953,72.63259998321533,0.5536349904306824,1.0556979584746489,-0.3673289110352793
2022-09-12,57.900001525878906,59.15999984741211,56.560001373291016,58.380001068115234,46.57056427001953,1067528,PKN.WA,0.018492696771363226,0.6802610262842498,62.501000022888185,68.39960029602051,72.5244999885559,0.5620148108982919,1.0556979584746489,-0.35562911643104655
2022-09-13,58.63999938964844,59.29999923706055,56.099998474121094,56.41999816894531,45.007041931152344,1495390,PKN.WA,-0.03357319053288599,0.6574224932367121,61.83700008392334,68.10320030212402,72.41349996566773,0.5606159811324463,1.0556979584746489,-0.37726270287895114
2022-09-14,56.36000061035156,57.5,55.86000061035156,57.060001373291016,45.517581939697266,1304395,PKN.WA,0.011343552377106825,0.6648799997226309,61.31500015258789,67.85240036010742,72.33059997558594,0.5593310744593245,1.0556979584746489,-0.37019864973188055
2022-09-15,57.15999984741211,57.400001525878906,55.58000183105469,56.81999969482422,45.32612609863281,1596205,PKN.WA,-0.004206128157913769,0.6620834292341639,60.74300003051758,67.63400039672851,72.25659996032715,0.5550288683151713,1.0556979584746489,-0.3728476749251355
2022-09-16,56.31999969482422,57.65999984741211,55.720001220703125,56.58000183105469,45.13467788696289,3358683,PKN.WA,-0.004223827262557878,0.6592869031956767,60.15699996948242,67.35560043334961,72.18009998321533,0.5542412501152297,1.0556979584746489,-0.37549665801356324
2022-09-19,56.20000076293945,57.900001525878906,56.060001373291016,57.900001525878906,46.18766403198242,1198805,PKN.WA,0.02332979236666821,0.6746679297572955,59.792000198364256,67.04640045166016,72.09559997558594,0.5476901975045695,1.0556979584746489,-0.36092712471272936
2022-09-20,58.02000045776367,58.70000076293945,56.2400016784668,56.2400016784668,44.86345672607422,1205376,PKN.WA,-0.028670117507167192,0.6553251209328366,59.1540002822876,66.75920051574707,72.00879999160766,0.49845545344880277,1.0556979584746489,-0.3792494191428587
2022-09-21,56.2400016784668,58.7400016784668,56.099998474121094,58.0,46.26742935180664,1351049,PKN.WA,0.03129442156839546,0.6758331415316685,58.7540002822876,66.52880058288574,71.92999998092651,0.5019001891937945,1.0556979584746489,-0.35982338877668885
2022-09-22,57.63999938964844,59.2599983215332,57.18000030517578,58.400001525878906,46.586517333984375,1343460,PKN.WA,0.006896578032394851,0.6804940775291202,58.43300037384033,66.28440055847167,71.85420000076294,0.5018016281923557,1.0556979584746489,-0.3554083608228733
2022-09-23,58.400001525878906,58.400001525878906,54.79999923706055,55.060001373291016,43.92215347290039,1255724,PKN.WA,-0.05719178194041363,0.6415754086353318,58.061000442504884,66.04120056152344,71.7476000213623,0.5246075546621122,1.0556979584746489,-0.39227370529130534
2022-09-26,53.0,53.400001525878906,50.34000015258789,51.68000030517578,41.22587966918945,2260166,PKN.WA,-0.0613875950565238,0.6021906372518022,57.43900032043457,65.70080062866211,71.63100002288819,0.5457256242395372,1.0556979584746489,-0.4295805609760843
2022-09-27,52.099998474121094,54.279998779296875,52.099998474121094,53.560001373291016,42.725582122802734,1604927,PKN.WA,0.03637772943137829,0.6240969653198576,57.0600004196167,65.31680061340332,71.53020002365112,0.5518060207020088,1.0556979584746489,-0.40882999696087374
2022-09-28,53.040000915527344,54.779998779296875,51.7400016784668,54.400001525878906,43.395660400390625,1488555,PKN.WA,0.015683348227223393,0.6338848953545223,56.73100051879883,64.94880058288574,71.43470003128051,0.5570984369856152,1.0556979584746489,-0.39955847194172234
2022-09-29,55.560001373291016,55.560001373291016,52.79999923706055,53.400001525878906,42.59794616699219,1020311,PKN.WA,-0.018382352425565407,0.6222325998108729,56.541000556945804,64.5348006439209,71.33080003738404,0.5181836489754249,1.0556979584746489,-0.41059599972143457
2022-09-30,54.0,55.7599983215332,52.81999969482422,53.540000915527344,42.709625244140625,1430532,PKN.WA,0.0026217113417232873,0.623863914074987,56.240000534057614,64.13680061340332,71.22400003433228,0.49198218952974176,1.0556979584746489,-0.4090507525690472
2022-10-03,53.540000915527344,53.70000076293945,51.29999923706055,52.880001068115234,42.183135986328125,1464570,PKN.WA,-0.012327228915319233,0.6161734007941776,55.90300064086914,63.67840057373047,71.1291000366211,0.49215329383215733,1.0556979584746489,-0.4163355192194642
2022-10-04,53.5,55.84000015258789,53.29999923706055,55.84000015258789,44.54437255859375,1451484,PKN.WA,0.05597577580718749,0.6506641849353848,55.84900074005127,63.266400527954104,71.03450002670289,0.5143838003449531,1.0556979584746489,-0.38366444709667435
2022-10-05,55.5,56.18000030517578,54.0,54.560001373291016,43.52330017089844,1585918,PKN.WA,-0.022922614179784362,0.6357492608635071,55.673000717163085,62.869600524902346,70.94280002593995,0.5140876826602453,1.0556979584746489,-0.3977924691811614
2022-10-06,54.79999923706055,56.15999984741211,54.220001220703125,55.119998931884766,43.97001266479492,1215975,PKN.WA,0.010263884613241459,0.6422745179199637,55.658000755310056,62.487200546264646,70.86350000381469,0.4895652565195745,1.0556979584746489,-0.39161148057161177
2022-10-07,54.84000015258789,54.959999084472656,53.29999923706055,53.63999938964844,42.789398193359375,1137221,PKN.WA,-0.026850500198036253,0.6250291258493601,55.47400074005127,62.06040046691894,70.77370000839234,0.48111001903708955,1.0556979584746489,-0.4079470166330067
2022-10-10,53.5,54.63999938964844,52.97999954223633,53.599998474121094,42.75748825073242,1017465,PKN.WA,-0.0007457292315902198,0.624563023359619,55.23500061035156,61.622000503540036,70.67910001754761,0.47458085842751135,1.0556979584746489,-0.40838852784935364
2022-10-11,53.7599983215332,53.959999084472656,52.02000045776367,52.5,41.8800048828125,2053817,PKN.WA,-0.0205223601760397,0.6117455160415965,55.0390007019043,61.15000053405762,70.5766000175476,0.4659161932431917,1.0556979584746489,-0.4205297915651063
2022-10-12,52.97999954223633,53.619998931884766,51.63999938964844,52.619998931884766,41.97572708129883,1397031,PKN.WA,0.002285693940662137,0.61314377906084,54.81700057983399,60.68040054321289,70.48170001983642,0.46327264580809474,1.0556979584746489,-0.4192053000208924
2022-10-13,52.84000015258789,53.279998779296875,51.13999938964844,53.0,42.27885818481445,1572338,PKN.WA,0.007221609194768996,0.6175716638134212,54.626000595092776,60.25120056152344,70.38310001373291,0.4648590203066712,1.0556979584746489,-0.4150110276752502
2022-10-14,54.060001373291016,54.70000076293945,52.79999923706055,53.29999923706055,42.5181770324707,1510059,PKN.WA,0.00566036296340644,0.62106734358652,54.46200046539307,59.86920051574707,70.27989999771118,0.46585481949604163,1.0556979584746489,-0.41169977776230193
2022-10-17,53.29999923706055,55.0,53.02000045776367,54.13999938964844,43.188255310058594,1111574,PKN.WA,0.01575985299459104,0.6308552736211848,54.274000358581546,59.54880043029785,70.17890001296998,0.46102288882565623,1.0556979584746489,-0.40242825274315064
2022-10-18,53.0,53.0,50.959999084472656,51.68000030517578,41.22587966918945,6080064,PKN.WA,-0.04543773757306335,0.6021906372518023,54.04600028991699,59.15920036315918,70.0614999961853,0.47699624057378803,1.0556979584746489,-0.4295805609760842
2022-10-19,52.0,52.20000076293945,50.20000076293945,50.400001525878906,40.204803466796875,2212915,PKN.WA,-0.02476777809091235,0.5872757131799246,53.66600036621094,58.75920036315918,69.93170000076294,0.46363498550892823,1.0556979584746489,-0.44370858306057137
2022-10-20,50.5,51.29999923706055,49.880001068115234,51.0,40.68342971801758,3081900,PKN.WA,0.011904731268966628,0.5942670727261222,53.29600028991699,58.35760032653808,69.79160001754761,0.4659023703436309,1.0556979584746489,-0.4370860832346748
2022-10-21,50.70000076293945,50.70000076293945,49.95000076293945,50.2599983215332,40.09312057495117,2142931,PKN.WA,-0.014509836832682255,0.5856443544658305,53.0560001373291,57.918400268554684,69.64360000610351,0.42713446526355364,1.0556979584746489,-0.4452538723177857
2022-10-24,50.63999938964844,50.68000030517578,49.04999923706055,50.279998779296875,40.10907745361328,1574714,PKN.WA,0.0003979398812494761,0.5858774057107011,52.986000061035156,57.47800018310547,69.50590000152587,0.36989820200576734,1.0556979584746489,-0.4450331167096122
2022-10-25,50.540000915527344,51.380001068115234,49.86000061035156,51.2599983215332,40.890838623046875,2547401,PKN.WA,0.019490842602005953,0.59729665000948,52.87099990844727,57.10920021057129,69.3664999961853,0.3516002409117232,1.0556979584746489,-0.43421634453807345
2022-10-26,51.459999084472656,53.34000015258789,51.040000915527344,53.279998779296875,42.502220153808594,3323825,PKN.WA,0.03940695520692428,0.6208342923416494,52.81499977111817,56.824800186157226,69.22190000534057,0.37658611057336555,1.0556979584746489,-0.4119205333704755
2022-10-27,53.68000030517578,55.58000183105469,53.31999969482422,55.58000183105469,44.33696365356445,10248090,PKN.WA,0.04316822643493623,0.6476346076520272,52.92399978637695,56.57120018005371,69.09260000228882,0.4010015838828364,1.0556979584746489,-0.3865341857932756
2022-10-28,55.0,56.29999923706055,54.2400016784668,55.540000915527344,44.3050537109375,10770385,PKN.WA,-0.0007196997878649025,0.6471685051622861,53.023999786376955,56.3160001373291,68.9594999885559,0.4011418224427581,1.0556979584746489,-0.38697569700962253
2022-10-31,55.880001068115234,55.880001068115234,54.20000076293945,54.91999816894531,43.81047058105469,5457839,PKN.WA,-0.011163174943497278,0.6399440499212379,53.12599964141846,56.110400161743165,68.82629999160767,0.4006060650556288,1.0556979584746489,-0.39381899454851954
2022-11-02,55.880001068115234,58.58000183105469,55.5,58.040000915527344,46.29934310913086,4647077,PKN.WA,0.05680995722148885,0.6762992440214097,53.23599967956543,55.89120018005371,68.7164999961853,0.4020995389102894,1.0556979584746489,-0.3593818775603419
2022-11-03,57.5,59.959999084472656,56.79999923706055,59.959999084472656,47.83095169067383,3799277,PKN.WA,0.033080601975518986,0.6986716301292264,53.50599956512451,55.77040016174316,68.61199998855591,0.40475521378796564,1.0556979584746489,-0.3381898444336112
2022-11-04,60.81999969482422,63.0,60.81999969482422,63.0,50.25600051879883,3394430,PKN.WA,0.05070048302109775,0.7340946192499159,53.89999961853027,55.73400016784668,68.52319997787475,0.4359313482704278,1.0556979584746489,-0.30463574987812747
2022-11-07,63.459999084472656,63.63999938964844,59.29999923706055,60.5,48.26171875,2778052,PKN.WA,-0.03968253968253965,0.7049638803907923,54.24299964904785,55.69400016784668,68.43679998397828,0.4512793516553143,1.0556979584746489,-0.3322295693274081
2022-11-08,60.400001525878906,62.29999923706055,59.599998474121094,62.040000915527344,49.49020004272461,2135357,PKN.WA,0.025454560587228725,0.7229084261960076,54.66499977111816,55.65240013122558,68.38299997329712,0.4553288566334975,1.0556979584746489,-0.31523176644149276
2022-11-09,62.0,62.47999954223633,60.86000061035156,61.0,48.66057586669922,2157689,PKN.WA,-0.01676339297517726,0.7107900281626169,55.089999771118165,55.649600143432615,68.3157999610901,0.45242195195264695,1.0556979584746489,-0.32671080543755204
2022-11-10,60.5,62.880001068115234,59.439998626708984,62.599998474121094,49.93691635131836,3029421,PKN.WA,0.026229483182313107,0.7294336832524642,55.58899974822998,55.68200012207031,68.25649995803833,0.4564361293761411,1.0556979584746489,-0.30905077783194324
2022-11-14,62.900001525878906,65.27999877929688,62.619998931884766,63.439998626708984,50.606998443603516,3464962,PKN.WA,0.01341853311602148,0.7392216132871289,56.11099967956543,55.806800079345706,68.20469993591308,0.45662571810098357,1.0556979584746489,-0.29977925281279183
2022-11-15,63.779998779296875,65.4800033569336,62.779998779296875,64.9000015258789,51.771663665771484,3489432,PKN.WA,0.02301391757211113,0.7562339985628419,56.690999794006345,55.91360008239746,68.170299949646,0.4588790068196991,1.0556979584746489,-0.2836644302547433
2022-11-16,64.19999694824219,64.95999908447266,64.0199966430664,64.0999984741211,51.133487701416016,2318299,PKN.WA,-0.012326703127099492,0.7469121265679384,57.18899974822998,56.00320007324219,68.1357999420166,0.4652246664710094,1.0556979584746489,-0.29249448616237483
2022-11-17,64.30000305175781,65.13999938964844,63.099998474121094,64.0999984741211,51.133487701416016,2607100,PKN.WA,0.0,0.7469121265679384,57.80999965667725,56.1468000793457,68.09769992828369,0.4206810066516904,1.0556979584746489,-0.29249448616237483
2022-11-18,64.0999984741211,64.5999984741211,62.13999938964844,62.7599983215332,50.064552307128906,2167200,PKN.WA,-0.02090483907154672,0.7312980487614489,58.42799949645996,56.24040000915527,68.05499990463257,0.41650848598484874,1.0556979584746489,-0.3072847750713823
2022-11-21,62.779998779296875,63.31999969482422,61.2400016784668,61.5,49.0594367980957,1810346,PKN.WA,-0.0200764556282802,0.7166161759344417,58.95299949645996,56.36200004577637,68.00669988632202,0.431156823541376,1.0556979584746489,-0.3211920415476959
2022-11-22,62.29999923706055,64.5999984741211,62.2599983215332,64.13999938964844,51.16539764404297,2101963,PKN.WA,0.04292681934387699,0.7473782290576795,59.646999549865725,56.49840003967285,67.98279989242553,0.43646243373684673,1.0556979584746489,-0.2920529749460279
2022-11-23,64.66000366210938,65.4000015258789,63.220001220703125,63.599998474121094,50.73463439941406,2077001,PKN.WA,-0.008419097609384973,0.7410859787961136,60.31299953460693,56.60279998779297,67.95829988479615,0.4408381106181193,1.0556979584746489,-0.298013250052231
2022-11-24,64.18000030517578,64.22000122070312,62.41999816894531,64.04000091552734,51.085628509521484,1376213,PKN.WA,0.006918277546583473,0.7462130172833066,60.95199966430664,56.75520004272461,67.92049989700317,0.4403322174995543,1.0556979584746489,-0.2931567108820682
2022-11-25,64.0,64.41999816894531,63.13999938964844,64.26000213623047,51.26112365722656,1123472,PKN.WA,0.0034353719168949137,0.748776536526903,61.50099983215332,56.8992000579834,67.87549989700318,0.4285076375802686,1.0556979584746489,-0.29072844129698694
2022-11-28,63.70000076293945,63.720001220703125,62.279998779296875,62.599998474121094,49.93691635131836,2468100,PKN.WA,-0.025832611374493664,0.7294336832524642,61.85199966430664,57.01480003356934,67.83239988327027,0.42714328260837914,1.0556979584746489,-0.30905077783194324
2022-11-29,64.0,65.22000122070312,62.880001068115234,64.80000305175781,51.69189453125,2143362,PKN.WA,0.03514384394987169,0.7550687867884689,62.31499977111817,57.1792000579834,67.79829988479614,0.43814912777776144,1.0556979584746489,-0.2847681661907838
2022-11-30,65.0,66.30000305175781,64.27999877929688,65.30000305175781,52.09075164794922,6781387,PKN.WA,0.00771604901932843,0.7608949345602936,62.83400001525879,57.32720008850097,67.77189989089966,0.43222634590278064,1.0556979584746489,-0.27924940230092776
2022-12-01,65.80000305175781,68.23999786376953,64.5199966430664,68.23999786376953,54.43602752685547,3592701,PKN.WA,0.04502288935088461,0.7951526230066502,63.3439998626709,57.56720001220703,67.74669988632202,0.41669502395620234,1.0556979584746489,-0.24679912789113845
2022-12-02,67.94000244140625,67.95999908447266,64.5,64.5,51.45257568359375,3397303,PKN.WA,-0.05480653547551173,0.75157306256539,63.57099990844726,57.697200012207034,67.7005998802185,0.46210776837538814,1.0556979584746489,-0.2880794582085592
2022-12-05,64.81999969482422,66.36000061035156,64.30000305175781,65.81999969482422,52.505558013916016,1105088,PKN.WA,0.020465111547662396,0.766954089127009,63.71199989318848,57.84559997558594,67.67079988479614,0.433190189520963,1.0556979584746489,-0.2735099249077251
2022-12-06,65.5,65.68000030517578,63.720001220703125,64.22000122070312,51.229217529296875,1608214,PKN.WA,-0.024308697683675495,0.7483104340371618,63.897999954223636,58.02879997253418,67.63709989547729,0.416425594258479,1.0556979584746489,-0.2911699525133339
2022-12-07,64.0,64.81999969482422,63.86000061035156,64.62000274658203,51.54830551147461,1058133,PKN.WA,0.006228612866328476,0.7529713700346136,64.02700004577636,58.2876000213623,67.6195998954773,0.40838319702572157,1.0556979584746489,-0.28675492455951823
2022-12-08,64.31999969482422,64.31999969482422,62.400001525878906,62.97999954223633,50.240047454833984,1469884,PKN.WA,-0.02537918809408357,0.7338615680050453,64.12600002288818,58.47599998474121,67.58599990844726,0.41482689741021217,1.0556979584746489,-0.30485650548630094
2022-12-09,63.02000045776367,63.2599983215332,61.31999969482422,62.20000076293945,49.61783218383789,1522747,PKN.WA,-0.012384864797812312,0.7247727917049923,64.1060001373291,58.63199996948242,67.55599992752076,0.4073966272695077,1.0556979584746489,-0.31346576368093193
2022-12-12,61.959999084472656,63.79999923706055,61.560001373291016,63.7400016784668,50.8463134765625,1456592,PKN.WA,0.024758856859129263,0.7427173375102077,64.12100028991699,58.83879997253418,67.55989994049072,0.41428393836911914,1.0556979584746489,-0.29646796079501647
2022-12-13,63.68000030517578,65.0199966430664,62.70000076293945,63.939998626708984,51.005859375,1726811,PKN.WA,0.0031376991367377816,0.7450477610589537,64.0730001449585,59.046799926757814,67.53029993057251,0.40591880672144737,1.0556979584746489,-0.29426048892293566
2022-12-14,64.0,64.5199966430664,63.279998779296875,63.58000183105469,50.71868133544922,1501483,PKN.WA,-0.0056302283920275364,0.740852972001223,64.04700031280518,59.260799942016604,67.49289995193482,0.40400818173509134,1.0556979584746489,-0.2982339635555774
2022-12-15,63.20000076293945,63.68000030517578,62.599998474121094,63.47999954223633,50.6389045715332,1862202,PKN.WA,-0.0015728575957592028,0.7396877157768701,64.01600036621093,59.41359992980957,67.44519996643066,0.40404162232759566,1.0556979584746489,-0.2993377415964448
2022-12-16,63.0,63.31999969482422,61.70000076293945,62.5,49.857147216796875,4817633,PKN.WA,-0.015437926107486621,0.7282684714780912,64.00300045013428,59.57239990234375,67.3703999710083,0.40077484778506944,1.0556979584746489,-0.31015451376798364
2022-12-19,62.29999923706055,63.36000061035156,62.060001373291016,62.779998779296875,50.080509185791016,1294869,PKN.WA,0.004479980468750089,0.7315311000063195,64.06700038909912,59.72559989929199,67.28879997253418,0.39380049130073225,1.0556979584746489,-0.3070640194632088
2022-12-20,62.13999938964844,63.900001525878906,61.84000015258789,63.79999923706055,50.89417266845703,989503,PKN.WA,0.016247220095519266,0.7434164467948394,64.05000038146973,59.928799896240236,67.23569997787476,0.36688427692768777,1.0556979584746489,-0.2958057360753231
2022-12-21,63.52000045776367,63.97999954223633,63.040000915527344,63.29999923706055,50.49531936645508,1140300,PKN.WA,-0.007836990689328416,0.7375902990230147,64.0350004196167,60.12279991149902,67.16369998931884,0.36671311670444257,1.0556979584746489,-0.3013244999651793
2022-12-22,63.5,63.939998626708984,63.119998931884766,63.70000076293945,50.81440734863281,898858,PKN.WA,0.006319139505529758,0.7422512350204665,64.0180004119873,60.34679992675781,67.09530000686645,0.3665697348875049,1.0556979584746489,-0.29690947201136353
2022-12-23,63.68000030517578,63.720001220703125,63.02000045776367,63.70000076293945,50.81440734863281,691046,PKN.WA,0.0,0.7422512350204665,63.990000343322755,60.56839996337891,67.04360000610352,0.36634402396445404,1.0556979584746489,-0.29690947201136353
2022-12-27,64.0,64.26000213623047,63.29999923706055,63.720001220703125,50.830360412597656,519478,PKN.WA,0.0003139789250254932,0.7424842862653371,64.04600048065186,60.78279998779297,66.98889999389648,0.35359914331437226,1.0556979584746489,-0.29668871640318994
2022-12-28,63.720001220703125,64.63999938964844,63.5,63.619998931884766,50.750587463378906,1330607,PKN.WA,-0.0015694018660167286,0.7413190300409842,63.9870002746582,60.98919998168945,66.9189999961853,0.329976395865941,1.0556979584746489,-0.2977924944440574
2022-12-29,63.720001220703125,64.5,63.459999084472656,64.5,51.45257568359375,1138055,PKN.WA,0.013832145282765884,0.7515730625653901,63.947000122070314,61.196399993896485,66.87249998092652,0.33275075946710214,1.0556979584746489,-0.28807945820855907
2022-12-30,64.5,64.5999984741211,64.0,64.23999786376953,51.24516677856445,630983,PKN.WA,-0.004031040871790181,0.7485434408320525,63.74700012207031,61.44759994506836,66.81869997024536,0.28623285533462456,1.0556979584746489,-0.29094923900998737
2023-01-02,64.23999786376953,65.0,63.900001525878906,64.5999984741211,51.532344818115234,572914,PKN.WA,0.005603994743508478,0.752738274339763,63.75200004577637,61.7315998840332,66.76929994583129,0.21134660186177856,1.0556979584746489,-0.28697572227251866
2023-01-03,64.72000122070312,65.81999969482422,64.5999984741211,65.19999694824219,52.0109748840332,1577473,PKN.WA,0.00928790229556209,0.7597296338859608,63.72099990844727,62.01559982299805,66.71209993362427,0.2005536459186519,1.0556979584746489,-0.2803532224466221
2023-01-04,64.80000305175781,66.36000061035156,64.69999694824219,65.76000213623047,52.457698822021484,1827758,PKN.WA,0.008589037027606494,0.7662549798423772,63.797999954223634,62.325599899291994,66.66699995040894,0.18163602689346892,1.0556979584746489,-0.2741721496274184
2023-01-05,65.19999694824219,65.62000274658203,61.91999816894531,62.459999084472656,49.82523727416992,5067874,PKN.WA,-0.0501825265291419,0.72780236898835,63.68999977111817,62.56919990539551,66.5892999458313,0.2561921035573201,1.0556979584746489,-0.3105960249843306
2023-01-09,63.41999816894531,63.63999938964844,61.099998474121094,62.0,49.458290100097656,5678412,PKN.WA,-0.007364698866718533,0.7224423237062665,63.64099979400635,62.78399993896485,66.50909994125367,0.2415518018171114,1.0556979584746489,-0.3156732776578397
2023-01-10,61.63999938964844,62.540000915527344,61.279998779296875,62.0,49.458290100097656,4550427,PKN.WA,0.0,0.7224423237062665,63.63099975585938,62.95839996337891,66.4242999458313,0.23755413062805003,1.0556979584746489,-0.3156732776578397
2023-01-11,62.29999923706055,64.04000091552734,62.0,62.0,49.458290100097656,2974199,PKN.WA,0.0,0.7224423237062665,63.543999671936035,63.08679992675781,66.34309995651245,0.21877031764799193,1.0556979584746489,-0.3156732776578397
2023-01-12,62.63999938964844,63.380001068115234,62.29999923706055,63.119998931884766,50.35173034667969,2470506,PKN.WA,0.018064498901367188,0.7354928822691595,63.50299968719482,63.23839988708496,66.27039993286132,0.22895698068448675,1.0556979584746489,-0.3033112583339135
2023-01-13,63.29999923706055,63.380001068115234,62.380001068115234,62.5,49.857147216796875,1659283,PKN.WA,-0.009822543447027487,0.7282684714780913,63.44899959564209,63.38999992370606,66.19609992980958,0.23066930807389163,1.0556979584746489,-0.31015451376798353
2023-01-16,62.7400016784668,63.58000183105469,61.619998931884766,63.29999923706055,50.49531936645508,1622515,PKN.WA,0.012799987792968759,0.7375902990230149,63.4399995803833,63.49519989013672,66.13509992599488,0.2355823131615953,1.0556979584746489,-0.30132449996517907
2023-01-17,63.040000915527344,63.34000015258789,61.91999816894531,62.459999084472656,49.82523727416992,1762688,PKN.WA,-0.013270144750587742,0.7278023689883502,63.43799953460693,63.54519989013672,66.06929990768433,0.2338215978555459,1.0556979584746489,-0.3105960249843305
2023-01-18,62.380001068115234,64.08000183105469,62.2599983215332,63.86000061035156,50.942039489746094,2200397,PKN.WA,0.022414369939159018,0.7441156005294514,63.49199962615967,63.56239990234375,66.00849992752075,0.246620695394042,1.0556979584746489,-0.2951434692508025
2023-01-19,62.900001525878906,63.68000030517578,62.52000045776367,63.29999923706055,50.49531936645508,1650841,PKN.WA,-0.008769204007809561,0.7375902990230149,63.46699962615967,63.61839988708496,65.94259990692139,0.24201050539038427,1.0556979584746489,-0.30132449996517907
2023-01-20,63.63999938964844,63.959999084472656,63.0,63.63999938964844,50.76654052734375,931349,PKN.WA,0.005371250500566083,0.7415520812858549,63.48399963378906,63.65039985656738,65.86579990386963,0.24108072316935736,1.0556979584746489,-0.29757173883588384
2023-01-23,63.79999923706055,65.22000122070312,63.58000183105469,64.9800033569336,51.83548355102539,1912173,PKN.WA,0.021056002202022528,0.7571662035423242,63.54799976348877,63.72999992370605,65.8091999053955,0.2513528943363077,1.0556979584746489,-0.2827814078220494
2023-01-24,65.0999984741211,66.19999694824219,64.45999908447266,64.83999633789062,51.72379684448242,1550713,PKN.WA,-0.0021546169869199883,0.7555348003782502,63.60499954223633,63.77479988098145,65.74839988708496,0.25159603660860397,1.0556979584746489,-0.2843267391840909
2023-01-25,64.83999633789062,65.5,63.84000015258789,64.36000061035156,51.34090042114258,1406011,PKN.WA,-0.007402772280210135,0.7499417483012759,63.63699951171875,63.793199920654295,65.6991999053955,0.253363433842509,1.0556979584746489,-0.28962470536094653
2023-01-26,65.19999694824219,65.5999984741211,64.87999725341797,65.12000274658203,51.94715881347656,1359974,PKN.WA,0.011808609835659789,0.7587975178064382,63.71199970245361,63.797599945068356,65.64479991912842,0.256261952196859,1.0556979584746489,-0.28123616066966217
2023-01-27,65.5,67.5999984741211,65.4000015258789,67.55999755859375,53.893577575683594,3413071,PKN.WA,0.037469206220815066,0.7872290584809702,63.8649995803833,63.866799926757814,65.58909992218018,0.28385378456954163,1.0556979584746489,-0.2543046501497289
2023-01-30,67.54000091552734,67.54000091552734,65.58000183105469,65.94000244140625,52.60128402709961,2031682,PKN.WA,-0.023978614205580784,0.7683523965962324,63.94999980926514,63.90360000610352,65.51689994812011,0.29837609792328895,1.0556979584746489,-0.27218539125868413
2023-01-31,65.94000244140625,66.05999755859375,64.55999755859375,64.91999816894531,51.78761291503906,2830018,PKN.WA,-0.015468672045732879,0.7564670053577325,63.96599979400635,63.946800003051756,65.43349994659424,0.3038353878575461,1.0556979584746489,-0.2834437167513969
2023-02-01,64.94000244140625,65.81999969482422,62.7400016784668,62.880001068115234,50.1602783203125,3442874,PKN.WA,-0.031423246432035756,0.7326963562306723,63.85,63.97440002441406,65.34249994277954,0.3219085245451618,1.0556979584746489,-0.30596024142234146
2023-02-02,63.5,64.18000030517578,62.599998474121094,63.560001373291016,50.702728271484375,2639384,PKN.WA,0.010814254033475024,0.7406199207563523,63.73999996185303,63.96280006408691,65.25739994049073,0.3229391489769793,1.0556979584746489,-0.298454719163751
2023-02-03,63.29999923706055,64.0,62.70000076293945,63.040000915527344,50.28791427612305,1349523,PKN.WA,-0.00818125309201434,0.734560721739657,63.76900005340576,63.95160011291504,65.17539993286132,0.2688503357659035,1.0556979584746489,-0.3041942386617805
2023-02-06,63.20000076293945,63.540000915527344,62.0,62.040000915527344,49.49020004272461,1489396,PKN.WA,-0.01586294393205967,0.7229084261960076,63.77100009918213,63.91160011291504,65.09369995117187,0.2738348274874926,1.0556979584746489,-0.31523176644149276
2023-02-07,62.5,62.65999984741211,61.63999938964844,62.619998931884766,49.9528694152832,1493190,PKN.WA,0.00934877510958021,0.7296667344973347,63.80200004577637,63.878800048828126,65.0262999534607,0.27576039228004257,1.0556979584746489,-0.30883002222376976
2023-02-08,63.5,65.12000274658203,63.5,64.5,51.45257568359375,1688202,PKN.WA,0.030022374643605687,0.75157306256539,63.92700004577637,63.916800079345705,64.98419996261596,0.2947719711599405,1.0556979584746489,-0.2880794582085592
2023-02-09,64.5,65.12000274658203,63.58000183105469,64.18000030517578,51.197303771972656,1143635,PKN.WA,-0.004961235578670009,0.7478443315474206,63.98000011444092,63.90440002441406,64.93499998092652,0.2895607471898797,1.0556979584746489,-0.29161146372968094
2023-02-10,63.79999923706055,64.0,62.560001373291016,63.5,50.65486145019531,1389368,PKN.WA,-0.010595205701813382,0.7399207670217406,64.03000011444092,63.868399963378906,64.87739999771118,0.289956153663066,1.0556979584746489,-0.2991169859882714
2023-02-13,63.68000030517578,63.97999954223633,62.459999084472656,63.41999816894531,50.591041564941406,1070592,PKN.WA,-0.0012598713551918994,0.7389885620422583,64.03600006103515,63.77199996948242,64.81449998855591,0.2866120999369796,1.0556979584746489,-0.3000000084209654
2023-02-14,63.70000076293945,64.0,62.81999969482422,63.619998931884766,50.750587463378906,880160,PKN.WA,0.00315359143352012,0.7413190300409841,64.09400005340576,63.75439994812012,64.75599998474121,0.2822330696817348,1.0556979584746489,-0.29779249444405753
2023-02-15,63.68000030517578,63.79999923706055,63.060001373291016,63.79999923706055,50.89417266845703,944847,PKN.WA,0.002829303806944461,0.7434164467948394,64.09099998474122,63.71399993896485,64.71269998550414,0.27092388129174305,1.0556979584746489,-0.2958057360753231
2023-02-16,63.7400016784668,64.4800033569336,62.81999969482422,63.29999923706055,50.49531936645508,1020827,PKN.WA,-0.007836990689328416,0.7375902990230147,64.09099998474122,63.69559989929199,64.65919998168945,0.27053947519972377,1.0556979584746489,-0.3013244999651793
2023-02-17,63.20000076293945,63.70000076293945,62.91999816894531,63.29999923706055,50.49531936645508,1001496,PKN.WA,0.0,0.7375902990230147,64.07399997711181,63.669199829101565,64.61319997787476,0.2698321795139963,1.0556979584746489,-0.3013244999651793
2023-02-20,63.459999084472656,63.619998931884766,62.81999969482422,63.2400016784668,50.44745635986328,618179,PKN.WA,-0.0009478287411830433,0.7368911897383829,63.986999893188475,63.674399871826175,64.55489997863769,0.2579600574201894,1.0556979584746489,-0.30198672468487275
2023-02-21,63.2400016784668,63.58000183105469,62.29999923706055,62.79999923706055,50.09646224975586,985714,PKN.WA,-0.006957660179127911,0.7317641512511899,63.88500003814697,63.68639984130859,64.49179998397827,0.25875025274135527,1.0556979584746489,-0.30684326385503546
2023-02-22,62.86000061035156,62.900001525878906,61.5,62.400001525878906,49.77737808227539,1616761,PKN.WA,-0.006369390382820028,0.7271032597037181,63.78700008392334,63.65959983825684,64.43379999160767,0.2584619157016259,1.0556979584746489,-0.31125824970402416
2023-02-23,62.459999084472656,64.31999969482422,62.41999816894531,64.19999694824219,51.213260650634766,1630522,PKN.WA,0.028846079781212453,0.7480773383423113,63.74099979400635,63.6647998046875,64.393899974823,0.2764751608065736,1.0556979584746489,-0.2913907502263344
2023-02-24,64.5,64.91999816894531,62.099998474121094,62.560001373291016,49.90501022338867,1872354,PKN.WA,-0.025545103627860444,0.7289676252127029,63.49099998474121,63.64439979553222,64.35669998168946,0.25077893799200535,1.0556979584746489,-0.3094922469434632
2023-02-27,62.560001373291016,63.220001220703125,62.560001373291016,63.040000915527344,50.28791427612305,838533,PKN.WA,0.007672626785479197,0.734560721739657,63.34599990844727,63.635599822998046,64.30439998626709,0.24187334695020207,1.0556979584746489,-0.3041942386617805
2023-02-28,63.380001068115234,66.86000061035156,62.63999938964844,66.66000366210938,53.17564392089844,6396636,PKN.WA,0.057423900602932676,0.7767420636116535,63.43300018310547,63.718799896240235,64.26850002288819,0.3157074536899895,1.0556979584746489,-0.2642383577837468
2023-03-01,66.66000366210938,67.5999984741211,65.72000122070312,66.27999877929688,52.87250518798828,4292596,PKN.WA,-0.005700642993341165,0.7723141344090925,63.60300006866455,63.788799896240235,64.23570003509522,0.29246850436038513,1.0556979584746489,-0.26843267223421596
2023-03-02,65.83999633789062,65.83999633789062,64.37999725341797,65.16000366210938,51.979068756103516,2202165,PKN.WA,-0.016897935090749328,0.7592636202961793,63.68300018310547,63.81599998474121,64.1962000656128,0.29886276635448533,1.0556979584746489,-0.2807946494533152
2023-03-03,65.19999694824219,65.81999969482422,64.95999908447266,65.5999984741211,52.33005905151367,1189157,PKN.WA,0.006752528963830828,0.7643905698834124,63.81100006103516,63.86199996948242,64.167200050354,0.29720346650024654,1.0556979584746489,-0.27593819449280654
2023-03-06,66.0,66.4800033569336,65.5,66.33999633789062,52.92036437988281,1289772,PKN.WA,0.011280455502776565,0.7730132436937243,64.02599983215332,63.91479988098145,64.14860004425049,0.2909285691051455,1.0556979584746489,-0.2677704475145226
2023-03-07,65.69999694824219,66.05999755859375,65.05999755859375,65.0999984741211,51.93120193481445,1821376,PKN.WA,-0.01869155761561747,0.7585644221115877,64.14999980926514,63.94279983520508,64.11090003967286,0.30034237129132624,1.0556979584746489,-0.2814569583826626
2023-03-08,64.69999694824219,65.30000305175781,64.31999969482422,65.16000366210938,51.979068756103516,1492176,PKN.WA,0.000921738700380148,0.7592636202961794,64.18299999237061,63.9715998840332,64.07810005187989,0.2816558394334428,1.0556979584746489,-0.2807946494533151
2023-03-09,64.5,64.91999816894531,63.459999084472656,63.47999954223633,50.6389045715332,1614783,PKN.WA,-0.025782750544103616,0.7396877157768701,64.14799995422364,63.968799896240235,64.0388000679016,0.29647086114694055,1.0556979584746489,-0.2993377415964448
2023-03-10,63.0,63.040000915527344,62.18000030517578,62.459999084472656,49.82523727416992,1700280,PKN.WA,-0.016068060257073857,0.72780236898835,64.09599990844727,63.927999877929686,63.99310007095337,0.2995907165815494,1.0556979584746489,-0.3105960249843306
2023-03-13,62.79999923706055,63.0,58.880001068115234,59.97999954223633,47.84690856933594,3293036,PKN.WA,-0.03970540471642192,0.698904681374097,63.92399997711182,63.84279991149902,63.941000061035155,0.3301379182470377,1.0556979584746489,-0.33796908882543775
2023-03-14,59.97999954223633,60.2599983215332,58.84000015258789,59.720001220703125,47.639503479003906,2399715,PKN.WA,-0.004334750308727764,0.6958751040907394,63.729000091552734,63.74519996643066,63.87510005950928,0.32948209987200067,1.0556979584746489,-0.340838827522039
2023-03-15,59.81999969482422,60.0,56.41999816894531,56.459999084472656,45.0389518737793,3436499,PKN.WA,-0.05458811235088057,0.6578885957264534,63.36200008392334,63.57040000915527,63.787900047302244,0.37588141836742567,1.0556979584746489,-0.3768211916626041
2023-03-16,57.0,57.2599983215332,54.040000915527344,55.52000045776367,44.289100646972656,5073512,PKN.WA,-0.01664893095911324,0.6469354539174157,62.9730001449585,63.36559997558594,63.70460004806519,0.3778031187045569,1.0556979584746489,-0.3871964526177958
2023-03-17,56.0,57.36000061035156,55.2599983215332,55.439998626708984,44.22528076171875,5564078,PKN.WA,-0.0014409551584126934,0.6460032489379334,62.58000011444092,63.225199966430665,63.622600059509274,0.3775206113828786,1.0556979584746489,-0.3880794750504898
2023-03-20,55.099998474121094,55.91999816894531,53.380001068115234,55.68000030517578,44.4167366027832,2665601,PKN.WA,0.004329034711612945,0.6487998194264004,62.202000045776366,63.09879997253418,63.53600006103515,0.3789819364204058,1.0556979584746489,-0.38543044985723496
2023-03-21,56.20000076293945,58.279998779296875,56.20000076293945,57.84000015258789,46.13979721069336,2584174,PKN.WA,0.038793100495211785,0.673968776022684,61.954000091552736,63.015599975585936,63.45770006179809,0.41101079508082206,1.0556979584746489,-0.36158939153724956
2023-03-22,58.02000045776367,58.34000015258789,57.15999984741211,57.70000076293945,46.02811813354492,1452481,PKN.WA,-0.0024204597039956255,0.6723374617585699,61.719000053405765,62.92959999084473,63.37600006103516,0.4109208267407043,1.0556979584746489,-0.3631346386896369
2023-03-23,57.439998626708984,58.13999938964844,56.52000045776367,57.619998931884766,45.964298248291016,1148997,PKN.WA,-0.0013865135181432287,0.6714052567790876,61.39000015258789,62.81959999084473,63.297400074005125,0.3928865271694514,1.0556979584746489,-0.3640176611223309
2023-03-24,57.29999923706055,57.439998626708984,55.68000030517578,56.2599983215332,44.87940979003906,1455143,PKN.WA,-0.023602926684522907,0.6555581277277275,61.075,62.69479995727539,63.21260005950928,0.3916045725502795,1.0556979584746489,-0.37902870563951196
2023-03-27,57.040000915527344,57.400001525878906,55.900001525878906,56.779998779296875,45.294219970703125,944713,PKN.WA,0.009242809692097786,0.6616173267444228,60.761999893188474,62.56439994812012,63.14270004272461,0.39231777304091636,1.0556979584746489,-0.3732891861414823
2023-03-28,57.400001525878906,57.65999984741211,56.400001525878906,56.97999954223633,45.45376205444336,1778579,PKN.WA,0.0035223805431354727,0.6639477947431486,60.27799968719482,62.45479995727539,63.07520002365112,0.31838989379974814,1.0556979584746489,-0.37108167216457455
2023-03-29,57.060001373291016,57.459999084472656,56.47999954223633,56.86000061035156,45.358036041259766,2041298,PKN.WA,-0.002105983377479914,0.6625495317239051,59.80699977874756,62.31479995727539,63.00540002822876,0.3189327224395659,1.0556979584746489,-0.37240616370878843
2023-03-30,57.099998474121094,58.70000076293945,56.86000061035156,58.36000061035156,46.55461120605469,1873840,PKN.WA,0.026380583607080066,0.6800279750393793,59.46699962615967,62.21599998474121,62.94350004196167,0.33832265653354127,1.0556979584746489,-0.35584987203922
2023-03-31,58.63999938964844,58.939998626708984,57.81999969482422,58.2400016784668,46.458885192871094,1657432,PKN.WA,-0.0020561845549994517,0.6786297120201358,59.09899978637695,62.10800003051758,62.896700057983395,0.33560227034844897,1.0556979584746489,-0.3571743635834339
2023-04-03,58.959999084472656,60.900001525878906,58.900001525878906,59.779998779296875,47.68736267089844,1554645,PKN.WA,0.026442257150543158,0.6965742133753713,58.770999908447266,62.003999938964846,62.86240005493164,0.34980277032940027,1.0556979584746489,-0.3401766028023454
2023-04-04,60.2599983215332,60.540000915527344,59.29999923706055,59.29999923706055,47.30445861816406,1314317,PKN.WA,-0.008029433791199136,0.6909811168484171,58.48099994659424,61.89319999694824,62.81180006027222,0.3462812636957518,1.0556979584746489,-0.3454746110840281
2023-04-05,59.29999923706055,59.5,58.040000915527344,58.97999954223633,47.0491943359375,1346820,PKN.WA,-0.005396284973714249,0.6872523858304477,58.17199974060058,61.78559997558594,62.776000061035155,0.34571269754672185,1.0556979584746489,-0.34900661660514987
2023-04-06,58.97999954223633,59.380001068115234,58.5,58.599998474121094,46.74605941772461,845542,PKN.WA,-0.006442880146906638,0.6828245010778665,57.92799968719483,61.65519989013672,62.74650005340576,0.33680298201037,1.0556979584746489,-0.35320088895079205
2023-04-11,59.119998931884766,60.7400016784668,59.119998931884766,60.540000915527344,48.29362487792969,1975318,PKN.WA,0.033105844572043575,0.7054299828805336,57.83199977874756,61.51479995727539,62.72570007324219,0.3575890919281058,1.0556979584746489,-0.33178805811106105
2023-04-12,60.900001525878906,61.459999084472656,59.7400016784668,61.119998931884766,48.75630187988281,2919053,PKN.WA,0.00958040977182506,0.7121882911818607,57.88899974822998,61.41839988708496,62.69410005569458,0.32907264432472905,1.0556979584746489,-0.32538631389333805
2023-04-13,60.81999969482422,61.400001525878906,60.459999084472656,61.119998931884766,48.75630187988281,2479557,PKN.WA,0.0,0.7121882911818607,57.95899963378906,61.34239990234375,62.65590003967285,0.32847408407616363,1.0556979584746489,-0.32538631389333805
2023-04-14,61.29999923706055,61.720001220703125,60.91999816894531,61.34000015258789,48.93179702758789,2055495,PKN.WA,0.0035994964749312963,0.7147518104254571,58.202999687194826,61.3115998840332,62.616100025177005,0.25336574897278114,1.0556979584746489,-0.3229580443082567
2023-04-17,61.70000076293945,62.58000183105469,61.31999969482422,61.70000076293945,49.21897506713867,1832740,PKN.WA,0.005868937226215065,0.7189466439331677,58.511999702453615,61.27439987182617,62.58200004577637,0.24101021139210618,1.0556979584746489,-0.318984527570788
2023-04-18,61.70000076293945,62.79999923706055,61.34000015258789,62.36000061035156,49.74546813964844,1693735,PKN.WA,0.010696917978136211,0.726637157213977,58.85799980163574,61.26079986572265,62.553700065612794,0.24029132536324727,1.0556979584746489,-0.311699760920371
2023-04-19,62.0,62.0,61.18000030517578,61.720001220703125,49.234928131103516,1112238,PKN.WA,-0.010262979207575573,0.7191796951780381,59.15999984741211,61.25439987182617,62.50610008239746,0.24712735164634175,1.0556979584746489,-0.3187637719626145
2023-04-20,61.720001220703125,62.459999084472656,61.150001525878906,61.29999923706055,48.89988708496094,1536911,PKN.WA,-0.006804957474655593,0.7142857079357158,59.332999801635744,61.22799987792969,62.46460008621216,0.21617035888045188,1.0556979584746489,-0.32339955552460375
2023-04-21,60.79999923706055,61.650001525878906,60.41999816894531,61.34000015258789,48.93179702758789,2367473,PKN.WA,0.0006525434914388395,0.714751810425457,59.51499977111816,61.16479988098145,62.43260009765625,0.21542293311891508,1.0556979584746489,-0.3229580443082568
2023-04-24,61.0,62.20000076293945,60.2599983215332,62.02000045776367,49.474246978759766,1563394,PKN.WA,0.011085756496319377,0.722675374951137,59.73499984741211,61.1215998840332,62.39020009994507,0.2164858486039456,1.0556979584746489,-0.31545252204966634
2023-04-25,62.119998931884766,63.150001525878906,62.0,62.22999954223633,49.641761779785156,2680432,PKN.WA,0.0033859897278727402,0.7251223463473081,60.03349990844727,61.09619987487793,62.334550094604495,0.19090448149139025,1.0556979584746489,-0.3131346513210853
2023-04-26,62.31999969482422,63.540000915527344,62.150001525878906,63.09000015258789,50.327796936035156,3009141,PKN.WA,0.01381971101844326,0.7351433276268434,60.348999977111816,61.08959991455078,62.297000102996826,0.19289534386613746,1.0556979584746489,-0.30364237069376043
2023-04-27,63.099998474121094,65.0,62.790000915527344,64.66000366210938,51.5802116394043,2634934,PKN.WA,0.02488514036652889,0.7534374725243546,60.73300018310547,61.11040000915527,62.27270013809204,0.20474858705767013,1.0556979584746489,-0.2863134133431714
2023-04-28,65.0,65.05999755859375,62.900001525878906,63.41999816894531,50.591041564941406,2849391,PKN.WA,-0.019177318634930773,0.7389885620422582,61.06100006103516,61.10279998779297,62.23670011520386,0.22238485063886326,1.0556979584746489,-0.3000000084209654
2023-05-02,63.119998931884766,64.5199966430664,62.93000030517578,62.9900016784668,50.24802780151367,2019112,PKN.WA,-0.006780140379901045,0.7339781158524704,61.29250011444092,61.09660003662109,62.215550117492675,0.21213634968577358,1.0556979584746489,-0.30474610662980084
2023-05-04,62.9900016784668,63.54999923706055,61.75,61.91999816894531,49.394474029541016,2078748,PKN.WA,-0.0169868785681786,0.7215101187267839,61.47649993896484,61.06900001525879,62.18165012359619,0.22399352799449324,1.0556979584746489,-0.3165563000905339
2023-05-05,62.119998931884766,63.119998931884766,61.81999969482422,63.04999923706055,50.2958869934082,1046332,PKN.WA,0.018249371794748503,0.7346772251371022,61.63999996185303,61.06519996643066,62.13310010910034,0.21438154833992656,1.0556979584746489,-0.3040838819101075
2023-05-08,63.31999969482422,63.93000030517578,62.900001525878906,63.15999984741211,50.383636474609375,1348019,PKN.WA,0.001744656807020295,0.7359589847589004,61.8329999923706,61.0723999786377,62.084900093078616,0.21063649571562518,1.0556979584746489,-0.30286974711756676
2023-05-09,63.15999984741211,63.15999984741211,61.9900016784668,62.630001068115234,49.96084976196289,1548902,PKN.WA,-0.008391367646885639,0.7297832823447598,62.01550006866455,61.07699996948242,62.02755010604859,0.2125252797828015,1.0556979584746489,-0.30871962336726966
2023-05-10,63.25,63.83000183105469,62.43000030517578,62.86000061035156,50.144325256347656,1745166,PKN.WA,0.0036723541164591644,0.7324633049858016,62.22850017547607,61.05020004272461,61.97465009689331,0.2095184011313156,1.0556979584746489,-0.30618099703051505
2023-05-11,62.97999954223633,63.619998931884766,62.15999984741211,62.470001220703125,49.83321762084961,1930896,PKN.WA,-0.006204253672632221,0.7279189168357751,62.32500019073486,61.04840003967285,61.90800008773804,0.18055001910491014,1.0556979584746489,-0.3104856261278305
2023-05-12,62.400001525878906,63.54999923706055,61.900001525878906,63.2599983215332,50.463409423828125,2412410,PKN.WA,0.012646023457548283,0.7371241965332735,62.432000160217285,61.052799987792966,61.842100067138674,0.18265571746094741,1.0556979584746489,-0.30176601118152624
2023-05-15,63.54999923706055,64.2699966430664,63.38999938964844,63.810001373291016,50.90215301513672,1380387,PKN.WA,0.0086943260567649,0.7435329946422646,62.5665002822876,60.9957999420166,61.78915006637573,0.18413012057027023,1.0556979584746489,-0.2956953372188229
2023-05-16,63.7599983215332,64.13999938964844,63.290000915527344,63.5099983215332,50.662837982177734,1385557,PKN.WA,-0.004701505176324727,0.7400372704191858,62.67500019073486,60.940399932861325,61.73550006866455,0.18565638465669054,1.0556979584746489,-0.29900662923659826
2023-05-17,63.400001525878906,63.790000915527344,62.689998626708984,63.43000030517578,50.599021911621094,1614614,PKN.WA,-0.0012596129502698838,0.7391051098896834,62.76150016784668,60.905799865722656,61.67775005340576,0.18531065334679933,1.0556979584746489,-0.2998896095644653
2023-05-18,63.599998474121094,64.11000061035156,63.130001068115234,63.439998626708984,50.606998443603516,1600374,PKN.WA,0.0001576276444126279,0.7392216132871287,62.81550006866455,60.86259986877442,61.617350063323975,0.18208226215945372,1.0556979584746489,-0.29977925281279205
2023-05-19,63.83000183105469,64.4800033569336,63.16999816894531,64.47000122070312,51.428646087646484,1915791,PKN.WA,0.016235854607356437,0.7512235079230739,62.95300006866455,60.82519996643067,61.559200077056886,0.18477002176381807,1.0556979584746489,-0.28841057056840613
2023-05-22,64.43000030517578,65.05000305175781,64.13999938964844,64.66000366210938,51.5802116394043,1417279,PKN.WA,0.0029471449947053863,0.7534374725243544,63.12100028991699,60.81640007019043,61.502000102996824,0.18165036173222382,1.0556979584746489,-0.2863134133431715
2023-05-23,64.61000061035156,65.0,63.9900016784668,64.08999633789062,51.12550735473633,1449268,PKN.WA,-0.008815454561329927,0.7467955787205127,63.25850009918213,60.79499992370606,61.450150089263914,0.18614257490147865,1.0556979584746489,-0.2926048850188754
2023-05-24,63.97999954223633,64.98999786376953,63.869998931884766,64.3499984741211,51.332916259765625,1579702,PKN.WA,0.004056828695381709,0.7498252004538503,63.375,60.81239990234375,61.40990007400513,0.183374111504218,1.0556979584746489,-0.2897351042174472
2023-05-25,64.3499984741211,64.36000061035156,62.31999969482422,62.56999969482422,49.91298294067383,2410524,PKN.WA,-0.027661209347389804,0.7290841286101478,63.39200000762939,60.81459991455078,61.3719500541687,0.21108079425564605,1.0556979584746489,-0.3093818901917903
2023-05-26,62.470001220703125,64.88999938964844,62.43000030517578,64.7699966430664,51.6679573059082,2473994,PKN.WA,0.035160571503473514,0.7547191432461926,63.47599983215332,60.91039985656738,61.340000019073486,0.2406552735356568,1.0556979584746489,-0.285099362760285
2023-05-29,64.80000305175781,65.0,63.959999084472656,64.05000305175781,51.09360885620117,1078287,PKN.WA,-0.011116159157400052,0.7463295651307313,63.44549980163574,60.99699989318847,61.30825002670288,0.22768487485682007,1.0556979584746489,-0.2930463120255684
2023-05-30,63.84000015258789,63.959999084472656,62.65999984741211,62.65999984741211,49.984779357910156,2557081,PKN.WA,-0.021701844467087117,0.7301328369870754,63.40749988555908,61.12099990844727,61.26615001678467,0.23060730775450886,1.0556979584746489,-0.30838851100742315
2023-05-31,62.4900016784668,62.5099983215332,59.599998474121094,60.189998626708984,48.014427185058594,10800998,PKN.WA,-0.03941910671429949,0.7013516527702677,63.26749973297119,61.214399871826174,61.206000003814694,0.2683980370473727,1.0556979584746489,-0.33565121809685716
2023-06-01,60.810001373291016,62.4900016784668,60.70000076293945,62.380001068115234,49.76142120361328,1974001,PKN.WA,0.03638482291698297,0.7268702084588472,63.29049987792969,61.3531999206543,61.156399993896486,0.2947913746962266,1.0556979584746489,-0.31147900531219797
2023-06-02,62.970001220703125,64.0199966430664,62.779998779296875,64.0199966430664,51.069671630859375,2556666,PKN.WA,0.026290406330073512,0.7459799215884555,63.33899974822998,61.51999984741211,61.127999992370604,0.3024819494959112,1.0556979584746489,-0.2933775085950693
2023-06-05,64.12000274658203,65.25,63.939998626708984,64.19999694824219,51.213260650634766,2171334,PKN.WA,0.0028116262826338723,0.7480773383423107,63.39099960327148,61.64719978332519,61.11149997711182,0.3025434861175159,1.0556979584746489,-0.291390750226335
2023-06-06,63.939998626708984,65.0999984741211,63.650001525878906,65.02999877929688,51.875362396240234,3261076,PKN.WA,0.012928378045311106,0.7577487649795303,63.510999488830564,61.79379974365234,61.09534996032715,0.30324006808015386,1.0556979584746489,-0.2822295819588567
2023-06-07,64.98999786376953,65.08999633789062,64.19000244140625,65.05999755859375,51.8992919921875,2374556,PKN.WA,0.0004613067793324266,0.758098319621846,63.620999336242676,61.94259971618652,61.07914993286133,0.3032271797492281,1.0556979584746489,-0.2818984695990101
2023-06-09,65.19999694824219,66.5999984741211,64.98999786376953,65.23999786376953,52.042884826660156,2277025,PKN.WA,0.0027666817081213324,0.7601957363757014,63.759499168396,62.12219970703125,61.07934993743896,0.3017174932562968,1.0556979584746489,-0.2799117112302757
2023-06-12,65.30000305175781,65.4800033569336,63.70000076293945,63.939998626708984,51.005859375,2209624,PKN.WA,-0.01992641446394794,0.745047761058953,63.79349918365479,62.26539970397949,61.05404993057251,0.3090304032326934,1.0556979584746489,-0.2942604889229363
2023-06-13,63.9900016784668,64.5,63.79999923706055,63.939998626708984,51.005859375,1591950,PKN.WA,0.0,0.745047761058953,63.79999904632568,62.40459968566895,61.04374992370605,0.30759049883494954,1.0556979584746489,-0.2942604889229363
2023-06-14,64.0,65.62999725341797,64.0,64.95999908447266,51.819522857666016,2625791,PKN.WA,0.01595246292885588,0.756933107847473,63.87249908447266,62.566599655151364,61.044449920654294,0.3118616192973833,1.0556979584746489,-0.2830022055350505
2023-06-15,65.0,65.5999984741211,64.20999908447266,65.55000305175781,52.29017639160156,2530071,PKN.WA,0.0090825735160176,0.7638080084462053,63.978499221801755,62.71039970397949,61.05969993591309,0.3128892592521604,1.0556979584746489,-0.27649002035600023
2023-06-16,65.58999633789062,67.0,65.36000061035156,66.81999969482422,53.30327224731445,6534021,PKN.WA,0.019374471150880535,0.7786063846706579,64.14749927520752,62.88199966430664,61.0731999206543,0.3189048602827215,1.0556979584746489,-0.2624723971280133
2023-06-19,66.51000213623047,67.19999694824219,66.01000213623047,66.19999694824219,52.808685302734375,1503231,PKN.WA,-0.009278700230674453,0.7713819294296097,64.23399906158447,63.010399627685544,61.098499908447266,0.31749488665686393,1.0556979584746489,-0.2693156946669104
2023-06-20,66.02999877929688,66.76000213623047,65.8499984741211,66.58000183105469,53.11182403564453,1453141,PKN.WA,0.005740255291999619,0.7758098586321709,64.32999897003174,63.15599967956543,61.12649991989136,0.31781663965549595,1.0556979584746489,-0.26512138021644105
2023-06-21,66.30000305175781,67.08999633789062,66.2699966430664,67.0,53.446861267089844,2237011,PKN.WA,0.006308172985802107,0.7807038014245133,64.4754991531372,63.3163996887207,61.17549991607666,0.3157357049948722,1.0556979584746489,-0.2604856387592789
2023-06-22,66.94000244140625,67.26000213623047,66.45999908447266,66.83999633789062,53.3192253112793,1775316,PKN.WA,-0.002388114359841431,0.7788393914655487,64.59999904632568,63.48119964599609,61.21189989089966,0.31611863554707226,1.0556979584746489,-0.2622516836246668
2023-06-23,66.62000274658203,66.80000305175781,65.4000015258789,65.66999816894531,52.385902404785156,1550143,PKN.WA,-0.017504461894802037,0.7652062270154693,64.75499897003174,63.583799591064455,61.24214988708496,0.3053122993164557,1.0556979584746489,-0.2751655709166131
2023-06-26,65.80999755859375,66.6500015258789,65.12000274658203,66.36000061035156,52.93632125854492,1046667,PKN.WA,0.010507118328694443,0.7732463393885746,64.834499168396,63.68859962463379,61.28934989929199,0.28209557970157734,1.0556979584746489,-0.2675496498015223
2023-06-27,66.36000061035156,66.87000274658203,64.62000274658203,65.44000244140625,52.20242691040039,1304609,PKN.WA,-0.0138637456371844,0.7625262488244074,64.90399913787842,63.77499969482422,61.32614990234375,0.28387076001430517,1.0556979584746489,-0.2777041551485405
2023-06-28,65.87000274658203,66.22000122070312,65.19999694824219,65.68000030517578,52.39387893676758,933044,PKN.WA,0.0036674488816594852,0.7653227748628946,65.0549991607666,63.86179969787597,61.377449913024904,0.2706702816631298,1.0556979584746489,-0.27505517206011276
2023-06-29,65.98999786376953,66.5199966430664,65.72000122070312,66.06999969482422,52.70499038696289,1061257,PKN.WA,0.005937871312977183,0.769867163012921,65.34899921417237,63.94919967651367,61.4211999130249,0.22080535508756857,1.0556979584746489,-0.2707505429627973
2023-06-30,65.5,65.80000305175781,64.02999877929688,64.41000366210938,51.38078689575195,3705487,PKN.WA,-0.025124807634059776,0.750524398638442,65.45049934387207,63.99019973754883,61.451349925994876,0.21173266232492322,1.0556979584746489,-0.2890727952880996
2023-07-03,64.5,65.69000244140625,64.5,65.08999633789062,51.923221588134766,1660970,PKN.WA,0.01055725255580553,0.7584478742641622,65.50399932861328,64.05759963989257,61.4946999168396,0.1941175627929799,1.0556979584746489,-0.28156735723916315
2023-07-04,65.26000213623047,65.69999694824219,64.80999755859375,64.97000122070312,51.8275032043457,954874,PKN.WA,-0.0018435262550114961,0.7570496556948986,65.54249954223633,64.13099967956543,61.53424991607666,0.19421297158472273,1.0556979584746489,-0.2828918066785501
2023-07-05,64.97000122070312,65.4000015258789,63.66999816894531,63.66999816894531,50.790470123291016,1723685,PKN.WA,-0.020009281627403674,0.7419016359281704,65.47449951171875,64.17759963989258,61.568499908447265,0.20168281886944517,1.0556979584746489,-0.29724062647603755
2023-07-06,63.5,64.04000091552734,62.86000061035156,63.380001068115234,50.55913543701172,1715417,PKN.WA,-0.004554689950839741,0.7385225040024967,65.39049968719482,64.20479965209961,61.602499904632566,0.20199335147991856,1.0556979584746489,-0.3004414775324856
2023-07-07,63.540000915527344,64.91000366210938,63.540000915527344,64.80000305175781,51.69189453125,2145109,PKN.WA,0.02240457494023218,0.7550687867884686,65.36849994659424,64.25619972229003,61.63699991226196,0.21850035437774507,1.0556979584746489,-0.28476816619078416
2023-07-10,64.8499984741211,65.51000213623047,64.63999938964844,65.51000213623047,52.25826644897461,1063803,PKN.WA,0.010956775478938807,0.7633419059564646,65.4470001220703,64.30459976196289,61.68334991455078,0.20889971587502645,1.0556979584746489,-0.27693153157234685
2023-07-11,65.95999908447266,66.26000213623047,65.36000061035156,66.22000122070312,52.82464599609375,1529823,PKN.WA,0.010838025665091289,0.7716150251244605,65.56100025177003,64.33579971313476,61.724449920654294,0.21153370434631305,1.0556979584746489,-0.26909489695390965
2023-07-12,66.22000122070312,67.55000305175781,66.01000213623047,67.19999694824219,53.60639953613281,2111625,PKN.WA,0.014799089542038235,0.7830342249732595,65.6730001449585,64.4113996887207,61.76844989776611,0.2105503278654964,1.0556979584746489,-0.25827816688719785
2023-07-13,67.29000091552734,67.95999908447266,66.91000366210938,67.13999938964844,53.558536529541016,1561834,PKN.WA,-0.0008928208529527248,0.7823351156886277,65.75249996185303,64.49439964294433,61.8288498878479,0.20893298831829366,1.0556979584746489,-0.2589403916068912
2023-07-14,67.13999938964844,67.54000091552734,66.56999969482422,66.73999786376953,53.23945236206055,1624489,PKN.WA,-0.005957723108656721,0.7776741796911759,65.7484998703003,64.59079963684081,61.90414987564087,0.1989491568462679,1.0556979584746489,-0.26335541956070696
2023-07-17,66.55000305175781,67.70999908447266,66.4000015258789,66.8499984741211,53.327205657958984,1324049,PKN.WA,0.0016481961922758526,0.7789559393129741,65.78099994659424,64.66679962158203,61.97059986114502,0.19593725228365289,1.0556979584746489,-0.26214128476816634
2023-07-18,67.0,67.80999755859375,66.94000244140625,67.80999755859375,54.0930061340332,1518724,PKN.WA,0.014360495233882276,0.7901421323668824,65.84249973297119,64.75979957580566,62.03764984130859,0.20127576948126555,1.0556979584746489,-0.25154526820480105
2023-07-19,68.0,71.5,67.83000183105469,70.44000244140625,56.19099807739258,3889750,PKN.WA,0.0387849133977618,0.8207877265426547,66.0144998550415,64.91599960327149,62.12284984588623,0.24162204224139863,1.0556979584746489,-0.22251651624997926
2023-07-20,70.0,71.38999938964844,69.9000015258789,70.27999877929688,56.06336212158203,2105845,PKN.WA,-0.0022714885940339213,0.8189233165836901,66.18649997711182,65.0643995666504,62.20654983520508,0.2415903584337638,1.0556979584746489,-0.22428256111536715
2023-07-21,70.26000213623047,70.54000091552734,69.93000030517578,70.26000213623047,56.04741287231445,1491683,PKN.WA,-0.0002845282215955258,0.8186903097887994,66.41600017547607,65.22019958496094,62.293449840545655,0.23001903147688108,1.0556979584746489,-0.22450327461871367
2023-07-24,70.37999725341797,71.30999755859375,70.37999725341797,71.12000274658203,56.73344802856445,1513324,PKN.WA,0.012240258813030813,0.8287112910683347,66.6540002822876,65.37739967346191,62.369849853515625,0.23080192808474642,1.0556979584746489,-0.2150109939913888
2023-07-25,71.27999877929688,71.4800033569336,70.33999633789062,70.47000122070312,56.21493148803711,1449854,PKN.WA,-0.009139503666711346,0.8211372811849706,66.90550022125244,65.51059967041016,62.449399852752684,0.22664079700906617,1.0556979584746489,-0.22218540389013253
2023-07-26,70.69999694824219,71.19999694824219,69.9000015258789,70.0199966430664,55.85595703125,1146014,PKN.WA,-0.006385760888911629,0.8158936948503525,67.12250003814697,65.64079963684082,62.52389984130859,0.2295133922707522,1.0556979584746489,-0.22715234191679545
2023-07-27,70.5,71.1500015258789,70.22000122070312,70.69999694824219,56.398406982421875,1223040,PKN.WA,0.00971151582086116,0.8238172593760326,67.35399990081787,65.78619956970215,62.60919982910156,0.23047681554993718,1.0556979584746489,-0.21964681965820487
2023-07-28,70.69999694824219,70.9000015258789,70.22000122070312,70.44999694824219,56.198970794677734,1263201,PKN.WA,-0.003536068045137508,0.8209041854901202,67.65599956512452,65.9263995361328,62.69344982147217,0.20640784471989176,1.0556979584746489,-0.22240620160313296
2023-07-31,70.69999694824219,71.72000122070312,70.68000030517578,71.48999786376953,57.028594970703125,1878683,PKN.WA,0.014762256360229653,0.8330225835235109,67.97599964141845,66.06679946899413,62.78839981079101,0.2085537977897191,1.0556979584746489,-0.21092716260707367
2023-08-01,71.4000015258789,71.45999908447266,70.9000015258789,71.0999984741211,56.71748733520508,1038933,PKN.WA,-0.005455300060179247,0.8284781953734844,68.28249950408936,66.19559936523437,62.880799808502196,0.2104608754124246,1.0556979584746489,-0.2152317917043891
2023-08-02,70.98999786376953,71.0,69.86000061035156,69.87999725341797,55.74427795410156,1822182,PKN.WA,-0.01715894862005063,0.8142623805862386,68.59299945831299,66.31139938354492,62.96519979476929,0.2062411133435711,1.0556979584746489,-0.2286975890691827
2023-08-03,69.9000015258789,70.02999877929688,68.75,69.37999725341797,55.345420837402344,1724298,PKN.WA,-0.007155123349343651,0.8084362328144138,68.89299926757812,66.41199935913086,63.04559978485108,0.20799516121293604,1.0556979584746489,-0.23421635295903886
2023-08-04,70.33000183105469,70.75,69.8499984741211,70.41999816894531,56.1750373840332,1594373,PKN.WA,0.014989924426324519,0.8205546308478043,69.1739990234375,66.56899932861329,63.12699977874756,0.20113547165678006,1.0556979584746489,-0.2227373139629797
2023-08-07,70.8499984741211,70.86000061035156,69.44000244140625,69.56999969482422,55.496986389160156,2232132,PKN.WA,-0.012070413181236583,0.8106501974156943,69.37699890136719,66.66499938964844,63.2164497756958,0.2074500335202894,1.0556979584746489,-0.23211919573380424
2023-08-08,69.5999984741211,70.02999877929688,68.86000061035156,69.51000213623047,55.44912338256836,2763694,PKN.WA,-0.0008624056181821826,0.8099510881310625,69.54149894714355,66.77419937133789,63.311999778747555,0.20580604205277903,1.0556979584746489,-0.2327814204534976
2023-08-09,65.0,65.45999908447266,64.23999786376953,64.88999938964844,56.21142578125,2653791,PKN.WA,-0.0664652942684052,0.7561174507154165,69.42599906921387,66.81879936218262,63.3814497756958,0.31474822024628274,1.0556979584746489,-0.28377482911124374
2023-08-10,64.9000015258789,66.5199966430664,64.86000061035156,66.25,57.3895378112793,2236208,PKN.WA,0.020958554833466536,0.7719645797667765,69.38149909973144,66.93999938964843,63.46139978408814,0.3247578211400633,1.0556979584746489,-0.2687637845940628
2023-08-11,65.54000091552734,65.77999877929688,64.55999755859375,64.56999969482422,55.934226989746094,1769360,PKN.WA,-0.02535849517246458,0.752388719697447,69.27299919128419,66.98379936218262,63.53284978866577,0.33621009848147015,1.0556979584746489,-0.2873068346323655
2023-08-14,64.55000305175781,64.58999633789062,63.810001373291016,64.1500015258789,55.57040023803711,1006257,PKN.WA,-0.0065045403582211225,0.7474947769051047,69.13799934387207,66.98639945983886,63.5972998046875,0.3364640780598049,1.0556979584746489,-0.2919425760895277
2023-08-16,63.880001068115234,64.31999969482422,63.59000015258789,63.86000061035156,55.31918716430664,2460390,PKN.WA,-0.004520668879646972,0.7441156005294511,68.94049949645996,66.97959953308106,63.650199813842775,0.3310362118221461,1.0556979584746489,-0.2951434692508027
2023-08-17,63.849998474121094,64.19999694824219,62.36000061035156,62.79999923706055,54.40095138549805,1687370,PKN.WA,-0.01659883124271677,0.7317641512511899,68.55849933624268,66.93499954223633,63.6862998008728,0.29522987373803417,1.0556979584746489,-0.30684326385503546
2023-08-18,62.70000076293945,62.79999923706055,61.369998931884766,62.56999969482422,54.20170974731445,1966521,PKN.WA,-0.003662413137428766,0.7290841286101482,68.17299938201904,66.88519958496094,63.721449794769285,0.29506592053335945,1.0556979584746489,-0.30938189019178997
2023-08-21,62.56999969482422,64.41999816894531,62.56999969482422,64.04000091552734,55.47511291503906,1433804,PKN.WA,0.023493706694467598,0.7462130172833065,67.86199932098388,66.8611996459961,63.7670498085022,0.3123401314581365,1.0556979584746489,-0.2931567108820683
2023-08-22,64.2699966430664,65.16999816894531,63.95000076293945,64.30999755859375,55.7089958190918,1596261,PKN.WA,0.0042160624485709786,0.7493590979641095,67.52149906158448,66.86859962463379,63.79839979171753,0.3079254585222214,1.0556979584746489,-0.2901766154337938
2023-08-23,64.16000366210938,64.66000366210938,63.529998779296875,64.16000366210938,55.579063415527344,1366324,PKN.WA,-0.002332357365551374,0.74761132475253,67.20599918365478,66.8729997253418,63.81939981460571,0.30761185984256156,1.0556979584746489,-0.29183217723302735
2023-08-24,63.20000076293945,64.26000213623047,62.400001525878906,63.65999984741211,55.145931243896484,1812151,PKN.WA,-0.007793076467552451,0.7417851325307253,66.88799934387207,66.84699974060058,63.822699813842775,0.3077670065209709,1.0556979584746489,-0.2973509832277105
2023-08-25,63.0,63.599998474121094,62.5,62.560001373291016,54.193050384521484,1413646,PKN.WA,-0.017279272333611373,0.7289676252127029,66.4809995651245,66.78719970703125,63.832999820709226,0.30606643198278805,1.0556979584746489,-0.3094922469434632
2023-08-28,62.79999923706055,64.08999633789062,62.599998474121094,64.0,55.440460205078125,1079066,PKN.WA,0.023017880356437592,0.7457469147935653,66.1584997177124,66.73079971313477,63.84279981613159,0.3228589387183704,1.0556979584746489,-0.29359822209841535
2023-08-29,64.0,64.1500015258789,63.18000030517578,63.52000045776367,55.024658203125,971842,PKN.WA,-0.007499992847442627,0.7401538182666111,65.7599998474121,66.6771997833252,63.85539981842041,0.3147300202713883,1.0556979584746489,-0.29889623038009805
2023-08-30,63.5,63.880001068115234,63.09000015258789,63.58000183105469,55.07663345336914,850551,PKN.WA,0.0009446059958848618,0.7408529720012228,65.38400001525879,66.61719978332519,63.860299835205076,0.3156152028607105,1.0556979584746489,-0.2982339635555775
2023-08-31,63.58000183105469,63.900001525878906,62.650001525878906,63.04999923706055,54.617515563964844,3924671,PKN.WA,-0.008335995261567697,0.7346772251371022,65.04250011444091,66.5381997680664,63.858349838256835,0.3127899096561177,1.0556979584746489,-0.3040838819101075
2023-09-01,63.0,64.19000244140625,63.0,63.560001373291016,55.05930709838867,2130194,PKN.WA,0.008088852377506228,0.7406199207563522,64.75150032043457,66.47259986877441,63.851649837493895,0.3160223814240381,1.0556979584746489,-0.2984547191637511
2023-09-04,63.59000015258789,64.0,62.529998779296875,62.529998779296875,54.16706085205078,1901548,PKN.WA,-0.016205200939894304,0.7286180261204069,64.35700035095215,66.40979988098144,63.84379983901977,0.3102737045420872,1.0556979584746489,-0.309823401408137
2023-09-05,62.54999923706055,62.900001525878906,61.709999084472656,61.790000915527344,53.52603530883789,1424624,PKN.WA,-0.011834285594365612,0.7199953523100951,63.968000411987305,66.31839988708496,63.832249851226806,0.3102109177616635,1.0556979584746489,-0.31799114838642095
2023-09-06,61.79999923706055,62.099998474121094,60.29999923706055,60.5,52.40856170654297,2020062,PKN.WA,-0.020877179097163245,0.7049638803907922,63.51750030517578,66.21959983825684,63.82094985961914,0.31415878433446415,1.0556979584746489,-0.3322295693274082
2023-09-07,60.33000183105469,60.5,58.099998474121094,58.459999084472656,50.641395568847656,2428298,PKN.WA,-0.033719023397146164,0.6811931868137521,63.196000289916995,66.07519981384277,63.805749855041505,0.24559386975182634,1.0556979584746489,-0.35474613610317973
2023-09-08,58.70000076293945,59.09000015258789,58.279998779296875,58.630001068115234,50.78866195678711,1590304,PKN.WA,0.0029080052395644707,0.6831741001701621,62.81500034332275,65.9263998413086,63.77819986343384,0.22792376483601362,1.0556979584746489,-0.3528697344861186
2023-09-11,59.0,59.5,58.2599983215332,58.47999954223633,50.65871810913086,1506178,PKN.WA,-0.002558443171519653,0.6814262380586227,62.51050033569336,65.80779975891113,63.75259986877441,0.21630243402066535,1.0556979584746489,-0.35452538049500626
2023-09-12,58.529998779296875,59.29999923706055,58.5099983215332,59.209999084472656,51.29108810424805,1936706,PKN.WA,0.012482892406814994,0.6899324084714892,62.26350021362305,65.69019981384277,63.72844985961914,0.22471605354452975,1.0556979584746489,-0.3464679902683956
2023-09-13,59.2599983215332,59.63999938964844,58.849998474121094,59.11000061035156,51.204463958740234,1974131,PKN.WA,-0.0016888781568537015,0.6887671966971162,62.02600021362305,65.57299980163575,63.70269985198975,0.22483764135805193,1.0556979584746489,-0.347571726204436
2023-09-14,59.45000076293945,60.380001068115234,59.279998779296875,59.81999969482422,51.81950378417969,1935913,PKN.WA,0.012011488363075973,0.6970403158651121,61.87700023651123,65.49599983215332,63.68879985809326,0.22610445002059293,1.0556979584746489,-0.3397350915859988
2023-09-15,60.20000076293945,61.20000076293945,59.75,60.380001068115234,52.30461120605469,4660339,PKN.WA,0.00936144059090438,0.7035656173715485,61.76750030517578,65.43599983215331,63.66669984817505,0.229783636343621,1.0556979584746489,-0.3335540608716222
2023-09-18,60.5,61.18000030517578,59.40999984741211,59.709999084472656,51.72421646118164,1499178,PKN.WA,-0.011096422189306399,0.6957585562433138,61.55100021362305,65.33419975280762,63.638749828338625,0.21160832913545682,1.0556979584746489,-0.3409492263785395
2023-09-19,59.880001068115234,60.060001373291016,58.689998626708984,58.810001373291016,50.94458770751953,1624800,PKN.WA,-0.015072814017437874,0.6852715169240173,61.27600040435791,65.20019973754883,63.59159984588623,0.2134581031307874,1.0556979584746489,-0.3508829761173843
2023-09-20,58.90999984741211,59.290000915527344,58.40999984741211,59.27000045776367,51.34306335449219,1772117,PKN.WA,0.007821783263578741,0.6906315622061008,61.031500244140624,65.06119972229004,63.56544984817505,0.2177461711397078,1.0556979584746489,-0.34580572344387517
2023-09-21,58.79999923706055,60.20000076293945,58.47999954223633,59.599998474121094,51.628929138183594,1886161,PKN.WA,0.0055677073360675955,0.6944767966215155,60.82850017547607,64.90919975280762,63.534349842071535,0.2197063672980626,1.0556979584746489,-0.34216336117108026
2023-09-22,59.599998474121094,61.09000015258789,59.5099983215332,60.79999923706055,52.66843795776367,2683707,PKN.WA,0.02013424150439369,0.7084595601638908,60.74050006866455,64.78239974975585,63.51724983215332,0.2278887632992272,1.0556979584746489,-0.32891831941446015
2023-09-25,60.79999923706055,60.849998474121094,59.68000030517578,59.970001220703125,51.94944763183594,1779160,PKN.WA,-0.013651283335074371,0.6987881779766514,60.53900012969971,64.64699981689454,63.493999824523925,0.21259099158469985,1.0556979584746489,-0.3380794455771112
2023-09-26,59.5,59.68000030517578,58.75,59.27000045776367,51.34306335449219,1628982,PKN.WA,-0.011672515402547545,0.6906315622061008,60.32650012969971,64.49539985656739,63.475449829101564,0.21423013371384778,1.0556979584746489,-0.34580572344387517
2023-09-27,59.5,59.810001373291016,58.220001220703125,58.279998779296875,50.485469818115234,1462972,PKN.WA,-0.016703250730903618,0.6790957700598966,60.061499977111815,64.30479988098145,63.45584981918335,0.2186302421038444,1.0556979584746489,-0.35673289447191425
2023-09-28,58.2400016784668,58.90999984741211,57.79999923706055,58.20000076293945,50.41617202758789,1816079,PKN.WA,-0.0013726495887614876,0.6781636095303942,59.81900005340576,64.05999984741212,63.42814981460571,0.21830199489653032,1.0556979584746489,-0.3576158747997812
2023-09-29,58.41999816894531,59.380001068115234,58.400001525878906,58.70000076293945,50.849300384521484,1577073,PKN.WA,0.008591065179476498,0.6839897573022189,59.57600002288818,63.82839988708496,63.40194982528686,0.21867487964863258,1.0556979584746489,-0.3520971109099251
2023-10-02,58.720001220703125,59.06999969482422,57.7400016784668,57.7400016784668,50.01769256591797,1653008,PKN.WA,-0.01635432831337813,0.6728035642483106,59.33650016784668,63.577999877929685,63.37274982452393,0.21878698431245844,1.0556979584746489,-0.3626931274732904
2023-10-03,57.70000076293945,58.220001220703125,57.13999938964844,57.84000015258789,50.10431671142578,1798722,PKN.WA,0.0017318751509214358,0.6739687760226836,59.13900012969971,63.312399826049806,63.34454982757568,0.21754638461271641,1.0556979584746489,-0.36158939153725
2023-10-04,57.70000076293945,57.95000076293945,56.970001220703125,57.25,49.593223571777344,1767070,PKN.WA,-0.010200555861538896,0.6670939198739312,58.97650012969971,63.04799980163574,63.318299827575686,0.20918542042911636,1.0556979584746489,-0.3681015346114733
2023-10-05,57.5,58.099998474121094,56.0099983215332,56.06999969482422,48.571041107177734,2384296,PKN.WA,-0.02061135904237177,0.6533442075764264,58.85700016021728,62.768999862670896,63.284749832153324,0.18742747206906,1.0556979584746489,-0.38112582075991996
2023-10-06,56.06999969482422,56.18000030517578,54.43000030517578,54.599998474121094,47.29764175415039,3179207,PKN.WA,-0.02621725037817002,0.6362153189032682,58.65550003051758,62.446999893188476,63.23874982833863,0.20496625782630223,1.0556979584746489,-0.3973510000696415
2023-10-09,54.79999923706055,58.18000030517578,54.70000076293945,58.099998474121094,50.32954025268555,4059546,PKN.WA,0.06410256589400642,0.6769983533060413,58.63649997711182,62.19999992370605,63.212749824523925,0.3156297526335371,1.0556979584746489,-0.35871965284064866
2023-10-10,58.4900016784668,60.9900016784668,57.560001373291016,60.68000030517578,52.56448745727539,3774238,PKN.WA,0.044406228895236044,0.7070612971446473,58.71000003814697,61.98379997253418,63.19764982223511,0.35093233068142426,1.0556979584746489,-0.330242810958674
2023-10-11,60.70000076293945,61.95000076293945,60.150001525878906,60.650001525878906,52.53849792480469,2577905,PKN.WA,-0.0004943767163151369,0.7067117425023314,58.78700008392334,61.774800033569335,63.1823998260498,0.3508160247563706,1.0556979584746489,-0.33057392331852076
2023-10-12,61.040000915527344,61.47999954223633,60.119998931884766,60.540000915527344,52.443214416503906,1576337,PKN.WA,-0.001813695096192669,0.7054299828805332,58.8230001449585,61.58800010681152,63.166499824523925,0.34875559617643553,1.0556979584746489,-0.3317880581110614
2023-10-13,60.65999984741211,62.5,60.540000915527344,62.15999984741211,53.8465461730957,2515773,PKN.WA,0.02675914944476432,0.7243066892152509,58.91200008392334,61.4436001586914,63.15919982910156,0.35970096739860213,1.0556979584746489,-0.3139072748972791
2023-10-16,65.80999755859375,68.5999984741211,65.04000091552734,67.45999908447266,58.43770980834961,11274321,PKN.WA,0.08526382319933679,0.786063846706597,59.29950008392334,61.38440017700195,63.173999824523925,0.4622655763837621,1.0556979584746489,-0.25540838608576955
2023-10-17,67.45999908447266,69.16000366210938,65.30000305175781,66.5,57.606101989746094,4840157,PKN.WA,-0.014230641824802825,0.7748776536526887,59.68400001525879,61.32300018310547,63.18529983520508,0.4617534293614206,1.0556979584746489,-0.26600440264913494
2023-10-18,66.19999694824219,67.18000030517578,65.66000366210938,66.44999694824219,57.56278991699219,4668094,PKN.WA,-0.0007519255903430944,0.7742950033155223,60.042999839782716,61.261800079345704,63.194549827575685,0.46244333599721416,1.0556979584746489,-0.2665563127219821
2023-10-19,66.0,66.33000183105469,64.66000366210938,65.98999786376953,57.164310455322266,2672950,PKN.WA,-0.0069224846591181555,0.7689349580334387,60.36249980926514,61.28380004882813,63.19849983215332,0.4647621517487658,1.0556979584746489,-0.2716335653954913
2023-10-20,65.4000015258789,66.5199966430664,65.01000213623047,65.41000366210938,56.66188430786133,1920339,PKN.WA,-0.008789122904011903,0.7621766941820916,60.59300003051758,61.267000122070314,63.19674983978271,0.46402199335569844,1.0556979584746489,-0.27803526750838725
2023-10-23,65.19999694824219,65.5999984741211,64.52999877929688,65.05999755859375,56.35868835449219,1479503,PKN.WA,-0.005350956794371475,0.7580983196218463,60.84749984741211,61.276800079345705,63.20974983215332,0.460745388608435,1.0556979584746489,-0.2818984695990099
2023-10-24,65.05000305175781,66.41999816894531,65.05000305175781,65.61000061035156,56.83513641357422,2488231,PKN.WA,0.008453782237886953,0.7645071177308373,61.164499855041505,61.30600006103516,63.227799835205076,0.45691669885191827,1.0556979584746489,-0.27582779563630655
2023-10-25,65.66000366210938,66.5999984741211,65.51000213623047,65.87000274658203,57.06036376953125,1654028,PKN.WA,0.0039628430698330774,0.7675367394641751,61.54400005340576,61.34620010375976,63.24714984893799,0.4494399519914963,1.0556979584746489,-0.27295801483487814
2023-10-26,65.55999755859375,66.25,65.12000274658203,66.0999984741211,57.25960159301758,1725591,PKN.WA,0.0034916611196134095,0.770216717655237,61.93899993896484,61.412200088500974,63.2676498413086,0.448639649253197,1.0556979584746489,-0.2704194306029505
2023-10-27,66.30000305175781,66.76000213623047,65.86000061035156,65.87999725341797,57.06902313232422,1621479,PKN.WA,-0.003328309013339248,0.7676531984116405,62.29799976348877,61.47840003967285,63.28144983291626,0.4499843871185728,1.0556979584746489,-0.27284770018803195
2023-10-30,66.0,66.80000305175781,65.30000305175781,65.5999984741211,56.82646942138672,2149790,PKN.WA,-0.004250133439135051,0.7643905698834121,62.690999603271486,61.50959999084473,63.296949825286866,0.4439646320949065,1.0556979584746489,-0.27593819449280677
2023-10-31,66.2699966430664,67.95999908447266,65.80000305175781,66.5,57.606101989746094,3633720,PKN.WA,0.013719535774592284,0.7748776536526886,63.12399959564209,61.55340003967285,63.31294982910156,0.44420288443816286,1.0556979584746489,-0.26600440264913505
2023-11-02,67.5,67.58999633789062,65.87999725341797,65.87999725341797,57.06902313232422,2776246,PKN.WA,-0.00932334957266212,0.7676531984116404,63.55549945831299,61.587799911499026,63.33004981994629,0.4437536276799089,1.0556979584746489,-0.27284770018803206
2023-11-03,66.0,66.25,64.91999816894531,65.55999755859375,56.79181671142578,2297599,PKN.WA,-0.004857311902932926,0.7639244673936709,64.02999935150146,61.625799865722655,63.3385498046875,0.43397814493165676,1.0556979584746489,-0.2763797057091538
2023-11-06,66.5,66.83000183105469,65.94999694824219,66.1500015258789,57.302913665771484,1981523,PKN.WA,0.008999450720812652,0.7707993679924033,64.60749950408936,61.69759986877441,63.35279981613159,0.41451194363263094,1.0556979584746489,-0.26986752053010343
2023-11-07,65.9000015258789,66.0,65.0199966430664,65.0999984741211,56.393341064453125,1458627,PKN.WA,-0.01587306164077762,0.7585644221115875,64.95749950408936,61.71959983825683,63.36009981155396,0.3708551553767387,1.0556979584746489,-0.2814569583826628
2023-11-08,64.87999725341797,65.31999969482422,63.79999923706055,63.79999923706055,55.2672119140625,2028348,PKN.WA,-0.01996926678235378,0.7434164467948392,65.11349945068359,61.72519981384277,63.35419979095459,0.35225987123191094,1.0556979584746489,-0.29580573607532334
2023-11-09,63.83000183105469,64.3499984741211,62.54999923706055,63.25,54.790767669677734,2089108,PKN.WA,-0.00862067779996245,0.7370076931358279,65.24349937438964,61.71859977722168,63.34624980926514,0.3544222904604667,1.0556979584746489,-0.3018763679331997
2023-11-10,63.22999954223633,63.38999938964844,62.040000915527344,62.15999984741211,53.8465461730957,1689196,PKN.WA,-0.01723320399348449,0.7243066892152508,65.32449932098389,61.700799789428714,63.33524980545044,0.36097810144518505,1.0556979584746489,-0.3139072748972792
2023-11-13,62.56999969482422,62.959999084472656,61.65999984741211,61.849998474121094,53.578006744384766,1568499,PKN.WA,-0.004987152092213565,0.7206944615947266,65.30899925231934,61.66659973144531,63.31889978408813,0.34897161463988474,1.0556979584746489,-0.3173289236667278
2023-11-14,62.060001373291016,64.44000244140625,62.0099983215332,64.2699966430664,55.674346923828125,2072087,PKN.WA,0.03912689132818459,0.7488929954743679,65.14949913024903,61.701399688720706,63.302449779510496,0.21027538152367448,1.0556979584746489,-0.2906181266501411
2023-11-15,65.0,65.19999694824219,62.959999084472656,63.22999954223633,54.773441314697266,2376026,PKN.WA,-0.016181689048559766,0.7367746418909572,64.98599910736084,61.730199661254886,63.28889976501465,0.211847257964472,1.0556979584746489,-0.3020971235413734
2023-11-16,63.29999923706055,63.63999938964844,62.56999969482422,62.599998474121094,54.227699279785156,2193694,PKN.WA,-0.009963641826288616,0.7294336832524636,64.79349918365479,61.772199630737305,63.27729976654053,0.21339486458701704,1.0556979584746489,-0.3090507778319437
2023-11-17,62.599998474121094,62.7400016784668,61.83000183105469,62.2599983215332,53.933170318603516,2171296,PKN.WA,-0.0054313124740481555,0.7254719009896237,64.60699920654297,61.848199615478514,63.27419975280762,0.21308700012073614,1.0556979584746489,-0.3128035389612389
2023-11-20,62.29999923706055,64.4000015258789,62.29999923706055,63.900001525878906,55.35383605957031,1509847,PKN.WA,0.026341202193359115,0.7445817030191919,64.53149909973145,61.95359962463379,63.275899753570556,0.23535923522170943,1.0556979584746489,-0.2947019580344561
2023-11-21,64.12000274658203,64.4800033569336,63.29999923706055,64.05000305175781,55.4837760925293,1677911,PKN.WA,0.0023474416634896578,0.7463295651307312,64.48099937438965,62.064999694824216,63.28094976425171,0.23508555607056913,1.0556979584746489,-0.2930463120255685
2023-11-22,64.0,64.19000244140625,62.43000030517578,63.0099983215332,54.582862854003906,1687650,PKN.WA,-0.01623738767637839,0.7342111226473607,64.35099925994874,62.14099967956543,63.285799751281736,0.23867408494261305,1.0556979584746489,-0.30452539312645477
2023-11-23,63.31999969482422,63.630001068115234,62.720001220703125,63.06999969482422,54.63484191894531,1376689,PKN.WA,0.0009522516249695911,0.7349102763819724,64.21099910736083,62.22019966125488,63.28804975509644,0.23792907951807515,1.0556979584746489,-0.30386312630193435
2023-11-24,63.0,64.31999969482422,63.0,64.19999694824219,55.61370849609375,1200671,PKN.WA,0.017916557141044454,0.7480773383423107,64.11599903106689,62.30779960632324,63.286549739837646,0.24770507148614643,1.0556979584746489,-0.291390750226335
2023-11-27,64.19999694824219,64.19999694824219,63.5,63.869998931884766,55.32784652709961,1498548,PKN.WA,-0.005140156262366524,0.744232103926896,64.01549911499023,62.377599563598636,63.284999732971194,0.24798104607440383,1.0556979584746489,-0.2950331124991299
2023-11-28,63.79999923706055,65.16000366210938,63.709999084472656,64.70999908447266,56.055503845214844,1961930,PKN.WA,0.013151717028893728,0.7540200339615607,63.97099914550781,62.47759956359863,63.29104972839355,0.25300176662117246,1.0556979584746489,-0.2857615874799786
2023-11-29,62.77000045776367,62.900001525878906,58.400001525878906,59.599998474121094,51.628929138183594,12357254,PKN.WA,-0.07896771260467716,0.6944767966215153,63.62599906921387,62.49339950561524,63.271949729919434,0.37032337051264363,1.0556979584746489,-0.3421633611710805
2023-11-30,59.90999984741211,61.20000076293945,59.02000045776367,59.040000915527344,51.14382553100586,6381366,PKN.WA,-0.009395932431724874,0.6879515395650588,63.28399925231933,62.488799514770506,63.249049739837645,0.37033418532046986,1.0556979584746489,-0.3483443497806299
2023-12-01,59.099998474121094,60.70000076293945,58.61000061035156,60.599998474121094,52.49518585205078,2382569,PKN.WA,0.02642272246617594,0.7061290921651648,63.0359992980957,62.50879951477051,63.23304973602295,0.3869897377919778,1.0556979584746489,-0.33112583339136814
2023-12-04,60.560001373291016,60.79999923706055,59.70000076293945,59.95000076293945,51.93212127685547,1506962,PKN.WA,-0.010726035108057252,0.6985551267317807,62.72599925994873,62.49179954528809,63.21629974365234,0.3847747667932796,1.0556979584746489,-0.3383002011852848
2023-12-05,59.79999923706055,60.869998931884766,59.70000076293945,60.33000183105469,52.26129913330078,1777221,PKN.WA,0.00633863324902828,0.7029830114843619,62.48749942779541,62.49899955749512,63.20144975662232,0.38423915028355193,1.0556979584746489,-0.3341059288396425
2023-12-06,60.58000183105469,61.66999816894531,60.29999923706055,61.310001373291016,53.1102294921875,3489026,PKN.WA,0.016243983300061382,0.7144022557831408,62.362999534606935,62.53979957580567,63.19179975509643,0.3851691116676232,1.0556979584746489,-0.32328915666810376
2023-12-07,61.290000915527344,61.290000915527344,60.2599983215332,60.65999984741211,52.54716110229492,1408645,PKN.WA,-0.010601884053489385,0.7068282458997767,62.23349952697754,62.587399597167966,63.18109975814819,0.3857049358405511,1.0556979584746489,-0.3304635665668476
2023-12-08,61.0,63.130001068115234,61.0,62.0099983215332,53.71660614013672,3561097,PKN.WA,0.022255167779706042,0.7225588271037116,62.225999450683595,62.663599548339846,63.17914974212646,0.3901937727316109,1.0556979584746489,-0.3155629209061668
2023-12-11,62.04999923706055,63.540000915527344,62.04999923706055,63.369998931884766,54.894718170166016,2112806,PKN.WA,0.021931956896688032,0.7384059561550717,62.301999473571776,62.75699951171875,63.17499975204468,0.3971105774953294,1.0556979584746489,-0.30055187638898573
2023-12-12,63.880001068115234,64.12000274658203,62.33000183105469,62.650001525878906,54.27101516723633,2686987,PKN.WA,-0.011361802400845389,0.7300163335896305,62.2209997177124,62.85519950866699,63.175449752807616,0.37342776993232035,1.0556979584746489,-0.3084988677590961
2023-12-13,62.5,63.31999969482422,62.22999954223633,62.400001525878906,54.05445098876953,1848265,PKN.WA,-0.0039904228876471715,0.7271032597037181,62.179499816894534,62.946399536132816,63.172249755859376,0.3693414611389595,1.0556979584746489,-0.31125824970402416
2023-12-14,63.0,63.34000015258789,62.189998626708984,62.189998626708984,53.872535705566406,1961958,PKN.WA,-0.0033654309941455463,0.724656243857567,62.158999824523924,63.04519950866699,63.14989973068237,0.36781386376519304,1.0556979584746489,-0.31357616253743226
2023-12-15,62.75,63.65999984741211,62.220001220703125,62.2400016784668,53.91584777832031,11322359,PKN.WA,0.0008040368686603738,0.7252388941947334,62.157999992370605,63.16859954833984,63.12969974517822,0.3672730108122269,1.0556979584746489,-0.313024252464585
2023-12-18,62.34000015258789,63.150001525878906,62.25,62.9900016784668,54.5655403137207,1759439,PKN.WA,0.012050128209740718,0.7339781158524705,62.1125,63.33639961242676,63.11884973526001,0.35716996503315684,1.0556979584746489,-0.30474610662980073
2023-12-19,62.9900016784668,63.68000030517578,62.459999084472656,63.13999938964844,54.69548034667969,1998153,PKN.WA,0.0023812939702287927,0.7357259335140299,62.06699981689453,63.437199630737304,63.10654973983765,0.3571735252076425,1.0556979584746489,-0.30309050272574023
2023-12-20,63.650001525878906,64.0,62.720001220703125,62.720001220703125,54.3316535949707,1545273,PKN.WA,-0.006651855765050452,0.7308319907216875,62.05249996185303,63.47799964904785,63.088449764251706,0.35315818825657025,1.0556979584746489,-0.3077262441829024
2023-12-21,62.68000030517578,64.19999694824219,62.459999084472656,64.19999694824219,55.61370849609375,3004614,PKN.WA,0.02359687019665646,0.7480773383423112,62.10899982452393,63.548999557495115,63.08394975662232,0.3629687179509961,1.0556979584746489,-0.29139075022633454
2023-12-22,64.25,64.6500015258789,64.0,64.45999908447266,55.83893966674805,1320539,PKN.WA,0.004049877703889537,0.7511069600756487,62.12199993133545,63.62739952087402,63.08044973373413,0.3577706171176234,1.0556979584746489,-0.28852096942490635
2023-12-27,64.47000122070312,65.55999755859375,64.25,65.44999694824219,56.696533203125,2824504,PKN.WA,0.015358328852474346,0.7626427077718728,62.20099983215332,63.693199462890625,63.09029972076416,0.36090698872675886,1.0556979584746489,-0.27759384050169433
2023-12-28,65.56999969482422,66.63999938964844,65.5,66.11000061035156,57.26826477050781,2781493,PKN.WA,0.010084090036418303,0.7703332655026622,62.270999908447266,63.6661994934082,63.108549728393555,0.3597531838185097,1.0556979584746489,-0.27030903174645027
2023-12-29,66.1500015258789,67.16999816894531,65.5,65.5,56.739845275878906,3142868,PKN.WA,-0.00922705497987919,0.7632253581090392,62.56599998474121,63.646199493408204,63.13614973068238,0.20535643515420152,1.0556979584746489,-0.27704193042884717
2024-01-02,65.91999816894531,66.77999877929688,64.87000274658203,65.5,56.739845275878906,1788865,PKN.WA,0.0,0.7632253581090392,62.888999938964844,63.62719955444336,63.16504972457886,0.1993564660285383,1.0556979584746489,-0.27704193042884717
2024-01-03,65.47000122070312,65.4800033569336,63.63999938964844,64.6500015258789,56.0035285949707,1947154,PKN.WA,-0.012977075940780014,0.7533209246769292,63.09150009155273,63.60039962768555,63.20599973678589,0.19288655924002118,1.0556979584746489,-0.2864238121996717
2024-01-04,64.66999816894531,65.45999908447266,64.3499984741211,64.3499984741211,55.743648529052734,1944386,PKN.WA,-0.004640418324471707,0.7498252004538505,63.311499977111815,63.57919952392578,63.250149726867676,0.1881650802392651,1.0556979584746489,-0.28973510421744697
2024-01-05,64.02999877929688,64.6500015258789,63.459999084472656,64.30999755859375,55.7089958190918,1659655,PKN.WA,-0.0006216148636496444,0.7493590979641093,63.51049976348877,63.56419952392578,63.2944997215271,0.18845010533971843,1.0556979584746489,-0.290176615433794
2024-01-08,64.02999877929688,64.18000030517578,62.5099983215332,63.099998474121094,54.66082763671875,2119961,PKN.WA,-0.01881510076827808,0.7352598310242886,63.599999618530276,63.513999481201175,63.331599712371826,0.19730975729949582,1.0556979584746489,-0.3035320139420874
2024-01-09,63.84000015258789,63.869998931884766,63.130001068115234,63.13999938964844,54.69548034667969,1181502,PKN.WA,0.0006339289460324249,0.7357259335140298,63.72399959564209,63.4593994140625,63.35809970855713,0.1921224730311394,1.0556979584746489,-0.30309050272574034
2024-01-10,62.9900016784668,63.43000030517578,62.560001373291016,62.560001373291016,54.193050384521484,1181504,PKN.WA,-0.009185904687425639,0.7289676252127026,63.75149974822998,63.3885994720459,63.38239971160888,0.1803770219129683,1.0556979584746489,-0.30949224694346344
2024-01-11,62.810001373291016,62.90999984741211,61.79999923706055,61.79999923706055,53.53469467163086,1590747,PKN.WA,-0.012148371476138453,0.7201118557075402,63.67299976348877,63.30699951171875,63.403299713134764,0.16672664213576355,1.0556979584746489,-0.3178807916347479
2024-01-12,61.900001525878906,62.56999969482422,61.5,61.650001525878906,53.404754638671875,1067024,PKN.WA,-0.002427147460087542,0.7183640380459807,63.62299976348877,63.22799957275391,63.43024972915649,0.16246703737542562,1.0556979584746489,-0.31953639553880864
2024-01-15,61.75,62.02000045776367,60.65999984741211,60.84000015258789,52.703086853027344,1147652,PKN.WA,-0.01313870808179951,0.7089256626536319,63.54499969482422,63.11479957580566,63.45054973602295,0.16803358708471747,1.0556979584746489,-0.3284768081981133
2024-01-16,60.54999923706055,61.2400016784668,60.150001525878906,60.560001373291016,52.46053695678711,1036337,PKN.WA,-0.004602215295769763,0.7056630341254037,63.46349983215332,63.008399658203125,63.46844974517822,0.16830094446296276,1.0556979584746489,-0.331567302502888
2024-01-17,60.349998474121094,60.4900016784668,58.5,58.599998474121094,50.76266860961914,2844316,PKN.WA,-0.03236464423256025,0.682824501077866,63.28149967193603,62.869199676513674,63.47714973449707,0.2008955734421018,1.0556979584746489,-0.3532008889507926
2024-01-18,59.0,59.56999969482422,58.29999923706055,59.0,51.10917282104492,2907307,PKN.WA,0.0068259647831825365,0.6874854370753176,63.08199958801269,62.7261996459961,63.480349731445315,0.1965367138795896,1.0556979584746489,-0.34878586099697695
2024-01-19,59.66999816894531,60.27000045776367,59.5,59.939998626708984,51.92345428466797,1842601,PKN.WA,0.015932180113711558,0.6984385788843553,62.921999549865724,62.62299964904785,63.48884971618652,0.20722996326647303,1.0556979584746489,-0.33841060004178514
2024-01-22,60.38999938964844,60.59000015258789,59.83000183105469,60.0099983215332,51.984092712402344,1233116,PKN.WA,0.0011678294365697894,0.6992542360164125,62.786499404907225,62.5471996307373,63.4899997138977,0.20701887403070096,1.0556979584746489,-0.33763797646559146
2024-01-23,60.369998931884766,60.470001220703125,59.4900016784668,60.04999923706055,52.01874542236328,1800508,PKN.WA,0.0006665708489612676,0.6997203385061537,62.578999519348145,62.48319961547852,63.49374971389771,0.1839467599448326,1.0556979584746489,-0.3371964652492444
2024-01-24,60.58000183105469,61.25,60.060001373291016,60.709999084472656,52.59047317504883,1397204,PKN.WA,0.010990838564487238,0.7074108517869632,62.391499519348145,62.454199600219724,63.50239971160889,0.18918624016457025,1.0556979584746489,-0.3299116985988273
2024-01-25,60.900001525878906,61.16999816894531,60.310001373291016,60.470001220703125,52.38257598876953,1009831,PKN.WA,-0.003953185099469292,0.704614325748476,62.14249973297119,62.426599655151364,63.511749725341794,0.17642228967619958,1.0556979584746489,-0.33256068168725517
2024-01-26,60.369998931884766,61.099998474121094,59.88999938964844,61.02000045776367,52.85901641845703,1286582,PKN.WA,0.009095406415706275,0.7110230794074873,61.8879997253418,62.36159973144531,63.51414972305298,0.17541566158119082,1.0556979584746489,-0.3264900498293788
2024-01-29,61.02000045776367,62.369998931884766,61.0,62.29999923706055,53.96782302856445,2747095,PKN.WA,0.02097670877899871,0.7259380034793651,61.727999687194824,62.3429997253418,63.520049724578854,0.19500977236467482,1.0556979584746489,-0.31236202774489163
2024-01-30,62.31999969482422,62.4900016784668,61.65999984741211,62.0,53.70794677734375,2755482,PKN.WA,-0.004815397122542642,0.7224423237062663,61.55299968719483,62.330999755859374,63.52444972991943,0.19496328212819128,1.0556979584746489,-0.3156732776578399
2024-01-31,62.0,62.86000061035156,61.86000061035156,62.65999984741211,54.2796745300293,1467211,PKN.WA,0.010645158829227563,0.7301328369870757,61.45349960327148,62.33899978637695,63.531049728393555,0.19642579386650025,1.0556979584746489,-0.3083885110074229
2024-02-01,62.45000076293945,65.80000305175781,62.04999923706055,65.55000305175781,56.78316116333008,4654372,PKN.WA,0.04612197911559779,0.7638080084462057,61.51349983215332,62.37199981689453,63.55029973983765,0.25847127809338627,1.0556979584746489,-0.2764900203559999
2024-02-02,65.76000213623047,66.44999694824219,65.19999694824219,65.80000305175781,56.999725341796875,2752572,PKN.WA,0.0038138823548581335,0.766721082332118,61.58800010681152,62.40699981689453,63.567499752044675,0.25857050111497903,1.0556979584746489,-0.2737306384110718
2024-02-05,65.80000305175781,66.63999938964844,65.0,65.41999816894531,56.6705436706543,3073800,PKN.WA,-0.005775149926871448,0.7622931531295569,61.704000091552736,62.455199813842775,63.58599973678589,0.24910519157368907,1.0556979584746489,-0.27792495286154106
2024-02-06,65.51000213623047,66.33000183105469,65.27999877929688,65.83999633789062,57.03437042236328,1636451,PKN.WA,0.006420027219515845,0.7671870959218993,61.83899993896485,62.5105997467041,63.60869972229004,0.24955436587147287,1.0556979584746489,-0.273289211404379
2024-02-07,65.9000015258789,66.44999694824219,65.5,65.87000274658203,57.06036376953125,1442710,PKN.WA,0.00045574742345699804,0.7675367394641751,62.004500007629396,62.5439998626709,63.63134973526001,0.24603561061905574,1.0556979584746489,-0.27295801483487814
2024-02-08,65.87000274658203,66.0,65.16000366210938,65.66999816894531,56.887107849121094,1793512,PKN.WA,-0.0030363529572965398,0.7652062270154694,62.19799995422363,62.57999984741211,63.64959972381592,0.24081542967077685,1.0556979584746489,-0.275165570916613
2024-02-09,65.72000122070312,66.29000091552734,65.5,66.05000305175781,57.21628952026367,1996658,PKN.WA,0.005786582814192975,0.7696341562180306,62.418000030517575,62.606799926757816,63.668699741363525,0.2400562254485469,1.0556979584746489,-0.2709712564661436
2024-02-12,66.19999694824219,67.3499984741211,65.81999969482422,66.94999694824219,57.99591827392578,4029834,PKN.WA,0.01362594784104898,0.7801211510873471,62.723499870300294,62.75379989624023,63.6879997253418,0.23408747956739942,1.0556979584746489,-0.2610375488321258
2024-02-13,67.0,67.77999877929688,65.93000030517578,66.0999984741211,57.25960159301758,2213795,PKN.WA,-0.012696019609653053,0.770216717655237,63.0004997253418,62.89499984741211,63.695199699401854,0.24012964573537635,1.0556979584746489,-0.2704194306029505
2024-02-14,66.44000244140625,67.0,65.87999725341797,66.9000015258789,57.952606201171875,1042642,PKN.WA,0.012102920880868506,0.7795385896501406,63.41549987792969,63.020999908447266,63.712599716186524,0.19773666809413704,1.0556979584746489,-0.26158937469531907
2024-02-15,67.0,67.44999694824219,66.5,67.0,58.03923034667969,1891710,PKN.WA,0.001494745468464842,0.7807038014245136,63.81549987792969,63.16199989318848,63.73264970779419,0.19860155742670849,1.0556979584746489,-0.26048563875927866
2024-02-16,67.0999984741211,68.1500015258789,67.0999984741211,67.83000183105469,58.75822830200195,1870487,PKN.WA,0.012388087030666961,0.790375228061733,64.21000003814697,63.31199989318848,63.76219972610474,0.1967473047671108,1.0556979584746489,-0.2513244704918005
2024-02-19,67.83999633789062,68.87000274658203,67.31999969482422,67.66999816894531,58.61962127685547,1756624,PKN.WA,-0.002358892197996676,0.7885108181027684,64.59300003051757,63.43919982910156,63.78529972076416,0.1983529370031825,1.0556979584746489,-0.2530905153571884
2024-02-20,67.63999938964844,68.05000305175781,67.0999984741211,67.88999938964844,58.81019973754883,2421278,PKN.WA,0.003251089502823268,0.7910743373463649,64.98500003814698,63.583799819946286,63.80894971847534,0.1976252041664191,1.0556979584746489,-0.25066224577210694
2024-02-21,68.05000305175781,68.30000305175781,67.27999877929688,67.61000061035156,58.567649841308594,1877853,PKN.WA,-0.004124300807396453,0.7878117088181367,65.33000011444092,63.695799865722655,63.83384971618652,0.20006058370507804,1.0556979584746489,-0.25375274007688164
2024-02-22,68.0,68.45999908447266,65.2699966430664,66.11000061035156,57.26826477050781,4861228,PKN.WA,-0.022186066949544392,0.7703332655026626,65.61200008392333,63.75059989929199,63.85009971618652,0.2208414577139473,1.0556979584746489,-0.27030903174644993
2024-02-23,66.11000061035156,66.97000122070312,65.55999755859375,66.12000274658203,57.27692794799805,2185340,PKN.WA,0.0001512953583138188,0.7704498133500879,65.86700019836425,63.81999992370606,63.86834972381592,0.22068689042959433,1.0556979584746489,-0.2701986328899497
2024-02-26,66.18000030517578,66.52999877929688,65.4000015258789,65.45999908447266,56.705196380615234,2261172,PKN.WA,-0.009981906150835607,0.7627592556192985,66.02500019073486,63.88119987487793,63.87934972763062,0.2166321182560598,1.0556979584746489,-0.2774834416451938
2024-02-27,65.45999908447266,66.66999816894531,65.30000305175781,65.9800033569336,57.1556510925293,2297423,PKN.WA,0.00794384784194535,0.7688184990859737,66.22400035858155,63.956999969482425,63.890199737548826,0.21559934370706943,1.0556979584746489,-0.2717438800423372
2024-02-28,66.0,66.18000030517578,63.849998474121094,63.880001068115234,55.33651351928711,2219026,PKN.WA,-0.03182785968436419,0.7443486517743219,66.2850004196167,63.98979995727539,63.89204975128174,0.24663177364100217,1.0556979584746489,-0.2949227136426291
2024-02-29,64.16000366210938,64.4000015258789,61.90999984741211,61.97999954223633,53.69062042236328,5261753,PKN.WA,-0.02974329201799697,0.7222092724613959,66.10650024414062,63.969599914550784,63.88479974746704,0.20664054099031134,1.0556979584746489,-0.3158940332660133
2024-03-01,62.560001373291016,63.5,62.220001220703125,63.13999938964844,54.69548034667969,1221512,PKN.WA,0.018715712423031272,0.73572593351403,65.97350006103515,63.969599914550784,63.88329975128174,0.21926934778939733,1.0556979584746489,-0.3030905027257401
2024-03-04,63.63999938964844,64.0,61.91999816894531,62.04999923706055,53.751258850097656,1253961,PKN.WA,-0.01726322716383477,0.723024929593453,65.80500011444092,63.95619987487793,63.871199741363526,0.22561384027143006,1.0556979584746489,-0.3151214096898195
2024-03-05,61.79999923706055,62.119998931884766,60.79999923706055,61.810001373291016,53.543357849121094,1929295,PKN.WA,-0.0038678141292576296,0.720228403554966,65.60350036621094,63.908399963378905,63.856949729919435,0.22313423972041227,1.0556979584746489,-0.31777039277824726
2024-03-06,62.0,63.2599983215332,61.97999954223633,62.959999084472656,54.539554595947266,1418982,PKN.WA,0.01860536621308939,0.7336285167601748,65.45800018310547,63.878399963378904,63.85129974365234,0.23586296936436155,1.0556979584746489,-0.3050772610944744
2024-03-07,62.59000015258789,63.20000076293945,61.849998474121094,62.25,53.92451095581055,1071985,PKN.WA,-0.011276986893218655,0.7253553975921789,65.2870002746582,63.81440002441406,63.840799751281736,0.23807669514245297,1.0556979584746489,-0.3129138957129116
2024-03-08,62.2599983215332,63.16999816894531,62.2400016784668,63.02000045776367,54.591529846191406,1777558,PKN.WA,0.012369485265279812,0.7343276704947865,65.1355001449585,63.752600021362305,63.84304975509644,0.24224892344615448,1.0556979584746489,-0.304414994269954
2024-03-11,62.970001220703125,63.119998931884766,62.0,62.36000061035156,54.019798278808594,1052225,PKN.WA,-0.010472863259568643,0.726637157213977,64.90600032806397,63.689800033569334,63.83099977493286,0.23635477355069928,1.0556979584746489,-0.311699760920371
2024-03-12,62.779998779296875,62.79999923706055,61.779998779296875,62.63999938964844,54.262351989746094,2325170,PKN.WA,0.004490038110269046,0.7298997857422054,64.73300037384033,63.63260002136231,63.82394975662231,0.23529753636490117,1.0556979584746489,-0.3086092666155962
2024-03-13,62.68000030517578,62.709999084472656,61.33000183105469,62.380001068115234,54.03712844848633,2885584,PKN.WA,-0.0041506756715609106,0.7268702084588476,64.50700035095215,63.587200012207035,63.82254976272583,0.22883024443935807,1.0556979584746489,-0.3114790053121975
2024-03-14,62.5,64.23999786376953,62.5,63.709999084472656,55.189247131347656,2230350,PKN.WA,0.02132090403309128,0.7423677384179118,64.34250030517578,63.57440002441406,63.84014976501465,0.24471650708863904,1.0556979584746489,-0.29679911525969027
2024-03-15,63.79999923706055,64.83000183105469,63.040000915527344,64.05000305175781,55.4837760925293,8620724,PKN.WA,0.0053367441872718135,0.7463295651307317,64.15350036621093,63.569200134277345,63.84849977493286,0.24030487997251754,1.0556979584746489,-0.2930463120255681
2024-03-18,64.4000015258789,64.5,62.650001525878906,63.18000030517578,54.73012924194336,1634745,PKN.WA,-0.013583180407954032,0.736192036003771,63.92900047302246,63.57080017089844,63.84429979324341,0.24334411979902798,1.0556979584746489,-0.3026489915093933
2024-03-19,63.189998626708984,63.970001220703125,62.099998474121094,63.349998474121094,54.87739181518555,1498039,PKN.WA,0.00269069591839477,0.7381729049102012,63.70200042724609,63.57500015258789,63.840049800872805,0.2431516320383407,1.0556979584746489,-0.3007726319971591
2024-03-20,63.5099983215332,63.5099983215332,62.15999984741211,62.45000076293945,54.09776306152344,1004855,PKN.WA,-0.01420675189991194,0.7276858655909046,63.44400043487549,63.572800140380856,63.82714981079101,0.24619629918208824,1.0556979584746489,-0.31070638173600384
2024-03-21,62.939998626708984,63.279998779296875,62.619998931884766,62.7599983215332,54.36629867553711,797547,PKN.WA,0.00496393202252321,0.7312980487614489,63.27650032043457,63.59200012207031,63.81564981460571,0.23810214882741398,1.0556979584746489,-0.3072847750713823
2024-03-22,62.7599983215332,63.099998474121094,62.33000183105469,62.84000015258789,54.435604095458984,580472,PKN.WA,0.0012747264689974003,0.7322302537409312,63.11250019073486,63.615800094604495,63.803649826049806,0.23830070821152807,1.0556979584746489,-0.3064017526386884
2024-03-25,62.84000015258789,63.15999984741211,62.150001525878906,62.380001068115234,54.03712844848633,599914,PKN.WA,-0.007320163643470545,0.7268702084588476,62.95850028991699,63.64660011291504,63.795849838256835,0.23736787514574448,1.0556979584746489,-0.3114790053121975
2024-03-26,62.400001525878906,64.58000183105469,62.310001373291016,64.58000183105469,55.94289016723633,2855620,PKN.WA,0.03526772563753533,0.7525052675448723,62.88850021362305,63.727000122070315,63.799049854278564,0.2705095287419467,1.0556979584746489,-0.2871964357758652
2024-03-27,64.5,64.87999725341797,63.720001220703125,63.720001220703125,55.19791030883789,1440663,PKN.WA,-0.013316825425328638,0.742484286265337,62.88050022125244,63.82940017700195,63.79284986495972,0.24964583186210826,1.0556979584746489,-0.29668871640319006
2024-03-28,62.5,65.6500015258789,62.2400016784668,65.08000183105469,56.37601852416992,2804088,PKN.WA,0.021343386445348722,0.758331415316697,63.03550033569336,63.95100021362305,63.7904998588562,0.23433319869668034,1.0556979584746489,-0.2816776718860091
2024-04-02,65.30000305175781,68.20999908447266,65.29000091552734,66.18000030517578,57.32890319824219,5781248,PKN.WA,0.016902250202399438,0.7711489226347195,63.187500381469725,64.07580024719238,63.78729986190796,0.23275663259979465,1.0556979584746489,-0.2695364081702565
2024-04-03,66.41999816894531,67.5999984741211,66.30000305175781,67.58999633789062,58.55031967163086,2258428,PKN.WA,0.021305470326578035,0.7875786131232861,63.46450023651123,64.22740020751954,63.794249858856205,0.2296626490792491,1.0556979584746489,-0.2539735377898822
2024-04-04,67.7699966430664,68.20999908447266,67.58999633789062,67.94999694824219,58.86217498779297,1907390,PKN.WA,0.005326241009866006,0.7917734466309968,63.77150001525879,64.38540016174316,63.80109983444214,0.2275908281753333,1.0556979584746489,-0.25000002105241337
2024-04-05,67.5,68.0999984741211,67.0,68.0199966430664,58.922813415527344,1294042,PKN.WA,0.0010301647971748817,0.7925891037630539,64.02449989318848,64.53160011291504,63.80619981765747,0.2219768081889522,1.0556979584746489,-0.2492273974762197
2024-04-08,67.81999969482422,69.38999938964844,67.73999786376953,69.16000366210938,59.91035079956055,1928888,PKN.WA,0.016759880554318984,0.8058728024707774,64.37000007629395,64.70540016174317,63.81779985427856,0.21872963736147533,1.0556979584746489,-0.23664453833446597
2024-04-09,69.19999694824219,70.9000015258789,68.5,69.12000274658203,59.875701904296875,4219161,PKN.WA,-0.0005783822066114386,0.8054066999810362,64.67500019073486,64.86740020751954,63.835049877166746,0.21805914419319244,1.0556979584746489,-0.23708604955081292
2024-04-10,69.4800033569336,70.47000122070312,69.12999725341797,69.70999908447266,60.38679122924805,2438285,PKN.WA,0.008535826308539995,0.8122815116798087,65.04250011444091,65.01560020446777,63.85179986953735,0.21081334732431897,1.0556979584746489,-0.23057394858141667
2024-04-11,68.80000305175781,69.98999786376953,68.19999694824219,68.19999694824219,59.078739166259766,2441145,PKN.WA,-0.02166119862375393,0.7946865205169092,65.3204999923706,65.13960014343262,63.86559984207153,0.23211528055933284,1.0556979584746489,-0.24724063910748528
2024-04-12,68.30000305175781,69.13999938964844,66.5199966430664,67.8499984741211,58.775550842285156,2710479,PKN.WA,-0.0051319426654331535,0.7906082348566239,65.5939998626709,65.2434001159668,63.87644983291626,0.23261817780565808,1.0556979584746489,-0.2511037569884538
2024-04-15,67.80000305175781,69.38999938964844,67.76000213623047,68.80000305175781,59.59849548339844,2333348,PKN.WA,0.014001541621243563,0.8016779689630669,65.84850006103515,65.30840011596679,63.89009984970093,0.22690097096075257,1.0556979584746489,-0.24061805507193457
2024-04-16,68.0,68.48999786376953,65.45999908447266,65.7300033569336,56.9390869140625,3786278,PKN.WA,-0.044622086608261835,0.7659054252000614,65.93250007629395,65.3070001220703,63.89669984817505,0.28476391297801,1.0556979584746489,-0.27450326198726505
2024-04-17,65.9000015258789,67.9000015258789,65.62999725341797,67.52999877929688,58.498348236083984,2153097,PKN.WA,0.027384684777646662,0.7868795038386546,66.15,65.34920013427734,63.90889986038208,0.2930903564502497,1.0556979584746489,-0.2546357625095754
2024-04-18,67.73999786376953,67.80000305175781,66.19000244140625,67.05000305175781,58.08254623413086,1793292,PKN.WA,-0.007107888882210589,0.7812864517616804,66.33500022888184,65.37340026855469,63.919299869537355,0.29550195541369384,1.0556979584746489,-0.25993372868643094
2024-04-19,66.58000183105469,68.08999633789062,66.55000305175781,67.6500015258789,58.602298736572266,2043440,PKN.WA,0.008948522696679673,0.7882778113078781,66.59500026702881,65.40900024414063,63.93919988632202,0.288970032427839,1.0556979584746489,-0.2533112288605345
2024-04-22,67.76000213623047,68.5,67.01000213623047,68.44000244140625,59.286643981933594,1814053,PKN.WA,0.011677766411064106,0.7974831354553564,66.87900047302246,65.46440032958985,63.964499893188474,0.29019625094084384,1.0556979584746489,-0.24459157180940316
2024-04-23,68.4800033569336,68.8499984741211,67.5199966430664,67.69999694824219,58.64561080932617,1237216,PKN.WA,-0.010812470291736265,0.7888603727450847,67.12200031280517,65.49740020751953,63.9789998626709,0.29510872495539064,1.0556979584746489,-0.25275940299734123
2024-04-24,68.37000274658203,68.76000213623047,66.9000015258789,66.9000015258789,57.952606201171875,1619488,PKN.WA,-0.011816771911746016,0.7795385896501411,67.34800033569336,65.49640029907226,63.98594985961914,0.297794973522825,1.0556979584746489,-0.2615893746953185
2024-04-25,67.08000183105469,67.72000122070312,66.41999816894531,66.69999694824219,57.779354095458984,1087679,PKN.WA,-0.0029896049786987122,0.7772080772014353,67.45400009155273,65.50840026855468,63.98834983825684,0.2739692084233238,1.0556979584746489,-0.26379693077705346
2024-04-26,67.0999984741211,67.80999755859375,67.0999984741211,67.31999969482422,58.31643295288086,644876,PKN.WA,0.009295393927276185,0.7844325324424835,67.63400001525879,65.51680023193359,63.988949851989744,0.26918198807063964,1.0556979584746489,-0.25695363323815645
2024-04-29,67.31999969482422,68.1500015258789,66.5999984741211,68.12000274658203,59.00944519042969,932048,PKN.WA,0.011883586681289193,0.7937544044373869,67.78600006103515,65.53920028686524,63.99384986877441,0.26259436042917467,1.0556979584746489,-0.24812357733052504
2024-04-30,68.12999725341797,68.18000030517578,66.44000244140625,66.44000244140625,57.55413055419922,1448727,PKN.WA,-0.024662364025815897,0.7741785443680573,67.79900016784669,65.51140029907226,63.9923498916626,0.2734089912471792,1.0556979584746489,-0.26666662736882785
2024-05-02,66.44000244140625,66.44000244140625,65.36000061035156,66.12999725341797,57.285587310791016,1206409,PKN.WA,-0.00466594185124658,0.7705662722975533,67.72600021362305,65.48060028076172,63.98874988555908,0.26231001214454913,1.0556979584746489,-0.27008831824310353
2024-05-06,66.5,68.06999969482422,66.1500015258789,67.86000061035156,58.78421401977539,1301491,PKN.WA,0.026160644620988105,0.7907247827040491,67.72150039672852,65.48000030517578,63.98899990081787,0.2788371343751972,1.0556979584746489,-0.25099335813195356
2024-05-07,67.94000244140625,68.68000030517578,67.27999877929688,67.31999969482422,58.31643295288086,1089468,PKN.WA,-0.007957573101538884,0.7844325324424832,67.6865005493164,65.47420028686524,63.97339988708496,0.28025307859913784,1.0556979584746489,-0.2569536332381567
2024-05-08,67.31999969482422,67.8499984741211,66.70999908447266,67.8499984741211,58.775550842285156,1184975,PKN.WA,0.007872828010984323,0.7906082348566238,67.62100028991699,65.50900024414062,63.961249885559084,0.2747711990512403,1.0556979584746489,-0.2511037569884539
2024-05-09,67.87999725341797,68.63999938964844,67.33999633789062,67.58000183105469,58.541664123535156,1083082,PKN.WA,-0.003979316862761428,0.7874621541758208,67.54400024414062,65.53820022583008,63.947849884033204,0.27499790502639426,1.0556979584746489,-0.2540838524367284
2024-05-10,67.83999633789062,68.91999816894531,67.80999755859375,68.33999633789062,59.20001220703125,1957014,PKN.WA,0.011245849160168353,0.7963178347810232,67.47550010681152,65.59580017089844,63.933949851989745,0.2764066119029395,1.0556979584746489,-0.24569539195509804
2024-05-13,68.44000244140625,68.80999755859375,67.93000030517578,68.4800033569336,59.32129669189453,821251,PKN.WA,0.0020486834437440926,0.7979492379450973,67.4895004272461,65.64580017089844,63.9239998626709,0.26531660748075925,1.0556979584746489,-0.24415006059305644
2024-05-14,68.5,69.63999938964844,68.12999725341797,69.05999755859375,59.82371520996094,1265284,PKN.WA,0.008469541081023158,0.8047075017964445,67.55000038146973,65.749400100708,63.91919986724854,0.26598895125828415,1.0556979584746489,-0.23774835848016052
2024-05-15,69.19999694824219,69.9000015258789,68.30000305175781,69.08999633789062,59.849708557128906,1330300,PKN.WA,0.0004343872047116726,0.8050570564387604,67.56450004577637,65.8916000366211,63.91114986419678,0.2615282821238921,1.0556979584746489,-0.23741724612031379
2024-05-16,69.30000305175781,69.58999633789062,68.68000030517578,69.47000122070312,60.178890228271484,1183104,PKN.WA,0.005500143334123964,0.8094849856413214,67.75149993896484,66.01820007324218,63.906249885559085,0.20067638315102024,1.0556979584746489,-0.23322293166984454
2024-05-17,69.5,70.68000030517578,69.0,70.68000030517578,61.2270622253418,1885407,PKN.WA,0.017417576841959992,0.823584252581142,67.90900001525878,66.1908000946045,63.90219989776611,0.18717657495941195,1.0556979584746489,-0.21986753316155128
2024-05-20,70.69999694824219,72.77999877929688,70.68000030517578,72.5,62.803646087646484,2823630,PKN.WA,0.025749854088369828,0.8447914269145855,68.1814998626709,66.40460006713867,63.90919990539551,0.20098902875758018,1.0556979584746489,-0.19977923597086122
2024-05-21,72.27999877929688,73.58999633789062,71.80000305175781,72.93000030517578,63.17613983154297,2527433,PKN.WA,0.005931038692079671,0.8498019175543531,68.44549980163575,66.60400009155273,63.9244499206543,0.2002860569144595,1.0556979584746489,-0.19503309565719895
2024-05-22,72.9000015258789,73.43000030517578,72.45999908447266,72.62999725341797,62.916259765625,1443002,PKN.WA,-0.0041135753531118535,0.8463061933312743,68.65499954223633,66.81160003662109,63.940699920654296,0.19993363575442757,1.0556979584746489,-0.1983443876749742
2024-05-23,71.4000015258789,71.4000015258789,66.5,66.93000030517578,57.97859573364258,6630964,PKN.WA,-0.07847992790573799,0.7798881442924563,68.616499710083,66.88980003356933,63.92324993133545,0.3500730947137683,1.0556979584746489,-0.26125826233547245
2024-05-24,66.69999694824219,67.0,64.91999816894531,65.19000244140625,56.471309661865234,4224604,PKN.WA,-0.025997278587117756,0.7596131749384951,68.53099975585937,66.94640007019044,63.90134994506836,0.3597285716071093,1.0556979584746489,-0.2804635370934686
2024-05-27,65.47000122070312,67.08000183105469,65.44999694824219,65.75,56.9564094543457,1745837,PKN.WA,0.008590236809656204,0.7661384319949516,68.48349990844727,67.00860008239746,63.88254993438721,0.361242171193336,1.0556979584746489,-0.2742825484839191
2024-05-28,66.0,66.3499984741211,64.6500015258789,64.93000030517578,56.24607849121094,2314114,PKN.WA,-0.012471478248277101,0.7565835532051574,68.36399993896484,67.05960006713867,63.88274993896484,0.36170624427996384,1.0556979584746489,-0.283333317894897
2024-05-29,64.94000244140625,65.33000183105469,62.810001373291016,63.25,54.790767669677734,3183753,PKN.WA,-0.02587402275188133,0.7370076931358279,68.12049980163575,67.05040008544921,63.86774993896484,0.36788394510626315,1.0556979584746489,-0.3018763679331997
2024-05-31,63.5,64.66000366210938,63.310001373291016,63.56999969482422,55.067970275878906,4730200,PKN.WA,0.005059283712635976,0.7407364241537975,67.97699966430665,67.04080001831055,63.862749938964846,0.3601895929003943,1.0556979584746489,-0.29834436241207785
2024-06-03,64.26000213623047,64.81999969482422,63.7400016784668,63.93000030517578,55.37982177734375,1356315,PKN.WA,0.0056630582362717785,0.7449312576615081,67.86699981689453,67.05580001831055,63.861649932861326,0.3610228273194261,1.0556979584746489,-0.294370845674609
2024-06-04,63.93000030517578,63.939998626708984,62.61000061035156,62.61000061035156,54.236366271972656,2486736,PKN.WA,-0.02064757842207221,0.7295502310998893,67.60449981689453,67.04100006103516,63.85539993286133,0.3516791366680953,1.0556979584746489,-0.30894037897544313
2024-06-05,62.79999923706055,63.209999084472656,62.43000030517578,62.63999938964844,54.262351989746094,2214370,PKN.WA,0.0004791371826295965,0.7298997857422053,67.37049980163575,67.04480003356933,63.854599933624264,0.35162401643810876,1.0556979584746489,-0.3086092666155963
2024-06-06,63.369998931884766,63.68000030517578,62.77000045776367,63.68000030517578,55.16325759887695,1009009,PKN.WA,0.01660282448373085,0.7420181837755958,67.16199989318848,67.06320007324219,63.860149936676024,0.35665085031887855,1.0556979584746489,-0.2971302276195371
2024-06-07,63.75,64.05000305175781,62.970001220703125,63.09000015258789,54.65216827392578,1191954,PKN.WA,-0.009265077728649707,0.7351433276268434,66.93749980926513,67.06820007324218,63.85539993286133,0.35735219580539185,1.0556979584746489,-0.30364237069376043
2024-06-10,63.099998474121094,63.41999816894531,62.40999984741211,63.29999923706055,54.834083557128906,1230995,PKN.WA,0.0033285637020883385,0.7375902990230145,66.68549995422363,67.08660003662109,63.85034994125366,0.354203523035495,1.0556979584746489,-0.3013244999651794
2024-06-11,63.310001373291016,63.68000030517578,62.279998779296875,62.279998779296875,53.950496673583984,1793268,PKN.WA,-0.016113751501698137,0.7257049522344945,66.3754997253418,67.04059997558593,63.8409499168396,0.3562377846281676,1.0556979584746489,-0.3125827833530652
2024-06-12,62.45000076293945,63.04999923706055,61.70000076293945,62.459999084472656,54.10642623901367,2080724,PKN.WA,0.0028901783671135828,0.7278023689883498,66.04549980163574,67.01539993286133,63.8349499130249,0.3540904444182384,1.0556979584746489,-0.3105960249843308
2024-06-13,62.459999084472656,62.900001525878906,61.970001220703125,62.25,53.92451095581055,1515930,PKN.WA,-0.003362137168600454,0.7253553975921786,65.70349998474121,66.95879989624024,63.83339990615845,0.3536070596931661,1.0556979584746489,-0.31291389571291195
2024-06-14,62.25,63.5,62.25,63.45000076293945,54.964019775390625,1829707,PKN.WA,0.019277120689790372,0.7393381611345539,65.40249996185302,66.9041999053955,63.83064990997315,0.36228523439570764,1.0556979584746489,-0.29966885395629184
2024-06-17,63.459999084472656,64.69999694824219,63.220001220703125,64.4800033569336,55.856266021728516,1399410,PKN.WA,0.01623329521842587,0.7513400557704992,65.09250011444092,66.84200004577637,63.835449924468996,0.3613683111208715,1.0556979584746489,-0.2883001717119058
2024-06-18,64.62999725341797,65.08000183105469,64.22000122070312,64.37000274658203,55.76097869873047,1991768,PKN.WA,-0.0017059647119223031,0.750058296148701,64.68600025177003,66.77040016174317,63.83939992904663,0.343774502310191,1.0556979584746489,-0.28951430650444643
2024-06-19,64.5,65.80000305175781,64.5,65.6500015258789,56.86978530883789,1340142,PKN.WA,0.019885019802408532,0.7649732202205788,64.32200031280517,66.72300025939941,63.85239994049072,0.35346719626324535,1.0556979584746489,-0.2753862844199594
2024-06-20,65.6500015258789,66.16999816894531,65.12000274658203,65.75,56.9564094543457,1614759,PKN.WA,0.0015232059679644028,0.7661384319949517,63.978000450134275,66.65480018615723,63.86334993362427,0.35422042346448424,1.0556979584746489,-0.274282548483919
2024-06-21,65.9000015258789,66.19999694824219,65.19999694824219,65.4800033569336,56.7225227355957,5650807,PKN.WA,-0.00410641282230273,0.7629923513141487,63.90550060272217,66.58200019836426,63.87809995651245,0.22282028239212265,1.0556979584746489,-0.2772626439321936
2024-06-24,65.4800033569336,67.44999694824219,65.45999908447266,67.18000030517578,58.195159912109375,2685622,PKN.WA,0.02596207790301186,0.7828012181783688,64.00500049591065,66.53140022277832,63.90504995346069,0.22184080981243778,1.0556979584746489,-0.25849888039054436
2024-06-25,67.18000030517578,68.0999984741211,66.87999725341797,67.68000030517578,58.62828826904297,2476599,PKN.WA,0.007442691243356281,0.7886273659501936,64.10150051116943,66.521000289917,63.94094995498657,0.22139799831880771,1.0556979584746489,-0.2529801165006882
2024-06-26,67.69999694824219,68.30000305175781,67.13999938964844,67.2699966430664,58.27312088012695,3283077,PKN.WA,-0.006057973703614494,0.7838498821053165,64.21850032806397,66.5094002532959,63.98499994277954,0.2171442467033346,1.0556979584746489,-0.25750554331100417
2024-06-27,67.2699966430664,67.77999877929688,67.12999725341797,67.62999725341797,58.5849723815918,1453314,PKN.WA,0.005351577647040973,0.788044715613027,64.43750019073487,66.4860001373291,64.02999992370606,0.19095666703681463,1.0556979584746489,-0.25353202657353546
2024-06-28,67.69999694824219,68.08000183105469,67.43000030517578,67.69000244140625,58.6369514465332,2330347,PKN.WA,0.0008872569928317642,0.7887439137976188,64.64350032806396,66.52520011901855,64.0760499382019,0.19105643499873798,1.0556979584746489,-0.252869717644188
2024-07-01,67.5,68.62999725341797,67.41999816894531,67.88999938964844,58.81019973754883,1990639,PKN.WA,0.002954600990231926,0.7910743373463646,64.8415002822876,66.53240013122559,64.11944993972779,0.19083760593165316,1.0556979584746489,-0.2506622457721073
2024-07-02,67.88999938964844,68.29000091552734,67.06999969482422,68.20999908447266,59.087406158447266,1112712,PKN.WA,0.0047135026911344635,0.7948030683643341,65.12150020599366,66.55560005187988,64.1649499320984,0.1690032815267088,1.0556979584746489,-0.2471302402509854
2024-07-03,68.5,69.05000305175781,68.23999786376953,68.80999755859375,59.607154846191406,1457879,PKN.WA,0.008796341917231887,0.8017944279105318,65.43000011444092,66.57879997253418,64.20989992141723,0.16905798569245065,1.0556979584746489,-0.24050774042508882
2024-07-04,68.9000015258789,69.16999816894531,68.52999877929688,69.08999633789062,59.849708557128906,1060608,PKN.WA,0.004069158396037498,0.80505705643876,65.70049991607667,66.59179985046387,64.25344989776612,0.16316610659222278,1.0556979584746489,-0.23741724612031412
2024-07-05,68.75,69.0,67.12000274658203,67.73999786376953,58.680259704589844,1031159,PKN.WA,-0.019539709736251965,0.7893264752348252,65.93299980163575,66.59259986877441,64.2935998916626,0.1777794890249188,1.0556979584746489,-0.25231789178099484
2024-07-08,67.93000030517578,68.0,67.0,67.5199966430664,58.48968505859375,1145381,PKN.WA,-0.0032477299622235556,0.7867629559912288,66.14399967193603,66.60499977111816,64.33714986801148,0.17944792097378837,1.0556979584746489,-0.2547461613660762
2024-07-09,67.4000015258789,67.4000015258789,66.38999938964844,66.87999725341797,57.935279846191406,2053681,PKN.WA,-0.009478664417471583,0.77930549395529,66.37399959564209,66.60859977722168,64.37519985198975,0.171291146660437,1.0556979584746489,-0.2618101724083196
2024-07-10,66.87999725341797,66.98999786376953,65.80000305175781,65.80000305175781,56.999725341796875,1713649,PKN.WA,-0.016148239324351388,0.7667210823321181,66.54099979400635,66.57819984436036,64.40619987487793,0.18514440738465096,1.0556979584746489,-0.2737306384110718
2024-07-11,66.0,66.98999786376953,65.73999786376953,66.91999816894531,57.96992874145508,1636450,PKN.WA,0.01702120159943643,0.7797715964450311,66.77449970245361,66.55419975280762,64.43679986953735,0.19039599525780188,1.0556979584746489,-0.26136866119197266
2024-07-12,66.91999816894531,67.69999694824219,66.41000366210938,67.31999969482422,58.31643295288086,975202,PKN.WA,0.005977309277102272,0.7844325324424829,66.96799964904785,66.57179969787597,64.47354986190796,0.18160643809574795,1.0556979584746489,-0.2569536332381569
2024-07-15,67.19999694824219,67.30000305175781,66.5199966430664,67.22000122070312,58.22980880737305,990387,PKN.WA,-0.001485420002590776,0.7832673206681099,67.10499954223633,66.59359977722168,64.51329986572266,0.17529805753156652,1.0556979584746489,-0.2580573691741974
2024-07-16,67.22000122070312,67.22000122070312,64.62999725341797,65.0,56.30671691894531,2425555,PKN.WA,-0.03302590271330408,0.7573992103372146,67.13649940490723,66.53639976501465,64.54689987182617,0.21513959682430667,1.0556979584746489,-0.28256069431870323
2024-07-17,65.0999984741211,65.4000015258789,63.63999938964844,64.63999938964844,55.9948616027832,2447891,PKN.WA,-0.005538470928485584,0.753204376829504,67.0859992980957,66.48279975891113,64.57909986495972,0.20348558915166884,1.0556979584746489,-0.28653421105617194
2024-07-18,65.0,65.66000366210938,64.30999755859375,65.16999816894531,56.4539794921875,1705800,PKN.WA,0.008199238618522564,0.7593800792436447,67.05699920654297,66.42919975280762,64.61144985198975,0.20581798994156011,1.0556979584746489,-0.28068433480646904
2024-07-19,65.0,65.47000122070312,64.47000122070312,65.18000030517578,56.462646484375,803435,PKN.WA,0.00015347762024697786,0.75949662709107,67.04199905395508,66.38119972229003,64.64864984512329,0.2053452068632793,1.0556979584746489,-0.2805739359499687
2024-07-22,65.22000122070312,65.48999786376953,64.33999633789062,64.51000213623047,55.88225555419922,997862,PKN.WA,-0.010279198616268026,0.7516896104128152,66.90849914550782,66.30459983825683,64.68199985504151,0.18333956344056265,1.0556979584746489,-0.28796905935205896
2024-07-23,64.51000213623047,64.66999816894531,63.2599983215332,63.97999954223633,55.423133850097656,2082024,PKN.WA,-0.008215820437811994,0.7455138635486946,66.72349910736084,66.21459976196289,64.71564985275269,0.18109810698343695,1.0556979584746489,-0.2938189777065888
2024-07-24,63.5,63.939998626708984,63.099998474121094,63.099998474121094,54.66082763671875,1695914,PKN.WA,-0.01375431501112001,0.7352598310242887,66.51499919891357,66.09539978027344,64.75079984664917,0.18498458685486271,1.0556979584746489,-0.3035320139420873
2024-07-25,63.0,63.84000015258789,62.79999923706055,63.84000015258789,55.30186080932617,1975514,PKN.WA,0.011727443682431948,0.7438825492845805,66.32549934387207,65.99039985656738,64.7969998550415,0.19017333262616082,1.0556979584746489,-0.2953642248589762
2024-07-26,64.0,64.31999969482422,63.58000183105469,63.75,55.22389602661133,831520,PKN.WA,-0.001409776822881792,0.7428338409076529,66.12849922180176,65.87599983215333,64.8252498626709,0.18975525151546294,1.0556979584746489,-0.2963576040433433
2024-07-29,64.5,64.79000091552734,63.900001525878906,64.29000091552734,55.69167709350586,748396,PKN.WA,0.008470602596507337,0.7491260911692188,65.9484992980957,65.74819984436036,64.84329986572266,0.19300467694357118,1.0556979584746489,-0.2903973289371403
2024-07-30,64.30000305175781,64.58999633789062,63.220001220703125,63.220001220703125,54.7647819519043,937584,PKN.WA,-0.01664332990491202,0.7366581384935122,65.69899940490723,65.56259986877441,64.85614986419678,0.1970442348044743,1.0556979584746489,-0.3022074802930462
2024-07-31,63.77000045776367,64.73999786376953,63.52000045776367,64.66999816894531,56.020851135253906,2016737,PKN.WA,0.022935731101620727,0.7535539314718199,65.4919994354248,65.3973998260498,64.87679985046387,0.21456700825426112,1.0556979584746489,-0.2862030986963252
2024-08-01,64.73999786376953,64.73999786376953,63.36000061035156,63.380001068115234,54.903385162353516,958144,PKN.WA,-0.019947381125016594,0.7385225040024969,65.20649967193603,65.21239990234375,64.88289985656738,0.22089882406842914,1.0556979584746489,-0.3004414775324855
2024-08-02,63.20000076293945,63.61000061035156,62.880001068115234,63.400001525878906,54.92070770263672,1146391,PKN.WA,0.00031556417523836977,0.7387555552473674,64.9894998550415,65.14179992675781,64.86259986877441,0.21375315677744988,1.0556979584746489,-0.30022072192431204
2024-08-05,62.0,62.04999923706055,59.900001525878906,61.099998474121094,52.928314208984375,3116018,PKN.WA,-0.03627764978552861,0.7119552399369896,64.66849994659424,65.05999984741212,64.83559986114501,0.24384862841844837,1.0556979584746489,-0.32560706950151197
2024-08-06,61.70000076293945,62.380001068115234,60.869998931884766,61.38999938964844,53.17953109741211,1868083,PKN.WA,0.004746332614888216,0.7153344163126432,64.39400005340576,64.97279983520508,64.81029987335205,0.24550523376590044,1.0556979584746489,-0.3224061763402368
2024-08-07,62.0,62.0,60.900001525878906,61.119998931884766,52.945640563964844,1367599,PKN.WA,-0.004398117941815771,0.7121882911818602,64.15999984741211,64.89659980773926,64.78594987869263,0.2414032441490899,1.0556979584746489,-0.3253863138933384
2024-08-08,61.18000030517578,62.29999923706055,60.43000030517578,62.2400016784668,53.91584777832031,1381467,PKN.WA,0.0183246525876124,0.7252388941947332,63.92600002288818,64.8763998413086,64.77009986877441,0.24291755601486792,1.0556979584746489,-0.3130242524645852
2024-08-09,62.68000030517578,63.08000183105469,61.15999984741211,61.560001373291016,53.3267936706543,1155110,PKN.WA,-0.01092545448004123,0.7173153296690532,63.638000106811525,64.83619987487793,64.75259988784791,0.24157126583702898,1.0556979584746489,-0.3205297747231757
2024-08-12,63.400001525878906,64.58000183105469,62.84000015258789,64.55999755859375,55.925559997558594,1943458,PKN.WA,0.048732880415502056,0.7522721718500216,63.50499992370605,64.8487998199463,64.74734987258911,0.30651282576678024,1.0556979584746489,-0.28741723348886594
2024-08-13,64.91999816894531,64.98999786376953,63.369998931884766,63.709999084472656,55.189247131347656,1352764,PKN.WA,-0.013166023950816452,0.7423677384179115,63.44049987792969,64.87079978942872,64.73654985427856,0.28721239796765735,1.0556979584746489,-0.2967991152596906
2024-08-14,63.79999923706055,64.16000366210938,62.7400016784668,62.97999954223633,54.55687713623047,1306664,PKN.WA,-0.011458162811592953,0.733861568005045,63.35749988555908,64.87759979248047,64.72094985961914,0.28925614120089377,1.0556979584746489,-0.3048565054863013
2024-08-16,63.9900016784668,64.30000305175781,63.61000061035156,64.02999877929688,55.46644973754883,1503191,PKN.WA,0.016671947359357953,0.7460964694358809,63.30049991607666,64.88459976196289,64.71169986724854,0.29440346326768946,1.0556979584746489,-0.29326710973856884
2024-08-19,64.0999984741211,65.19000244140625,63.709999084472656,64.58000183105469,55.94289016723633,1215849,PKN.WA,0.008589771392212509,0.752505267544872,63.2704999923706,64.91439979553223,64.70659988403321,0.2962525721814713,1.0556979584746489,-0.2871964357758655
2024-08-20,64.58000183105469,64.77999877929688,63.2400016784668,63.310001373291016,54.842742919921875,1034589,PKN.WA,-0.01966553765492407,0.7377068468704396,63.210499954223636,64.91459983825683,64.69064989089966,0.30225958006745784,1.0556979584746489,-0.3012141011086793
2024-08-21,63.310001373291016,63.95000076293945,63.02000045776367,63.880001068115234,55.33651351928711,934802,PKN.WA,0.009003311995894103,0.7443486517743215,63.20550003051758,64.9465998840332,64.68064990997314,0.30281110044488235,1.0556979584746489,-0.29492271364262945
2024-08-22,62.79999923706055,63.400001525878906,61.72999954223633,62.029998779296875,53.73393249511719,2566113,PKN.WA,-0.02896058637891541,0.722791878348582,63.15200004577637,64.93799987792968,64.66299991607666,0.3165341405029324,1.0556979584746489,-0.3153421652979933
2024-08-23,62.529998779296875,63.47999954223633,62.310001373291016,63.060001373291016,54.62617874145508,1026420,PKN.WA,0.016604910757114455,0.7347937729845274,63.113000106811526,64.95419990539551,64.64754991531372,0.319526493908122,1.0556979584746489,-0.3039734830536073
2024-08-26,63.099998474121094,63.720001220703125,62.619998931884766,63.369998931884766,54.894718170166016,971516,PKN.WA,0.004915914237912711,0.7384059561550717,63.094000053405765,64.95259986877441,64.63889991760254,0.3200558575677936,1.0556979584746489,-0.30055187638898573
2024-08-27,63.369998931884766,63.630001068115234,62.93000030517578,63.459999084472656,54.97268295288086,1217442,PKN.WA,0.0014202328247572282,0.7394546645319994,63.05249996185303,64.93219978332519,64.6371999168396,0.3185246783459708,1.0556979584746489,-0.29955849720461847
2024-08-28,63.459999084472656,63.68000030517578,62.84000015258789,63.150001525878906,54.70414352416992,1290985,PKN.WA,-0.004884928507186137,0.7358424813614552,63.04899997711182,64.90779975891114,64.636699924469,0.31329228424990285,1.0556979584746489,-0.3029801038692399
2024-08-29,63.150001525878906,64.22000122070312,63.150001525878906,63.93000030517578,55.37982177734375,1586809,PKN.WA,0.012351524314330176,0.7449312576615084,63.01200008392334,64.87339973449707,64.64554992675781,0.3052217576422236,1.0556979584746489,-0.2943708456746089
2024-08-30,63.95000076293945,64.80000305175781,63.79999923706055,64.33999633789062,55.7349853515625,2811709,PKN.WA,0.006413202420736619,0.7497086526064255,63.05999984741211,64.84519966125488,64.65799991607666,0.29706491172485666,1.0556979584746489,-0.28984550307394696
2024-09-02,64.13999938964844,66.16000366210938,63.97999954223633,65.94000244140625,57.121002197265625,1818842,PKN.WA,0.024867985616799926,0.7683523965962326,63.18699989318848,64.85439964294433,64.66634994506836,0.3089513816872244,1.0556979584746489,-0.272185391258684
2024-09-03,65.94000244140625,65.98999786376953,64.16999816894531,64.56999969482422,55.934226989746094,1827145,PKN.WA,-0.020776504335125012,0.7523887196974473,63.360499954223634,64.8021996307373,64.6730499458313,0.28754040212138654,1.0556979584746489,-0.2873068346323653
2024-09-04,63.5,64.33999633789062,63.310001373291016,63.810001373291016,55.27587127685547,1399287,PKN.WA,-0.01177014596755721,0.7435329946422649,63.48150005340576,64.7247996520996,64.67909996032715,0.2920902152077808,1.0556979584746489,-0.2956953372188227
2024-09-05,63.810001373291016,63.869998931884766,62.15999984741211,62.20000076293945,53.88119888305664,1780800,PKN.WA,-0.025231164013506224,0.7247727917049924,63.5355001449585,64.62339973449707,64.67879997253418,0.3072023654389265,1.0556979584746489,-0.3134657636809318
2024-09-06,62.599998474121094,62.70000076293945,61.16999816894531,61.20000076293945,53.01494216918945,1588829,PKN.WA,-0.016077170220805348,0.713120496161343,63.48350009918213,64.4947998046875,64.66529996871948,0.3058166138575236,1.0556979584746489,-0.32450329146064405
2024-09-09,61.66999816894531,61.9900016784668,61.29999923706055,61.40999984741211,53.19685363769531,1547098,PKN.WA,0.00343135754664603,0.7155674675575142,63.476000022888186,64.36919975280762,64.65209995269775,0.3036679164723517,1.0556979584746489,-0.3221854207320629
2024-09-10,61.70000076293945,61.790000915527344,60.689998626708984,60.81999969482422,52.685760498046875,1226297,PKN.WA,-0.009607558281287898,0.7086926114087618,63.28900012969971,64.22779975891113,64.6411499595642,0.2444608621196272,1.0556979584746489,-0.32869756380628623
2024-09-11,61.11000061035156,61.36000061035156,60.13999938964844,60.27000045776367,52.20932388305664,2787300,PKN.WA,-0.009043065436045272,0.7022838577497506,63.11700019836426,64.06899978637695,64.62714996337891,0.24258783528319483,1.0556979584746489,-0.3347681956641626
2024-09-12,60.560001373291016,61.5,59.81999969482422,59.81999969482422,51.81950378417969,2506053,PKN.WA,-0.0074664137966086175,0.6970403158651123,62.959000205993654,63.889199829101564,64.60524997711181,0.24107684655015316,1.0556979584746489,-0.33973509158599857
2024-09-13,59.9900016784668,60.88999938964844,59.900001525878906,60.77000045776367,52.642452239990234,1893174,PKN.WA,0.01588098909705704,0.7081100055215753,62.79600028991699,63.722799911499024,64.58974998474122,0.24025924282355732,1.0556979584746489,-0.32924943177430643
2024-09-16,61.0,61.38999938964844,60.41999816894531,60.70000076293945,52.58181381225586,1984128,PKN.WA,-0.0011518791228719572,0.7072943483895183,62.60200023651123,63.581999969482425,64.56969999313354,0.23675827694546386,1.0556979584746489,-0.3300220553505001
2024-09-17,61.0,61.7400016784668,60.65999984741211,61.290000915527344,53.0929069519043,1833245,PKN.WA,0.00971993649377545,0.7141692045382707,62.501000213623044,63.45740005493164,64.57815000534058,0.2322372659570404,1.0556979584746489,-0.3235099122762768
2024-09-18,61.66999816894531,61.779998779296875,60.810001373291016,60.880001068115234,52.73773956298828,2312482,PKN.WA,-0.006689506302621662,0.7093917651433737,62.351000213623045,63.337400131225586,64.58735000610352,0.22947188380752082,1.0556979584746489,-0.3280352969817657
2024-09-19,57.9900016784668,58.66999816894531,57.2599983215332,57.2599983215332,53.23044204711914,3106038,PKN.WA,-0.05946127928828071,0.667210423271377,62.11250019073486,63.16660003662109,64.57065000534058,0.2931675235990144,1.0556979584746489,-0.3679911778597996
2024-09-20,57.599998474121094,57.970001220703125,56.0,56.119998931884766,52.1706657409668,7207147,PKN.WA,-0.019909176092653302,0.6539268134636135,61.76550006866455,62.95060005187988,64.5514999961853,0.2880205266598956,1.0556979584746489,-0.3805739527918992
2024-09-23,57.0,57.18000030517578,55.959999084472656,56.279998779296875,52.31940460205078,1519794,PKN.WA,0.0028510308349489755,0.6557911789725982,61.41100006103515,62.72980003356933,64.53124998092652,0.28710734393164566,1.0556979584746489,-0.37880795003133827
2024-09-24,56.97999954223633,58.130001068115234,56.83000183105469,57.5,53.45355224609375,2159701,PKN.WA,0.02167734980747582,0.6700069937598442,61.113000106811526,62.535400009155275,64.51219997406005,0.3024194247718302,1.0556979584746489,-0.3653421526665447
2024-09-25,57.68000030517578,57.70000076293945,56.83000183105469,57.15999984741211,53.13747787475586,1876077,PKN.WA,-0.0059130461319633065,0.6660452114970041,60.813500022888185,62.37860000610352,64.49469997406005,0.30244780819749006,1.0556979584746489,-0.3690949137958399
2024-09-26,57.599998474121094,57.65999984741211,55.36000061035156,55.540000915527344,51.63148498535156,3966081,PKN.WA,-0.02834147893998129,0.6471685051622864,60.39400005340576,62.19660003662109,64.46234998703002,0.30631767531911575,1.0556979584746489,-0.3869756970096222
2024-09-27,55.79999923706055,56.869998931884766,55.79999923706055,56.869998931884766,52.86788558959961,1948297,PKN.WA,0.023946668967115503,0.6626660351213507,60.02050018310547,62.03060005187988,64.42984998703002,0.32227837510643303,1.0556979584746489,-0.37229580695711495
2024-09-30,56.970001220703125,57.099998474121094,55.75,55.869998931884766,51.93825912475586,2374263,PKN.WA,-0.017583963755612775,0.6510137395777013,59.51700000762939,61.844400024414064,64.39594997406006,0.30308938257000284,1.0556979584746489,-0.3833333347368272
2024-10-01,56.15999984741211,57.099998474121094,55.20000076293945,57.029998779296875,53.01662826538086,2667875,PKN.WA,0.020762482004453853,0.6645304006303355,59.13999996185303,61.69479995727539,64.36909996032715,0.315609974703097,1.0556979584746489,-0.3705298041965539
2024-10-02,57.0,58.900001525878906,56.900001525878906,58.599998474121094,54.476139068603516,2410839,PKN.WA,0.027529365744860534,0.6828245010778667,58.87949981689453,61.587199935913084,64.35114995956421,0.336233975026722,1.0556979584746489,-0.3532008889507918
2024-10-03,58.4900016784668,58.58000183105469,57.25,57.45000076293945,53.40707015991211,1201749,PKN.WA,-0.019624534831506946,0.6694243878726578,58.64199981689453,61.47419998168945,64.32719995498657,0.33210965319992675,1.0556979584746489,-0.3658940206345648
2024-10-04,58.0,58.5,57.65999984741211,57.70000076293945,53.63947677612305,1332692,PKN.WA,0.004351610037945708,0.6723374617585701,58.46699981689453,61.351399993896486,64.30074995040894,0.3299652107543859,1.0556979584746489,-0.3631346386896367
2024-10-07,57.599998474121094,57.86000061035156,55.59000015258789,55.97999954223633,52.04051971435547,2257394,PKN.WA,-0.02980937951404461,0.6522954991994995,58.19549980163574,61.19599998474121,64.26494995117187,0.3425853930394564,1.0556979584746489,-0.38211919994428645
2024-10-08,56.0,56.2599983215332,55.0099983215332,55.20000076293945,51.31541061401367,1948542,PKN.WA,-0.013933526003485852,0.6432067228994465,57.914499855041505,61.01419998168945,64.22734994888306,0.3438005285673765,1.0556979584746489,-0.39072845813891743
2024-10-09,55.20000076293945,55.869998931884766,55.06999969482422,55.709999084472656,51.789520263671875,1822962,PKN.WA,0.009239099900078429,0.6491493740687165,57.686499786376956,60.863999938964845,64.1848999595642,0.3467860055137844,1.0556979584746489,-0.385099337497388
2024-10-10,55.900001525878906,55.959999084472656,55.099998474121094,55.400001525878906,51.501338958740234,1808472,PKN.WA,-0.005564486872880803,0.6455371908981724,57.46549987792969,60.678600006103515,64.13959997177125,0.3465774150255646,1.0556979584746489,-0.38852094416200944
2024-10-11,55.77000045776367,56.189998626708984,55.400001525878906,55.68000030517578,51.76163101196289,1230198,PKN.WA,0.0050541294509907075,0.6487998194264006,57.21099987030029,60.52459999084473,64.09074998855591,0.3405843088031278,1.0556979584746489,-0.38543044985723474
2024-10-14,56.150001525878906,56.20000076293945,55.20000076293945,55.20000076293945,51.31541061401367,1313747,PKN.WA,-0.00862068138659311,0.6432067228994465,56.93599987030029,60.360599975585934,64.03619998931885,0.34074628432427834,1.0556979584746489,-0.39072845813891743
2024-10-15,55.20000076293945,55.5,54.06999969482422,54.7400016784668,50.88778305053711,2768212,PKN.WA,-0.008333316632515242,0.6378466776173629,56.608499908447264,60.23340003967285,63.982399997711184,0.33674506896839945,1.0556979584746489,-0.39580571081242655
2024-10-16,54.849998474121094,54.91999816894531,53.86000061035156,54.40999984741211,50.58100509643555,7062437,PKN.WA,-0.006028531621044886,0.6340013987519683,56.28499984741211,60.09380004882812,63.926949996948245,0.3367201564115403,1.0556979584746489,-0.3994481151900485
2024-10-17,54.40999984741211,54.540000915527344,53.43000030517578,53.54999923706055,49.781524658203125,1598371,PKN.WA,-0.015805929291735965,0.6239804174724329,56.09949989318848,59.94240005493164,63.87144998550415,0.2734463619363164,1.0556979584746489,-0.4089403958173734
2024-10-18,53.7599983215332,54.29999923706055,53.400001525878906,53.400001525878906,49.64208221435547,1429140,PKN.WA,-0.002801077746380831,0.6222325998108735,55.963500022888184,59.765600051879886,63.81670000076294,0.2662314322290593,1.0556979584746489,-0.410595999721434
2024-10-21,53.400001525878906,54.18000030517578,53.119998931884766,53.72999954223633,49.94886016845703,1693806,PKN.WA,0.006179737957451081,0.6260778342262883,55.83600006103516,59.609000015258786,63.76380001068115,0.26735332599825723,1.0556979584746489,-0.406953637448639
2024-10-22,54.0,54.0,52.5,52.77000045776367,49.05641555786133,1975793,PKN.WA,-0.017867096457315546,0.6148916411723799,55.59950008392334,59.37320007324219,63.71215002059937,0.25720533957592745,1.0556979584746489,-0.4175496540120043
2024-10-23,52.91999816894531,53.02000045776367,52.130001068115234,52.77000045776367,49.05641555786133,1744288,PKN.WA,0.0,0.6148916411723799,55.38000011444092,59.15440010070801,63.66030002593994,0.25752647291085834,1.0556979584746489,-0.4175496540120043
2024-10-24,52.959999084472656,53.779998779296875,52.70000076293945,53.08000183105469,49.3446044921875,1439643,PKN.WA,0.0058745759068001835,0.618503868792904,55.25700016021729,58.95640014648438,63.61290002822876,0.24259735108930852,1.0556979584746489,-0.4141280052425559
2024-10-25,53.08000183105469,54.08000183105469,52.7599983215332,53.81999969482422,50.03252410888672,1294410,PKN.WA,0.013941180072390091,0.6271265426032158,55.104500198364256,58.75220016479492,63.573000030517576,0.23062547844306777,1.0556979584746489,-0.40596025826427196
2024-10-28,53.810001373291016,53.900001525878906,53.040000915527344,53.529998779296875,49.76293182373047,988924,PKN.WA,-0.005388348516754737,0.6237473662275622,54.98750019073486,58.531200103759765,63.53240001678467,0.2241240548861993,1.0556979584746489,-0.409161151425547
2024-10-29,53.75,53.75,52.650001525878906,52.959999084472656,49.2330436706543,1900192,PKN.WA,-0.010648229176584034,0.6171055613236804,54.78400020599365,58.3242000579834,63.49300001144409,0.20895462528921063,1.0556979584746489,-0.41545253889159683
2024-10-30,52.79999923706055,53.08000183105469,52.18000030517578,52.38999938964844,48.70315933227539,1817288,PKN.WA,-0.010762834302830204,0.6104637564197987,54.47350025177002,58.094400024414064,63.45215000152588,0.1746558466759143,1.0556979584746489,-0.4217439263576467
2024-10-31,52.150001525878906,52.18000030517578,51.45000076293945,52.09000015258789,48.42427062988281,1738894,PKN.WA,-0.005726269145935992,0.6069680766466998,54.20550022125244,57.89560005187988,63.41960000991821,0.16655722441830098,1.0556979584746489,-0.42505517627059486
2024-11-04,52.40999984741211,52.86000061035156,52.09000015258789,52.529998779296875,48.83330535888672,1424214,PKN.WA,0.008446892405837847,0.6120950706839129,53.947000122070314,57.685,63.3872500038147,0.17014793450761448,1.0556979584746489,-0.4201986792052591
2024-11-05,52.7599983215332,52.779998779296875,51.869998931884766,52.099998474121094,48.43356704711914,1802504,PKN.WA,-0.008185804591056889,0.6070845800441452,53.75300006866455,57.45959999084473,63.34805000305176,0.14282073683446753,1.0556979584746489,-0.4249448195189216
2024-11-06,52.70000076293945,52.779998779296875,51.689998626708984,51.880001068115234,48.22904968261719,2138510,PKN.WA,-0.004222599087313483,0.6045211052505287,53.58700008392334,57.22800003051758,63.30740001678467,0.13751483137830353,1.0556979584746489,-0.4273730469991759
2024-11-07,52.20000076293945,54.369998931884766,52.0,53.70000076293945,49.92097091674805,4591770,PKN.WA,0.03508094944783591,0.6257282795839724,53.48650016784668,57.039000015258786,63.27565002441406,0.18909308204012146,1.0556979584746489,-0.4072847498084857
2024-11-08,53.91999816894531,53.91999816894531,52.380001068115234,52.599998474121094,48.898380279541016,2108404,PKN.WA,-0.02048421365344777,0.61291072781597,53.34650001525879,56.81239997863769,63.23510002136231,0.2001576844387424,1.0556979584746489,-0.41942605562906543
2024-11-12,52.599998474121094,53.099998474121094,50.349998474121094,50.38999938964844,46.843902587890625,3621879,PKN.WA,-0.0420151929388356,0.5871591653324999,53.081999969482425,56.53340003967285,63.18470001220703,0.24192600443994408,1.0556979584746489,-0.44381898191707103
2024-11-13,50.900001525878906,51.439998626708984,49.994998931884766,50.84000015258789,47.262237548828125,2676045,PKN.WA,0.008930358570948815,0.5924027072171382,52.863999938964845,56.23139999389648,63.13380001068115,0.2462976372911821,1.0556979584746489,-0.43885208599523506
2024-11-14,52.0,53.16999816894531,51.54999923706055,53.099998474121094,49.36319351196289,3580982,PKN.WA,0.04445315331924049,0.6187368755877948,52.78199977874756,56.00199996948242,63.08780000686645,0.299484169478951,1.0556979584746489,-0.41390729173920926
2024-11-15,53.0,53.150001525878906,52.369998931884766,52.779998779296875,49.065711975097656,1654824,PKN.WA,-0.006026359774382595,0.6150081445698253,52.7004997253418,55.78139991760254,63.04170000076294,0.29948371971938864,1.0556979584746489,-0.417439297260331
2024-11-18,52.779998779296875,53.400001525878906,52.130001068115234,53.400001525878906,49.64208221435547,1903505,PKN.WA,0.0117469261258345,0.6222325998108736,52.692999839782715,55.60539993286133,62.995400009155276,0.2978110389195155,1.0556979584746489,-0.4105959997214339
2024-11-19,53.5099983215332,53.7599983215332,50.27000045776367,51.720001220703125,48.0803108215332,2780874,PKN.WA,-0.031460678973232126,0.6026567397415441,52.60899982452393,55.415799942016605,62.92625,0.31810402315775727,1.0556979584746489,-0.4291390497597367
2024-11-20,51.81999969482422,52.29999923706055,50.9900016784668,51.22999954223633,47.62479019165039,1988115,PKN.WA,-0.00947412348997878,0.5969470953671647,52.48399982452393,55.212199935913084,62.853399982452395,0.31800555371795564,1.0556979584746489,-0.4345474568979195
2024-11-21,51.310001373291016,52.75,50.720001220703125,52.2400016784668,48.563716888427734,2544019,PKN.WA,0.01971505261087847,0.6087159387582395,52.45749988555908,55.040599975585934,62.7875,0.3213948321438127,1.0556979584746489,-0.42339953026170696
2024-11-22,52.689998626708984,52.689998626708984,51.36000061035156,51.83000183105469,48.18256759643555,1736206,PKN.WA,-0.007848388863683997,0.6039384993633423,52.41049995422363,54.87180000305176,62.71745002746582,0.32249987050399836,1.0556979584746489,-0.427924914967196
2024-11-25,52.279998779296875,52.54999923706055,51.7400016784668,51.900001525878906,48.247642517089844,3310142,PKN.WA,0.0013505632327082129,0.6047541564953994,52.35149993896484,54.71340003967285,62.64760002136231,0.3216748956643394,1.0556979584746489,-0.4271522913910023
2024-11-26,52.13999938964844,52.56999969482422,51.72999954223633,52.04999923706055,48.3870849609375,1432121,PKN.WA,0.0028901292248872945,0.6065019741569588,52.26299991607666,54.539000015258786,62.57950002670288,0.31726086010746457,1.0556979584746489,-0.4254966874869417
2024-11-27,52.0,52.29999923706055,51.130001068115234,51.290000915527344,47.68056869506836,1562282,PKN.WA,-0.014601312827533519,0.5976462491017764,52.151000022888184,54.350800018310544,62.50570001602173,0.3204351981421702,1.0556979584746489,-0.4338851900733991
2024-11-28,51.43000030517578,51.720001220703125,50.970001220703125,51.220001220703125,47.61549758911133,845481,PKN.WA,-0.0013647824834222,0.5968305919697193,52.06400012969971,54.149400024414064,62.427050037384035,0.3187799877734701,1.0556979584746489,-0.4346578136495929
2024-11-29,51.02000045776367,51.58000183105469,50.900001525878906,51.02000045776367,47.429569244384766,1157552,PKN.WA,-0.0039047395191902368,0.5945001239709935,51.99550018310547,53.95220001220703,62.35165004730224,0.31705550300177104,1.0556979584746489,-0.43686532762650065
2024-12-02,51.0,52.0,50.959999084472656,51.77000045776367,48.12678909301758,1649629,PKN.WA,0.014700117469047758,0.6032393456287306,51.979500198364256,53.84240005493164,62.27600004196167,0.32139333381495533,1.0556979584746489,-0.4285871817917164
2024-12-03,51.90999984741211,52.0,51.060001373291016,51.33000183105469,47.71775436401367,1995684,PKN.WA,-0.008499104168792848,0.5981123515915175,51.91950035095215,53.74660011291504,62.197650051116945,0.32103560865350844,1.0556979584746489,-0.43344367885705215
2024-12-04,51.58000183105469,52.150001525878906,51.22999954223633,51.65999984741211,48.024532318115234,1506019,PKN.WA,0.006428950021150737,0.6019575860069324,51.8975004196167,53.654200134277346,62.11680004119873,0.3208648155123487,1.0556979584746489,-0.42980131658425713
2024-12-05,51.79999923706055,52.75,51.310001373291016,52.439998626708984,48.749637603759766,1493160,PKN.WA,0.01509869883083148,0.6110463623069854,51.925500297546385,53.553000106811524,62.040650043487545,0.32497970006010535,1.0556979584746489,-0.42119205838962614
2024-12-06,52.5,53.150001525878906,52.0,52.13999938964844,48.47075271606445,1446088,PKN.WA,-0.005720809399635485,0.6075506825338866,51.847500228881835,53.45260009765625,61.961900043487546,0.2990244541129308,1.0556979584746489,-0.42450330830257443
2024-12-09,52.45000076293945,53.20000076293945,52.09000015258789,53.08000183105469,49.3446044921875,1761869,PKN.WA,0.018028432152089158,0.6185038687929042,51.871500396728514,53.4034001159668,61.88925004959106,0.2975064027568074,1.0556979584746489,-0.41412800524255566
2024-12-10,53.0099983215332,53.59000015258789,52.81999969482422,53.220001220703125,49.47475051879883,1889304,PKN.WA,0.0026375166695364882,0.6201351830570183,52.01300048828125,53.330400161743164,61.82480005264282,0.2512587762445501,1.0556979584746489,-0.4125827580901683
2024-12-11,51.5,52.9900016784668,50.0,50.09000015258789,46.56501770019531,5890808,PKN.WA,-0.05881249523342047,0.5836634855594011,51.97550048828125,53.21480018615723,61.74465003967285,0.3317144858172032,1.0556979584746489,-0.4471302318300193
2024-12-12,50.63999938964844,50.9900016784668,47.86000061035156,48.869998931884766,45.430870056152344,5798767,PKN.WA,-0.024356183209955362,0.5694476707721552,51.764000511169435,53.05160018920898,61.66170003890991,0.29593984295485865,1.0556979584746489,-0.4605960291948128
2024-12-13,49.19499969482422,49.60499954223633,48.935001373291016,49.20000076293945,45.737648010253906,3724026,PKN.WA,0.006752646578008781,0.5732929496375498,51.585000610351564,52.86360023498535,61.57780002593994,0.2982317456198858,1.0556979584746489,-0.4569536248171908
2024-12-16,49.20000076293945,49.400001525878906,48.119998931884766,48.28499984741211,44.88703918457031,3270710,PKN.WA,-0.018597579295498323,0.5626310885471154,51.329250526428225,52.6803002166748,61.49982501983643,0.29732895949817834,1.0556979584746489,-0.46705297284078606
2024-12-17,48.279998779296875,48.42499923706055,46.119998931884766,46.31999969482422,43.06032180786133,6346067,PKN.WA,-0.04069587157083132,0.5397343260258449,51.05925045013428,52.4527001953125,61.42152502059937,0.3098348757551102,1.0556979584746489,-0.48874171661211385
2024-12-18,46.20000076293945,46.849998474121094,46.119998931884766,46.53499984741211,43.26019287109375,6292397,PKN.WA,0.004641626813566502,0.5422395713457288,50.824500465393065,52.26380020141602,61.338500022888184,0.3113686210128892,1.0556979584746489,-0.48636864645528266
2024-12-19,46.310001373291016,47.38999938964844,45.39500045776367,47.064998626708984,43.75289535522461,4864911,PKN.WA,0.011389250693773167,0.5484152737598693,50.56575031280518,52.10110015869141,61.26357501983642,0.30405928533876586,1.0556979584746489,-0.48051877020557987
2024-12-20,46.9900016784668,47.22999954223633,46.564998626708984,46.8650016784668,43.56697082519531,6816067,PKN.WA,-0.004249377543351085,0.5460848502111234,50.317500305175784,51.924200210571286,61.188850021362306,0.30388423953880345,1.0556979584746489,-0.4827262420776606
2024-12-23,47.15999984741211,48.150001525878906,46.5099983215332,46.5099983215332,43.2369499206543,4221036,PKN.WA,-0.007575020681087619,0.5419482461771455,50.04800014495849,51.746400146484376,61.106600017547606,0.3031216415442397,1.0556979584746489,-0.4866446014917062
2024-12-27,46.974998474121094,47.220001220703125,46.5099983215332,46.900001525878906,43.59950637817383,1692414,PKN.WA,0.008385362683729358,0.5464926787771519,49.790500259399415,51.57080017089844,61.029850025177005,0.30570524192600534,1.0556979584746489,-0.4823399302895638
2024-12-30,47.0,47.279998779296875,46.64500045776367,47.20000076293945,43.878395080566406,2075303,PKN.WA,0.0063965720106642365,0.5499883585502507,49.58600025177002,51.41080017089844,60.95075002670288,0.306058885508275,1.0556979584746489,-0.4790286803766155
2025-01-02,47.724998474121094,49.70000076293945,47.724998474121094,49.369998931884766,45.89568328857422,3914212,PKN.WA,0.045974536734523896,0.5752738185439797,49.4935001373291,51.303400115966795,60.88580001831055,0.35380082984308925,1.0556979584746489,-0.45507726530495685
2025-01-03,49.849998474121094,49.849998474121094,49.18000030517578,49.25,45.78413009643555,1810588,PKN.WA,-0.002430604303847117,0.5738755555247361,49.40500011444092,51.200200119018554,60.8188500213623,0.35371208742628946,1.0556979584746489,-0.45640175684917084
2025-01-07,50.0,50.25,49.400001525878906,49.94499969482422,46.43022155761719,3283837,PKN.WA,0.014111668930441024,0.5819738973715741,49.31375007629394,51.12810012817383,60.75667501449585,0.3533600675254027,1.0556979584746489,-0.44873067841065695
2025-01-08,50.11000061035156,50.13999938964844,49.44499969482422,50.0,46.48134994506836,2811018,PKN.WA,0.0011012174494313687,0.5826147771824732,49.24724998474121,51.06010009765625,60.68812501907349,0.35249983384644334,1.0556979584746489,-0.4481236110143866
2025-01-09,50.150001525878906,51.0,48.005001068115234,49.78499984741211,46.28147888183594,5193369,PKN.WA,-0.004300003051757817,0.5801095318625894,49.15349998474121,50.98120010375977,60.61680000305176,0.3515267054958291,1.0556979584746489,-0.4504966811712179
2025-01-10,49.849998474121094,51.04999923706055,49.779998779296875,50.2599983215332,46.723052978515625,3507263,PKN.WA,0.009540995793450469,0.5856443544658309,49.04449996948242,50.93100006103516,60.55219999313354,0.34856387853121285,1.0556979584746489,-0.44525387231778535
2025-01-13,50.380001068115234,50.7400016784668,49.775001525878906,50.209999084472656,46.676570892333984,2717758,PKN.WA,-0.000994811753487923,0.5850617485786443,48.94799995422363,50.87980003356934,60.4864999961853,0.34827836424574715,1.0556979584746489,-0.44580574028580566
2025-01-14,50.459999084472656,51.0,50.34000015258789,50.45000076293945,46.899681091308594,2935120,PKN.WA,0.004779957833956905,0.5878583190671114,48.816499900817874,50.82720001220703,60.4264999961853,0.3414569176643726,1.0556979584746489,-0.44315671509255083
2025-01-15,50.630001068115234,51.70000076293945,50.5099983215332,51.59000015258789,47.95945739746094,2284669,PKN.WA,0.02259661788718703,0.6011419288748749,48.73499984741211,50.782600021362306,60.37065000534058,0.3524688892852203,1.0556979584746489,-0.43057394016045114
2025-01-16,51.9900016784668,52.02000045776367,51.150001525878906,51.5,47.875789642333984,1724923,PKN.WA,-0.0017445270851269568,0.6000932204979472,48.80549983978271,50.742000045776365,60.313950004577634,0.2797010343376426,1.0556979584746489,-0.4315673193448184
2025-01-17,51.70000076293945,52.650001525878906,51.36000061035156,52.5,48.805416107177734,2451878,PKN.WA,0.01941747572815533,0.6117455160415967,48.986999893188475,50.732800064086916,60.26454999923706,0.26890660405190797,1.0556979584746489,-0.42052979156510617
2025-01-20,52.91999816894531,53.33000183105469,52.720001220703125,53.0099983215332,49.27952575683594,2775203,PKN.WA,0.009714253743489554,0.6176881672108667,49.177499771118164,50.74520004272461,60.206699981689454,0.26955357679257835,1.0556979584746489,-0.41490067092357685
2025-01-21,53.310001373291016,53.34000015258789,52.4900016784668,53.029998779296875,49.298118591308594,2232588,PKN.WA,0.0003772959516497032,0.6179212184557373,49.414749717712404,50.76400001525879,60.153249969482424,0.25668164933570664,1.0556979584746489,-0.41467991531540327
2025-01-22,53.20000076293945,53.5,52.79999923706055,52.79999923706055,49.08430480957031,3447012,PKN.WA,-0.0043371591086311945,0.6152411958146955,49.73874969482422,50.76940002441406,60.09184995651245,0.19657565652287806,1.0556979584746489,-0.4172185416521579
2025-01-23,53.08000183105469,53.08000183105469,52.060001373291016,53.0,49.27022933959961,2325542,PKN.WA,0.0037878932922232877,0.6175716638134214,50.06199970245361,50.78740005493164,60.02594995498657,0.19671406422566645,1.0556979584746489,-0.41501102767525
2025-01-24,53.0,53.16999816894531,52.54999923706055,52.70000076293945,48.9913444519043,1773606,PKN.WA,-0.005660362963406551,0.6140759840403226,50.343749809265134,50.80380004882812,59.951499977111816,0.20047888885844173,1.0556979584746489,-0.4183222775881983
2025-01-27,52.380001068115234,52.400001525878906,51.349998474121094,52.29999923706055,48.61949157714844,2924592,PKN.WA,-0.007590161671500395,0.6094150480428708,50.61549968719483,50.77580001831055,59.873249988555905,0.20302232539263262,1.0556979584746489,-0.42273730554201394
2025-01-28,52.459999084472656,52.79999923706055,52.20000076293945,52.38999938964844,48.70315933227539,1859626,PKN.WA,0.00172084424284491,0.6104637564197984,50.90949974060059,50.771600036621095,59.79510000228882,0.19764523777060974,1.0556979584746489,-0.4217439263576468
2025-01-29,52.70000076293945,52.900001525878906,52.0,52.29999923706055,48.61949157714844,1508473,PKN.WA,-0.0017178880251270678,0.6094150480428708,51.17949962615967,50.80980003356934,59.71079998016357,0.19930344257703875,1.0556979584746489,-0.42273730554201394
2025-01-30,52.349998474121094,53.41999816894531,52.349998474121094,53.41999816894531,49.66067123413086,1630360,PKN.WA,0.021414893847476746,0.6224656066057639,51.49049949645996,50.861399993896484,59.63229995727539,0.20713800501899057,1.0556979584746489,-0.41037528621808783
2025-01-31,53.4900016784668,53.880001068115234,53.13999938964844,53.790000915527344,50.004638671875,2052959,PKN.WA,0.006926296504389029,0.6267769879608998,51.71149959564209,50.87520004272461,59.552699966430666,0.1449508623550896,1.0556979584746489,-0.4062913706241188
2025-02-03,52.040000915527344,53.15999984741211,51.810001373291016,52.970001220703125,49.24234390258789,2380572,PKN.WA,-0.015244463299265543,0.6172221091711056,51.89749965667725,50.87900009155273,59.47654998779297,0.15930946155311485,1.0556979584746489,-0.4153421400350966
2025-02-04,53.25,54.220001220703125,52.70000076293945,54.220001220703125,50.40437698364258,2123123,PKN.WA,0.023598262624004773,0.6317874786006675,52.11124973297119,50.89540008544922,59.40840000152588,0.1706890245440293,1.0556979584746489,-0.4015452303104562
2025-02-05,54.29999923706055,55.2599983215332,54.2400016784668,54.849998474121094,50.99003982543945,2916176,PKN.WA,0.011619277743162737,0.6391283927891812,52.353749656677245,50.95800003051758,59.3386499786377,0.17225752708764103,1.0556979584746489,-0.3945916181247129
2025-02-06,55.04999923706055,55.86000061035156,54.88999938964844,55.65999984741211,51.743038177490234,2108832,PKN.WA,0.014767573305825676,0.64856676818153,52.64749965667725,51.04660003662109,59.28829996109009,0.17234832353804969,1.0556979584746489,-0.3856512054654082
2025-02-07,55.900001525878906,56.599998474121094,55.380001068115234,56.13999938964844,52.18925857543945,2324724,PKN.WA,0.0086237790792707,0.6541598647084841,52.94149971008301,51.12459999084473,59.23134996414185,0.17210415941688542,1.0556979584746489,-0.38035319718372573
2025-02-10,56.20000076293945,57.20000076293945,56.20000076293945,56.65999984741211,52.672664642333984,2629354,PKN.WA,0.009262566145655349,0.6602190637251794,53.26399974822998,51.221199951171876,59.179399948120114,0.1707348863557003,1.0556979584746489,-0.3746136776856961
2025-02-11,56.900001525878906,57.63999938964844,56.66999816894531,57.459999084472656,53.41636657714844,2052201,PKN.WA,0.014119294726702813,0.669540891270103,53.61449966430664,51.33239990234375,59.12844993591309,0.17296970558603694,1.0556979584746489,-0.36578366388289163
2025-02-12,57.779998779296875,57.869998931884766,56.0099983215332,57.04999923706055,53.035221099853516,2941735,PKN.WA,-0.007135395996254124,0.6647634518752058,53.88749961853027,51.43239990234375,59.07149991989136,0.16860269514014894,1.0556979584746489,-0.37030904858838076
2025-02-13,57.0,57.5,56.400001525878906,57.38999938964844,53.35129165649414,2639584,PKN.WA,0.005959687241626099,0.6687252341380457,54.181999588012694,51.55439987182617,59.01994993209839,0.1666636822536318,1.0556979584746489,-0.36655628745908553
2025-02-14,57.5,57.939998626708984,57.029998779296875,57.59000015258789,53.5372200012207,2389515,PKN.WA,0.0034849410187574037,0.6710557021367716,54.43649959564209,51.68179985046387,58.97339992523193,0.1583834876817125,1.0556979584746489,-0.36434877348217776
2025-02-17,57.59000015258789,58.56999969482422,57.439998626708984,58.2400016784668,54.1414794921875,1920520,PKN.WA,0.011286708181224014,0.6786297120201357,54.69799976348877,51.82619987487793,58.93109994888306,0.15914232403841233,1.0556979584746489,-0.3571743635834339
2025-02-18,58.400001525878906,61.0,58.400001525878906,61.0,56.70724868774414,5123253,PKN.WA,0.047390079704507704,0.710790028162617,55.096499824523924,52.01079986572265,58.89949995040894,0.21841537100878705,1.0556979584746489,-0.32671080543755193
2025-02-19,61.630001068115234,62.189998626708984,59.900001525878906,60.790000915527344,56.512027740478516,4881827,PKN.WA,-0.003442607942174658,0.7083430567664458,55.49599990844727,52.19999984741211,58.862849941253664,0.2178155981734675,1.0556979584746489,-0.32902867616613307
2025-02-20,60.5099983215332,60.779998779296875,60.0099983215332,60.119998931884766,55.88917541503906,3208681,PKN.WA,-0.01102158206204995,0.7005359956382111,55.851999855041505,52.36919982910156,58.83124992370605,0.2270048671043582,1.0556979584746489,-0.3364238416730504
2025-02-21,60.099998474121094,60.66999816894531,59.79999923706055,60.369998931884766,56.12158203125,1849069,PKN.WA,0.004158350040612158,0.7034490695241236,56.23549976348877,52.52779983520508,58.80244993209839,0.22271069894163203,1.0556979584746489,-0.3336644597281222
2025-02-24,60.34000015258789,60.5,59.56999969482422,59.900001525878906,55.68465805053711,2565212,PKN.WA,-0.007785281005821432,0.6979725208445946,56.615499877929686,52.68299987792969,58.76264993667603,0.22288019194432424,1.0556979584746489,-0.3388520691533047
2025-02-25,59.86000061035156,61.369998931884766,59.599998474121094,60.650001525878906,56.38187789916992,2754400,PKN.WA,0.012520867794568735,0.7067117425023316,57.02849998474121,52.83439987182617,58.7292999458313,0.22284907636486856,1.0556979584746489,-0.33057392331852054
2025-02-26,61.0,61.900001525878906,61.0,61.790000915527344,57.441654205322266,4347809,PKN.WA,0.018796362093445484,0.7199953523100953,57.50300006866455,53.00579986572266,58.69899995803833,0.2235647524266257,1.0556979584746489,-0.31799114838642084
2025-02-27,63.0099983215332,64.61000061035156,62.75,62.91999816894531,58.492130279541016,8022878,PKN.WA,0.018287704105439007,0.7331624142704336,57.97800006866455,53.2623998260498,58.675699939727785,0.22142760902635186,1.0556979584746489,-0.3055187723108215
2025-02-28,62.29999923706055,63.529998779296875,61.54999923706055,62.70000076293945,58.28761291503906,5303342,PKN.WA,-0.0034964623713934495,0.7305989394768171,58.423500061035156,53.5389998626709,58.64749996185303,0.22534674323142745,1.0556979584746489,-0.30794699979107576
2025-03-03,62.06999969482422,64.13999938964844,61.61000061035156,64.12000274658203,59.60768508911133,2911965,PKN.WA,0.022647559272150897,0.7471452222627889,58.981000137329104,53.83739990234375,58.62569995880127,0.2138271955984336,1.0556979584746489,-0.2922736884493743
2025-03-04,63.5,63.61000061035156,62.15999984741211,62.15999984741211,57.785614013671875,3661477,PKN.WA,-0.030567729494902496,0.7243066892152512,59.37800006866455,54.11489990234375,58.59119997024536,0.25038929031781015,1.0556979584746489,-0.3139072748972789
2025-03-05,63.459999084472656,64.25,63.0,63.27000045776367,58.817501068115234,3029910,PKN.WA,0.01785715272001842,0.7372407443806989,59.79900016784668,54.45389991760254,58.56209999084473,0.252890798752444,1.0556979584746489,-0.3016556123250259
2025-03-06,63.5,64.30000305175781,63.150001525878906,64.19999694824219,59.68204879760742,2486695,PKN.WA,0.01469885386043801,0.7480773383423113,60.226000022888186,54.80719985961914,58.535749969482424,0.2528639496760303,1.0556979584746489,-0.2913907502263344
2025-03-07,63.459999084472656,64.45999908447266,63.25,64.45999908447266,59.92375564575195,2497495,PKN.WA,0.004049877703889537,0.7511069600756488,60.64200000762939,55.155099868774414,58.50464996337891,0.25306325157700155,1.0556979584746489,-0.28852096942490624
2025-03-10,64.41999816894531,64.80000305175781,63.849998474121094,64.80000305175781,60.23983383178711,3811479,PKN.WA,0.005274650513717782,0.7550687867884688,61.04900016784668,55.513799896240236,58.466149978637695,0.2529974557508393,1.0556979584746489,-0.28476816619078393
2025-03-11,64.75,66.30000305175781,64.75,65.27999877929688,60.68605041503906,3947107,PKN.WA,0.007407341125519329,0.760661838865443,61.44000015258789,55.88919990539551,58.4278999710083,0.2515588119236627,1.0556979584746489,-0.2794702000139282
2025-03-12,66.19999694824219,66.48999786376953,65.29000091552734,66.16999816894531,61.5134162902832,2902305,PKN.WA,0.013633569336565232,0.7710323747872943,61.89600009918213,56.27459983825683,58.39559997558594,0.24737533101153927,1.0556979584746489,-0.2696468070267567
2025-03-13,66.25,66.88999938964844,65.91000366210938,66.62999725341797,61.941043853759766,2849423,PKN.WA,0.006951777198152431,0.7763924200693779,62.35799999237061,56.663199768066406,58.39409996032715,0.2473154263803549,1.0556979584746489,-0.26456955435324747
2025-03-14,66.5999984741211,67.44000244140625,66.2300033569336,67.38999938964844,62.64756393432617,3833050,PKN.WA,0.011406305981672249,0.7852481895745402,62.84799995422363,57.023599777221676,58.40509994506836,0.24716286486260508,1.0556979584746489,-0.256181009661963
2025-03-17,67.4000015258789,67.98999786376953,66.77999877929688,67.66000366210938,62.89856719970703,2738559,PKN.WA,0.004006592593951197,0.7883943591553032,63.31900005340576,57.39179985046387,58.414649963378906,0.24723083925550138,1.0556979584746489,-0.25320083000403437
2025-03-18,67.88999938964844,68.77999877929688,67.66999816894531,68.4000015258789,63.58648681640625,3463003,PKN.WA,0.010937005966849211,0.797017032965615,63.68900012969971,57.76089988708496,58.43199996948242,0.19856497782953242,1.0556979584746489,-0.24503308302575044
2025-03-19,67.94999694824219,68.62999725341797,67.81999969482422,68.26000213623047,63.45634078979492,2549336,PKN.WA,-0.0020467746568026968,0.7953857187015009,64.06250019073487,58.12609992980957,58.457049980163575,0.19776194512265433,1.0556979584746489,-0.2465783301781378
2025-03-20,68.26000213623047,68.66999816894531,67.5,68.27999877929688,63.47492980957031,2156479,PKN.WA,0.000292948175221186,0.7956187254963915,64.47050018310547,58.49599990844727,58.48059997558594,0.1888077306770539,1.0556979584746489,-0.2463576166747914
2025-03-21,68.27999877929688,68.61000061035156,67.80000305175781,68.19999694824219,63.40055847167969,7101346,PKN.WA,-0.0011716730006583465,0.7946865205169091,64.86200008392333,58.854799880981446,58.50194995880127,0.1906057138530864,1.0556979584746489,-0.2472406391074854
2025-03-24,68.5,69.7300033569336,68.4000015258789,69.3499984741211,64.4696273803711,4869695,PKN.WA,0.01686219321610327,0.8080866781720981,65.33449993133544,59.23759986877442,58.53564994812012,0.1866845694824946,1.0556979584746489,-0.23454746531888537
2025-03-25,69.43000030517578,70.0,69.0,69.9000015258789,64.98092651367188,3514607,PKN.WA,0.007930830048439752,0.8144954762810892,65.79699993133545,59.626599884033205,58.57194995880127,0.18572886095630028,1.0556979584746489,-0.22847679135618204
2025-03-26,70.0,71.30000305175781,69.5,70.11000061035156,65.1761474609375,2374055,PKN.WA,0.003004278682238848,0.8169424476772604,66.21299991607665,59.99699989318847,58.60409996032715,0.18103776478547326,1.0556979584746489,-0.2261589206276009
2025-03-27,69.69999694824219,70.20999908447266,68.86000061035156,69.83999633789062,64.9251480102539,2550735,PKN.WA,-0.003851152048358064,0.8137962780964975,66.55899982452392,60.36379981994629,58.63784994125366,0.1787962483484282,1.0556979584746489,-0.22913910028552953
2025-03-28,69.69999694824219,70.12999725341797,68.87000274658203,69.04000091552734,64.18144989013672,1876376,PKN.WA,-0.011454688778803068,0.8044744950015538,66.87599983215333,60.694599838256835,58.666549949646,0.1860678072670596,1.0556979584746489,-0.23796907198350703
2025-03-31,68.4800033569336,68.5999984741211,66.9000015258789,68.05999755859375,63.27041244506836,3475578,PKN.WA,-0.014194718191453348,0.793055206252795,67.0729995727539,60.995599822998045,58.69544994354248,0.18539947796717418,1.0556979584746489,-0.24878588625987275
2025-04-01,67.33000183105469,69.6500015258789,67.19999694824219,68.94999694824219,64.0977783203125,2812006,PKN.WA,0.013076688533264047,0.8034257421746464,67.41249942779541,61.313999786376954,58.72789993286133,0.13947129297313585,1.0556979584746489,-0.23896249327270103
2025-04-02,68.75,69.4000015258789,68.4800033569336,69.13999938964844,64.2744140625,2754901,PKN.WA,0.0027556555448273734,0.805639706775927,67.70599937438965,61.64079978942871,58.762349929809574,0.13141113456697806,1.0556979584746489,-0.2368653360474663
2025-04-03,68.11000061035156,69.86000061035156,66.4000015258789,66.7300033569336,62.03401184082031,3662814,PKN.WA,-0.03485675519221465,0.7775577207437109,67.83249969482422,61.91539985656738,58.77874994277954,0.18648451564018972,1.0556979584746489,-0.2634657342075528
2025-04-04,65.9000015258789,66.0,63.20000076293945,64.19000244140625,59.672760009765625,5861870,PKN.WA,-0.0380638511576431,0.747960879394846,67.81899986267089,62.145199890136716,58.77729993820191,0.2341670854176653,1.0556979584746489,-0.2915010648731805
2025-04-07,59.779998779296875,64.61000061035156,57.5,64.01000213623047,59.50542449951172,7239518,PKN.WA,-0.0028041797527595946,0.7458634626409907,67.77949981689453,62.37939994812012,58.775499935150144,0.23346033719859732,1.0556979584746489,-0.2934878232419149
2025-04-08,64.3499984741211,65.01000213623047,62.150001525878906,63.68000030517578,59.198646545410156,4818823,PKN.WA,-0.005155472895507107,0.742018183775596,67.69949989318847,62.60519996643066,58.76564992904663,0.23206519760103428,1.0556979584746489,-0.2971302276195369
2025-04-09,62.029998779296875,63.33000183105469,61.33000183105469,62.040000915527344,57.6740608215332,3466844,PKN.WA,-0.02575375913613398,0.7229084261960077,67.49300003051758,62.8,58.74709993362427,0.24076759972298728,1.0556979584746489,-0.31523176644149264
2025-04-10,67.0,67.19999694824219,63.18000030517578,64.30000305175781,59.775020599365234,3884708,PKN.WA,0.03642814479173939,0.7492426390166443,67.37650032043457,63.01760009765625,58.74119993209839,0.2770940961640512,1.0556979584746489,-0.29028693008063977
2025-04-11,64.30000305175781,65.19999694824219,64.0,64.44000244140625,59.90516662597656,2294039,PKN.WA,0.0021772843390963637,0.7508739532807586,67.22900047302247,63.230600128173826,58.72749994277954,0.2732439506197153,1.0556979584746489,-0.2887416829282523
2025-04-14,65.0999984741211,65.5,64.62000274658203,65.0,60.42575454711914,2424315,PKN.WA,0.008690216284565455,0.757399210337215,67.09600028991699,63.47120010375976,58.714099941253664,0.2751301442446243,1.0556979584746489,-0.2825606943187028
2025-04-15,65.0,65.27999877929688,62.66999816894531,63.04999923706055,58.612979888916016,3768430,PKN.WA,-0.030000011737530086,0.7346772251371025,66.82850017547608,63.647800064086915,58.69299995422363,0.2879512442272764,1.0556979584746489,-0.30408388191010716
2025-04-16,62.81999969482422,63.959999084472656,62.34000015258789,63.86000061035156,59.36598205566406,2348873,PKN.WA,0.012846968804004266,0.7441156005294514,66.60850009918212,63.82800010681152,58.6741499710083,0.2940165373103638,1.0556979584746489,-0.2951434692508025
2025-04-17,63.79999923706055,64.4800033569336,63.58000183105469,63.70000076293945,59.21723937988281,1638034,PKN.WA,-0.0025054783257576485,0.7422512350204666,66.37950019836425,63.98880012512207,58.65419996261597,0.2937480651575894,1.0556979584746489,-0.2969094720113634
2025-04-22,63.900001525878906,65.9800033569336,63.900001525878906,65.9800033569336,61.3367919921875,4758469,PKN.WA,0.035792818943271465,0.7688184990859739,66.26850051879883,64.18560020446778,58.64464998245239,0.3249508605952672,1.0556979584746489,-0.27174388004233696
2025-04-23,66.88999938964844,67.23999786376953,66.27999877929688,67.08999633789062,62.36867141723633,3374414,PKN.WA,0.016823172544449205,0.7817524653514617,66.1555004119873,64.39420013427734,58.63904996871948,0.32492171767746497,1.0556979584746489,-0.259492301679738
2025-04-24,66.86000061035156,68.30000305175781,66.45999908447266,68.30000305175781,63.493526458740234,3650223,PKN.WA,0.01803557579244952,0.7958518211912422,66.07550048828125,64.61100021362304,58.6364999961853,0.33072139053446875,1.0556979584746489,-0.24613681896179063
2025-04-25,68.30000305175781,69.2300033569336,68.25,68.80000305175781,63.95833969116211,3114131,PKN.WA,0.007320643889592526,0.801677968963067,66.01000061035157,64.84600028991699,58.63505002975464,0.3317592440233085,1.0556979584746489,-0.24061805507193446
2025-04-28,68.80000305175781,69.4800033569336,68.79000091552734,69.31999969482422,64.44174194335938,2609165,PKN.WA,0.007558090406990514,0.8077371235297823,65.98400077819824,65.08460029602051,58.64295003890991,0.332807981288956,1.0556979584746489,-0.234878577678732
2025-04-29,69.31999969482422,69.44999694824219,68.41999816894531,68.7300033569336,63.89326858520508,2049596,PKN.WA,-0.008511199372302936,0.8008623118310099,65.96850090026855,65.30740036010742,58.64900007247925,0.33164553145243825,1.0556979584746489,-0.24139067864812824
2025-04-30,68.91000366210938,69.16999816894531,67.58000183105469,68.2300033569336,63.42845153808594,2805313,PKN.WA,-0.007274843235542505,0.7950361640591851,65.97700119018555,65.50720039367675,58.65575010299683,0.328617805538956,1.0556979584746489,-0.2469094425379844
2025-05-02,68.80000305175781,69.36000061035156,68.3499984741211,69.05999755859375,64.20003509521484,1993265,PKN.WA,0.012164651338476107,0.8047075017964446,65.98250122070313,65.66840034484864,58.672050075531004,0.3281641935619613,1.0556979584746489,-0.2377483584801604
2025-05-05,68.75,68.98999786376953,67.94999694824219,68.81999969482422,63.9769287109375,1309920,PKN.WA,-0.0034752081125677403,0.8019109757579574,65.96650123596191,65.82900032043457,58.6815500831604,0.32828690862901294,1.0556979584746489,-0.24039734156858816
2025-05-06,68.69999694824219,69.31999969482422,67.0,69.31999969482422,64.44174194335938,3542260,PKN.WA,0.007265329878192395,0.8077371235297821,66.09600105285645,66.01300033569336,58.6915500831604,0.3020142117250741,1.0556979584746489,-0.2348785776787321
2025-05-07,69.31999969482422,70.44999694824219,69.05999755859375,69.94000244140625,65.01811218261719,2802503,PKN.WA,0.008944067358793273,0.8149615787708304,66.38350105285645,66.20440040588379,58.70515008926392,0.2626797975834978,1.0556979584746489,-0.22803528013983498
2025-05-08,69.87999725341797,70.41999816894531,69.69999694824219,70.18000030517578,65.24122619628906,2548488,PKN.WA,0.0034314820616512254,0.8177581048093174,66.6920009613037,66.41000038146973,58.73105009078979,0.26133174884588006,1.0556979584746489,-0.22538629705140723
2025-05-09,70.19999694824219,72.55999755859375,70.19999694824219,72.2699966430664,67.18414306640625,6448094,PKN.WA,0.029780511952156363,0.842111359823564,67.12150077819824,66.64240028381347,58.76920007705689,0.27295127149383,1.0556979584746489,-0.20231790441244268
2025-05-12,72.5,73.4800033569336,71.83000183105469,72.5,67.39795684814453,2357988,PKN.WA,0.0031825566295451413,0.8447914269145858,67.64450073242188,66.85660026550293,58.80585008621216,0.24557158391236864,1.0556979584746489,-0.199779235970861
2025-05-13,72.5,73.19999694824219,72.06999969482422,73.0,67.8627700805664,2529606,PKN.WA,0.006896551724137945,0.8506175746864105,68.07950057983399,67.05820030212402,58.84495008468628,0.22129742295462093,1.0556979584746489,-0.19426047208100483
2025-05-14,73.0999984741211,73.63999938964844,72.16000366210938,72.8499984741211,67.72332763671875,2684213,PKN.WA,-0.0020548154229986793,0.8488697125748712,68.50000038146973,67.26120025634765,58.88665006637573,0.22288717142751324,1.0556979584746489,-0.1959161180898924
2025-05-15,72.66999816894531,72.66999816894531,71.22000122070312,71.69999694824219,66.65425109863281,2073460,PKN.WA,-0.015785882635089288,0.8354695549196823,68.83500022888184,67.41280014038085,58.92525005340576,0.23588104774596255,1.0556979584746489,-0.2086092918784923
2025-05-16,71.69999694824219,72.8499984741211,71.69999694824219,72.38999938964844,67.29570007324219,2245164,PKN.WA,0.009623465422241795,0.8435096672927876,69.30200023651123,67.61740013122558,58.9717000579834,0.19649930663260828,1.0556979584746489,-0.20099337076340162
2025-05-19,71.4000015258789,72.29000091552734,70.33999633789062,72.2300033569336,67.14696502685547,3671074,PKN.WA,-0.00221019524884436,0.8416453462337828,69.72050037384034,67.79660018920899,59.01365007400513,0.19782429069538227,1.0556979584746489,-0.2027593314191355
2025-05-20,72.38999938964844,73.13999938964844,72.01000213623047,72.98999786376953,67.85346984863281,2702032,PKN.WA,0.01052186725065396,0.8505010268389854,70.18500022888183,67.97240020751953,59.05985006332398,0.19556888001884806,1.0556979584746489,-0.19437087093750494
2025-05-21,72.61000061035156,72.79000091552734,71.4000015258789,71.68000030517578,66.63566589355469,2504490,PKN.WA,-0.017947631140348363,0.8352365481247918,70.47000007629394,68.1168002319336,59.096800060272216,0.18289539005385153,1.0556979584746489,-0.2088300053818387
2025-05-22,72.56999969482422,72.63999938964844,70.19999694824219,70.5199966430664,65.55729675292969,2938339,PKN.WA,-0.016183086735082175,0.8217198426221776,70.64150009155273,68.23120010375976,59.13330003738403,0.1900997710658924,1.0556979584746489,-0.22163357802693895
2025-05-23,70.5,71.41999816894531,69.19999694824219,70.55000305175781,65.58518981933594,2428784,PKN.WA,0.0004255021287546956,0.8220694861644533,70.75400009155274,68.33660018920898,59.1627000617981,0.18115785996318035,1.0556979584746489,-0.2213023814574383
2025-05-26,71.47000122070312,71.9000015258789,71.16999816894531,71.9000015258789,66.84017944335938,1732845,PKN.WA,0.019135342533304955,0.8378000673683881,70.90900001525878,68.45120025634766,59.20530006408691,0.1906400323210561,1.0556979584746489,-0.20640173579675758
2025-05-27,71.9000015258789,72.5999984741211,71.25,72.5999984741211,67.49092102050781,3430193,PKN.WA,0.00973570143792335,0.8459566386889588,71.07299995422363,68.57060028076172,59.25130004882813,0.19159483877341948,1.0556979584746489,-0.1986755000348206
2025-05-28,72.5,74.62000274658203,72.2699966430664,74.55000305175781,69.30369567871094,6140059,PKN.WA,0.026859567749602853,0.8686786683390512,71.36399993896484,68.71380035400391,59.31855007171631,0.2055494733353959,1.0556979584746489,-0.17715227033858916
2025-05-29,74.69000244140625,75.47000122070312,72.11000061035156,72.62999725341797,67.51880645751953,3391991,PKN.WA,-0.025754603886559813,0.8463061933312747,71.58399963378906,68.81320022583007,59.37475006103516,0.22837429714094087,1.0556979584746489,-0.19834438767497387
2025-05-30,72.69999694824219,73.54000091552734,71.80000305175781,73.54000091552734,68.3647689819336,7189082,PKN.WA,0.012529308777669668,0.8569098249479764,71.80799980163575,68.91600021362305,59.43685007095337,0.22856714944825426,1.0556979584746489,-0.18830019697480171
2025-06-02,71.80000305175781,74.58999633789062,71.45999908447266,73.98999786376953,68.78309631347656,3584910,PKN.WA,0.0061190772727768294,0.8621533223826348,72.06649971008301,69.03060012817383,59.49560005187988,0.22735923864926427,1.0556979584746489,-0.18333334315779282
2025-06-03,73.9000015258789,74.37000274658203,71.87000274658203,74.30000305175781,69.0712890625,2696822,PKN.WA,0.004189825610740883,0.8657655944531388,72.31549987792968,69.15100021362305,59.559300060272214,0.22698597856063232,1.0556979584746489,-0.17991165228351724
2025-06-04,73.58999633789062,75.75,73.54000091552734,75.19999694824219,69.90795135498047,5282048,PKN.WA,0.01211297253726129,0.8762525893224554,72.57849960327148,69.29100021362305,59.61250005722046,0.22825586879278645,1.0556979584746489,-0.16997794464949945
2025-06-05,75.19999694824219,75.5,74.05999755859375,74.80000305175781,69.53610229492188,2517891,PKN.WA,-0.005319067988256432,0.8715917422249635,72.80949974060059,69.40000030517578,59.66795007705689,0.23051015080143122,1.0556979584746489,-0.17439288839366118
2025-06-06,74.66000366210938,74.75,73.0,73.72000122070312,68.5321044921875,3330931,PKN.WA,-0.014438526564061527,0.8590072417018317,72.88199996948242,69.47640029907227,59.72165008544922,0.2161083467855064,1.0556979584746489,-0.1863134386060673
2025-06-09,73.72000122070312,74.69999694824219,73.61000061035156,74.6500015258789,69.39665985107422,3303007,PKN.WA,0.01261530507021491,0.8698438801134242,72.98950004577637,69.56720031738281,59.77475009918213,0.21988529607510385,1.0556979584746489,-0.17604853440254875
2025-06-10,74.6500015258789,77.80000305175781,74.55000305175781,77.80000305175781,72.32498168945312,5869520,PKN.WA,0.04219693853304074,0.906548628855912,73.22950019836426,69.72640045166015,59.84085010528565,0.26278083216855097,1.0556979584746489,-0.14128030505452427
2025-06-11,77.5,77.87000274658203,75.94999694824219,76.86000061035156,71.45113372802734,2357914,PKN.WA,-0.01208229311740383,0.8955954425968944,73.43000030517578,69.88280044555664,59.908600101470945,0.2678618542046736,1.0556979584746489,-0.15165560811454304
2025-06-12,76.80000305175781,77.73999786376953,76.05000305175781,77.55999755859375,72.10186767578125,2689921,PKN.WA,0.009107428346128765,0.9037520139174651,73.72300033569336,70.07280044555664,59.97700008392334,0.2593719004801709,1.0556979584746489,-0.14392937235260606
2025-06-13,77.0,77.5,76.38999938964844,77.27999877929688,71.8415756225586,2634024,PKN.WA,-0.003610092678063115,0.9004893853892368,73.96750030517578,70.23940048217773,60.05325008392334,0.25986159031549666,1.0556979584746489,-0.14701986665738087
2025-06-16,77.19999694824219,79.77999877929688,77.19000244140625,78.62000274658203,73.0872802734375,3065764,PKN.WA,0.017339596123856715,0.9161035076457061,74.2870002746582,70.42900054931641,60.13105009078979,0.263503797097812,1.0556979584746489,-0.13222953564354634
2025-06-17,78.30000305175781,81.62000274658203,78.16999816894531,81.62000274658203,75.87615966796875,5006044,PKN.WA,0.03815822812509917,0.9510603942766546,74.71850051879883,70.72680053710937,60.22230010986328,0.2890709221063545,1.0556979584746489,-0.09911695230440953
2025-06-18,81.5,82.5999984741211,80.97000122070312,81.58000183105469,75.83897399902344,2661168,PKN.WA,-0.0004900871622308678,0.9505942917869133,75.21350059509277,71.07460052490234,60.312900123596194,0.27644829274806404,1.0556979584746489,-0.09955846352075659
2025-06-20,81.62000274658203,82.9800033569336,81.19999694824219,82.80000305175781,76.9731216430664,6057273,PKN.WA,0.014954660374115303,0.9648101065741593,75.82750091552734,71.4504005432129,60.41115013122558,0.2641878961307826,1.0556979584746489,-0.0860926661559629
2025-06-23,82.80000305175781,83.80000305175781,82.19000244140625,83.22000122070312,77.36356353759766,2364440,PKN.WA,0.005072441466974054,0.9697040493665018,76.46100082397462,71.84120056152344,60.50760013580322,0.2628884235232503,1.0556979584746489,-0.08145692469880073
2025-06-24,82.5999984741211,82.9000015258789,80.01000213623047,82.51000213623047,76.70352935791016,4392582,PKN.WA,-0.008531591853618292,0.9614309301985059,76.99150085449219,72.2506005859375,60.59845016479492,0.2662560128058451,1.0556979584746489,-0.08929355931723781
2025-06-25,82.5999984741211,83.5,81.26000213623047,81.97000122070312,76.20152282714844,2645897,PKN.WA,-0.006544672179692346,0.95513867993694,77.46000099182129,72.60400054931641,60.67860015869141,0.2703090453980711,1.0556979584746489,-0.09525383442344093
2025-06-26,81.9000015258789,82.91999816894531,81.31999969482422,82.70999908447266,76.88945007324219,2237373,PKN.WA,0.00902766686286971,0.9637613537472518,77.86800079345703,72.96940048217773,60.76930015563965,0.2594468446299412,1.0556979584746489,-0.08708608744515711
2025-06-27,82.75,83.0199966430664,80.80000305175781,81.61000061035156,75.86685943603516,2174032,PKN.WA,-0.01329946180990349,0.9509438464292294,78.3170009613037,73.30160049438477,60.85830015182495,0.2428918084533207,1.0556979584746489,-0.09922735116090975
2025-06-30,82.0,82.81999969482422,81.33000183105469,82.0999984741211,76.32237243652344,2735737,PKN.WA,0.006004139935116948,0.9566534463536288,78.7450008392334,73.68260047912598,60.95780014038086,0.24165065491048873,1.0556979584746489,-0.0938189861275539
2025-07-01,82.0,82.91000366210938,81.61000061035156,82.4800033569336,76.6756362915039,3714885,PKN.WA,0.004628561387029606,0.96108137555619,79.1695011138916,74.05500053405761,61.06420015335083,0.24166849183346056,1.0556979584746489,-0.08962467167708454
2025-07-02,82.4800033569336,83.7699966430664,82.19000244140625,83.72000122070312,77.82837677001953,3136024,PKN.WA,0.015033921111804682,0.9755301971383264,79.64050102233887,74.45540054321289,61.175750160217284,0.24391139213868135,1.0556979584746489,-0.07593816080894467
2025-07-03,83.80000305175781,84.95999908447266,83.80000305175781,84.16000366210938,78.23741149902344,2460132,PKN.WA,0.005255643036200075,0.9806572356255194,80.08850135803223,74.8190005493164,61.29245018005371,0.24288045888669366,1.0556979584746489,-0.07108162163878184
2025-07-04,84.16000366210938,84.5,83.41000366210938,84.48999786376953,78.54418182373047,1422472,PKN.WA,0.003921033594354917,0.9845024255909544,80.57300109863282,75.16700057983398,61.41355016708374,0.23948411310881654,1.0556979584746489,-0.06743930147081378
2025-07-07,84.48999786376953,84.79000091552734,83.6500015258789,84.44000244140625,78.4977035522461,1498276,PKN.WA,-0.0005917318455125331,0.9839198641537479,81.10900115966797,75.48980056762696,61.53665018081665,0.22843381355707978,1.0556979584746489,-0.06799112733400692
2025-07-08,84.44000244140625,85.94000244140625,84.44000244140625,85.87000274658203,79.82707214355469,3107983,PKN.WA,0.0169351049719364,1.000582650337165,81.67000122070313,75.83120056152343,61.66215019226074,0.2303716349268279,1.0556979584746489,-0.05220745924063208
2025-07-09,85.5999984741211,87.6500015258789,85.54000091552734,85.8499984741211,79.80847930908203,6041858,PKN.WA,-0.0002329599606508692,1.0003495546423147,82.07250099182129,76.16180053710937,61.78790018081665,0.190473686245945,1.0556979584746489,-0.05242825695363251
2025-07-10,85.8499984741211,86.94000244140625,84.55000305175781,85.0,79.01829528808594,3120680,PKN.WA,-0.009900972501208805,0.9904451212102047,82.47950096130371,76.4872004699707,61.90645017623901,0.1880201979204397,1.0556979584746489,-0.061810138724457064
2025-07-11,86.30000305175781,86.95999908447266,85.19999694824219,86.95999908447266,80.84036254882812,1728871,PKN.WA,0.023058812758501857,1.0132836098077624,82.94950103759766,76.86180038452149,62.036850166320804,0.19819877561987506,1.0556979584746489,-0.04017659438137955
2025-07-14,86.9000015258789,88.22000122070312,86.4000015258789,88.19999694824219,81.99309539794922,3171589,PKN.WA,0.014259405207272424,1.027732431389899,83.49550094604493,77.24460037231445,62.191550159454344,0.197081748948988,1.0556979584746489,-0.02649008351323945
2025-07-15,88.4000015258789,88.94000244140625,87.19999694824219,87.5,81.34236145019531,2129590,PKN.WA,-0.007936473610684613,1.0195758600693283,83.93950080871582,77.61820037841797,62.34845016479492,0.1993975638599142,1.0556979584746489,-0.03421631927517643
2025-07-16,87.5,87.9000015258789,86.83999633789062,87.5,81.34236145019531,1261913,PKN.WA,0.0,1.0195758600693283,84.23350067138672,77.98180038452148,62.50455017089844,0.15807402126209036,1.0556979584746489,-0.03421631927517643
2025-07-17,87.5,87.5999984741211,85.08999633789062,86.5199966430664,80.43132781982422,2234519,PKN.WA,-0.011200038364955311,1.0081565713205696,84.48050041198731,78.31340026855469,62.64965015411377,0.1660574494234667,1.0556979584746489,-0.04503313355154215
2025-07-18,86.75,88.05000305175781,86.5999984741211,87.41000366210938,81.25869750976562,1829844,PKN.WA,0.010286720452783227,1.0185271961423807,84.71100044250488,78.65800033569336,62.80090017318726,0.16238480771437744,1.0556979584746489,-0.03520965635471651
2025-07-21,87.41999816894531,88.26000213623047,86.36000061035156,86.91000366210938,80.79388427734375,1634376,PKN.WA,-0.005720169077360837,1.012701048370556,84.8955005645752,78.95080047607422,62.957750186920165,0.164848738720065,1.0556979584746489,-0.04072842024457257
2025-07-22,86.87000274658203,86.9000015258789,85.58000183105469,86.69000244140625,80.58937072753906,1602487,PKN.WA,-0.0025313682134734394,1.0101375291269596,85.10450057983398,79.23460052490235,63.106850204467776,0.16098774696940438,1.0556979584746489,-0.043156689829653816
2025-07-23,86.9000015258789,87.4000015258789,85.01000213623047,85.7300033569336,79.6969223022461,2475431,PKN.WA,-0.011073930758296102,0.9989513360730514,85.29250068664551,79.48920059204102,63.256150226593014,0.16512093640079786,1.0556979584746489,-0.0537527063930191
2025-07-24,85.6500015258789,86.1500015258789,84.12000274658203,85.0,79.01829528808594,2380967,PKN.WA,-0.008515144387598483,0.990445121210205,85.40700073242188,79.7322006225586,63.39600023269654,0.16736221809045335,1.0556979584746489,-0.06181013872445673
2025-07-25,84.5999984741211,84.79000091552734,82.5999984741211,83.20999908447266,77.35426330566406,3067905,PKN.WA,-0.021058834300321738,0.9695875015190772,85.48700065612793,79.9624006652832,63.51905023574829,0.17832051898419124,1.0556979584746489,-0.08156732355530028
2025-07-28,83.25,84.83999633789062,82.69999694824219,83.72000122070312,77.82837677001953,1757644,PKN.WA,0.006129096765314479,0.9755301971383271,85.56800079345703,80.18900070190429,63.65040023803711,0.1783672843741013,1.0556979584746489,-0.075938160808944
2025-07-29,83.4800033569336,85.9800033569336,83.44000244140625,84.81999969482422,78.85095977783203,2444477,PKN.WA,0.013139016460609776,0.9883477044563495,85.68500061035157,80.4408006286621,63.78600023269653,0.18313438309760494,1.0556979584746489,-0.06379689709319136
2025-07-30,85.0,85.27999877929688,84.13999938964844,84.72000122070312,78.75800323486328,1710180,PKN.WA,-0.0011789492393406986,0.9871824926819766,85.73500061035156,80.67540069580077,63.92970024108887,0.1761071429030932,1.0556979584746489,-0.06490063302923177
2025-07-31,84.72000122070312,85.0199966430664,83.5,83.66000366210938,77.77259826660156,2197787,PKN.WA,-0.012511774590658442,0.9748310878536953,85.71000061035156,80.91500076293946,64.07200025558471,0.18116758109596132,1.0556979584746489,-0.07660038552863746
2025-08-01,83.66000366210938,83.66000366210938,81.63999938964844,82.44999694824219,76.64774322509766,3436380,PKN.WA,-0.014463383467615332,0.9607317320139147,85.60800056457519,81.15360076904297,64.20570024490357,0.18722442392975952,1.0556979584746489,-0.08995586824658486
2025-08-04,82.41999816894531,83.13999938964844,81.9000015258789,82.87999725341797,77.0474853515625,1776492,PKN.WA,0.0052152858834635385,0.9657422226536824,85.53000030517578,81.40020065307617,64.34310022354126,0.1885860512407202,1.0556979584746489,-0.08520972793292247
2025-08-05,83.3499984741211,83.81999969482422,82.2300033569336,82.62000274658203,76.8057861328125,2421668,PKN.WA,-0.003136999462499568,0.9627126898203047,85.36750030517578,81.61460067749023,64.47780023574829,0.17653220758637433,1.0556979584746489,-0.08807942452469664
2025-08-06,82.80000305175781,84.3499984741211,82.18000030517578,84.33000183105469,78.39544677734375,4202016,PKN.WA,0.02069715598676125,0.98263810453195,85.29150047302247,81.8492007446289,64.62345024108886,0.1938850768800696,1.0556979584746489,-0.0692052621265472
2025-08-07,84.33000183105469,84.69000244140625,82.72000122070312,82.72000122070312,76.89875030517578,2215147,PKN.WA,-0.019091670525242188,0.9638779015946776,85.17750053405761,82.01260070800781,64.76335023880004,0.20216110380774313,1.0556979584746489,-0.08697568858865634
2025-08-08,82.9000015258789,83.9800033569336,82.83999633789062,83.88999938964844,77.98641204833984,1909684,PKN.WA,0.014144078235971858,0.977511066044757,85.02400054931641,82.23780075073242,64.91075023651123,0.1900382854918175,1.0556979584746489,-0.07406180129671003
2025-08-11,84.0,84.86000061035156,83.66999816894531,83.68000030517578,77.79119110107422,2522530,PKN.WA,-0.0025032672070631756,0.9750640946485858,84.79800071716309,82.44060073852539,65.0614002418518,0.18040627769735185,1.0556979584746489,-0.07637967202529117
2025-08-12,84.0,85.26000213623047,83.97000122070312,85.26000213623047,79.26000213623047,3390676,PKN.WA,0.018881474967644918,0.9934747429435424,84.68600082397461,82.66600082397461,65.22070024490357,0.19439029647164743,1.0556979584746489,-0.05894035792302865
2025-08-13,80.19999694824219,80.77999877929688,78.0999984741211,78.55999755859375,78.55999755859375,3486291,PKN.WA,-0.07858320912227157,0.9154043094611151,84.2390007019043,82.75120071411133,65.34485023498536,0.33621994133287897,1.0556979584746489,-0.13289184457289327
2025-08-14,78.94999694824219,79.37999725341797,77.30000305175781,78.13999938964844,78.13999938964844,1460963,PKN.WA,-0.005346209037647376,0.9105103666687727,83.8200008392334,82.81000076293945,65.47170022964478,0.33546498086321286,1.0556979584746489,-0.13752758603005544
2025-08-18,78.0,78.9800033569336,76.54000091552734,78.94999694824219,78.94999694824219,2265064,PKN.WA,0.010365978563100064,0.9199486976111416,83.39700050354004,82.89300064086915,65.60260021209717,0.3355125626735584,1.0556979584746489,-0.12858721547557783
2025-08-19,79.0,80.02999877929688,78.4800033569336,79.37999725341797,79.37999725341797,1938632,PKN.WA,0.005446489193124071,0.9249591882509093,83.02050018310547,83.00620056152344,65.73410018920899,0.3374673163103442,1.0556979584746489,-0.12384107516191534
2025-08-20,78.88999938964844,80.77999877929688,77.55000305175781,80.19000244140625,80.19000244140625,2740111,PKN.WA,0.01020414734208619,0.934397608093238,82.69550018310547,83.11700057983398,65.86595020294189,0.34135745721698374,1.0556979584746489,-0.1149006203977837
2025-08-21,80.19999694824219,83.19999694824219,79.12000274658203,83.19999694824219,83.19999694824219,3199345,PKN.WA,0.037535782706021203,0.9694709536716518,82.56899986267089,83.22500045776367,66.01430019378662,0.3697841722064649,1.0556979584746489,-0.08167772241180071
2025-08-22,82.69000244140625,83.9000015258789,82.37999725341797,83.4000015258789,83.4000015258789,3615392,PKN.WA,0.0024039012616927646,0.9718014661203576,82.48899993896484,83.35580047607422,66.16650020599366,0.3689619761902275,1.0556979584746489,-0.07947016633006587
2025-08-25,83.4000015258789,84.0999984741211,82.18000030517578,83.80000305175781,83.80000305175781,2347825,PKN.WA,0.004796181277703981,0.9764624021178093,82.5185001373291,83.4806005859375,66.3235502243042,0.3613627853175079,1.0556979584746489,-0.07505513837625011
2025-08-26,83.5,83.66000366210938,82.66000366210938,83.25,83.25,2257434,PKN.WA,-0.006563282001530668,0.9700536040088181,82.49500007629395,83.60000061035156,66.47935022354126,0.36159886618157144,1.0556979584746489,-0.08112581233895355
2025-08-27,83.25,83.5999984741211,79.04000091552734,80.4800033569336,80.4800033569336,3722428,PKN.WA,-0.0332732329497466,0.9377767844688915,82.27800025939942,83.6372006225586,66.61910024642944,0.37641134817321864,1.0556979584746489,-0.11169972723650878
2025-08-28,80.4800033569336,81.36000061035156,77.91999816894531,78.18000030517578,78.18000030517578,2385184,PKN.WA,-0.028578565554441715,0.9109764691585137,81.95100021362305,83.56840057373047,66.74950025558472,0.3876790950158245,1.0556979584746489,-0.1370860748137086
2025-08-29,78.05000305175781,78.91000366210938,77.0999984741211,77.77999877929688,77.77999877929688,2094517,PKN.WA,-0.005116417553306496,0.906315533161062,81.65699996948243,83.49240051269531,66.87900024414063,0.3863406702812872,1.0556979584746489,-0.14150110276752437
2025-09-01,77.77999877929688,78.83000183105469,76.91999816894531,77.81999969482422,77.81999969482422,2039521,PKN.WA,0.0005142827996287291,0.906781635650803,81.42550010681153,83.39280044555665,66.99960023880004,0.3842780563922144,1.0556979584746489,-0.14105959155117742
2025-09-02,78.0,78.30000305175781,76.83999633789062,77.69000244140625,77.69000244140625,2138023,PKN.WA,-0.001670486429295348,0.9052668692341141,81.16600036621094,83.2822004699707,67.12505025863648,0.38319662501803925,1.0556979584746489,-0.14249443984706456
2025-09-03,78.0,80.30000305175781,77.91999816894531,79.62000274658203,79.62000274658203,3871472,PKN.WA,0.024842325196622106,0.927755803189356,81.01600036621093,83.22440048217773,67.27120027542114,0.39567663660504093,1.0556979584746489,-0.12119200786383377
2025-09-04,79.69999694824219,81.1500015258789,79.01000213623047,80.4800033569336,80.4800033569336,2890197,PKN.WA,0.01080131349767477,0.9377767844688913,80.82350044250488,83.19460052490234,67.41940029144287,0.38981455851951,1.0556979584746489,-0.1116997272365089
2025-09-05,80.48999786376953,82.05000305175781,80.0199966430664,81.08000183105469,81.08000183105469,2629582,PKN.WA,0.007455249118965224,0.9447681440150891,80.74150047302246,83.16200057983399,67.55930030822753,0.3857811719870873,1.0556979584746489,-0.1050772274106122
2025-09-08,81.47000122070312,83.04000091552734,81.19999694824219,83.04000091552734,83.04000091552734,2253385,PKN.WA,0.0241736438111666,0.9676066326126468,80.69900054931641,83.1906005859375,67.71060031890869,0.39248826943138876,1.0556979584746489,-0.0834436830675348
2025-09-09,83.04000091552734,83.19000244140625,81.63999938964844,82.44000244140625,82.44000244140625,1741921,PKN.WA,-0.007225415071122732,0.960615273066449,80.63700065612792,83.1974006652832,67.85580032348633,0.393211362153416,1.0556979584746489,-0.09006618289343138
2025-09-10,80.9800033569336,81.29000091552734,79.12000274658203,80.58999633789062,80.58999633789062,2458546,PKN.WA,-0.02244063620486314,0.9390584551907295,80.40350036621093,83.15960052490234,68.00015029907226,0.3936289005980591,1.0556979584746489,-0.11048567665362241
2025-09-11,80.58999633789062,82.5999984741211,80.44000244140625,82.5999984741211,82.5999984741211,3145741,PKN.WA,0.0249410873255671,0.9624795941254536,80.60550041198731,83.13720046997071,68.15700029373168,0.2847514738762798,1.0556979584746489,-0.08830022223769773
2025-09-12,82.51000213623047,82.56999969482422,81.0999984741211,81.23999786376953,81.23999786376953,1441445,PKN.WA,-0.01646489873456425,0.9466324650740935,80.76050033569337,83.0788003540039,68.3020002746582,0.2915534080584033,1.0556979584746489,-0.10331126675487878
2025-09-15,81.30000305175781,82.76000213623047,81.12999725341797,82.75,82.75,1980243,PKN.WA,0.018586929787499207,0.9642274562369929,80.95050048828125,83.04400039672852,68.45660026550293,0.29606741745630216,1.0556979584746489,-0.08664457622881017
2025-09-16,82.7699966430664,83.19000244140625,81.77999877929688,82.45999908447266,82.45999908447266,1931868,PKN.WA,-0.0035045427858289013,0.9608482798613394,81.10450057983398,83.00440032958984,68.6094002532959,0.2965977163233453,1.0556979584746489,-0.0898454693900852
2025-09-17,82.72000122070312,82.94000244140625,81.55999755859375,82.22000122070312,82.22000122070312,1577457,PKN.WA,-0.0029104761876564966,0.9580517538228522,81.20600051879883,82.93140029907227,68.76025026321412,0.2954790938959303,1.0556979584746489,-0.09249445247851307
2025-09-18,82.22000122070312,82.73999786376953,81.80000305175781,82.12999725341797,82.12999725341797,1371905,PKN.WA,-0.0010946724148490627,0.9570030009959446,81.15250053405762,82.8570002746582,68.91445024490356,0.26286374250551486,1.0556979584746489,-0.09348787376770729
2025-09-19,82.48999786376953,82.72000122070312,80.70999908447266,81.5199966430664,81.5199966430664,3932167,PKN.WA,-0.007427257162439194,0.9498950936023217,81.05850028991699,82.78740020751952,69.06595022201537,0.26373015176264347,1.0556979584746489,-0.10022077245010408
2025-09-22,81.48999786376953,82.22000122070312,80.80000305175781,82.22000122070312,82.22000122070312,1159478,PKN.WA,0.008586906359941082,0.9580517538228523,80.97950019836426,82.69260025024414,69.22195022583008,0.2651759371812924,1.0556979584746489,-0.09249445247851296
2025-09-23,82.30000305175781,84.97000122070312,82.26000213623047,84.97000122070312,84.97000122070312,3078293,PKN.WA,0.03344684941828424,0.9900955665678884,81.06550025939941,82.62800033569336,69.38795022964477,0.2905018640708659,1.0556979584746489,-0.06214125108430413
2025-09-24,85.04000091552734,88.44000244140625,85.01000213623047,88.44000244140625,88.44000244140625,5158839,PKN.WA,0.04083795658293643,1.0305290463283456,81.46350021362305,82.64680038452148,69.57350023269653,0.29302014780048263,1.0556979584746489,-0.023841016215157884
2025-09-25,88.33000183105469,88.77999877929688,86.95999908447266,88.75,88.75,2079316,PKN.WA,0.0035051735644073823,1.0341412294988896,81.99200019836425,82.67180038452149,69.75895023345947,0.2652337536383204,1.0556979584746489,-0.02041940955053656
2025-09-26,88.69999694824219,89.18000030517578,87.76000213623047,89.13999938964844,89.13999938964844,2705406,PKN.WA,0.004394359319982444,1.038685617648916,82.56000022888183,82.72420043945313,69.94245023727417,0.2618397882324965,1.0556979584746489,-0.016114780453221234
2025-09-29,89.1500015258789,89.48999786376953,87.5,88.27999877929688,88.27999877929688,1304772,PKN.WA,-0.009647752033207113,1.0286646363693808,83.08300018310547,82.74160034179687,70.12315023422241,0.2675831554756612,1.0556979584746489,-0.025607061080546
2025-09-30,88.58999633789062,88.75,85.58999633789062,86.5199966430664,86.5199966430664,3125456,PKN.WA,-0.019936589947520678,1.008156571320569,83.52449989318848,82.73380020141602,70.29035020828248,0.28238958680239734,1.0556979584746489,-0.045033133551542814
2025-10-01,86.69999694824219,87.86000061035156,86.05000305175781,87.8499984741211,87.8499984741211,1660967,PKN.WA,0.015372190044592005,1.0236541457296129,83.93599967956543,82.75700012207031,70.46350019454957,0.27572902894485724,1.0556979584746489,-0.030353201394208718
2025-10-02,88.30999755859375,88.36000061035156,86.58999633789062,86.61000061035156,86.61000061035156,1491729,PKN.WA,-0.014114944625011172,1.0092053241474763,84.24249954223633,82.77460006713868,70.64610019683838,0.2829530474038956,1.0556979584746489,-0.04403971226234871
2025-10-03,87.08999633789062,87.80000305175781,85.44999694824219,86.1500015258789,86.1500015258789,1019969,PKN.WA,-0.005311154384378125,1.0038452788653927,84.49599952697754,82.79760009765624,70.83250020980834,0.28440671893060687,1.0556979584746489,-0.04911696493585804
2025-10-06,86.0,86.52999877929688,85.19999694824219,85.61000061035156,85.61000061035156,1162446,PKN.WA,-0.006268147486510833,0.9975530286038268,84.62449951171875,82.84560012817383,71.01455020904541,0.27498694669487916,1.0556979584746489,-0.05507724004206116
2025-10-07,86.0,87.44999694824219,85.76000213623047,87.2300033569336,87.2300033569336,1378233,PKN.WA,0.018923054958910335,1.0164297793885244,84.86399955749512,82.91580017089844,71.20927522659302,0.2794020718515441,1.0556979584746489,-0.03719641472345181
2025-10-08,87.26000213623047,88.22000122070312,86.61000061035156,88.0999984741211,88.0999984741211,1968799,PKN.WA,0.009973576564334063,1.026567219615525,85.23949966430663,82.98140014648438,71.4181752204895,0.2635377114647326,1.0556979584746489,-0.027593819449280743
2025-10-09,88.0999984741211,89.5,87.91000366210938,88.87999725341797,88.87999725341797,1860879,PKN.WA,0.008853561779867736,1.0356559959155782,85.55349960327149,83.06460006713867,71.62990020751953,0.2530420967151148,1.0556979584746489,-0.018984561254649757
2025-10-10,88.87999725341797,89.4000015258789,87.76000213623047,89.0,89.0,2012617,PKN.WA,0.0013501659573624814,1.0370543033848019,85.94149971008301,83.17139999389649,71.83957521438599,0.24177970646963934,1.0556979584746489,-0.017660027605608697
2025-10-13,87.5,88.94999694824219,87.2699966430664,88.62999725341797,88.62999725341797,1300188,PKN.WA,-0.004157334231258747,1.032742922029666,86.23549957275391,83.295,72.04840019226074,0.23787714040017605,1.0556979584746489,-0.02174394319957762
2025-10-14,87.5999984741211,87.77999877929688,84.8499984741211,87.12999725341797,87.12999725341797,1776149,PKN.WA,-0.016924292524923334,1.0152644787141918,86.46899948120117,83.38,72.25150018692017,0.247716810298532,1.0556979584746489,-0.03830023486914613
2025-10-15,87.19999694824219,90.0,87.19999694824219,89.33999633789062,89.33999633789062,3966564,PKN.WA,0.025364388317893116,1.041016041197662,86.82499923706055,83.51439987182617,72.46370016098022,0.2590356663664741,1.0556979584746489,-0.013907308581140532
2025-10-16,89.5,90.0,89.12000274658203,89.94000244140625,89.94000244140625,1381766,PKN.WA,0.006715985315763451,1.0480074896438196,87.21549949645996,83.6265998840332,72.67740016937256,0.2583665682714659,1.0556979584746489,-0.007284724545589705
2025-10-17,89.0999984741211,89.4000015258789,87.5999984741211,88.8499984741211,88.8499984741211,1366066,PKN.WA,-0.012119234352870545,1.0353064412732627,87.58199958801269,83.74919982910156,72.87480016708373,0.2617960159897933,1.0556979584746489,-0.019315673614496154
2025-10-20,89.0,92.20999908447266,88.9000015258789,92.08999633789062,92.08999633789062,2753652,PKN.WA,0.0364659304379531,1.0730598539426983,88.07549934387207,83.9131997680664,73.0890001487732,0.28529892528974526,1.0730598539426983,0.0
2025-10-21,92.0,92.79000091552734,91.62000274658203,91.81999969482422,91.81999969482422,1459367,PKN.WA,-0.002931878095376983,1.0699137732618953,88.41799926757812,84.07599975585937,73.29837514877319,0.2672570913237944,1.0730598539426983,-0.002931878095376983
2025-10-22,92.0,95.19999694824219,92.0,95.0,95.0,3115552,PKN.WA,0.03463298100353884,1.1069680766466992,88.74599914550781,84.27079971313476,73.5233751487732,0.2566144291873218,1.1069680766466992,0.0
2025-10-23,95.5,97.69999694824219,95.3499984741211,97.30000305175781,97.30000305175781,3680401,PKN.WA,0.024210558439555996,1.133768391957077,89.1734992980957,84.64559982299805,73.76095016479492,0.2667243836793342,1.133768391957077,0.0
2025-10-24,97.30000305175781,98.4000015258789,96.72000122070312,97.6500015258789,97.6500015258789,1839167,PKN.WA,0.0035971065071285224,1.1378466776173624,89.59899940490723,85.03579986572265,73.99790018081666,0.26675318791801866,1.1378466776173624,0.0
2025-10-27,98.0,99.5999984741211,97.87999725341797,97.9000015258789,97.9000015258789,2097703,PKN.WA,0.0025601638104812974,1.1407597515032748,90.07999954223632,85.41479995727539,74.23635019302368,0.2615110980372643,1.1407597515032748,0.0
2025-10-28,97.9000015258789,99.6500015258789,97.31999969482422,98.91999816894531,98.91999816894531,2196910,PKN.WA,0.01041876023665611,1.152645053841815,90.69999961853027,85.80559997558593,74.4787001800537,0.24426846678031489,1.152645053841815,0.0
2025-10-29,99.0,99.8499984741211,98.41999816894531,99.81999969482422,99.81999969482422,1799881,PKN.WA,0.009098276814985429,1.1631321376110915,91.29849967956542,86.1981999206543,74.7198501777649,0.24236649174164518,1.1631321376110915,0.0
2025-10-30,99.2699966430664,101.77999877929688,99.25,100.5999984741211,100.5999984741211,2347402,PKN.WA,0.007814053112417785,1.1722209139111446,91.99799957275391,86.54619995117187,74.9653501701355,0.22978071818855017,1.1722209139111446,0.0
2025-10-31,100.5999984741211,101.44000244140625,99.52999877929688,100.05999755859375,100.05999755859375,2068056,PKN.WA,-0.005367802422643786,1.1659286636495787,92.69349937438965,86.87939987182617,75.20315015792846,0.22982306244804598,1.1722209139111446,-0.005367802422643675
2025-11-03,100.41999816894531,100.94000244140625,98.0999984741211,99.08999633789062,99.08999633789062,1582833,PKN.WA,-0.009694195926150284,1.1546259227482452,93.3674991607666,87.18519973754883,75.43355014801026,0.23286870435954615,1.1722209139111446,-0.015009961820416029
2025-11-04,98.30000305175781,98.48999786376953,96.61000061035156,97.72000122070312,97.72000122070312,1721250,PKN.WA,-0.013825766150156071,1.1386623347494198,93.89199905395508,87.47459976196289,75.65700016021728,0.24034361174162103,1.1722209139111446,-0.028628203748520153
2025-11-05,97.5,98.27999877929688,96.93000030517578,97.95999908447266,97.95999908447266,1329463,PKN.WA,0.002455974833928787,1.141458860787907,94.38499908447265,87.82419967651367,75.88280015945435,0.2400941702780572,1.1722209139111446,-0.02624253906253826
2025-11-06,97.95999908447266,99.69999694824219,97.66000366210938,98.5999984741211,98.5999984741211,1487622,PKN.WA,0.006533272719781769,1.148916322823846,94.87099914550781,88.23259963989258,76.11080015182495,0.239795904277462,1.1722209139111446,-0.01988071600731156
2025-11-07,98.75,99.44999694824219,98.41000366210938,98.93000030517578,98.93000030517578,1232442,PKN.WA,0.003346874606101613,1.1527616016892408,95.3674991607666,88.65559967041015,76.34195014953613,0.23946311555306524,1.1722209139111446,-0.016600379664765796
2025-11-10,99.41000366210938,101.9800033569336,99.4000015258789,101.80000305175781,101.80000305175781,1785380,PKN.WA,0.029010439075394245,1.1862037219035004,96.0259994506836,89.13519973754883,76.58945016860962,0.2505725635696579,1.1862037219035004,0.0
2025-11-12,101.80000305175781,104.5999984741211,101.80000305175781,103.5,103.5,2963174,PKN.WA,0.016699380130449137,1.2060125887677207,96.8444995880127,89.6513996887207,76.84500017166138,0.23586536032209532,1.2060125887677207,0.0
2025-11-13,103.5,105.27999877929688,103.4800033569336,103.76000213623047,103.76000213623047,1910978,PKN.WA,0.0025120979345938377,1.2090422105010583,97.56549987792968,90.13419967651367,77.10230018615722,0.22834328699377118,1.2090422105010583,0.0
2025-11-14,102.5199966430664,104.0,102.30000305175781,104.0,104.0,1178185,PKN.WA,0.002313009433581481,1.2118387365395455,98.26849975585938,90.604599609375,77.3552001953125,0.2291046651737067,1.2118387365395455,0.0
2025-11-17,104.0,104.9800033569336,102.73999786376953,102.76000213623047,102.76000213623047,1223560,PKN.WA,-0.011923056382399322,1.197389914957409,98.96399993896485,91.03819961547852,77.60005020141601,0.2288840908569995,1.2118387365395455,-0.011923056382399322
2025-11-18,101.27999877929688,101.81999969482422,99.37000274658203,100.72000122070312,100.72000122070312,2140245,PKN.WA,-0.019852091019060936,1.173619221380369,99.39550018310547,91.39179962158204,77.83880020141602,0.22118816899289376,1.2118387365395455,-0.031538449800931456
2025-11-19,100.5,102.54000091552734,100.5,101.87999725341797,101.87999725341797,1567109,PKN.WA,0.011517037516441286,1.1871358379830232,99.89850006103515,91.78059951782227,78.0771001815796,0.22062511204447025,1.2118387365395455,-0.020384641794057856
2025-11-20,102.0,102.4000015258789,99.30999755859375,101.19999694824219,101.19999694824219,2402113,PKN.WA,-0.006674522217392065,1.1792122734573431,100.20849990844727,92.19279953002929,78.30885017395019,0.19503043644262216,1.2118387365395455,-0.026923106266901975
2025-11-21,99.0,99.2699966430664,97.27999877929688,98.5999984741211,98.5999984741211,2854397,PKN.WA,-0.025691685301639233,1.1489163228238466,100.27349967956543,92.5127995300293,78.52355016708374,0.20408644547979013,1.2118387365395455,-0.05192309159498931
2025-11-24,98.94000244140625,99.38999938964844,95.56999969482422,96.58000183105469,96.58000183105469,5190296,PKN.WA,-0.020486781686883893,1.1253787249416571,100.21999969482422,92.819599609375,78.72575017929077,0.21710810960944918,1.2118387365395455,-0.07134613623985853
2025-11-25,96.70999908447266,97.13999938964844,94.58000183105469,95.19000244140625,95.19000244140625,2671469,PKN.WA,-0.014392207116333822,1.1091820412479811,100.08449974060059,93.06839965820312,78.91840019226075,0.22225664068602277,1.2118387365395455,-0.08471151498647811
2025-11-26,95.12000274658203,96.19000244140625,94.3499984741211,95.58000183105469,95.58000183105469,1749258,PKN.WA,0.004097062502845361,1.1137264293980078,99.91749992370606,93.33079971313477,79.10900020599365,0.2189402661743144,1.2118387365395455,-0.080961520855243
2025-11-27,95.4000015258789,95.43000030517578,92.80000305175781,93.30999755859375,93.30999755859375,1673561,PKN.WA,-0.023749782684387766,1.087275668729946,99.59199981689453,93.55259963989258,79.29030019760131,0.2284428060850957,1.2118387365395455,-0.10278848501352111
2025-11-28,93.1500015258789,94.0999984741211,91.80000305175781,94.0199966430664,94.0199966430664,1840834,PKN.WA,0.00760903550583425,1.095548787897942,99.2629997253418,93.79039962768555,79.47345018386841,0.22831201764347495,1.2118387365395455,-0.09596157073974565
2025-12-01,94.0,95.58999633789062,93.80000305175781,94.38999938964844,94.38999938964844,1185354,PKN.WA,0.003935362261144215,1.0998601692530778,98.97949981689453,94.04779968261718,79.65745018005371,0.22956746338672773,1.2118387365395455,-0.0924038520226107
2025-12-02,95.1500015258789,95.1500015258789,92.37999725341797,93.0,93.0,1786470,PKN.WA,-0.014726129872195681,1.0836634855594018,98.675,94.26339965820313,79.83125017166138,0.23224716581205063,1.2118387365395455,-0.10576923076923028
2025-12-03,93.0,93.30000305175781,90.86000061035156,91.56999969482422,91.56999969482422,1923059,PKN.WA,-0.015376347367481502,1.0670006993759846,98.36749992370605,94.39539962768555,79.98410017013549,0.23326306824780843,1.2118387365395455,-0.11951923370361295
2025-12-04,91.56999969482422,92.36000061035156,91.12000274658203,91.66999816894531,91.66999816894531,1495996,PKN.WA,0.0010920440586912328,1.0681659111503576,98.0529998779297,94.45999954223633,80.13850015640259,0.23287884895691394,1.2118387365395455,-0.11855770991398695
2025-12-05,91.80000305175781,92.05999755859375,90.63999938964844,91.66000366210938,91.66000366210938,1336461,PKN.WA,-0.00010902702122361774,1.0680494522028923,97.7060001373291,94.51819961547852,80.29620018005372,0.2303729311692767,1.2118387365395455,-0.1186538109412556
2025-12-08,92.0,92.12999725341797,90.4000015258789,91.66000366210938,91.66000366210938,1357049,PKN.WA,0.0,1.0680494522028923,97.34250030517578,94.56859970092773,80.45265020370483,0.22934949299370325,1.2118387365395455,-0.1186538109412556
2025-12-09,91.4000015258789,92.4800033569336,90.9000015258789,92.4800033569336,92.4800033569336,2177805,PKN.WA,0.008946101484427427,1.0776043309926864,96.87650032043457,94.65259979248047,80.61555021286011,0.2006461422186223,1.2118387365395455,-0.11076919849102274
2025-12-10,92.5999984741211,93.13999938964844,91.5,92.87000274658203,92.87000274658203,2575272,PKN.WA,0.004217121274782132,1.082148719142713,96.34500045776367,94.77959991455079,80.77665021896362,0.18743589296981097,1.2118387365395455,-0.10701920435978762
2025-12-11,92.87000274658203,94.75,92.26000213623047,94.37999725341797,94.37999725341797,1710227,PKN.WA,0.016259227545802002,1.0997436214056526,95.87600021362304,94.91019989013672,80.93960020065308,0.20093709175767524,1.2118387365395455,-0.0925000264094421
2025-12-12,94.66999816894531,94.69999694824219,92.7300033569336,93.5999984741211,93.5999984741211,2004968,PKN.WA,-0.008264450116506339,1.0906548451055995,95.3560001373291,95.04999984741211,81.09300020217896,0.19957908003075248,1.2118387365395455,-0.10000001467191211
2025-12-15,93.7300033569336,95.0999984741211,93.5,94.81999969482422,94.81999969482422,2651188,PKN.WA,0.013034201288373293,1.1048706598928455,94.9590000152588,95.22339981079102,81.25360019683838,0.20788205290062428,1.2118387365395455,-0.08826923370361284
2025-12-16,94.5199966430664,94.79000091552734,91.9000015258789,91.9000015258789,91.9000015258789,2497153,PKN.WA,-0.030795171676263,1.0708459782413793,94.51800003051758,95.34919982910156,81.39250019073486,0.22213833381560308,1.2118387365395455,-0.11634613917424097
2025-12-17,92.0999984741211,93.02999877929688,91.5,92.33000183105469,92.33000183105469,2422771,PKN.WA,0.004679002154909684,1.0758564688811472,94.04050025939941,95.45119979858399,81.54335020065308,0.21687162829069545,1.2118387365395455,-0.11221152085524289
2025-12-18,92.33000183105469,92.4000015258789,91.30000305175781,92.3499984741211,92.3499984741211,2000802,PKN.WA,0.00021657795591734086,1.076089475676038,93.59800033569336,95.53619979858398,81.68875019073486,0.21746865621270936,1.2118387365395455,-0.11201924544114272
2025-12-19,92.5,93.7300033569336,92.01000213623047,93.16000366210938,93.16000366210938,4321072,PKN.WA,0.008771036289895173,1.0855278955183667,93.32600059509278,95.62179992675782,81.8335502243042,0.20703140968948996,1.2118387365395455,-0.1042307340181785
2025-12-22,93.19999694824219,95.0999984741211,92.9800033569336,94.87000274658203,94.87000274658203,1177823,PKN.WA,0.018355506840411984,1.1054533102300121,93.24050064086914,95.73919998168945,81.98560024261475,0.20880415546562267,1.2118387365395455,-0.08778843512901835
2025-12-23,95.0,95.11000061035156,93.41000366210938,93.88999938964844,93.88999938964844,881092,PKN.WA,-0.01032996024624766,1.0940340214812532,93.17550048828124,95.84440002441406,82.1310502243042,0.20577544270914522,1.2118387365395455,-0.09721154433030299
2025-12-29,93.88999938964844,95.62000274658203,93.31999969482422,95.62000274658203,95.62000274658203,746448,PKN.WA,0.01842585331962776,1.1141925318877492,93.17750053405761,96.01420013427735,82.28275024414063,0.21614447201734271,1.2118387365395455,-0.0805768966674798
2025-12-30,95.63999938964844,96.58000183105469,95.22000122070312,96.11000061035156,96.11000061035156,1240593,PKN.WA,0.005124428463656905,1.1199021318121487,93.3175006866455,96.14960021972657,82.43245025634765,0.19735461089108225,1.2118387365395455,-0.07586537874661903
2026-01-02,96.77999877929688,101.37999725341797,96.25,101.30000305175781,101.30000305175781,3073072,PKN.WA,0.054000649343948215,1.1803775741316767,93.68150100708007,96.3768002319336,82.60580028533936,0.2711431556995657,1.2118387365395455,-0.025961509117712778
2026-01-05,100.31999969482422,101.58000183105469,99.5999984741211,99.75,99.75,2402948,PKN.WA,-0.01530111554849467,1.162316480479036,93.94950103759766,96.59480026245117,82.76760028839111,0.27955181614412294,1.2118387365395455,-0.040865384615384026
2026-01-07,99.69999694824219,100.33999633789062,98.19999694824219,99.62000274658203,99.62000274658203,3395047,PKN.WA,-0.001303230610706474,1.1608017140623472,94.28050117492675,96.745400390625,82.92740028381348,0.27228577557617045,1.2118387365395455,-0.04211535820594137
2026-01-08,99.91999816894531,99.97000122070312,92.58000183105469,92.58000183105469,92.58000183105469,3152589,PKN.WA,-0.07066854769554687,1.0787695427670596,94.33100128173828,96.76060043334961,83.04830028533935,0.3747892282822678,1.2118387365395455,-0.10980767470139663
2026-01-09,92.58000183105469,96.4000015258789,92.5,96.19000244140625,96.19000244140625,2012143,PKN.WA,0.03899330891070085,1.1208343367916311,94.55700149536133,96.78440048217773,83.18795028686523,0.3985510615066325,1.2118387365395455,-0.07509613037109308
2026-01-12,96.44000244140625,98.87000274658203,95.80000305175781,98.8499984741211,98.8499984741211,1571116,PKN.WA,0.027653560299420565,1.1518293967097595,94.91650123596192,96.815400390625,83.34080028533936,0.40801544306508125,1.2118387365395455,-0.04951924544114272
2026-01-13,98.8499984741211,99.80000305175781,97.48999786376953,97.97000122070312,97.97000122070312,2977325,PKN.WA,-0.008902349691470635,1.1415754086353336,95.2320011138916,96.82180038452148,83.48965030670166,0.4104187399758993,1.2118387365395455,-0.0579807574932385
2026-01-14,98.0,99.5199966430664,97.22000122070312,98.36000061035156,98.36000061035156,2762325,PKN.WA,0.003980804172594166,1.14611979678536,95.5260009765625,96.83100036621094,83.63470031738281,0.40994800357255207,1.2118387365395455,-0.05423076336200361
2026-01-15,98.30000305175781,99.80000305175781,97.55000305175781,99.80000305175781,99.80000305175781,2878289,PKN.WA,0.014640122330933591,1.1628991308162024,95.87250099182128,96.84860046386719,83.78420032501221,0.4118860432706263,1.2118387365395455,-0.04038458604078965
2026-01-16,99.72000122070312,100.0,98.73999786376953,99.62999725341797,99.62999725341797,1936443,PKN.WA,-0.00170346486113504,1.1609181730098126,96.13500099182129,96.84480041503906,83.93180030822754,0.409683047507335,1.2118387365395455,-0.04201925717867272
2026-01-19,99.52999877929688,99.52999877929688,97.33000183105469,97.91000366210938,97.91000366210938,1825029,PKN.WA,-0.017263812493476527,1.1408762993507018,96.3505012512207,96.79100051879882,84.07215034484864,0.414194333408433,1.2118387365395455,-0.05855765709510152
2026-01-20,97.69999694824219,98.0999984741211,96.08999633789062,97.54000091552734,97.54000091552734,1504473,PKN.WA,-0.003779008607321943,1.136564917995566,96.48650131225585,96.7406005859375,84.21465034484864,0.41286369909013537,1.2118387365395455,-0.06211537581223647
2026-01-21,98.2699966430664,98.95999908447266,96.45999908447266,98.93000030517578,98.93000030517578,2208598,PKN.WA,0.01425055748002535,1.1527616016892421,96.8380012512207,96.7374006652832,84.36900035858154,0.39641831152106444,1.2118387365395455,-0.04874999706561667
2026-01-22,99.4000015258789,104.9800033569336,99.2699966430664,104.9800033569336,104.9800033569336,5555995,PKN.WA,0.061154382220711456,1.2232580252883056,97.47050132751465,96.88260070800781,84.549150390625,0.44538070727892765,1.2232580252883056,0.0
2026-01-23,104.5,104.5199966430664,102.5199966430664,103.18000030517578,103.18000030517578,1946357,PKN.WA,-0.01714615159267785,1.2022838577497525,98.01200141906739,96.98700073242188,84.71935039520264,0.45299206188386326,1.2232580252883056,-0.01714615159267785
2026-01-26,103.9000015258789,104.5,102.30000305175781,102.73999786376953,102.73999786376953,1617624,PKN.WA,-0.004264415973103786,1.1971568192625597,98.49100112915039,97.06980072021484,84.89940036773682,0.45427585565280487,1.2232580252883056,-0.021337449243052586
2026-01-27,103.0,104.72000122070312,102.22000122070312,103.9800033569336,103.9800033569336,2523425,PKN.WA,0.012069354866137694,1.211605729744656,98.94650115966797,97.17080078125,85.09835037231446,0.45242322479491487,1.2232580252883056,-0.00952562362376752
2026-01-28,104.9000015258789,105.0999984741211,103.5199966430664,104.95999908447266,104.95999908447266,1932410,PKN.WA,0.009424848008275477,1.2230249295934552,99.50000114440918,97.2340007019043,85.30310035705567,0.44897704127540083,1.2232580252883056,-0.0001905531703301211
2026-01-29,105.0999984741211,108.95999908447266,104.58000183105469,106.4800033569336,106.4800033569336,2931843,PKN.WA,0.01448174814900316,1.24073646860378,100.04300117492676,97.29360076904297,85.51710037231446,0.4477422817101391,1.24073646860378,0.0
2026-01-30,105.80000305175781,108.69999694824219,105.26000213623047,107.95999908447266,107.95999908447266,2793690,PKN.WA,0.013899283253945294,1.2579818162244039,100.63550109863282,97.37760070800782,85.74670036315918,0.4486564113923426,1.2579818162244039,0.0
2026-02-02,105.5199966430664,108.4000015258789,103.62000274658203,107.23999786376953,107.23999786376953,2849022,PKN.WA,-0.006669148080853171,1.2495921492089828,100.9325008392334,97.4424006652832,85.96140033721923,0.41323188552408235,1.2579818162244039,-0.00666914808085306
2026-02-03,108.0,108.22000122070312,104.68000030517578,106.0999984741211,106.0999984741211,4315862,PKN.WA,-0.010630356325599832,1.2363085394012192,101.25000076293945,97.50920059204101,86.16970031738282,0.41078708458377167,1.2579818162244039,-0.017228608985965232
2026-02-04,107.4000015258789,110.66000366210938,107.0199966430664,110.5199966430664,110.5199966430664,2453732,PKN.WA,0.04165879578239018,1.2878116643681596,101.79500045776368,97.70520050048827,86.39730030059815,0.4320069334477201,1.2878116643681596,0.0
2026-02-05,108.9000015258789,109.76000213623047,106.37999725341797,107.0,107.0,2310538,PKN.WA,-0.03184940960896454,1.2467956231704957,102.51600036621093,97.80760055541992,86.61705030441284,0.35654394127380745,1.2878116643681596,-0.03184940960896454
2026-02-06,106.9800033569336,111.0,106.95999908447266,110.73999786376953,110.73999786376953,1569871,PKN.WA,0.03495325106326663,1.290375183611756,103.24350013732911,97.99840057373046,86.85145029067994,0.35207124655580774,1.290375183611756,0.0
2026-02-09,110.0,111.4000015258789,109.30000305175781,110.05999755859375,110.05999755859375,1326771,PKN.WA,-0.006140512175305535,1.282451619086076,103.80400009155274,98.22760055541993,87.0832502746582,0.34654929606572854,1.290375183611756,-0.006140512175305535
2026-02-10,110.0,111.0,108.69999694824219,109.16000366210938,109.16000366210938,1276635,PKN.WA,-0.008177302529969954,1.2719646242167593,104.36350021362304,98.47920059204101,87.29915027618408,0.3461559748253787,1.290375183611756,-0.014267601879529135
2026-02-11,109.5,112.18000030517578,108.19999694824219,111.9000015258789,111.9000015258789,1616104,PKN.WA,0.025100749100841258,1.30389188911437,105.04050025939941,98.81340057373046,87.52320030212402,0.3528628171185304,1.30389188911437,0.0
2026-02-12,111.9000015258789,112.4000015258789,109.80000305175781,110.4800033569336,110.4800033569336,1061861,PKN.WA,-0.012689885161591419,1.2873456507783783,105.5745002746582,99.11140060424805,87.7341003036499,0.35800491006502005,1.30389188911437,-0.012689885161591419
2026-02-13,110.0,110.05999755859375,107.23999786376953,108.36000061035156,108.36000061035156,1520067,PKN.WA,-0.019189017760370852,1.2626427522218557,106.01100044250488,99.4124006652832,87.93190029144287,0.36780980664296575,1.30389188911437,-0.0316353964902194
2026-02-16,108.0,109.55999755859375,107.94000244140625,109.04000091552734,109.04000091552734,615560,PKN.WA,0.006275381149368764,1.2705663167475358,106.56750030517578,99.71280075073243,88.13050029754639,0.35874963198956367,1.30389188911437,-0.025558539511638223
2026-02-17,108.80000305175781,108.80000305175781,105.87999725341797,106.45999908447266,106.45999908447266,1323204,PKN.WA,-0.023661058413356084,1.2405033729089296,107.01350021362305,99.9542007446289,88.31915027618408,0.37235443563320164,1.30389188911437,-0.04861485582864944
2026-02-18,106.94000244140625,108.41999816894531,106.68000030517578,108.19999694824219,108.19999694824219,966633,PKN.WA,0.016344146897736556,1.2607783422628909,107.47700004577636,100.25820068359376,88.51900024414063,0.3731442556140966,1.30389188911437,-0.033065277275988514
2026-02-19,110.94000244140625,111.81999969482422,109.5199966430664,111.5,111.5,2163390,PKN.WA,0.03049910485058871,1.2992309531169182,107.8029998779297,100.65680068969726,88.73120025634766,0.3243589777205903,1.30389188911437,-0.003574633783954062
2026-02-20,111.5,111.69999694824219,109.16000366210938,109.94000244140625,109.94000244140625,1226962,PKN.WA,-0.01399100949411436,1.2810534005168122,108.14099998474121,101.02220077514649,88.93680027008057,0.32191630982963504,1.30389188911437,-0.017515630542859095
2026-02-23,111.04000091552734,113.33999633789062,109.58000183105469,113.0,113.0,1761398,PKN.WA,0.027833340828099518,1.3167093964323924,108.65400009155273,101.4490007019043,89.15520027160645,0.33182729667165833,1.3167093964323924,0.0
2026-02-24,113.0,113.69999694824219,111.81999969482422,113.36000061035156,113.36000061035156,1383733,PKN.WA,0.0031858461093059454,1.320904229940103,109.12299995422363,101.88300064086914,89.37230026245118,0.3308057470831854,1.320904229940103,0.0
2026-02-25,113.80000305175781,115.0999984741211,113.22000122070312,115.0999984741211,115.0999984741211,1222811,PKN.WA,0.015349310642211123,1.3411791992940643,109.62999992370605,102.33540054321288,89.5969002532959,0.3326311421209388,1.3411791992940643,0.0
2026-02-26,115.0,115.87999725341797,113.55999755859375,115.23999786376953,115.23999786376953,1615345,PKN.WA,0.0012163283362676136,1.3428105135581783,110.06799964904785,102.78280044555665,89.81175025939942,0.3308536503961035,1.3428105135581783,0.0
2026-02-27,115.44000244140625,115.87999725341797,113.18000030517578,114.66000366210938,114.66000366210938,2884232,PKN.WA,-0.0050329244395317385,1.3360522497068312,110.40299987792969,103.18840057373046,90.02255027770997,0.3302911004926445,1.3428105135581783,-0.0050329244395316275
2026-03-02,116.55999755859375,122.63999938964844,116.0,120.5,120.5,4321090,PKN.WA,0.05093316022473249,1.4041016130097637,111.06599998474121,103.72640060424804,90.26005027770996,0.36849700739365654,1.4041016130097637,0.0
2026-03-03,121.0,121.5,113.80000305175781,114.72000122070312,114.72000122070312,3451224,PKN.WA,-0.047966794848936734,1.3367513589914632,111.49700012207032,104.12440063476562,90.46940029144287,0.4122180039568353,1.4041016130097637,-0.047966794848936734
2026-03-04,114.05999755859375,117.9000015258789,113.9000015258789,117.80000305175781,117.80000305175781,2376462,PKN.WA,0.02684799336019217,1.3726404506018939,111.86100044250489,104.6424006652832,90.69990032196046,0.3974717001168129,1.4041016130097637,-0.0224066136783585
2026-03-05,118.5,120.5,117.5,119.69999694824219,119.69999694824219,1779859,PKN.WA,0.01612898002769647,1.3947797410148601,112.49600028991699,105.18980056762695,90.93645030975341,0.37684123763365995,1.4041016130097637,-0.00663902947516859
2026-03-06,119.69999694824219,120.26000213623047,116.5,119.0,119.0,1563767,PKN.WA,-0.005847927870414771,1.3866231696942894,112.90900039672852,105.72280059814453,91.17030029296875,0.36267165146841107,1.4041016130097637,-0.012448132780082943
2026-03-09,118.4000015258789,120.37999725341797,116.66000366210938,118.87999725341797,118.87999725341797,2655766,PKN.WA,-0.0010084264418658284,1.385224862225066,113.35000038146973,106.2372004699707,91.399750289917,0.3612511672888359,1.4041016130097637,-0.013444006195701408
2026-03-10,118.0,122.08000183105469,117.22000122070312,122.08000183105469,122.08000183105469,2678666,PKN.WA,0.026917939532041135,1.4225122613047203,113.99600028991699,106.78140045166016,91.65175029754639,0.36685830784496315,1.4225122613047203,0.0
2026-03-11,122.04000091552734,129.5,122.0,128.89999389648438,128.89999389648438,3623916,PKN.WA,0.055864940720330214,1.5019808244564514,114.84599990844727,107.48160034179688,91.94365028381348,0.4027528743704009,1.5019808244564514,0.0
2026-03-12,128.89999389648438,130.89999389648438,127.19999694824219,130.5,130.5,3910110,PKN.WA,0.01241277097965221,1.5206245684462585,115.84699974060058,108.17920028686524,92.2434002685547,0.3959443111870913,1.5206245684462585,0.0
2026-03-13,128.82000732421875,130.0,127.22000122070312,128.39999389648438,128.39999389648438,1818623,PKN.WA,-0.01609200079322315,1.4961546766846268,116.84899940490723,108.82500015258789,92.52590023040771,0.39319873692820023,1.5206245684462585,-0.01609200079322315
2026-03-16,128.39999389648438,130.1999969482422,128.0800018310547,129.5800018310547,129.5800018310547,2275982,PKN.WA,0.009190093385219589,1.5099044778820916,117.8759994506836,109.39060012817383,92.81080024719239,0.3930855980331285,1.5206245684462585,-0.007049794398048204
2026-03-17,129.5800018310547,136.3800048828125,129.55999755859375,136.0399932861328,136.0399932861328,3317921,PKN.WA,0.049853305786340396,1.585178207526112,119.3549991607666,110.11639999389648,93.11825019836425,0.3987549142977429,1.585178207526112,0.0
2026-03-18,136.0399932861328,136.25999450683594,130.16000366210938,133.13999938964844,133.13999938964844,3094953,PKN.WA,-0.021317215815975676,1.5513866215694965,120.60199928283691,110.78679992675781,93.42080020904541,0.41613514378961763,1.585178207526112,-0.021317215815975676
2026-03-19,133.0,134.47999572753906,132.36000061035156,133.1999969482422,133.1999969482422,3342781,PKN.WA,0.00045063511242893206,1.5520857308541283,121.68699913024902,111.59919982910156,93.71910018920899,0.41085603922706687,1.585178207526112,-0.020876186989492562
2026-03-20,133.1999969482422,134.1999969482422,131.5,133.8000030517578,133.8000030517578,9353128,PKN.WA,0.004504550429898169,1.559077179300286,122.8799991607666,112.35139984130859,94.01815021514892,0.40213460520638655,1.585178207526112,-0.01646567439667257
2026-03-23,132.47999572753906,132.5,124.83999633789062,127.55999755859375,127.55999755859375,4065086,PKN.WA,-0.046636811291777325,1.486366791099942,123.60799903869629,112.92559982299805,94.2844501876831,0.4435078709748011,1.585178207526112,-0.062334579138820456
2026-03-24,127.0,130.75999450683594,127.0,129.94000244140625,129.94000244140625,3394047,PKN.WA,0.01865792512044595,1.5140993113898022,124.43699913024902,113.56499984741211,94.55815021514893,0.44539507120168204,1.585178207526112,-0.04483968792836113
2026-03-25,127.0,133.63999938964844,126.55999755859375,133.63999938964844,133.63999938964844,2583814,PKN.WA,0.028474656600923298,1.5572127693413214,125.36399917602539,114.27059982299805,94.85235019683837,0.45097376790609683,1.585178207526112,-0.017641826043290454
2026-03-26,132.89999389648438,133.9199981689453,124.66000366210938,130.67999267578125,130.67999267578125,3868783,PKN.WA,-0.02214910750812582,1.522721896300154,126.13599891662598,114.88819961547851,95.13715015411377,0.4630171186673365,1.585178207526112,-0.03940018284974378
2026-03-27,128.52000427246094,131.33999633789062,127.87999725341797,129.86000061035156,129.86000061035156,2079604,PKN.WA,-0.006274809545360971,1.5131671064103198,126.89599876403808,115.49279968261719,95.41320014953614,0.46345561200223107,1.585178207526112,-0.045427763751670236
2026-03-30,130.4600067138672,133.97999572753906,130.02000427246094,132.55999755859375,132.55999755859375,2147089,PKN.WA,0.02079159814840592,1.5446282688181894,127.49899864196777,116.18579956054687,95.68700012207032,0.43684067110190294,1.585178207526112,-0.025580681411969675
2026-03-31,132.4600067138672,134.33999633789062,131.16000366210938,134.33999633789062,134.33999633789062,2869791,PKN.WA,0.013427872752563186,1.565369340661892,128.47999839782716,116.92179946899414,95.97440010070801,0.38965942473603393,1.585178207526112,-0.012496302794330227
2026-04-01,133.0,133.9600067138672,129.3800048828125,130.5399932861328,130.5399932861328,2641307,PKN.WA,-0.028286460885409648,1.5210905820360399,129.1169979095459,117.55399932861329,96.2393000793457,0.4035808486108949,1.585178207526112,-0.04042928749953589
2026-04-02,132.0,133.94000244140625,129.86000061035156,133.94000244140625,133.94000244140625,2412548,PKN.WA,0.0260457279771793,1.5607084935644,129.8289981842041,118.13319931030273,96.52260009765625,0.4085644916595802,1.585178207526112,-0.01543656974688068
2026-04-07,133.89999389648438,136.8800048828125,133.22000122070312,135.0,135.0,2702312,PKN.WA,0.007913972967541705,1.5730598983926813,130.6289981842041,118.76959930419922,96.80450008392334,0.40620779412388375,1.585178207526112,-0.007644761375027342
2026-04-08,125.0,131.16000366210938,121.0,131.16000366210938,131.16000366210938,3718714,PKN.WA,-0.028444417317708304,1.528315126177048,131.24299850463868,119.33799942016601,97.05220008850098,0.42432701238813364,1.585178207526112,-0.03587172790989013
2026-04-09,133.0,136.0,132.82000732421875,136.0,136.0,2400776,PKN.WA,0.036901465406781186,1.5847121939363307,131.93899841308593,119.97839935302734,97.3243000793457,0.4324852157044719,1.585178207526112,-0.0002939818296572305
2026-04-10,135.25999450683594,135.25999450683594,128.5,128.5800018310547,128.5800018310547,2385700,PKN.WA,-0.054558810065774344,1.4982521823384418,131.92299880981446,120.45079940795898,97.55320007324218,0.44037393350137727,1.585178207526112,-0.05483675259662457
2026-04-13,132.66000366210938,134.0,129.32000732421875,131.39999389648438,131.39999389648438,2289944,PKN.WA,0.021931809187053508,1.531111563315575,131.96799850463867,120.94919921875,97.79410003662109,0.4451334400152366,1.585178207526112,-0.03410761260395789
2026-04-14,131.39999389648438,132.5,126.80000305175781,127.80000305175781,127.80000305175781,2253259,PKN.WA,-0.027397191871733284,1.4891634060383887,131.93799896240233,121.3459992980957,98.02055004119873,0.45254345622162384,1.585178207526112,-0.060570351668893796
2026-04-15,127.80000305175781,129.6999969482422,127.5,129.6199951171875,129.6199951171875,1666756,PKN.WA,0.014240939139043673,1.5103704914718723,131.93999862670898,121.79359924316407,98.25880001068116,0.45423307430536064,1.585178207526112,-0.04719199122159734
2026-04-16,129.60000610351562,129.9600067138672,127.5,129.63999938964844,129.63999938964844,1902430,PKN.WA,0.00015433014360821673,1.5106035871667227,131.61999893188477,122.26439926147461,98.49345001220703,0.4150449006647819,1.585178207526112,-0.04704494422477157
2026-04-17,129.5,129.94000244140625,123.0,124.0199966430664,124.0199966430664,2311600,PKN.WA,-0.043350839039195344,1.445117654207427,131.16399879455565,122.5343992614746,98.7054999923706,0.43545816368078444,1.585178207526112,-0.08835634545927085
2026-04-20,125.9800033569336,127.77999877929688,125.58000183105469,127.4800033569336,127.4800033569336,1879743,PKN.WA,0.027898780902447573,1.485434675020419,130.87799911499025,122.94399932861329,98.93240001678467,0.4491772790122492,1.585178207526112,-0.06292259888013252
2026-04-21,127.4000015258789,127.4800033569336,126.0,126.94000244140625,126.94000244140625,1110586,PKN.WA,-0.004235965651925744,1.4791424247588532,130.53499908447264,123.26799942016602,99.15470001220703,0.44861932344237915,1.585178207526112,-0.06689202656447202
2026-04-22,126.94000244140625,129.6199951171875,126.5,127.9800033569336,127.9800033569336,1246827,PKN.WA,0.008192854069050348,1.4912608227922437,130.55599937438964,123.62639953613281,99.37600002288818,0.41781993893200686,1.585178207526112,-0.05924720910744752
2026-04-23,128.1999969482422,129.77999877929688,127.76000213623047,128.5399932861328,128.5399932861328,1589406,PKN.WA,0.004375604895378915,1.4977859909487403,130.485998916626,124.01399932861328,99.5978999710083,0.4126296173427515,1.585178207526112,-0.05513084659027656
2026-04-24,128.8000030517578,129.5399932861328,127.54000091552734,129.0800018310547,129.0800018310547,963216,PKN.WA,0.004201093613874773,1.5040783301102663,130.25799903869628,124.3575993347168,99.82084999084472,0.39901468479310737,1.585178207526112,-0.05116136282393968
2026-04-27,129.0800018310547,129.3000030517578,126.91999816894531,127.0999984741211,127.0999984741211,946895,PKN.WA,-0.015339350238971261,1.481006745817858,130.0789993286133,124.68999923706055,100.0341499710083,0.3950374123217037,1.585178207526112,-0.0657159309998514
2026-04-28,127.31999969482422,129.39999389648438,126.9800033569336,128.32000732421875,128.32000732421875,1380890,PKN.WA,0.009598810894919652,1.495222649505064,130.00199966430665,125.08919937133788,100.24639999389649,0.3962909153918202,1.585178207526112,-0.0567479148993828
2026-04-29,128.5,133.0800018310547,128.4199981689453,130.9199981689453,130.9199981689453,2633451,PKN.WA,0.020261772882831153,1.5255185112386007,129.9199996948242,125.52679931640625,100.4717499923706,0.39592125753321267,1.585178207526112,-0.03763595537981723
2026-04-30,132.16000366210938,135.0,131.83999633789062,132.9199981689453,132.9199981689453,2348693,PKN.WA,0.015276504949374603,1.5488231023258998,129.84899978637696,126.0559992980957,100.71134998321533,0.39682619445547085,1.585178207526112,-0.022934396289076786
2026-05-04,133.60000610351562,138.0,133.5,138.0,138.0,2309175,PKN.WA,0.03821849158166435,1.6080167850236295,130.2220001220703,126.65199935913085,100.96654998779297,0.40460610950520837,1.6080167850236295,0.0
2026-05-05,138.0,144.66000366210938,137.22000122070312,144.25999450683594,144.25999450683594,2725340,PKN.WA,0.045362279035042974,1.6809600911189042,130.7379997253418,127.30719924926758,101.24684997558593,0.42446175685323473,1.6809600911189042,0.0
2026-05-06,145.0,145.0,136.5800018310547,141.0,141.0,2871298,PKN.WA,-0.022598049570017542,1.642973671654578,131.0379997253418,127.92839920043946,101.51434997558594,0.4344870144648409,1.6809600911189042,-0.022598049570017542
2026-05-07,141.0,141.6999969482422,138.10000610351562,140.0,140.0,1607314,PKN.WA,-0.007092198581560294,1.6313213761109284,131.47999954223633,128.46839920043945,101.77684997558593,0.42068657496991996,1.6809600911189042,-0.029529978296471415
2026-05-08,140.1999969482422,141.77999877929688,138.66000366210938,140.3000030517578,140.3000030517578,737872,PKN.WA,0.002142878941127302,1.6348171003340073,131.69499969482422,129.0071992492676,102.0457500076294,0.40186742618532095,1.6809600911189042,-0.02745037852396759
2026-05-11,141.0,145.17999267578125,140.72000122070312,143.86000061035156,143.86000061035156,1479831,PKN.WA,0.025374180193570295,1.6762992440214124,132.45899963378906,129.58239929199217,102.32799999237061,0.3498101580469001,1.6809600911189042,-0.0027727291814462207
2026-05-12,144.0,146.97999572753906,142.9199981689453,143.3800048828125,143.3800048828125,1730291,PKN.WA,-0.0033365475149631507,1.6707061919444381,133.05800018310546,130.14519943237303,102.61034999847412,0.34589033681792913,1.6809600911189042,-0.0061000253537493165
2026-05-13,144.0,145.39999389648438,143.13999938964844,144.67999267578125,144.67999267578125,1137015,PKN.WA,0.009066730009050117,1.6858540339112467,133.90199966430663,130.74559921264648,102.900299949646,0.3247251258335332,1.6858540339112467,0.0
2026-05-14,144.89999389648438,145.74000549316406,144.0,144.36000061035156,144.36000061035156,885736,PKN.WA,-0.002211722986099174,1.682125391793237,134.63899993896484,131.2227992248535,103.19344993591308,0.32472155778165024,1.6858540339112467,-0.002211722986099174
2026-05-15,144.6999969482422,144.9600067138672,140.0,140.0800018310547,140.0800018310547,1093552,PKN.WA,-0.029648093385987173,1.6322535810904109,135.16100006103517,131.72999923706055,103.46884994506836,0.3477623971558999,1.6858540339112467,-0.031794243002450595
2026-05-18,141.0,145.1199951171875,140.60000610351562,145.1199951171875,145.1199951171875,1229884,PKN.WA,0.03597939192070654,1.6909810723984395,136.21599998474122,132.27639907836914,103.77839992523194,0.31680420034589707,1.6909810723984395,0.0
2026-05-19,145.1199951171875,146.3000030517578,143.1199951171875,143.33999633789062,143.33999633789062,1328025,PKN.WA,-0.012265703136631778,1.670240000554737,137.00899963378907,132.7491990661621,104.07649990081786,0.315546833708133,1.6909810723984395,-0.012265703136631778
2026-05-20,143.33999633789062,146.4600067138672,143.1999969482422,145.47999572753906,145.47999572753906,1628911,PKN.WA,0.014929534284372936,1.6951759059061502,137.9359992980957,133.27879898071288,104.37979988098145,0.3145798755074271,1.6951759059061502,0.0
2026-05-21,145.39999389648438,145.39999389648438,142.32000732421875,142.32000732421875,142.32000732421875,838574,PKN.WA,-0.02172111971489521,1.6583547871161568,138.65299949645996,133.7475991821289,104.66779991149902,0.3306182038860554,1.6951759059061502,-0.02172111971489521
2026-05-22,142.24000549316406,144.5,141.16000366210938,143.33999633789062,143.33999633789062,1030757,PKN.WA,0.007166870160062899,1.670240000554737,139.39299964904785,134.17279907226563,104.96619987487793,0.3306375449388938,1.6951759059061502,-0.014709921999560116
2026-05-25,142.10000610351562,143.8800048828125,141.36000061035156,143.24000549316406,143.24000549316406,801855,PKN.WA,-0.0006975781169329398,1.6690748776803241,140.10099983215332,134.45959930419923,105.27014991760254,0.331382257784147,1.6951759059061502,-0.015397238796804325
2026-05-26,144.0,145.0,141.5,141.5,141.5,1196926,PKN.WA,-0.012147482731331705,1.6487998194264029,140.82099990844728,134.67959930419923,105.56324993133545,0.32891430962239493,1.6951759059061502,-0.027357683835741664
2026-05-27,142.8000030517578,143.5,137.3000030517578,138.67999267578125,138.67999267578125,1642226,PKN.WA,-0.01992938038317138,1.6159402606493498,141.3389991760254,134.88519927978516,105.84354988098144,0.34062474742260157,1.6951759059061502,-0.046741842531347944
2026-05-28,140.83999633789062,142.77999877929688,140.0,141.24000549316406,141.24000549316406,1123138,PKN.WA,0.018459856883377812,1.645770286593025,141.85499954223633,135.11839935302734,106.128099899292,0.3395496112137747,1.6951759059061502,-0.02914483337156415
2026-05-29,141.97999572753906,143.16000366210938,140.25999450683594,141.75999450683594,141.75999450683594,2895695,PKN.WA,0.003681598650865592,1.6518293522597807,142.29699935913087,135.2327993774414,106.42329986572265,0.33693418739302067,1.6951759059061502,-0.025570534299919068
2026-06-01,143.0,145.5,142.5,144.5,144.5,1278844,PKN.WA,0.019328481936643493,1.6837567060573513,142.62199935913085,135.45999938964843,106.72634986877442,0.31716272136095514,1.6951759059061502,-0.006736291973601927
2026-06-02,144.5399932861328,145.27999877929688,142.66000366210938,143.6199951171875,143.6199951171875,1166701,PKN.WA,-0.006089999189013873,1.6735026290829653,142.58999938964843,135.66839935302735,107.02604984283447,0.2746595347626963,1.6951759059061502,-0.012785267149959534
2026-06-03,143.6199951171875,146.13999938964844,143.5,145.8800048828125,145.8800048828125,1024878,PKN.WA,0.01573603845189475,1.699836930803562,142.83399963378906,135.90999938964845,107.32914985656738,0.26656380476050107,1.699836930803562,0.0
2026-06-05,145.8000030517578,145.8000030517578,142.44000244140625,143.0,143.0,1169336,PKN.WA,-0.01974228671795053,1.6662782627418768,142.98399963378907,136.21879943847657,107.65134986877442,0.2758053992065057,1.699836930803562,-0.01974228671795064
