Date,Open,High,Low,Close,Adj Close,Volume,Symbol,Return,Cumulative_Return,MA20,MA50,MA200,Volatility_20,Running_Max,Drawdown
2020-01-01,34.459999084472656,34.459999084472656,34.459999084472656,34.459999084472656,27.709758758544922,0,PKO.WA,,,,,,,,
2020-01-02,34.900001525878906,35.70000076293945,34.70000076293945,35.470001220703125,28.52191734313965,3224053,PKO.WA,0.029309406937435556,1.0293094069374356,,,,,1.0293094069374356,0.0
2020-01-03,35.209999084472656,35.209999084472656,34.56999969482422,34.75,27.942951202392578,2330131,PKO.WA,-0.020298877810099314,1.0084155810572268,,,,,1.0293094069374356,-0.020298877810099203
2020-01-06,34.75,34.75,34.75,34.75,27.942951202392578,0,PKO.WA,0.0,1.0084155810572268,,,,,1.0293094069374356,-0.020298877810099203
2020-01-07,34.66999816894531,35.0,34.400001525878906,34.43000030517578,27.685636520385742,1969077,PKO.WA,-0.009208624311488278,0.9991294608214197,,,,,1.0293094069374356,-0.029320577381889423
2020-01-08,34.209999084472656,34.38999938964844,33.810001373291016,34.06999969482422,27.39615249633789,2463297,PKO.WA,-0.010456015311084532,0.9886825478813154,,,,,1.0293094069374356,-0.039470016286939025
2020-01-09,34.25,34.75,34.20000076293945,34.75,27.942951202392578,2161231,PKO.WA,0.019958917266414966,1.0084155810572268,,,,,1.0293094069374356,-0.020298877810099203
2020-01-10,34.810001373291016,34.88999938964844,34.25,34.7400016784668,27.934911727905273,1351336,PKO.WA,-0.00028772148296984934,1.0081254382307951,,,,,1.0293094069374356,-0.020580758869842897
2020-01-13,34.7400016784668,35.81999969482422,34.5099983215332,35.40999984741211,28.47366714477539,3445095,PKO.WA,0.019286071864544674,1.02756821788099,,,,,1.0293094069374356,-0.0016916089998888495
2020-01-14,35.650001525878906,35.779998779296875,35.15999984741211,35.439998626708984,28.49778938293457,4638712,PKO.WA,0.0008471838301651324,1.0284387570595703,,,,,1.0293094069374356,-0.0008458582735153541
2020-01-15,35.470001220703125,35.4900016784668,34.709999084472656,34.810001373291016,27.991199493408203,2816783,PKO.WA,-0.017776446891371478,1.0101567701136729,,,,,1.0293094069374356,-0.01860726881021002
2020-01-16,35.040000915527344,35.18000030517578,34.529998779296875,34.880001068115234,28.047489166259766,2719983,PKO.WA,0.0020109075571002055,1.0121881019965504,,,,,1.0293094069374356,-0.016633778750577255
2020-01-17,34.91999816894531,35.380001068115234,34.900001525878906,35.0,28.143980026245117,1613045,PKO.WA,0.0034403362445554198,1.015670369410157,,,,,1.0293094069374356,-0.013250668297941193
2020-01-20,35.119998931884766,35.22999954223633,34.959999084472656,35.04999923706055,28.184185028076172,1052681,PKO.WA,0.0014285496303012568,1.0171213049408858,,,,,1.0293094069374356,-0.011841047904938229
2020-01-21,34.9900016784668,35.38999938964844,34.83000183105469,34.97999954223633,28.127897262573242,1586381,PKO.WA,-0.0019971382695552764,1.0150899730580083,,,,,1.0293094069374356,-0.013814537964570994
2020-01-22,35.08000183105469,35.29999923706055,34.349998474121094,34.47999954223633,27.725841522216797,1193864,PKO.WA,-0.014293882405466585,1.000580396352149,,,,,1.0293094069374356,-0.027910956988886126
2020-01-23,34.369998931884766,35.779998779296875,34.31999969482422,35.2599983215332,28.35304832458496,2452635,PKO.WA,0.022621774641888193,1.0232153005895184,,,,,1.0293094069374356,-0.005920577726039933
2020-01-24,35.189998626708984,35.869998931884766,35.15999984741211,35.720001220703125,28.722944259643555,2064862,PKO.WA,0.013046027256586656,1.0365641952903657,,,,,1.0365641952903657,0.0
2020-01-27,35.220001220703125,35.560001373291016,34.459999084472656,34.459999084472656,27.709758758544922,2624193,PKO.WA,-0.03527441470243231,1.0000000000000002,,,,,1.0365641952903657,-0.03527441470243242
2020-01-28,34.68000030517578,35.2599983215332,34.59000015258789,34.900001525878906,28.063570022583008,2011179,PKO.WA,0.012768498348698865,1.012768498348699,34.89050006866455,,,,1.0365641952903657,-0.022956317659612813
2020-01-29,34.93000030517578,35.25,34.65999984741211,34.900001525878906,28.063570022583008,2967505,PKO.WA,0.0,1.012768498348699,34.91250019073486,,,0.25379296770910115,1.0365641952903657,-0.022956317659612813
2020-01-30,34.540000915527344,35.029998779296875,34.5099983215332,34.70000076293945,27.902748107910156,2123124,PKO.WA,-0.005730680635963603,1.0069646455264982,34.87400016784668,,,0.23095781518154967,1.0365641952903657,-0.028555442970491507
2020-01-31,34.86000061035156,34.970001220703125,33.790000915527344,34.209999084472656,27.508729934692383,4098405,PKO.WA,-0.01412108552430158,0.9927452116470705,34.84700012207031,,,0.22507579869823682,1.0365641952903657,-0.042273294642422465
2020-02-03,34.0,34.84000015258789,33.20000076293945,34.65999984741211,27.870580673217773,2974197,PKO.WA,0.013154071177502669,1.005803852822201,34.84250011444092,,,0.23038872118961365,1.0365641952903657,-0.029675289391553727
2020-02-04,35.0,36.20000076293945,34.65999984741211,36.0,28.948095321655273,5394922,PKO.WA,0.03866128558820359,1.0446895228218758,34.92100009918213,,,0.2651340263547162,1.0446895228218758,0.0
2020-02-05,36.099998474121094,36.47999954223633,35.52000045776367,35.65999984741211,28.67469596862793,3307866,PKO.WA,-0.009444448682996986,1.0348230062339199,35.00050010681152,,,0.2645088571565513,1.0446895228218758,-0.009444448682997097
2020-02-06,35.689998626708984,35.81999969482422,35.38999938964844,35.77000045776367,28.763147354125977,1758245,PKO.WA,0.0030847058559240192,1.0380151308210945,35.051500129699704,,,0.2563196315603844,1.0446895228218758,-0.0063888761732314725
2020-02-07,35.45000076293945,35.95000076293945,35.22999954223633,35.95000076293945,28.907886505126953,1557275,PKO.WA,0.005032158313453827,1.0432385872911467,35.11200008392334,,,0.2565034608830165,1.0446895228218758,-0.0013888676961264501
2020-02-10,35.83000183105469,35.93000030517578,35.290000915527344,35.290000915527344,28.37717628479004,796633,PKO.WA,-0.018358827076646378,1.0240859504673836,35.106000137329104,,,0.2573438174792391,1.0446895228218758,-0.019722196790907365
2020-02-11,35.310001373291016,35.70000076293945,34.689998626708984,35.16999816894531,28.280675888061523,1803614,PKO.WA,-0.0034004744536356712,1.020603572354492,35.09250011444092,,,0.2575900669010631,1.0446895228218758,-0.02305560641818616
2020-02-12,36.25,37.09000015258789,36.18000030517578,36.5,29.35015106201172,4990750,PKO.WA,0.0378163747596969,1.059199099527735,35.17700004577637,,,0.28188462265061126,1.059199099527735,0.0
2020-02-13,36.45000076293945,36.45000076293945,35.7400016784668,35.86000061035156,28.83551788330078,2094867,PKO.WA,-0.017534229853381822,1.0406268590561205,35.226000022888186,,,0.29075311659350805,1.059199099527735,-0.017534229853381933
2020-02-14,36.08000183105469,36.08000183105469,35.54999923706055,35.790000915527344,28.779232025146484,1638048,PKO.WA,-0.001952027150942448,1.038595527173243,35.26550006866455,,,0.29091688560399237,1.059199099527735,-0.019452029711579666
2020-02-17,35.88999938964844,35.91999816894531,35.470001220703125,35.54999923706055,28.586244583129883,1068756,PKO.WA,-0.006705830464582951,1.031630881646745,35.29050006866455,,,0.2922897329412211,1.059199099527735,-0.026027418162724802
2020-02-18,35.279998779296875,35.4900016784668,35.119998931884766,35.150001525878906,28.26460075378418,1292482,PKO.WA,-0.011251693945597774,1.0200232867016286,35.29900016784668,,,0.29532345639846197,1.059199099527735,-0.0369862595649616
2020-02-19,35.29999923706055,35.34000015258789,34.810001373291016,35.130001068115234,28.248516082763672,1651743,PKO.WA,-0.0005690030411220626,1.01944289034948,35.33150024414063,,,0.2902373009722017,1.059199099527735,-0.03753421731191142
2020-02-20,35.13999938964844,35.18000030517578,34.72999954223633,34.79999923706055,27.983158111572266,1892534,PKO.WA,-0.009393732451497216,1.0098665165879561,35.30850028991699,,,0.28083528266753927,1.059199099527735,-0.046575363368204115
2020-02-21,34.689998626708984,34.790000915527344,34.31999969482422,34.40999984741211,27.669553756713867,1665437,PKO.WA,-0.01120687925858066,0.9985490644692715,35.243000221252444,,,0.2784951340870008,1.059199099527735,-0.05726027815309276
2020-02-24,33.900001525878906,33.93000030517578,32.779998779296875,33.0,26.535755157470703,2986156,PKO.WA,-0.04097645607859979,0.9576320625867195,35.17000026702881,,,0.2881739979123936,1.059199099527735,-0.09589041095890383
2020-02-25,33.2400016784668,33.2400016784668,31.8700008392334,32.04999923706055,25.7718448638916,3571817,PKO.WA,-0.028787901907256108,0.9300638447057297,35.02750015258789,,,0.2975175232008726,1.059199099527735,-0.12191782912162863
2020-02-26,32.099998474121094,32.779998779296875,31.25,32.279998779296875,25.956790924072266,3173867,PKO.WA,0.00717627293951284,0.9367382367065107,34.89650001525879,,,0.29990504786997074,1.059199099527735,-0.11561647180008539
2020-02-27,32.029998779296875,32.79999923706055,31.700000762939453,31.959999084472656,25.699474334716797,2555323,PKO.WA,-0.009913249904750732,0.9274521164707035,34.75949993133545,,,0.30064254630937903,1.059199099527735,-0.12438358672677641
2020-02-28,31.600000381469727,32.060001373291016,30.59000015258789,31.290000915527344,25.16071891784668,5575049,PKO.WA,-0.020963647939239882,0.9080093368205088,34.61350002288818,,,0.3046716570885584,1.059199099527735,-0.1427397009444562
2020-03-02,32.33000183105469,32.54999923706055,31.31999969482422,32.349998474121094,26.013076782226562,3913456,PKO.WA,0.033876558887147246,0.9387695685893882,34.49799995422363,,,0.32835508085351706,1.059199099527735,-0.11369867194188765
2020-03-03,32.650001525878906,33.779998779296875,32.54999923706055,33.099998474121094,26.61616325378418,4036412,PKO.WA,0.02318392690497273,0.9605339336481774,34.35299987792969,,,0.305993899104373,1.059199099527735,-0.09315072673640812
2020-03-04,33.0,33.36000061035156,32.5099983215332,32.560001373291016,26.181943893432617,2754026,PKO.WA,-0.016314112559620453,0.944863674937306,34.19799995422363,,,0.30857152517238084,1.059199099527735,-0.10794516785504027
2020-03-05,32.75,33.060001373291016,31.639999389648438,31.639999389648438,25.442157745361328,2759371,PKO.WA,-0.0282555879864691,0.9181659962348965,33.99149990081787,,,0.31844139985079384,1.059199099527735,-0.1331507016534671
2020-03-06,31.329999923706055,31.709999084472656,30.3700008392334,30.6200008392334,24.621963500976562,2964149,PKO.WA,-0.032237628637526106,0.8885665018206717,33.72499990463257,,,0.32874655222884475,1.059199099527735,-0.16109586741826276
2020-03-09,29.0,29.459999084472656,27.450000762939453,27.719999313354492,22.2900333404541,3523517,PKO.WA,-0.09470938753741431,0.8044109126469731,33.346499824523924,,,0.4504809635716389,1.059199099527735,-0.24054796401768497
2020-03-10,28.100000381469727,28.760000228881836,27.31999969482422,27.920000076293945,22.45085334777832,3821020,PKO.WA,0.007215034916797425,0.8102147654691738,32.98399991989136,34.196000022888185,,0.45460263869571355,1.059199099527735,-0.2350684910604397
2020-03-11,28.110000610351562,28.309999465942383,26.309999465942383,26.6299991607666,21.413549423217773,2961506,PKO.WA,-0.04620347106025424,0.7727800310002282,32.490499877929686,34.039400024414064,,0.43202407685440125,1.059199099527735,-0.27041098189680524
2020-03-12,25.5,25.5,23.18000030517578,23.18000030517578,18.63935661315918,3752953,PKO.WA,-0.12955309666977488,0.672663984939584,31.856499862670898,33.79360000610352,,0.5928424890381635,1.059199099527735,-0.3649314984883345
2020-03-13,23.989999771118164,25.3700008392334,23.100000381469727,23.5,18.89667320251465,6764837,PKO.WA,0.013804990966836517,0.6819501051753912,31.24199981689453,33.568600006103516,,0.6020803999540002,1.059199099527735,-0.3561643835616436
2020-03-16,22.940000534057617,23.110000610351562,20.299999237060547,21.5,17.28844451904297,6971289,PKO.WA,-0.08510638297872342,0.6239117983519537,30.539499855041505,33.303600006103515,,0.6419621218233934,1.059199099527735,-0.4109589041095889
2020-03-17,22.239999771118164,22.8700008392334,21.010000228881836,22.100000381469727,17.77091407775879,7318962,PKO.WA,0.0279069944869641,0.6413233014689135,29.886999797821044,33.0570000076294,,0.6668493043729973,1.059199099527735,-0.39452053749397986
2020-03-18,21.90999984741211,22.209999084472656,20.75,21.0,16.886390686035156,5416181,PKO.WA,-0.04977377205803346,0.6094022216460943,29.180499744415282,32.79560001373291,,0.6686963227187831,1.059199099527735,-0.42465753424657515
2020-03-19,21.280000686645508,22.06999969482422,20.860000610351562,21.889999389648438,17.602048873901367,6072444,PKO.WA,0.042380923316592156,0.6352292504706383,28.534999752044676,32.53840000152588,,0.7083030633803944,1.059199099527735,-0.40027398932470026
2020-03-20,23.0,24.010000228881836,22.579999923706055,23.059999465942383,18.542861938476562,7642094,PKO.WA,0.053449068474950456,0.6691816621763349,27.96749973297119,32.30479995727539,,0.7567991433684863,1.059199099527735,-0.36821919271390724
2020-03-23,22.5,22.760000228881836,21.399999618530273,21.450000762939453,17.24823760986328,3359361,PKO.WA,-0.06981781180787783,0.6224608628212247,27.389999771118163,32.02559997558594,,0.774774967698301,1.059199099527735,-0.4123287462208368
2020-03-24,22.5,22.799999237060547,21.549999237060547,22.309999465942383,17.939777374267578,3066740,PKO.WA,0.04009317820113112,0.6474172971175459,26.902999782562254,31.762999992370606,,0.8026473262460263,1.059199099527735,-0.38876713791938655
2020-03-25,23.40999984741211,23.450000762939453,21.610000610351562,21.84000015258789,17.561845779418945,3507067,PKO.WA,-0.021066755921351543,0.6337783149399094,26.380999851226807,31.503599967956543,,0.7977559721820803,1.059199099527735,-0.40164383143594806
2020-03-26,21.5,23.489999771118164,20.889999389648438,23.459999084472656,18.8645076751709,4434379,PKO.WA,0.07417577475121062,0.680789312471094,25.955999851226807,31.27519992828369,,0.8624212113376087,1.059199099527735,-0.35726029905554346
2020-03-27,23.459999084472656,23.989999771118164,22.510000228881836,22.75,18.29358673095703,3166546,PKO.WA,-0.030264241780920575,0.6601857401166021,25.52899980545044,31.030199928283693,,0.8640624867342697,1.059199099527735,-0.37671232876712313
2020-03-30,22.950000762939453,22.950000762939453,22.079999923706055,22.510000228881836,18.100601196289062,2130445,PKO.WA,-0.010549440488710538,0.6532211499397467,25.036999893188476,30.779399948120115,,0.8453558551396475,1.059199099527735,-0.3832876649621414
2020-03-31,22.799999237060547,23.389999389648438,22.520000457763672,22.6200008392334,18.189056396484375,3455596,PKO.WA,0.004886744079656946,0.6564132745269214,24.513000011444092,30.53219997406006,,0.836387546609029,1.059199099527735,-0.3802739496100437
2020-04-01,22.399999618530273,22.530000686645508,21.920000076293945,22.200000762939453,17.85132598876953,2957324,PKO.WA,-0.01856764194126259,0.6442252278800139,23.994999980926515,30.28659999847412,,0.8363835295464934,1.059199099527735,-0.39178080101535717
2020-04-02,22.299999237060547,22.440000534057617,21.219999313354492,21.829999923706055,17.553802490234375,3870599,PKO.WA,-0.016666703897194268,0.6334881167638352,23.504500007629396,30.018000030517577,,0.8354381707043418,1.059199099527735,-0.40191781030942286
2020-04-03,21.75,21.850000381469727,21.149999618530273,21.850000381469727,17.56988525390625,3727048,PKO.WA,0.0009161913803743538,0.6340685131159838,23.06599998474121,29.74060001373291,,0.835722670578862,1.059199099527735,-0.40136985256247304
2020-04-06,22.450000762939453,22.799999237060547,22.139999389648438,22.68000030517578,18.2372989654541,3490143,PKO.WA,0.037986265867983704,0.6581544082337246,22.814000034332274,29.505000038146974,,0.8006465073892253,1.059199099527735,-0.37863012862532086
2020-04-07,23.1299991607666,24.459999084472656,23.049999237060547,23.40999984741211,18.82430076599121,7107615,PKO.WA,0.03218692823693381,0.6793383769403651,22.588500022888184,29.275200004577638,,0.8120710719235655,1.059199099527735,-0.35863014116679126
2020-04-08,23.799999237060547,23.940000534057617,21.75,21.90999984741211,17.618133544921875,7582799,PKO.WA,-0.06407518196399387,0.635809646822787,22.35250005722046,29.0153999710083,,0.8257343290062037,1.059199099527735,-0.3997260315777502
2020-04-09,22.5,22.68000030517578,21.950000762939453,22.68000030517578,18.2372989654541,4489088,PKO.WA,0.03514379110571375,0.6581544082337246,22.32750005722046,28.774999961853027,,0.7030245821041639,1.059199099527735,-0.37863012862532086
2020-04-10,22.68000030517578,22.68000030517578,22.68000030517578,22.68000030517578,18.2372989654541,0,PKO.WA,0.0,0.6581544082337246,22.28650007247925,28.54439998626709,,0.701095837417722,1.059199099527735,-0.37863012862532086
2020-04-13,22.68000030517578,22.68000030517578,22.68000030517578,22.68000030517578,18.2372989654541,0,PKO.WA,0.0,0.6581544082337246,22.34550008773804,28.304799995422364,,0.6265443267714053,1.059199099527735,-0.37863012862532086
2020-04-14,23.200000762939453,23.489999771118164,22.93000030517578,23.200000762939453,18.655439376831055,3488445,PKO.WA,0.02292770946943068,0.6732443812917326,22.400500106811524,28.048800010681152,,0.6242079201798969,1.059199099527735,-0.3643835407413847
2020-04-15,23.309999465942383,23.360000610351562,22.100000381469727,22.139999389648438,17.803077697753906,4738886,PKO.WA,-0.04568971286347112,0.6424840388235681,22.457500076293947,27.778400001525878,,0.6197662570629515,1.059199099527735,-0.393424674256207
2020-04-16,22.600000381469727,22.690000534057617,22.0,22.040000915527344,17.722665786743164,4751531,PKO.WA,-0.004516643038745882,0.6395821677621103,22.46500015258789,27.503800010681154,,0.6027396792293885,1.059199099527735,-0.3961643584787027
2020-04-17,22.5,22.6200008392334,21.90999984741211,21.93000030517578,17.634212493896484,5104371,PKO.WA,-0.004990953075417859,0.6363900431749355,22.40850019454956,27.223400001525878,,0.57014329655664,1.059199099527735,-0.3991780738308004
2020-04-20,22.09000015258789,22.1299991607666,21.540000915527344,22.1299991607666,17.79503631591797,2366440,PKO.WA,0.009119874729031308,0.6421938406474937,22.442500114440918,26.960199966430665,,0.5112234624704096,1.059199099527735,-0.393698653129682
2020-04-21,21.90999984741211,21.940000534057617,21.06999969482422,21.06999969482422,16.942676544189453,3676982,PKO.WA,-0.047898757620452814,0.6114335535289718,22.38050012588501,26.67819999694824,,0.519725920594978,1.059199099527735,-0.4227397343883774
2020-04-22,21.25,21.579999923706055,20.950000762939453,21.219999313354492,17.06329345703125,3824706,PKO.WA,0.0071191087186925905,0.615786415470801,22.34950008392334,26.37259998321533,,0.5158768945503778,1.059199099527735,-0.41863015579850693
2020-04-23,21.399999618530273,21.459999084472656,20.700000762939453,21.260000228881836,17.095458984375,3902064,PKO.WA,0.0018850573431532514,0.6169472081750983,22.2395001411438,26.080599975585937,,0.4335176538115576,1.059199099527735,-0.41753424030460706
2020-04-24,21.18000030517578,21.229999542236328,20.81999969482422,20.81999969482422,16.741649627685547,2813109,PKO.WA,-0.02069616788902351,0.6041787651760421,22.14300012588501,25.781199951171875,,0.42727654179254637,1.059199099527735,-0.4295890494568705
2020-04-27,20.979999542236328,21.020000457763672,20.030000686645508,20.100000381469727,16.16268539428711,5477747,PKO.WA,-0.03458210009164797,0.5832849946454759,22.022500133514406,25.472199974060057,,0.4404210529540135,1.059199099527735,-0.4493150580419252
2020-04-28,19.799999237060547,20.739999771118164,19.655000686645508,20.239999771118164,16.27526092529297,7425700,PKO.WA,0.006965143631415316,0.5873476584112309,21.903500080108643,25.173999938964844,,0.44111835874767213,1.059199099527735,-0.4454794583255295
2020-04-29,20.559999465942383,21.969999313354492,20.450000762939453,21.940000534057617,17.642255783081055,5337959,PKO.WA,0.0839921335061129,0.6366802413510099,21.89050006866455,24.910199928283692,,0.5391423477378944,1.059199099527735,-0.3989040949573254
2020-04-30,22.399999618530273,22.850000381469727,21.709999084472656,22.010000228881836,17.69854164123535,6103164,PKO.WA,0.003190505611682104,0.6387115732338874,21.89950008392334,24.654399948120115,,0.5356181327065429,1.059199099527735,-0.39698629509912753
2020-05-01,22.010000228881836,22.010000228881836,22.010000228881836,22.010000228881836,17.69854164123535,0,PKO.WA,0.0,0.6387115732338874,21.907500076293946,24.40639995574951,,0.5356287537480601,1.059199099527735,-0.39698629509912753
2020-05-04,21.690000534057617,21.760000228881836,21.3700008392334,21.579999923706055,17.352773666381836,3300317,PKO.WA,-0.01953658794657931,0.6262333284109055,21.85250005722046,24.177999954223633,,0.5215422779446683,1.059199099527735,-0.40876712537791604
2020-05-05,21.81999969482422,21.860000610351562,20.90999984741211,21.010000228881836,16.89443016052246,2516489,PKO.WA,-0.026413331642233362,0.6096924198221686,21.732500076293945,23.95719997406006,,0.512030354163688,1.059199099527735,-0.42438355537310013
2020-05-06,21.200000762939453,21.200000762939453,20.600000381469727,20.600000381469727,16.564743041992188,2514533,PKO.WA,-0.01951450942149413,0.5977945713513353,21.667000102996827,23.723600006103517,,0.4661016693976747,1.059199099527735,-0.4356164279049388
2020-05-07,20.780000686645508,21.31999969482422,20.450000762939453,21.0,16.886390686035156,2256074,PKO.WA,0.019417456850636006,0.6094022216460943,21.583000087738036,23.504400024414064,,0.45231682640012516,1.059199099527735,-0.42465753424657515
2020-05-08,21.450000762939453,21.450000762939453,20.8700008392334,21.059999465942383,16.934633255004883,1687806,PKO.WA,0.0028571174258278376,0.6111433553528975,21.502000045776366,23.29979999542236,,0.45272030936502544,1.059199099527735,-0.42301371326185233
2020-05-11,21.34000015258789,21.34000015258789,20.649999618530273,20.649999618530273,16.604948043823242,1421650,PKO.WA,-0.019468179383154705,0.5992455068820642,21.40050001144409,23.065800018310547,,0.45608947137632544,1.059199099527735,-0.4342465857936909
2020-05-12,20.649999618530273,21.530000686645508,20.360000610351562,21.420000076293945,17.2241153717041,3892973,PKO.WA,0.03728815844978084,0.6215902682930019,21.311499977111815,22.832200050354004,,0.47009006742203424,1.059199099527735,-0.41315068284126155
2020-05-13,21.229999542236328,22.09000015258789,21.06999969482422,21.299999237060547,17.127622604370117,2731941,PKO.WA,-0.0056022800563014785,0.6181079455297529,21.26949996948242,22.607000007629395,,0.4432243558360964,1.059199099527735,-0.41643837706683406
2020-05-14,21.030000686645508,21.1299991607666,20.420000076293945,20.75,16.685359954833984,3258953,PKO.WA,-0.025821561350273914,0.6021474332931647,21.204999923706055,22.389200019836426,,0.45147830267852385,1.059199099527735,-0.4315068493150682
2020-05-15,20.84000015258789,21.170000076293945,20.600000381469727,20.670000076293945,16.621030807495117,1825448,PKO.WA,-0.003855418009930389,0.5998259032342128,21.141999912261962,22.190200004577637,,0.4514176829642122,1.059199099527735,-0.433698628046741
2020-05-18,21.0,21.549999237060547,20.729999542236328,21.549999237060547,17.328649520874023,2885325,PKO.WA,0.04257373766417438,0.6253627338826826,21.11299991607666,22.066800003051757,,0.4777655132277193,1.059199099527735,-0.409589061998341
2020-05-19,21.899999618530273,21.899999618530273,21.309999465942383,21.600000381469727,17.368858337402344,2316463,PKO.WA,0.0023202388018275233,0.6268137247630542,21.139499950408936,21.940400009155272,,0.44433647117064223,1.059199099527735,-0.4082191676309661
2020-05-20,21.559999465942383,21.850000381469727,21.40999984741211,21.639999389648438,17.40102195739746,1720402,PKO.WA,0.0018518059014955845,0.6279744621177088,21.16049995422363,21.84060001373291,,0.44386277878057406,1.059199099527735,-0.4071233043931932
2020-05-21,21.6200008392334,21.6200008392334,21.200000762939453,21.200000762939453,17.047210693359375,2866540,PKO.WA,-0.020332654303098496,0.6152060744682952,21.157499980926513,21.801000022888182,,0.45045992109851846,1.059199099527735,-0.41917806128932966
2020-05-22,21.100000381469727,21.34000015258789,20.809999465942383,21.149999618530273,17.00700569152832,1445802,PKO.WA,-0.0023585444627242103,0.6137550835879237,21.173999977111816,21.75400001525879,,0.44381437623158987,1.059199099527735,-0.42054795565670444
2020-05-25,21.3700008392334,21.3700008392334,21.049999237060547,21.25,17.087417602539062,702122,PKO.WA,0.0047281505093792475,0.6166570099990241,21.23149995803833,21.74900001525879,,0.4233007993402152,1.059199099527735,-0.41780821917808186
2020-05-26,21.59000015258789,22.600000381469727,21.40999984741211,22.540000915527344,18.124725341796875,4154607,PKO.WA,0.06070592543658093,0.6540917444679698,21.34650001525879,21.757800025939943,,0.470173530847936,1.059199099527735,-0.3824657283417162
2020-05-27,22.649999618530273,23.920000076293945,22.43000030517578,23.149999618530273,18.615232467651367,6772196,PKO.WA,0.02706294047143154,0.6717933904113613,21.40699996948242,21.800800018310547,,0.3792373096006085,1.059199099527735,-0.36575343510875924
2020-05-28,23.59000015258789,24.799999237060547,21.399999618530273,22.299999237060547,17.93173599243164,13862221,PKO.WA,-0.0367170797181936,0.6471270989414718,21.421499919891357,21.80900001525879,,0.40452220213543144,1.059199099527735,-0.38904111679286135
2020-05-29,22.100000381469727,22.489999771118164,21.530000686645508,22.299999237060547,17.93173599243164,11447299,PKO.WA,0.0,0.6471270989414718,21.435999870300293,21.793800010681153,,0.40452220213543144,1.059199099527735,-0.38904111679286135
2020-06-01,22.6299991607666,22.950000762939453,22.209999084472656,22.450000762939453,18.05235481262207,2951846,PKO.WA,0.006726526054297688,0.6514800162329437,21.479499912261964,21.813800010681152,,0.3975554776281614,1.059199099527735,-0.3849314859468639
2020-06-02,22.559999465942383,22.860000610351562,21.920000076293945,22.059999465942383,17.73874855041504,5924901,PKO.WA,-0.017371994821527403,0.6401625087646164,21.53199987411499,21.808800010681153,,0.39012889312021454,1.059199099527735,-0.3956164529878795
2020-06-03,22.219999313354492,22.780000686645508,22.059999465942383,22.549999237060547,18.13276481628418,7038663,PKO.WA,0.022212138847720997,0.6543818872944015,21.62949981689453,21.822999992370605,,0.38668235836184356,1.059199099527735,-0.3821918017243683
2020-06-04,22.559999465942383,22.75,22.260000228881836,22.65999984741211,18.22121810913086,7024173,PKO.WA,0.004878076012116983,0.6575740118815762,21.712499809265136,21.807000007629394,,0.38282290277384895,1.059199099527735,-0.3791780863722707
2020-06-05,22.899999618530273,23.850000381469727,22.899999618530273,23.56999969482422,18.952960968017578,8445618,PKO.WA,0.040158863792580046,0.6839814370582687,21.83799982070923,21.82340000152588,,0.40357333973725473,1.059199099527735,-0.35424658370344586
2020-06-08,23.670000076293945,24.639999389648438,23.610000610351562,24.479999542236328,19.684703826904297,8109271,PKO.WA,0.03860839453519116,0.7103888622349614,22.029499816894532,21.862799987792968,,0.40769264909239467,1.059199099527735,-0.3293150810346209
2020-06-09,24.850000381469727,25.1200008392334,23.950000762939453,24.239999771118164,19.491718292236328,6732787,PKO.WA,-0.00980391240220746,0.7034242720581061,22.170499801635742,21.895199966430663,,0.39829004377749716,1.059199099527735,-0.3358904172296391
2020-06-10,24.239999771118164,24.290000915527344,23.149999618530273,23.420000076293945,18.83234214782715,5131559,PKO.WA,-0.03382837056794219,0.6796285751164395,22.276499843597414,21.919599952697755,,0.42158457208946337,1.059199099527735,-0.35835616229331635
2020-06-11,23.420000076293945,23.420000076293945,23.420000076293945,23.420000076293945,18.83234214782715,0,PKO.WA,0.0,0.6796285751164395,22.40999984741211,21.951399955749512,,0.4061574654524326,1.059199099527735,-0.35835616229331635
2020-06-12,22.5,23.010000228881836,22.31999969482422,22.56999969482422,18.148845672607422,7147010,PKO.WA,-0.036293782181927026,0.65496228364655,22.504999828338622,21.965799942016602,,0.43246700040605407,1.059199099527735,-0.38164384397741846
2020-06-15,22.200000762939453,22.219999313354492,21.6299991607666,21.760000228881836,17.497514724731445,7089425,PKO.WA,-0.03588832418673593,0.6314567848809577,22.515499877929688,21.947399940490723,,0.4311457516046993,1.059199099527735,-0.4038356101676207
2020-06-16,22.299999237060547,23.399999618530273,22.15999984741211,23.229999542236328,18.679561614990234,6170090,PKO.WA,0.06755511479284704,0.6741149204703129,22.596999835968017,21.943799934387208,,0.49201707146764334,1.059199099527735,-0.3635616563770868
2020-06-17,23.610000610351562,23.610000610351562,22.610000610351562,22.700000762939453,18.253381729125977,3823817,PKO.WA,-0.022815272911789863,0.6587348045858732,22.64999990463257,21.959599952697754,,0.5012135439014302,1.059199099527735,-0.3780821708783709
2020-06-18,22.600000381469727,23.270000457763672,22.450000762939453,23.09000015258789,18.566987991333008,5044107,PKO.WA,0.017180589274920166,0.6700522567045579,22.74449987411499,21.967799949645997,,0.49584901463209946,1.059199099527735,-0.3673972560934823
2020-06-19,23.200000762939453,23.290000915527344,22.81999969482422,23.0,18.494613647460938,5469588,PKO.WA,-0.003897797834263028,0.6674405284695318,22.836999893188477,21.97419994354248,,0.4961711534878978,1.059199099527735,-0.36986301369862995
2020-06-22,22.959999084472656,22.979999542236328,22.459999084472656,22.5,18.092559814453125,3525277,PKO.WA,-0.021739130434782594,0.6529309517636724,22.899499893188477,21.970599937438966,,0.5049400822694802,1.059199099527735,-0.3835616438356162
2020-06-23,22.829999923706055,23.790000915527344,22.6200008392334,23.600000381469727,18.977087020874023,3925870,PKO.WA,0.04888890584309902,0.6848520315864917,22.952499866485596,21.97859992980957,,0.48861118114147845,1.059199099527735,-0.3534246470830209
2020-06-24,23.559999465942383,23.760000228881836,22.799999237060547,22.809999465942383,18.341833114624023,2950663,PKO.WA,-0.033474614523635204,0.6619268738234054,22.9354998588562,21.99199993133545,,0.49585068886336925,1.059199099527735,-0.3750685077824002
2020-06-25,22.639999389648438,22.940000534057617,22.25,22.81999969482422,18.34987449645996,3166515,PKO.WA,0.00043841425322121985,0.6622170719994798,22.961499881744384,22.007599906921385,,0.47681373149602,1.059199099527735,-0.3747945289089252
2020-06-26,22.90999984741211,23.100000381469727,22.3700008392334,22.3700008392334,17.988025665283203,1639435,PKO.WA,-0.01971949437373932,0.6491584861739919,22.964999961853028,22.016399917602538,,0.48277913735607153,1.059199099527735,-0.38712326467853675
2020-06-29,22.3700008392334,22.770000457763672,22.0,22.700000762939453,18.253381729125977,1834732,PKO.WA,0.014751895901911949,0.6587348045858733,22.977499961853027,22.027799949645996,,0.48496745326684776,1.059199099527735,-0.3780821708783709
2020-06-30,22.719999313354492,22.920000076293945,22.31999969482422,22.920000076293945,18.430286407470703,3117907,PKO.WA,0.009691599381514981,0.6651189984105802,23.020499992370606,22.06479995727539,,0.48087284909837,1.059199099527735,-0.3720547924303025
2020-07-01,22.81999969482422,23.100000381469727,22.450000762939453,23.040000915527344,18.52678108215332,3329131,PKO.WA,0.005235638692580702,0.6686013211738292,23.045000076293945,22.101199989318847,,0.4753140659177274,1.059199099527735,-0.36876709820472997
2020-07-02,23.149999618530273,23.6299991607666,22.899999618530273,23.489999771118164,18.888629913330078,4078201,PKO.WA,0.019531199553362466,0.681659906999317,23.086500072479247,22.145799980163574,,0.47952405213371607,1.059199099527735,-0.3564383624351185
2020-07-03,23.56999969482422,23.59000015258789,23.15999984741211,23.270000457763672,18.711727142333984,1387779,PKO.WA,-0.009365658386467524,0.6752757131746102,23.07150011062622,22.194799995422365,,0.4593674753805755,1.059199099527735,-0.3624657408831867
2020-07-06,23.68000030517578,23.920000076293945,23.309999465942383,23.579999923706055,18.961002349853516,1961911,PKO.WA,0.013321850444526051,0.6842716352343431,23.026500129699706,22.26439998626709,,0.43933162918972557,1.059199099527735,-0.35397260482997084
2020-07-07,23.5,23.579999923706055,23.15999984741211,23.329999923706055,18.759973526000977,1453973,PKO.WA,-0.010602205292997602,0.6770168468814134,22.9810001373291,22.326199989318848,,0.4395405635691953,1.059199099527735,-0.360821919898464
2020-07-08,23.1299991607666,23.350000381469727,22.93000030517578,23.31999969482422,18.751934051513672,1671837,PKO.WA,-0.0004286424738336736,0.676726648705339,22.976000118255616,22.35379997253418,,0.42267637083701426,1.059199099527735,-0.36109589877193893
2020-07-09,23.350000381469727,23.540000915527344,23.170000076293945,23.290000915527344,18.72780990600586,1839308,PKO.WA,-0.0012863970707311934,0.6758561095267588,22.969500160217287,22.37939998626709,,0.42270581882745734,1.059199099527735,-0.3619177831362369
2020-07-10,23.010000228881836,23.549999237060547,23.010000228881836,23.549999237060547,18.93687629699707,1670974,PKO.WA,0.011163517016431923,0.6834010407061203,23.018500137329102,22.410199966430664,,0.40162244712190703,1.059199099527735,-0.3547945414503956
2020-07-13,23.799999237060547,23.850000381469727,23.5,23.709999084472656,19.065536499023438,2225157,PKO.WA,0.006794048942486475,0.6880441008240239,23.11600008010864,22.452799949645996,,0.37533207884537817,1.059199099527735,-0.3504109839870502
2020-07-14,23.5,23.709999084472656,23.290000915527344,23.510000228881836,18.904712677001953,3154135,PKO.WA,-0.008435211442998192,0.6822403033514657,23.130000114440918,22.502799949645997,,0.29436988931205116,1.059199099527735,-0.35589040468816846
2020-07-15,23.700000762939453,24.15999984741211,23.43000030517578,24.079999923706055,19.36305809020996,3341765,PKO.WA,0.024244988910037568,0.6987812119402026,23.199000072479247,22.572399940490723,,0.29176451164293554,1.059199099527735,-0.34027397469298437
2020-07-16,23.920000076293945,24.010000228881836,23.68000030517578,23.899999618530273,19.218318939208984,1764162,PKO.WA,-0.007475095753574967,0.6935577554701504,23.239500045776367,22.630399932861327,,0.2891135643657378,1.059199099527735,-0.3452054899032798
2020-07-17,23.989999771118164,23.989999771118164,23.31999969482422,23.399999618530273,18.816261291503906,1862005,PKO.WA,-0.020920502425963994,0.679048178764291,23.25950002670288,22.677199935913087,,0.29974589646211536,1.059199099527735,-0.35890412004026606
2020-07-20,23.399999618530273,23.799999237060547,23.229999542236328,23.799999237060547,19.137907028198242,1457811,PKO.WA,0.01709400107056047,0.69065582905905,23.324499988555907,22.74019992828369,,0.2922213162412918,1.059199099527735,-0.3479452263819024
2020-07-21,23.860000610351562,24.850000381469727,23.700000762939453,24.040000915527344,19.330894470214844,4698617,PKO.WA,0.010084104460519328,0.697620474585548,23.34650001525879,22.79259994506836,,0.23896122337844614,1.059199099527735,-0.34136983793075726
2020-07-22,24.040000915527344,24.079999923706055,23.3700008392334,23.3700008392334,18.792137145996094,2501831,PKO.WA,-0.027870218418385995,0.6781776395857106,23.37450008392334,22.833999977111816,,0.22884122589908745,1.059199099527735,-0.35972600440456404
2020-07-23,23.5,23.690000534057617,23.149999618530273,23.260000228881836,18.703685760498047,2004157,PKO.WA,-0.004706915122009492,0.674985514998536,23.39650011062622,22.884199981689452,,0.22982856768317417,1.059199099527735,-0.36273971975666164
2020-07-24,23.100000381469727,23.190000534057617,23.010000228881836,23.100000381469727,18.575027465820312,1239221,PKO.WA,-0.0068787551950854064,0.6703424548806324,23.433000087738037,22.93279998779297,,0.2186836007530731,1.059199099527735,-0.36712327722000715
2020-07-27,23.06999969482422,23.200000762939453,22.479999542236328,22.6200008392334,18.189056396484375,2743853,PKO.WA,-0.020779200619467142,0.6564132745269217,23.429000091552734,22.954200019836424,,0.22677145582149888,1.059199099527735,-0.38027394961004346
2020-07-28,22.6200008392334,23.06999969482422,22.450000762939453,22.799999237060547,18.33379364013672,1976723,PKO.WA,0.007957488556540993,0.6616366756473312,23.423000049591064,22.97819999694824,,0.22586217411729512,1.059199099527735,-0.3753424866558751
2020-07-29,22.700000762939453,22.899999618530273,22.34000015258789,22.540000915527344,18.124725341796875,1120658,PKO.WA,-0.011403435536549766,0.6540917444679698,23.398000049591065,22.99620002746582,,0.22829358250643156,1.059199099527735,-0.3824657283417162
2020-07-30,22.540000915527344,22.600000381469727,21.65999984741211,21.700000762939453,17.449270248413086,2668499,PKO.WA,-0.03726708600128015,0.6297156511741546,23.30850009918213,23.00620002746582,,0.24866794790375282,1.059199099527735,-0.4054794311523434
2020-07-31,21.8700008392334,22.219999313354492,21.729999542236328,21.75,17.489473342895508,1930434,PKO.WA,0.002304112225928412,0.6311665867048835,23.232500076293945,23.018200035095216,,0.2486775635351806,1.059199099527735,-0.4041095890410956
2020-08-03,21.81999969482422,22.06999969482422,21.559999465942383,21.850000381469727,17.56988525390625,1762020,PKO.WA,0.004597718688263308,0.6340685131159839,23.146000099182128,23.03020004272461,,0.24282389520787195,1.059199099527735,-0.40136985256247293
2020-08-04,22.0,22.459999084472656,21.940000534057617,22.25,17.891530990600586,1744427,PKO.WA,0.018306618377430306,0.6456761634107429,23.092000102996828,23.024400024414064,,0.2533642727275363,1.059199099527735,-0.39041095890410926
2020-08-05,22.84000015258789,23.100000381469727,22.049999237060547,22.25,17.891530990600586,2362827,PKO.WA,0.0,0.6456761634107429,23.038500118255616,23.00640003204346,,0.253409599368345,1.059199099527735,-0.39041095890410926
2020-08-06,22.270000457763672,22.530000686645508,21.649999618530273,21.84000015258789,17.561845779418945,2037267,PKO.WA,-0.0184269594342521,0.6337783149399095,22.966000080108643,22.997200050354003,,0.2597923619815876,1.059199099527735,-0.40164383143594795
2020-08-07,21.850000381469727,21.920000076293945,21.5,21.6299991607666,17.392980575561523,1750024,PKO.WA,-0.009615429961267852,0.6276842639416345,22.870000076293945,22.983800048828126,,0.25510973065170595,1.059199099527735,-0.40739728326666813
2020-08-10,21.8799991607666,22.059999465942383,21.600000381469727,21.899999618530273,17.610090255737305,1424435,PKO.WA,0.012482684615790829,0.6355194486467127,22.779500102996828,22.972800025939943,,0.2591053836206839,1.059199099527735,-0.40000001045122513
2020-08-11,22.010000228881836,23.170000076293945,21.799999237060547,23.139999389648438,18.60719108581543,2934273,PKO.WA,0.056620995101249294,0.6715031922352869,22.761000061035155,22.994400024414062,,0.335447054356716,1.059199099527735,-0.3660274139822344
2020-08-12,23.15999984741211,23.610000610351562,22.90999984741211,23.360000610351562,18.78409767150879,1911370,PKO.WA,0.009507399589713916,0.6778874414096362,22.72500009536743,23.010600051879884,,0.324893024047365,1.059199099527735,-0.35999998327803917
2020-08-13,23.399999618530273,23.549999237060547,23.100000381469727,23.1200008392334,18.591110229492188,1049321,PKO.WA,-0.010273962536277215,0.6709228512327807,22.68600015640259,23.019800071716308,,0.32574714200835647,1.059199099527735,-0.36657531947305744
2020-08-14,23.049999237060547,23.200000762939453,22.600000381469727,23.200000762939453,18.655439376831055,831228,PKO.WA,0.003460204186943594,0.6732443812917325,22.67600021362305,23.012400093078615,,0.3178282111236464,1.059199099527735,-0.3643835407413848
2020-08-17,23.200000762939453,23.219999313354492,22.75,23.149999618530273,18.615232467651367,789079,PKO.WA,-0.002155221670899876,0.671793390411361,22.643500232696532,22.985800094604492,,0.3111790190211994,1.059199099527735,-0.3657534351087596
2020-08-18,23.049999237060547,23.190000534057617,22.719999313354492,22.8700008392334,18.39008140563965,1807085,PKO.WA,-0.012094979866554834,0.6636680628798509,22.585000228881835,22.958400115966796,,0.310467481088658,1.059199099527735,-0.3734246345415507
2020-08-19,22.809999465942383,22.940000534057617,22.31999969482422,22.329999923706055,17.955860137939453,1571010,PKO.WA,-0.023611757573745895,0.6479976934696944,22.533000183105468,22.936600112915038,,0.3061558978948773,1.059199099527735,-0.38821918017243684
2020-08-20,22.43000030517578,22.5,22.010000228881836,22.010000228881836,17.69854164123535,1247444,PKO.WA,-0.01433048347145316,0.6387115732338872,22.470500183105468,22.908400115966796,,0.30913451156400856,1.059199099527735,-0.39698629509912775
2020-08-21,22.200000762939453,22.3799991607666,22.0,22.100000381469727,17.77091407775879,1140067,PKO.WA,0.004089057321762013,0.6413233014689134,22.420500183105467,22.899000129699708,,0.3095628796962931,1.059199099527735,-0.39452053749398
2020-08-24,22.25,22.489999771118164,22.1200008392334,22.399999618530273,18.01214599609375,957540,PKO.WA,0.013574625877024404,0.650029025352572,22.409500122070312,22.911800117492675,,0.30596601342918556,1.059199099527735,-0.3863013803142389
2020-08-25,22.600000381469727,22.850000381469727,22.020000457763672,22.020000457763672,17.706584930419922,1455547,PKO.WA,-0.01696424853740841,0.6390017714099616,22.37050018310547,22.887600135803222,,0.3097949230014288,1.059199099527735,-0.3967123162256526
2020-08-26,22.09000015258789,22.399999618530273,21.950000762939453,22.290000915527344,17.923696517944336,929968,PKO.WA,0.012261600915111526,0.6468369561150399,22.358000183105467,22.87940013885498,,0.3112075628995576,1.059199099527735,-0.3893150434102096
2020-08-27,22.239999771118164,22.350000381469727,21.969999313354492,22.040000915527344,17.722665786743164,1195128,PKO.WA,-0.011215791374232231,0.6395821677621102,22.375000190734863,22.85840015411377,,0.2826809422308112,1.059199099527735,-0.3961643584787028
2020-08-28,22.040000915527344,22.639999389648438,21.959999084472656,22.049999237060547,17.7307071685791,1687002,PKO.WA,0.0004536443338420959,0.6398723105885419,22.39000015258789,22.83940013885498,,0.2826375857851446,1.059199099527735,-0.39589043186135475
2020-08-31,22.229999542236328,22.25,21.510000228881836,21.56999969482422,17.3447322845459,3488775,PKO.WA,-0.02176868747594185,0.6259431302348312,22.376000118255615,22.820800132751465,,0.2932754810526202,1.059199099527735,-0.40904110425139106
2020-09-01,21.700000762939453,21.770000457763672,20.979999542236328,21.100000381469727,16.966800689697266,3535062,PKO.WA,-0.02178949095985705,0.6123041480571947,22.318500137329103,22.770800132751464,,0.29373570028699675,1.059199099527735,-0.42191779776795246
2020-09-02,21.229999542236328,21.450000762939453,21.020000457763672,21.299999237060547,17.127622604370117,1539908,PKO.WA,0.009478618577014819,0.6181079455297528,22.271000099182128,22.740600128173828,,0.2967132052989708,1.059199099527735,-0.4164383770668342
2020-09-03,21.309999465942383,21.709999084472656,21.1200008392334,21.229999542236328,17.071332931518555,1957277,PKO.WA,-0.0032863707667381004,0.6160766136468753,22.240500068664552,22.70880012512207,,0.29040668981469087,1.059199099527735,-0.418356176925032
2020-09-04,21.059999465942383,21.3799991607666,20.920000076293945,21.010000228881836,16.89443016052246,1831559,PKO.WA,-0.010362662180788629,0.6096924198221685,22.209500122070313,22.68160011291504,,0.29070383315937365,1.059199099527735,-0.42438355537310024
2020-09-07,21.209999084472656,21.270000457763672,20.920000076293945,21.059999465942383,16.934633255004883,1074094,PKO.WA,0.002379782794662333,0.6111433553528973,22.16750011444092,22.648800086975097,,0.2865346939728276,1.059199099527735,-0.42301371326185244
2020-09-08,21.260000228881836,21.59000015258789,20.520000457763672,20.81999969482422,16.741649627685547,2364316,PKO.WA,-0.011396000816917606,0.604178765176042,22.051500129699708,22.606800079345703,,0.18704449429941192,1.059199099527735,-0.4295890494568706
2020-09-09,20.829999923706055,21.450000762939453,20.700000762939453,21.239999771118164,17.079374313354492,2838930,PKO.WA,0.020172914622969662,0.6163668118229495,21.945500087738036,22.570800056457518,,0.20144611358545048,1.059199099527735,-0.4180821980515571
2020-09-10,21.239999771118164,21.56999969482422,20.8700008392334,21.3700008392334,17.18391227722168,2088510,PKO.WA,0.006120577660834403,0.6201393327622727,21.858000087738038,22.528400077819825,,0.2037882123050232,1.059199099527735,-0.4145205249525097
2020-09-11,21.350000381469727,21.6200008392334,21.260000228881836,21.600000381469727,17.368858337402344,2158580,PKO.WA,0.010762729677299188,0.6268137247630537,21.77800006866455,22.495000076293945,,0.2088479320081976,1.059199099527735,-0.40821916763096655
2020-09-14,21.790000915527344,22.239999771118164,21.6200008392334,21.90999984741211,17.618133544921875,3546972,PKO.WA,0.014351826873499673,0.6358096468227866,21.716000080108643,22.461600074768068,,0.21824898801376985,1.059199099527735,-0.39972603157775055
2020-09-15,22.09000015258789,22.219999313354492,21.65999984741211,21.979999542236328,17.674419403076172,2395589,PKO.WA,0.0031948742725567136,0.6378409787056641,21.67150001525879,22.43460006713867,,0.2162199505422405,1.059199099527735,-0.3978082317195527
2020-09-16,22.0,22.0,21.549999237060547,21.719999313354492,17.465349197387695,1901297,PKO.WA,-0.011828946055354783,0.6302959921766601,21.64099998474121,22.40260005950928,,0.20423633584875858,1.059199099527735,-0.4049315256615209
2020-09-17,21.579999923706055,22.049999237060547,21.31999969482422,21.969999313354492,17.6663761138916,1706581,PKO.WA,0.011510129277319425,0.6375507805295898,21.638999938964844,22.37620002746582,,0.20297205369308546,1.059199099527735,-0.39808221059302773
2020-09-18,21.979999542236328,22.040000915527344,21.40999984741211,21.40999984741211,17.216075897216797,4010748,PKO.WA,-0.02548928008395457,0.6213000701169272,21.604499912261964,22.333400039672853,,0.2213652068429063,1.059199099527735,-0.4134246617147369
2020-09-21,21.25,21.40999984741211,19.934999465942383,20.360000610351562,16.371753692626953,6339038,PKO.WA,-0.04904246821783431,0.5908299811744796,21.502499961853026,22.26640007019043,,0.270887818495268,1.059199099527735,-0.4421917640999573
2020-09-22,20.489999771118164,20.68000030517578,20.15999984741211,20.5,16.484331130981445,2017321,PKO.WA,0.006876197713729937,0.5948926449402346,21.426499938964845,22.206200065612794,,0.26969788663628125,1.059199099527735,-0.43835616438356173
2020-09-23,20.780000686645508,20.790000915527344,20.0,20.0,16.082275390625,3119361,PKO.WA,-0.024390243902439046,0.5803830682343752,21.311999893188478,22.124600067138672,,0.27277548198817975,1.059199099527735,-0.452054794520548
2020-09-24,19.950000762939453,20.18000030517578,19.899999618530273,20.1200008392334,16.178770065307617,2449286,PKO.WA,0.006000041961669922,0.5838653909976242,21.21599988937378,22.049000091552735,,0.2746318154393309,1.059199099527735,-0.44876710029497546
2020-09-25,20.170000076293945,20.350000381469727,19.899999618530273,19.920000076293945,16.017946243286133,2741366,PKO.WA,-0.009940395357710852,0.5780615381754234,21.10949993133545,21.97940010070801,,0.2746724139746862,1.059199099527735,-0.45424657325222084
2020-09-28,20.100000381469727,20.989999771118164,20.049999237060547,20.989999771118164,16.878345489501953,3368088,PKO.WA,0.0537148439119528,0.6091120234700196,21.080499935150147,21.92320011138916,,0.33690550468667985,1.059199099527735,-0.4249315131200505
2020-09-29,21.0,21.139999389648438,20.809999465942383,20.959999084472656,16.854225158691406,3581402,PKO.WA,-0.0014292847533418085,0.6082414289417967,21.073499870300292,21.861600074768067,,0.3279946723576779,1.059199099527735,-0.42575344974047535
2020-09-30,20.8700008392334,21.360000610351562,20.6299991607666,21.209999084472656,17.055252075195312,3670086,PKO.WA,0.011927481437019827,0.6154962172947264,21.0689998626709,21.818400039672852,,0.32905963859080917,1.059199099527735,-0.4189041346719822
2020-10-01,21.450000762939453,21.469999313354492,21.020000457763672,21.09000015258789,16.958759307861328,1411310,PKO.WA,-0.00565765851317801,0.61201394988112,21.061999893188478,21.775000038146974,,0.32948039126346285,1.059199099527735,-0.4221917766414278
2020-10-02,20.799999237060547,21.520000457763672,20.739999771118164,21.31999969482422,17.143705368041992,1299513,PKO.WA,0.010905620700439211,0.6186883418819011,21.077499866485596,21.739400024414063,,0.3293656893136969,1.059199099527735,-0.4158904193198846
2020-10-05,21.549999237060547,21.93000030517578,21.489999771118164,21.920000076293945,17.626174926757812,1887696,PKO.WA,0.028142607413610188,0.636099844998861,21.120499897003175,21.725400009155273,,0.343264566238928,1.059199099527735,-0.39945205270427553
2020-10-06,22.06999969482422,23.15999984741211,22.06999969482422,22.729999542236328,18.27750587463379,4815303,PKO.WA,0.03695253025196754,0.6596053437644532,21.21599988937378,21.724000015258788,25.20965001106262,0.36029803099962093,1.059199099527735,-0.3772602865140733
2020-10-07,22.729999542236328,22.979999542236328,22.489999771118164,22.84000015258789,18.36595916748047,2856887,PKO.WA,0.0048394462193965815,0.6627974683516279,21.295999908447264,21.73,25.1515500164032,0.35561265338610815,1.059199099527735,-0.3742465711619757
2020-10-08,22.889999389648438,22.979999542236328,22.360000610351562,22.440000534057617,18.044313430786133,2309223,PKO.WA,-0.017513118032311037,0.6511898180568689,21.349499893188476,21.744799995422362,25.08640001296997,0.363443213853125,1.059199099527735,-0.38520546482033935
2020-10-09,22.440000534057617,22.440000534057617,21.649999618530273,22.25,17.891530990600586,2711407,PKO.WA,-0.008467046770754272,0.6456761634107424,21.38199987411499,21.754799995422363,25.02390001296997,0.3641903473737755,1.059199099527735,-0.3904109589041097
2020-10-12,22.34000015258789,22.360000610351562,21.790000915527344,22.049999237060547,17.7307071685791,1732196,PKO.WA,-0.008988798334357395,0.6398723105885417,21.38899984359741,21.75879997253418,24.960400009155272,0.3628856279063111,1.059199099527735,-0.395890431861355
2020-10-13,22.079999923706055,22.079999923706055,21.43000030517578,21.489999771118164,17.28040313720703,1800062,PKO.WA,-0.02539680205526551,0.6236216001758791,21.364499855041505,21.74359996795654,24.895700006484986,0.3741554802069656,1.059199099527735,-0.41123288298306404
2020-10-14,21.520000457763672,22.18000030517578,21.5,21.579999923706055,17.352773666381836,2688799,PKO.WA,0.004188001561026056,0.6262333284109053,21.357499885559083,21.730199966430664,24.833250007629395,0.37224450804124415,1.059199099527735,-0.40876712537791626
2020-10-15,21.299999237060547,21.489999771118164,20.709999084472656,20.760000228881836,16.693401336669922,3099853,PKO.WA,-0.03799813242461747,0.6024376314692388,21.29699993133545,21.708599967956545,24.763300008773804,0.3927478639349532,1.059199099527735,-0.4312328704415934
2020-10-16,20.850000381469727,21.170000076293945,20.34000015258789,21.010000228881836,16.89443016052246,2005397,PKO.WA,0.012042389077250304,0.6096924198221685,21.276999950408936,21.69619998931885,24.69465000152588,0.38619960070995096,1.059199099527735,-0.42438355537310024
2020-10-19,21.040000915527344,21.360000610351562,20.399999618530273,20.56999969482422,16.540616989135742,2781677,PKO.WA,-0.020942433568028274,0.5969239768231123,21.28749990463257,21.669599990844727,24.62045000076294,0.3507658929695918,1.059199099527735,-0.4364383645253638
2020-10-20,20.549999237060547,20.780000686645508,20.200000762939453,20.579999923706055,16.548662185668945,1856120,PKO.WA,0.00048615600535728554,0.5972141749991866,21.291499900817872,21.618400001525877,24.546150007247924,0.3500166340996552,1.059199099527735,-0.43616438565188875
2020-10-21,20.549999237060547,20.690000534057617,20.06999969482422,20.18000030517578,16.227014541625977,1487006,PKO.WA,-0.01943632750306834,0.5856065247044276,21.30049991607666,21.554799995422364,24.473000001907348,0.3457746045602177,1.059199099527735,-0.4471232793102524
2020-10-22,20.149999618530273,20.649999618530273,19.915000915527344,20.399999618530273,16.403919219970703,3239939,PKO.WA,0.010901848861621044,0.5919907185291344,21.314499855041504,21.5003999710083,24.400599994659423,0.3472112983522434,1.059199099527735,-0.4410959008621842
2020-10-23,20.3799991607666,21.079999923706055,20.3799991607666,20.969999313354492,16.86226463317871,3370280,PKO.WA,0.027941162033476852,0.6085316271178713,21.36699981689453,21.4557999420166,24.330449991226196,0.3573893610106806,1.059199099527735,-0.4254794708670001
2020-10-26,20.799999237060547,21.079999923706055,20.700000762939453,20.850000381469727,16.765771865844727,1410476,PKO.WA,-0.005722409910063564,0.6050493597042649,21.35999984741211,21.40979995727539,24.25944999694824,0.30328545300012266,1.059199099527735,-0.42876711283644575
2020-10-27,21.010000228881836,21.31999969482422,20.510000228881836,20.770000457763672,16.70144271850586,2798550,PKO.WA,-0.0038369267262533535,0.6027278296453131,21.35049991607666,21.367799949645995,24.188400001525878,0.303539272266472,1.059199099527735,-0.4309588915681184
2020-10-28,20.5,20.639999389648438,19.065000534057617,19.3799991607666,15.583723068237305,5392440,PKO.WA,-0.06692350825045357,0.5623911687652671,21.25899991989136,21.308799934387206,24.11289999961853,0.3807091300272948,1.059199099527735,-0.46904111888310673
2020-10-29,19.434999465942383,19.469999313354492,18.209999084472656,18.899999618530273,15.197750091552734,6443010,PKO.WA,-0.024767779309714966,0.5484619884115562,21.149499893188477,21.246599922180177,24.031100006103514,0.3876436325957116,1.059199099527735,-0.48219179127314316
2020-10-30,18.510000228881836,18.985000610351562,18.395000457763672,18.954999923706055,15.241975784301758,4643437,PKO.WA,0.0029100691156551672,0.5500580507051436,21.031249904632567,21.183699913024903,23.94727499961853,0.38426750854072605,1.059199099527735,-0.4806849335970943
2020-11-02,19.18000030517578,19.889999389648438,18.969999313354492,19.68000030517578,15.824957847595215,5016205,PKO.WA,0.03824850352877118,0.5710969479985682,20.91924991607666,21.129299926757813,23.873375005722046,0.39747741073687165,1.059199099527735,-0.4608219094472388
2020-11-03,19.854999542236328,20.989999771118164,19.735000610351562,20.969999313354492,16.86226463317871,4442823,PKO.WA,0.06554872907392406,0.6085316271178713,20.831249904632568,21.10829990386963,23.803724994659422,0.44740503941519555,1.059199099527735,-0.4254794708670001
2020-11-04,20.549999237060547,21.079999923706055,20.020000457763672,20.440000534057617,16.436084747314453,3800354,PKO.WA,-0.025274143855567588,0.5931515112334317,20.711249923706056,21.071299896240234,23.73142498970032,0.4525709097923193,1.059199099527735,-0.43999998536828433
2020-11-05,20.829999923706055,21.0,20.09000015258789,20.940000534057617,16.83814239501953,2380686,PKO.WA,0.024461838891192134,0.6076610879392911,20.636249923706053,21.04929988861084,23.66262498855591,0.46179514966112745,1.059199099527735,-0.426301355231298
2020-11-06,20.639999389648438,21.200000762939453,20.200000762939453,21.0,16.886390686035156,4520672,PKO.WA,0.002865303935632557,0.6094022216460943,20.573749923706053,21.02829990386963,23.596574993133544,0.4617844415224372,1.059199099527735,-0.42465753424657515
2020-11-09,21.09000015258789,22.969999313354492,20.780000686645508,22.790000915527344,18.32575225830078,6877079,PKO.WA,0.08523813883463549,0.6613465328208994,20.610750007629395,21.05269992828369,23.53722499847412,0.5557514229865563,1.059199099527735,-0.37561641327322315
2020-11-10,22.850000381469727,24.68000030517578,22.5,24.200000762939453,19.45955467224121,10341154,PKO.WA,0.06186923171431058,0.7022635347034515,20.746250057220458,21.114699935913087,23.47822500228882,0.583839928613695,1.059199099527735,-0.33698628046741197
2020-11-11,24.200000762939453,24.200000762939453,24.200000762939453,24.200000762939453,19.45955467224121,0,PKO.WA,0.0,0.7022635347034515,20.877250099182127,21.172699966430663,23.420925006866455,0.5842575630265389,1.059199099527735,-0.33698628046741197
2020-11-12,24.0,24.860000610351562,23.829999923706055,24.860000610351562,19.990266799926758,9510018,PKO.WA,0.027272720107631265,0.7214161715272145,21.082250118255615,21.24529998779297,23.366375007629394,0.5640916410912342,1.059199099527735,-0.3189040928670801
2020-11-13,24.6299991607666,25.389999389648438,24.43000030517578,25.149999618530273,20.223461151123047,5544603,PKO.WA,0.011665285641946355,0.7298316972347988,21.289250087738036,21.32809997558594,23.31237500190735,0.5640719645199788,1.059199099527735,-0.31095891456081404
2020-11-16,25.299999237060547,27.200000762939453,25.299999237060547,26.809999465942383,21.558290481567383,7759469,PKO.WA,0.06600397107716205,0.7780034874702806,21.601250076293944,21.443099975585938,23.269974994659425,0.5856011794059531,1.059199099527735,-0.2654794666865097
2020-11-17,26.809999465942383,26.950000762939453,26.170000076293945,26.889999389648438,21.622617721557617,4295980,PKO.WA,0.0029839584222177695,0.7803250175292323,21.916750049591066,21.564499969482423,23.22857500076294,0.5849049284994081,1.059199099527735,-0.26328768795483704
2020-11-18,26.649999618530273,27.229999542236328,26.530000686645508,27.229999542236328,21.89601707458496,3983298,PKO.WA,0.012644111576989303,0.7901915341171881,22.269250011444093,21.684299964904785,23.182224998474123,0.5714408627215761,1.059199099527735,-0.2539726152811962
2020-11-19,26.940000534057617,27.15999984741211,26.760000228881836,26.760000228881836,21.518083572387695,3189077,PKO.WA,-0.01726034966050871,0.7765525519395516,22.58725004196167,21.792099952697754,23.136724996566773,0.5832009693344433,1.059199099527735,-0.2668493087977576
2020-11-20,26.639999389648438,26.969999313354492,26.200000762939453,26.829999923706055,21.574371337890625,2930809,PKO.WA,0.0026158331175449856,0.7785838838224292,22.88025007247925,21.89669994354248,23.091924991607666,0.5822682027914844,1.059199099527735,-0.26493150893955975
2020-11-23,27.0,28.0,27.0,27.850000381469727,22.39456558227539,3690007,PKO.WA,0.038017162156695816,0.8081834335862965,23.230250072479247,22.015499954223632,23.053424997329714,0.5842840108149918,1.059199099527735,-0.23698629091863732
2020-11-24,28.0,28.350000381469727,27.440000534057617,28.100000381469727,22.595596313476562,5279917,PKO.WA,0.008976660559270266,0.8154382219392262,23.59675006866455,22.137899971008302,23.018174991607665,0.5805008009982721,1.059199099527735,-0.23013697585014414
2020-11-25,28.200000762939453,28.280000686645508,27.309999465942383,27.860000610351562,22.402610778808594,2958497,PKO.WA,-0.008540917005696147,0.8084736317623709,24.0207501411438,22.260699996948244,22.98182498931885,0.5017289499520166,1.059199099527735,-0.2367123120451623
2020-11-26,27.8700008392334,28.059999465942383,27.760000228881836,28.040000915527344,22.54734992980957,2750172,PKO.WA,0.006460886619970241,0.8136970882324231,24.47775020599365,22.3821000289917,22.948024997711183,0.4774418275246676,1.059199099527735,-0.23178079683486685
2020-11-27,27.799999237060547,28.0,27.350000381469727,27.979999542236328,22.499103546142578,3289160,PKO.WA,-0.0021398491915808338,0.8119558991759773,24.929000186920167,22.513500022888184,22.915874996185302,0.48021478102461485,1.059199099527735,-0.23342467007571654
2020-11-30,27.5,27.610000610351562,26.34000015258789,26.399999618530273,21.228601455688477,7903004,PKO.WA,-0.05646890455880871,0.7661056389994474,25.26500015258789,22.63430000305176,22.882874994277955,0.5458978399369465,1.059199099527735,-0.27671233921834826
2020-12-01,26.670000076293945,27.149999618530273,26.329999923706055,26.559999465942383,21.35725975036621,2169795,PKO.WA,0.006060600368335001,0.770748699117351,25.544500160217286,22.755499992370606,22.855424995422364,0.5132011343720954,1.059199099527735,-0.27232878175500275
2020-12-02,26.329999923706055,27.260000228881836,26.200000762939453,27.260000228881836,21.920141220092773,3357578,PKO.WA,0.026355450941821568,0.7910621286454111,25.885500144958495,22.90069999694824,22.83032500267029,0.4953820278833258,1.059199099527735,-0.2531506786607711
2020-12-03,27.299999237060547,27.68000030517578,26.850000381469727,27.5,22.113126754760742,2822985,PKO.WA,0.008804100113832147,0.7980267188222665,26.213500118255617,23.048299980163574,22.808025007247924,0.4945133439760033,1.059199099527735,-0.24657534246575297
2020-12-04,27.399999618530273,28.100000381469727,27.399999618530273,28.0,22.51518440246582,2969471,PKO.WA,0.018181818181818077,0.8125362955281258,26.563500118255615,23.209899978637694,22.79157500267029,0.4928548305328276,1.059199099527735,-0.23287671232876683
2020-12-07,27.950000762939453,28.450000762939453,27.489999771118164,28.34000015258789,22.788583755493164,3365462,PKO.WA,0.012142862592424697,0.8224028121160816,26.841000080108643,23.35689998626709,22.77152501106262,0.41703282896367005,1.059199099527735,-0.223561639655126
2020-12-08,28.239999771118164,28.440000534057617,28.049999237060547,28.329999923706055,22.780542373657227,3091096,PKO.WA,-0.0003528662254055348,0.8221126139400072,27.04750003814697,23.504300003051757,22.747675018310545,0.37309971816179377,1.059199099527735,-0.2238356185286009
2020-12-09,28.399999618530273,29.860000610351562,28.3799991607666,29.149999618530273,23.43991470336914,4353923,PKO.WA,0.028944571021267684,0.8459083108816738,27.294999980926512,23.66310001373291,22.730625009536745,0.3787951931725675,1.059199099527735,-0.20136987346492374
2020-12-10,29.200000762939453,29.399999618530273,28.209999084472656,28.65999984741211,23.0458984375,2859046,PKO.WA,-0.016809597856964564,0.8316889323518888,27.48499994277954,23.814500007629395,22.715725011825562,0.38383170362134894,1.059199099527735,-0.21479452472843497
2020-12-11,28.84000015258789,29.200000762939453,28.270000457763672,28.850000381469727,23.19868278503418,2272235,PKO.WA,0.006629467378548304,0.8372025869980153,27.669999980926512,23.965100021362304,22.706875009536745,0.3835080754863784,1.059199099527735,-0.2095890306446646
2020-12-14,29.0,29.5,28.469999313354492,28.469999313354492,22.893117904663086,2021263,PKO.WA,-0.01317161397194666,0.8261752777057624,27.75299997329712,24.096100006103516,22.71062500953674,0.3201310191793157,1.059199099527735,-0.2200000188122052
2020-12-15,28.469999313354492,28.790000915527344,28.299999237060547,28.690000534057617,23.070022583007812,1789353,PKO.WA,0.007727475448161547,0.8325595268801117,27.84300003051758,24.215300025939943,22.714475011825563,0.32053039743563105,1.059199099527735,-0.21397258810801012
2020-12-16,28.989999771118164,29.559999465942383,28.950000762939453,29.510000228881836,23.729394912719727,2911074,PKO.WA,0.028581376073897324,0.8563552238217782,27.957000064849854,24.34870002746582,22.72887501716614,0.33140735482149297,1.059199099527735,-0.19150684304433296
2020-12-17,29.350000381469727,29.450000762939453,27.639999389648438,28.469999313354492,22.893117904663086,5051134,PKO.WA,-0.03524232149986506,0.8261752777057622,28.042500019073486,24.469300003051757,22.75532501220703,0.35236279241085056,1.059199099527735,-0.22000001881220543
2020-12-18,28.299999237060547,28.690000534057617,27.979999542236328,28.18000030517578,22.65992546081543,4156017,PKO.WA,-0.010186126279345564,0.8177597519981779,28.11000003814697,24.587900009155273,22.77872501373291,0.3556262088156124,1.059199099527735,-0.2279451971184715
2020-12-21,27.90999984741211,28.170000076293945,26.709999084472656,27.65999984741211,22.24178695678711,3122569,PKO.WA,-0.018452819451111324,0.8026697789401699,28.10050001144409,24.700100021362303,22.80952501296997,0.3372601109189978,1.059199099527735,-0.2421917850024078
2020-12-22,27.65999984741211,28.59000015258789,27.65999984741211,28.559999465942383,22.965486526489258,1752690,PKO.WA,0.03253794734255866,0.8287870059407884,28.123499965667726,24.841500015258788,22.841825008392334,0.35556652024357294,1.059199099527735,-0.21753426120705766
2020-12-23,28.579999923706055,28.959999084472656,28.469999313354492,28.729999542236328,23.10218620300293,1446513,PKO.WA,0.005952383735044142,0.8337202642347662,28.166999912261964,24.984500007629393,22.880475006103516,0.3540985806627095,1.059199099527735,-0.21287672487023734
2020-12-28,29.190000534057617,29.8799991607666,28.940000534057617,29.700000762939453,23.882179260253906,1763471,PKO.WA,0.033762660499771835,0.8618688784679047,28.249999904632567,25.163300018310547,22.91952501296997,0.3717112925443816,1.059199099527735,-0.1863013489605626
2020-12-29,29.979999542236328,30.309999465942383,29.540000915527344,29.829999923706055,23.986713409423828,1808941,PKO.WA,0.004377076007648473,0.8656413440575855,28.342499923706054,25.339700012207032,22.95337501525879,0.37120236260019385,1.059199099527735,-0.18273972811764194
2020-12-30,30.299999237060547,30.350000381469727,28.700000762939453,28.719999313354492,23.094146728515625,2867630,PKO.WA,-0.03721088210494561,0.8334300660586921,28.458499908447266,25.502700004577637,22.989725008010865,0.334432948453786,1.059199099527735,-0.21315070374371214
2021-01-04,28.719999313354492,29.700000762939453,28.700000762939453,29.100000381469727,23.399709701538086,1847402,PKO.WA,0.013231235278565512,0.844457375350945,28.585499954223632,25.67310001373291,23.0236750125885,0.3358617588447389,1.059199099527735,-0.20273971557617154
2021-01-05,29.0,29.899999618530273,28.81999969482422,29.579999923706055,23.785682678222656,2582202,PKO.WA,0.016494829413884915,0.8583865557046558,28.701499938964844,25.861100006103516,23.062375011444093,0.32922254372618576,1.059199099527735,-0.18958904318613512
2021-01-07,30.34000015258789,31.780000686645508,30.229999542236328,31.780000686645508,25.55473518371582,3696175,PKO.WA,0.07437460340141255,0.9222287153502942,28.91549997329712,26.08870002746582,23.103975019454957,0.4127957468356166,1.059199099527735,-0.12931504968094454
2021-01-08,32.0,32.880001068115234,31.81999969482422,32.650001525878906,26.254316329956055,3822656,PKO.WA,0.027375733808558067,0.9474754031723323,29.148000049591065,26.32230007171631,23.15347502708435,0.4171954380389205,1.059199099527735,-0.10547941024989249
2021-01-11,32.599998474121094,33.68000030517578,32.029998779296875,32.75,26.33472442626953,3558783,PKO.WA,0.0030627402587357633,0.95037727423379,29.36850004196167,26.560300064086913,23.20467502593994,0.41725475378494786,1.059199099527735,-0.10273972602739678
2021-01-12,32.79999923706055,32.95000076293945,31.770000457763672,32.0,25.731637954711914,2456496,PKO.WA,-0.022900763358778664,0.928612909175001,29.552000045776367,26.78490005493164,23.251575021743776,0.430410254783216,1.059199099527735,-0.12328767123287632
2021-01-13,32.11000061035156,32.2400016784668,31.299999237060547,32.0,25.731637954711914,2652946,PKO.WA,0.0,0.928612909175001,29.694500064849855,27.03730007171631,23.300575017929077,0.42254105327332325,1.059199099527735,-0.12328767123287632
2021-01-14,32.02000045776367,32.130001068115234,30.90999984741211,31.309999465942383,25.176801681518555,3295952,PKO.WA,-0.021562516689300537,0.908589677823015,29.827000045776366,27.28550006866455,23.34797501564026,0.42611749273218275,1.059199099527735,-0.14219179545363292
2021-01-15,31.100000381469727,31.5,30.399999618530273,30.6200008392334,24.621963500976562,3026300,PKO.WA,-0.02203764415453069,0.8885665018206718,29.91550006866455,27.518800086975098,23.391825017929076,0.43648149665340136,1.059199099527735,-0.16109586741826265
2021-01-18,30.56999969482422,31.309999465942383,30.209999084472656,30.809999465942383,24.774744033813477,2523903,PKO.WA,0.006205049689794295,0.8940801011171557,30.032500076293946,27.74140007019043,23.432475013732912,0.4321599566720931,1.059199099527735,-0.15589042559061916
2021-01-19,31.100000381469727,31.700000762939453,30.1299991607666,30.239999771118164,24.31639862060547,3484392,PKO.WA,-0.01850047727051407,0.8775391925284188,30.11000003814697,27.926800079345703,23.46662501335144,0.4393726992185053,1.059199099527735,-0.17150685558580325
2021-01-20,30.18000030517578,30.65999984741211,29.530000686645508,30.469999313354492,24.501344680786133,3793333,PKO.WA,0.007605805025699741,0.8842135845292,30.157999992370605,28.12740005493164,23.509425010681152,0.42936536403111375,1.059199099527735,-0.16520549826426
2021-01-21,30.690000534057617,31.1200008392334,29.700000762939453,29.950000762939453,24.083208084106445,1942025,PKO.WA,-0.01706591933486301,0.8691236668208345,30.232000064849853,28.307600059509276,23.54577501296997,0.4130227246053115,1.059199099527735,-0.17945203389206932
2021-01-22,29.690000534057617,29.93000030517578,29.239999771118164,29.670000076293945,23.858055114746094,2467312,PKO.WA,-0.009348937546338365,0.8609982839396819,30.306500053405763,28.481000061035157,23.58072501182556,0.4126827257471511,1.059199099527735,-0.18712328558098734
2021-01-25,29.8700008392334,29.959999084472656,28.719999313354492,29.270000457763672,23.53641128540039,3272467,PKO.WA,-0.013481618385632221,0.849390633644923,30.38700008392334,28.61060005187988,23.6136750125885,0.4096380432236918,1.059199099527735,-0.198082179239351
2021-01-26,29.0,29.690000534057617,28.600000381469727,29.440000534057617,23.67310905456543,2461013,PKO.WA,0.005807997049376734,0.8543238919389009,30.4310001373291,28.715400047302246,23.644875011444093,0.39492265329150705,1.059199099527735,-0.19342464290253059
2021-01-27,29.3700008392334,29.459999084472656,28.459999084472656,28.75,23.118270874023438,2022871,PKO.WA,-0.023437517715374723,0.834300660586915,30.432000160217285,28.806400032043456,23.677925014495848,0.40449430793721225,1.059199099527735,-0.2123287671232872
2021-01-28,28.59000015258789,29.290000915527344,28.030000686645508,29.1299991607666,23.4238338470459,2546697,PKO.WA,0.0132173621136209,0.8453279145295254,30.403500080108643,28.891800003051756,23.713375005722046,0.38822396588371133,1.059199099527735,-0.20191783121187346
2021-01-29,28.649999618530273,29.1299991607666,28.5,28.8799991607666,23.22280502319336,2979062,PKO.WA,-0.008582217892292632,0.8380731261765957,30.35600004196167,28.966399993896484,23.748125,0.38870576176742694,1.059199099527735,-0.20876714628036663
2021-02-01,28.709999084472656,29.290000915527344,28.700000762939453,29.149999618530273,23.43991470336914,1406284,PKO.WA,0.009349046593133847,0.8459083108816741,30.37750005722046,29.01319999694824,23.78322500228882,0.3661981464714067,1.059199099527735,-0.20136987346492352
2021-02-02,29.290000915527344,29.6200008392334,28.920000076293945,29.549999237060547,23.761560440063477,2462389,PKO.WA,0.013722114022807652,0.857515961176433,30.4,29.066399993896486,23.825625,0.36641985454884557,1.059199099527735,-0.19041097980655985
2021-02-03,29.799999237060547,29.8799991607666,28.760000228881836,28.90999984741211,23.24692726135254,2904735,PKO.WA,-0.02165818633408878,0.8389437207048186,30.366499996185304,29.1,23.864075002670287,0.37005150308745083,1.059199099527735,-0.2079452096599418
2021-02-04,28.780000686645508,28.90999984741211,28.149999618530273,28.18000030517578,22.65992546081543,3551968,PKO.WA,-0.025250762576592534,0.8177597519981781,30.186499977111815,29.12840000152588,23.898675003051757,0.2511716200238189,1.059199099527735,-0.22794519711847128
2021-02-05,28.290000915527344,29.459999084472656,28.190000534057617,28.600000381469727,22.99765396118164,3492197,PKO.WA,0.01490418991290099,0.8299477986450857,29.983999919891357,29.163800010681154,23.937575006484984,0.23248043744170643,1.059199099527735,-0.21643834571315768
2021-02-08,28.600000381469727,29.18000030517578,28.010000228881836,28.170000076293945,22.651884078979492,3513566,PKO.WA,-0.015034975504908843,0.8174695538221038,29.754999923706055,29.170200004577637,23.977925004959108,0.2314830450626739,1.059199099527735,-0.2282191759919462
2021-02-09,28.200000762939453,28.399999618530273,28.040000915527344,28.079999923706055,22.579513549804688,1585295,PKO.WA,-0.003194893586941361,0.8148578255870778,29.558999919891356,29.169799995422363,24.017125005722047,0.22444583245750982,1.059199099527735,-0.23068493359709386
2021-02-10,28.110000610351562,28.299999237060547,27.510000228881836,27.600000381469727,22.193538665771484,1875061,PKO.WA,-0.017094000838336787,0.8009286452333669,29.338999938964843,29.164599990844728,24.045425004959107,0.22615899266184517,1.059199099527735,-0.24383560598713028
2021-02-11,27.700000762939453,28.40999984741211,27.530000686645508,28.229999542236328,22.70012855529785,2347762,PKO.WA,0.022826056234027225,0.819210687528907,29.18499994277954,29.168399963378906,24.07652500152588,0.2432026785645798,1.059199099527735,-0.22657535500722348
2021-02-12,28.200000762939453,28.25,27.690000534057617,28.079999923706055,22.579513549804688,1741185,PKO.WA,-0.005313482853793627,0.8148578255870776,29.057999897003175,29.1703999710083,24.106875,0.2348118306662593,1.059199099527735,-0.23068493359709397
2021-02-15,28.360000610351562,29.479999542236328,28.209999084472656,29.399999618530273,23.64094352722168,2500097,PKO.WA,0.04700853626818691,0.8531630992346037,28.987499904632568,29.2303999710083,24.14597499847412,0.2956253151364476,1.059199099527735,-0.19452055839643045
2021-02-16,29.450000762939453,31.65999984741211,29.299999237060547,31.299999237060547,25.168760299682617,5926607,PKO.WA,0.06462583820350587,0.9082994796469408,29.040499877929687,29.325199966430663,24.197424993515014,0.37210790770793933,1.059199099527735,-0.14246577432710783
2021-02-17,31.18000030517578,31.479999542236328,30.540000915527344,31.200000762939453,25.088348388671875,5007673,PKO.WA,-0.0031948395066633273,0.905397608585483,29.076999950408936,29.403999977111816,24.250424995422364,0.37191719159609715,1.059199099527735,-0.14520545854960354
2021-02-18,31.149999618530273,31.709999084472656,30.520000457763672,30.600000381469727,24.605880737304688,3027531,PKO.WA,-0.019230780987109175,0.8879861054685232,29.10949993133545,29.46599998474121,24.29842499732971,0.37342225035841686,1.059199099527735,-0.16164382516521258
2021-02-19,30.600000381469727,30.8799991607666,29.59000015258789,30.65999984741211,24.65412712097168,4789321,PKO.WA,0.001960766836418548,0.8897272391753264,29.158999919891357,29.519199981689454,24.346424999237062,0.3712836103905194,1.059199099527735,-0.16000000418048976
2021-02-22,30.170000076293945,30.450000762939453,29.90999984741211,30.360000610351562,24.412893295288086,2173317,PKO.WA,-0.009784710976959432,0.8810215152916677,29.21349992752075,29.559599990844728,24.394975004196166,0.3694801394565769,1.059199099527735,-0.16821916136023085
2021-02-23,30.399999618530273,30.790000915527344,29.149999618530273,29.610000610351562,23.80980682373047,2857650,PKO.WA,-0.024703556815617422,0.8592571502328786,29.22199993133545,29.585200004577636,24.435925006866455,0.3810907502138586,1.059199099527735,-0.18876710656571027
2021-02-24,29.709999084472656,30.389999389648438,29.549999237060547,29.760000228881836,23.930423736572266,2552773,PKO.WA,0.005065843142125326,0.863610012174708,29.27249994277954,29.59740001678467,24.47822501182556,0.3705740906832798,1.059199099527735,-0.18465752797583967
2021-02-25,30.100000381469727,30.649999618530273,30.040000915527344,30.56999969482422,24.581756591796875,3056591,PKO.WA,0.02721772378067011,0.8871155109403004,29.34449996948242,29.635600013732912,24.527325010299684,0.37943049436261017,1.059199099527735,-0.16246576178563732
2021-02-26,30.059999465942383,30.649999618530273,29.829999923706055,30.139999389648438,24.235986709594727,4276574,PKO.WA,-0.014066087977376851,0.8746372661173185,29.407499980926513,29.661399993896485,24.574675006866457,0.3820797973760344,1.059199099527735,-0.17424659206442583
2021-03-01,30.399999618530273,31.34000015258789,30.329999923706055,31.219999313354492,25.10443115234375,2915616,PKO.WA,0.03583277855264266,0.9059779495879892,29.510999965667725,29.716399993896484,24.623025007247925,0.3996234136506169,1.059199099527735,-0.14465755305878047
2021-03-02,31.18000030517578,31.399999618530273,30.600000381469727,30.760000228881836,24.734539031982422,2439028,PKO.WA,-0.01473411577801953,0.892629165586427,29.57150001525879,29.757799987792968,24.668825006484987,0.4029401845325195,1.059199099527735,-0.15726026770186685
2021-03-03,30.760000228881836,31.850000381469727,30.700000762939453,30.940000534057617,24.8792781829834,2353833,PKO.WA,0.005851765404304876,0.8978526220564792,29.673000049591064,29.786399993896485,24.715325012207032,0.39294609376693257,1.059199099527735,-0.15232875249157152
2021-03-04,30.68000030517578,31.170000076293945,30.1200008392334,30.950000762939453,24.887319564819336,2633308,PKO.WA,0.0003232135975830275,0.8981428202325534,29.811500072479248,29.836000022888182,24.76407501220703,0.3781773975024054,1.059199099527735,-0.1520547736180966
2021-03-05,30.90999984741211,31.190000534057617,30.510000228881836,31.09000015258789,24.999895095825195,2893641,PKO.WA,0.004523405046764184,0.9022054839983084,29.936000061035156,29.894200019836425,24.81377501487732,0.37634898120581367,1.059199099527735,-0.14821917390170114
2021-03-08,31.170000076293945,31.8700008392334,30.809999465942383,31.84000015258789,25.602981567382812,2874842,PKO.WA,0.02412351226500631,0.9239698490570974,30.119500064849852,29.977800025939942,24.86672501564026,0.37513410518727963,1.059199099527735,-0.1276712286962216
2021-03-09,31.739999771118164,32.47999954223633,31.600000381469727,32.34000015258789,26.00503921508789,3964678,PKO.WA,0.015703517512683174,0.9384794257629568,30.332500076293947,30.05340003967285,24.91572501182556,0.37471941348536736,1.059199099527735,-0.11397259855923536
2021-03-10,32.209999084472656,32.779998779296875,32.060001373291016,32.709999084472656,26.30255889892578,3495999,PKO.WA,0.011440906930705763,0.949216481529493,30.58800001144409,30.13300003051758,24.963525009155273,0.36355741542287595,1.059199099527735,-0.10383564152129654
2021-03-11,32.72999954223633,32.900001525878906,31.59000015258789,31.739999771118164,25.52256965637207,2465039,PKO.WA,-0.02965451973414901,0.9210679226459971,30.763500022888184,30.173800010681152,25.01072501182556,0.3838159660389312,1.059199099527735,-0.13041096517484418
2021-03-12,31.739999771118164,32.18000030517578,31.3799991607666,32.130001068115234,25.8361759185791,2196277,PKO.WA,0.012287375545350532,0.9323854301143244,30.966000080108643,30.219800033569335,25.059875020980837,0.3819240942398614,1.059199099527735,-0.11972599813382867
2021-03-15,32.20000076293945,32.47999954223633,31.93000030517578,32.220001220703125,25.908544540405273,1306195,PKO.WA,0.0028011251041384355,0.9349971583493506,31.107000160217286,30.289800071716307,25.108725023269653,0.3515803065774256,1.059199099527735,-0.11726024052868078
2021-03-16,32.310001373291016,32.369998931884766,31.25,31.5,25.32958221435547,2211982,PKO.WA,-0.02234640575495961,0.9141033324691418,31.11700019836426,30.337800064086913,25.15592502593994,0.28450091042816084,1.059199099527735,-0.13698630136986234
2021-03-17,31.3700008392334,31.3799991607666,30.1299991607666,30.8799991607666,24.831031799316406,5840137,PKO.WA,-0.019682566324869755,0.8961114330000334,31.101000118255616,30.363800048828125,25.19757502555847,0.29320510895629737,1.059199099527735,-0.15397262573242132
2021-03-18,31.059999465942383,31.93000030517578,30.760000228881836,31.829999923706055,25.594940185546875,2648908,PKO.WA,0.030764274247339962,0.9236796508810232,31.16250009536743,30.364800033569335,25.243425025939942,0.30402022926697836,1.059199099527735,-0.12794520756969652
2021-03-19,31.639999389648438,31.75,30.860000610351562,31.049999237060547,24.967729568481445,4734180,PKO.WA,-0.024505205419890208,0.9010446912940113,31.182000064849852,30.332799987792967,25.280825023651122,0.3184087492964435,1.059199099527735,-0.1493150893956008
2021-03-22,30.899999618530273,31.739999771118164,30.899999618530273,31.540000915527344,25.36174774169922,1552655,PKO.WA,0.015781052834356935,0.9152641251734389,31.24100008010864,30.308600006103514,25.31612503051758,0.32004042034249747,1.059199099527735,-0.13589038587596258
2021-03-23,31.799999237060547,33.150001525878906,31.209999084472656,32.79999923706055,26.37493133544922,3302153,PKO.WA,0.03994921639057081,0.9518282097645191,31.40050001144409,30.324599990844728,25.35892502784729,0.3303384242153897,1.059199099527735,-0.10136988391614876
2021-03-24,32.2400016784668,32.599998474121094,31.90999984741211,32.59000015258789,26.206066131591797,2588411,PKO.WA,-0.006402411260893581,0.9457342141158865,31.542000007629394,30.336399993896485,25.40477502822876,0.3329597046909558,1.059199099527735,-0.10712328349074218
2021-03-25,32.54999923706055,32.779998779296875,31.940000534057617,32.310001373291016,25.980915069580078,2109232,PKO.WA,-0.00859155501644393,0.9376088865843766,31.629000091552733,30.356400032043457,25.449225034713745,0.3250958007163975,1.059199099527735,-0.11479448292353323
2021-03-26,32.43000030517578,32.959999084472656,32.13999938964844,32.52000045776367,26.149778366088867,1779293,PKO.WA,0.0064995071354669864,0.943702882233009,31.748000144958496,30.39440002441406,25.498975038528442,0.31893996611482206,1.059199099527735,-0.10904108334894003
2021-03-29,32.4900016784668,32.79999923706055,32.33000183105469,32.650001525878906,26.254316329956055,1389203,PKO.WA,0.003997572764000257,0.9474754031723323,31.819500255584718,30.431200065612792,25.553425045013427,0.2959885493858452,1.059199099527735,-0.10547941024989249
2021-03-30,32.79999923706055,32.97999954223633,32.459999084472656,32.59000015258789,26.206066131591797,733620,PKO.WA,-0.0018377142568725136,0.9457342141158864,31.91100025177002,30.47820007324219,25.600225048065184,0.28955331342286056,1.059199099527735,-0.1071232834907423
2021-03-31,32.70000076293945,33.20000076293945,32.68000030517578,32.72999954223633,26.31864356994629,1743900,PKO.WA,0.004295777508221965,0.9497968778816415,32.000500202178955,30.523400077819826,25.65037504196167,0.28940635640639145,1.059199099527735,-0.10328768377434672
2021-04-01,33.0,33.0,32.34000015258789,32.59000015258789,26.206066131591797,759907,PKO.WA,-0.004277402737747571,0.9457342141158864,32.08250017166138,30.57620006561279,25.69787504196167,0.29042410562478377,1.059199099527735,-0.1071232834907423
2021-04-06,32.349998474121094,33.189998626708984,32.33000183105469,33.189998626708984,26.688533782958984,1662372,PKO.WA,0.01841050847842518,0.9631456618832037,32.18750009536743,30.646600036621095,25.748825035095216,0.2956886401272711,1.059199099527735,-0.09068496913126023
2021-04-07,33.0,33.040000915527344,32.45000076293945,32.83000183105469,26.39905548095703,1107622,PKO.WA,-0.010846544457660756,0.9526988596423844,32.237000179290774,30.717800064086916,25.80047504425049,0.2892261728827605,1.059199099527735,-0.10054789503959716
2021-04-08,32.88999938964844,32.970001220703125,32.15999984741211,32.5099983215332,26.14173698425293,1603724,PKO.WA,-0.009747288811259969,0.943412628707292,32.24550008773804,30.779200019836427,25.845025033950805,0.286970626865278,1.059199099527735,-0.10931511447854192
2021-04-09,32.5099983215332,32.619998931884766,31.950000762939453,32.220001220703125,25.908544540405273,2604202,PKO.WA,-0.008920243488231616,0.9349971583493504,32.22100019454956,30.84860004425049,25.89207504272461,0.2856949530917221,1.059199099527735,-0.117260240528681
2021-04-12,32.150001525878906,32.560001373291016,31.920000076293945,32.5,26.133695602416992,1787557,PKO.WA,0.008690216284565455,0.9431224858808603,32.25900020599365,30.916000061035156,25.940475044250487,0.2656995857373604,1.059199099527735,-0.10958904109588996
2021-04-13,32.56999969482422,32.58000183105469,32.04999923706055,32.16999816894531,25.868337631225586,1263719,PKO.WA,-0.010153902493990397,0.9335461121193362,32.261000061035155,30.98180004119873,25.989475030899047,0.2653500664637399,1.059199099527735,-0.11863018715218276
2021-04-14,32.47999954223633,32.869998931884766,32.47999954223633,32.83000183105469,26.39905548095703,1652735,PKO.WA,0.02051612370766298,0.9526988596423843,32.291500091552734,31.055400085449218,26.040125036239623,0.2749363107877841,1.059199099527735,-0.10054789503959727
2021-04-15,32.83000183105469,33.09000015258789,32.529998779296875,33.09000015258789,26.608123779296875,1209823,PKO.WA,0.007919534177036391,0.9602437908217458,32.371000099182126,31.126200103759764,26.090975036621092,0.2613894619610317,1.059199099527735,-0.09342465335375594
2021-04-16,32.95000076293945,33.20000076293945,32.79999923706055,33.150001525878906,26.6563720703125,1440336,PKO.WA,0.0018132781207111925,0.9619849798781916,32.48450021743774,31.2110001373291,26.141525039672853,0.24788087420171917,1.059199099527735,-0.09178078011290625
2021-04-19,33.18000030517578,33.540000915527344,32.75,32.869998931884766,26.431217193603516,1460513,PKO.WA,-0.008446533366689435,0.9538595416473964,32.53650016784668,31.30480010986328,26.188425035476683,0.22942028885966068,1.059199099527735,-0.09945208405795125
2021-04-20,32.79999923706055,33.31999969482422,32.439998626708984,33.029998779296875,26.55987548828125,1763786,PKO.WA,0.004867655996693809,0.9585026017653,32.6355001449585,31.393400077819823,26.23722502708435,0.2075596615482484,1.059199099527735,-0.09506852659460574
2021-04-21,33.06999969482422,33.29999923706055,32.529998779296875,33.290000915527344,26.768945693969727,1927009,PKO.WA,0.007871696816211804,0.9660476436439467,32.7230001449585,31.49580009460449,26.285775032043457,0.20303840293085054,1.059199099527735,-0.08794518039651067
2021-04-22,33.349998474121094,33.5,32.720001220703125,32.90999984741211,26.463382720947266,1157172,PKO.WA,-0.011414871062319198,0.9550203343516938,32.72850017547607,31.592400093078613,26.333675031661986,0.1543510329977094,1.059199099527735,-0.09835616856405127
2021-04-23,32.709999084472656,33.0,32.45000076293945,32.70000076293945,26.294517517089844,1299525,PKO.WA,-0.006381011408274739,0.9489263387030612,32.73400020599365,31.69440010070801,26.380575037002565,0.15433888793604408,1.059199099527735,-0.10410956813864458
2021-04-26,32.70000076293945,32.95000076293945,32.5,32.7599983215332,26.34276580810547,1296258,PKO.WA,0.001834787681771255,0.9506674170602218,32.75650005340576,31.785000076293944,26.427925024032593,0.15084779449939872,1.059199099527735,-0.10246579941004874
2021-04-27,32.79999923706055,33.02000045776367,32.61000061035156,32.849998474121094,26.41513442993164,1880392,PKO.WA,0.0027472575457592185,0.9532791452952479,32.772999954223636,31.880400047302246,26.474425020217897,0.14952809918236104,1.059199099527735,-0.10000004180490107
2021-04-28,32.95000076293945,33.720001220703125,32.869998931884766,33.5099983215332,26.945850372314453,2668363,PKO.WA,0.020091320489163733,0.9724317821190108,32.815999794006345,31.962600021362306,26.5234250164032,0.1646063861300535,1.059199099527735,-0.08191785420456932
2021-04-29,33.70000076293945,36.400001525878906,33.56999969482422,35.540000915527344,28.578205108642578,5538720,PKO.WA,0.06057901210605787,1.0313407388203137,32.96349983215332,32.04740005493164,26.583575019836427,0.26627502336923137,1.059199099527735,-0.0263013447800724
2021-04-30,35.630001068115234,35.720001220703125,35.11000061035156,35.27000045776367,28.36109161376953,1936213,PKO.WA,-0.007597086404286246,1.0235055541152354,33.09049987792969,32.128800048828126,26.639525022506714,0.2697040528968946,1.059199099527735,-0.03369861759551562
2021-05-04,35.47999954223633,35.47999954223633,34.02000045776367,34.02000045776367,27.3559513092041,2259776,PKO.WA,-0.0354408841444982,0.9872316123505869,33.16199989318848,32.197200050354006,26.69012502670288,0.30285056221740136,1.059199099527735,-0.0679451929379814
2021-05-05,34.20000076293945,34.970001220703125,34.119998931884766,34.65999984741211,27.870580673217773,1556600,PKO.WA,0.018812445062809546,1.005803852822201,33.235499954223634,32.277200050354004,26.74642502784729,0.3031370278630405,1.059199099527735,-0.05041096308459969
2021-05-06,34.70000076293945,35.619998931884766,34.529998779296875,34.63999938964844,27.85449981689453,1785112,PKO.WA,-0.0005770472548102257,1.0052234564700524,33.32599983215332,32.36280002593994,26.80062502861023,0.2993806652479509,1.059199099527735,-0.050958920831549626
2021-05-07,34.61000061035156,35.959999084472656,34.61000061035156,35.81999969482422,28.803354263305664,1569646,PKO.WA,0.034064674537159556,1.0394660663518234,33.49149990081787,32.4870000076294,26.859525022506713,0.3149133162008181,1.059199099527735,-0.01863014534728169
2021-05-10,35.939998626708984,37.58000183105469,35.93000030517578,37.16999816894531,29.88890838623047,3186431,PKO.WA,0.03768839993363149,1.0786418791779295,33.73899974822998,32.63519996643066,26.928525009155273,0.33057170838061084,1.0786418791779295,0.0
2021-05-11,36.61000061035156,36.86000061035156,33.7599983215332,34.5,27.74192237854004,12495200,PKO.WA,-0.07183207695651794,1.0011607927042974,33.83899974822998,32.71379997253418,26.984725008010866,0.43377781264383475,1.0786418791779295,-0.07183207695651794
2021-05-12,34.7400016784668,35.0,33.63999938964844,33.75,27.138839721679688,5815155,PKO.WA,-0.021739130434782594,0.9793964276455083,33.917999839782716,32.78599998474121,27.037975006103515,0.44045849940250487,1.0786418791779295,-0.09200964050094151
2021-05-13,33.900001525878906,34.15999984741211,33.029998779296875,34.11000061035156,27.428319931030273,4783896,PKO.WA,0.010666684751157396,0.9898433405856126,33.98199977874756,32.84380001068115,27.095425004959107,0.43656525604052826,1.0786418791779295,-0.08232439357907495
2021-05-14,34.380001068115234,34.68000030517578,33.79999923706055,34.439998626708984,27.69367790222168,2454191,PKO.WA,0.0096745239065541,0.9994196036478515,34.049499702453616,32.9173999786377,27.153625001907347,0.4369104456800911,1.0786418791779295,-0.07344631898629417
2021-05-17,34.650001525878906,35.349998474121094,34.63999938964844,35.33000183105469,28.409339904785156,3529071,PKO.WA,0.025842138206576104,1.0252467431716807,34.1584997177124,33.00520000457764,27.217575006484985,0.44476361744959503,1.0786418791779295,-0.04950219070572626
2021-05-18,35.349998474121094,35.58000183105469,35.11000061035156,35.25,28.345008850097656,4121810,PKO.WA,-0.002264416272528047,1.0229251577630865,34.277499771118165,33.091199989318845,27.285325002670287,0.4430873215882985,1.0786418791779295,-0.05165451341209437
2021-05-19,35.0,35.400001525878906,34.81999969482422,35.310001373291016,28.39325714111328,2898524,PKO.WA,0.0017021666181848971,1.0246663468195323,34.39149990081787,33.17560001373291,27.353125009536743,0.44313570566415117,1.0786418791779295,-0.05004027138231815
2021-05-20,35.400001525878906,35.93000030517578,35.06999969482422,35.61000061035156,28.634489059448242,4004063,PKO.WA,0.008496154783145027,1.0333720707031908,34.507499885559085,33.251000022888185,27.421925010681154,0.4432189043739794,1.0786418791779295,-0.04196926649022792
2021-05-21,35.75,37.20000076293945,35.75,37.0,29.752208709716797,4018813,PKO.WA,0.03903396141039028,1.0737086762335943,34.71199989318848,33.34420001983643,27.495675010681154,0.45631156841749654,1.0786418791779295,-0.004573531808439446
2021-05-24,36.939998626708984,37.13999938964844,36.529998779296875,37.040000915527344,29.78437042236328,1558104,PKO.WA,0.0010811058250632666,1.0748694689378915,34.92899990081787,33.43080005645752,27.56962501525879,0.45433210827821485,1.0786418791779295,-0.003497370455255444
2021-05-25,37.09000015258789,38.25,37.08000183105469,38.119998931884766,30.65281867980957,4123194,PKO.WA,0.02915761311184739,1.1062100970589195,35.19699993133545,33.558400039672854,27.651025009155273,0.4608025789255055,1.1062100970589195,0.0
2021-05-26,38.119998931884766,38.650001525878906,37.650001525878906,38.099998474121094,30.636734008789062,2878357,PKO.WA,-0.0005246709948604211,1.105629700706771,35.45949993133545,33.677799987792966,27.733375005722046,0.4614440530417401,1.1062100970589195,-0.0005246709948603101
2021-05-27,37.970001220703125,39.290000915527344,37.88999938964844,39.290000915527344,31.593631744384766,5671652,PKO.WA,0.031233661130315893,1.140162564114259,35.74850006103516,33.81919998168945,27.820325012207032,0.4670270794194858,1.140162564114259,0.0
2021-05-28,39.099998474121094,39.81999969482422,39.099998474121094,39.79999923706055,32.003726959228516,3732119,PKO.WA,0.012980359115533968,1.15496228364655,35.961499977111814,33.98519996643066,27.903625011444092,0.42518556366487203,1.15496228364655,0.0
2021-05-31,39.84000015258789,41.25,39.41999816894531,40.66999816894531,32.703304290771484,3399172,PKO.WA,0.021859270064373604,1.1802089161189457,36.2314998626709,34.18099994659424,27.99017499923706,0.42552701506698626,1.1802089161189457,0.0
2021-06-01,40.56999969482422,40.79999923706055,39.43000030517578,39.95000076293945,32.12434387207031,2487406,PKO.WA,-0.017703403944474116,1.159315200938022,36.52799987792969,34.34339996337891,28.07432499885559,0.40599915730488356,1.1802089161189457,-0.017703403944474116
2021-06-02,39.939998626708984,40.41999816894531,39.599998474121094,40.09000015258789,32.23691940307617,1319297,PKO.WA,0.003504365130784004,1.1633778647037771,36.799499893188475,34.524199981689456,28.15877499580383,0.4044165658421568,1.1802089161189457,-0.014261078005169292
2021-06-04,40.400001525878906,40.93000030517578,39.83000183105469,40.400001525878906,32.4861946105957,2224945,PKO.WA,0.007732635872065519,1.1723738421131527,37.0875,34.70139999389649,28.245025005340576,0.40325745663314083,1.1802089161189457,-0.006638717856460752
2021-06-07,40.22999954223633,40.779998779296875,39.400001525878906,39.70000076293945,31.92331314086914,2255211,PKO.WA,-0.01732675090348834,1.1520604125850924,37.281500053405765,34.83940002441406,28.329175004959108,0.40050808319041703,1.1802089161189457,-0.023850441349331786
2021-06-08,39.45000076293945,39.93000030517578,39.099998474121094,39.63999938964844,31.87506866455078,2719439,PKO.WA,-0.0015113695752627665,1.1503192235286466,37.40500011444092,34.980400009155275,28.41572500228882,0.38243888952670174,1.1802089161189457,-0.025325764093182657
2021-06-09,39.63999938964844,39.9900016784668,38.93000030517578,39.13999938964844,31.47300910949707,2401864,PKO.WA,-0.01261352188947229,1.1358096468227872,37.63700008392334,35.11699996948242,28.50137499809265,0.26852433708065454,1.1802089161189457,-0.037619838902897995
2021-06-10,39.04999923706055,40.66999816894531,39.029998779296875,40.130001068115234,32.26908874511719,2268821,PKO.WA,0.025293860345042107,1.1645386574080743,37.9560001373291,35.269199981689454,28.59152500152588,0.2545410747996239,1.1802089161189457,-0.01327752950926886
2021-06-11,40.099998474121094,40.279998779296875,39.65999984741211,39.86000061035156,32.051971435546875,2219842,PKO.WA,-0.006728144793850976,1.156703472702996,38.2435001373291,35.41339996337891,28.678825006484985,0.260287521136204,1.1802089161189457,-0.019916341162076856
2021-06-14,40.119998931884766,40.5,39.91999816894531,40.5,32.56660461425781,1179410,PKO.WA,0.016056181130168712,1.1752757131746103,38.54650020599365,35.57159996032715,28.771225004196168,0.2618307606569179,1.1802089161189457,-0.004179940413056693
2021-06-15,40.70000076293945,40.790000915527344,40.06999969482422,40.29999923706055,32.405784606933594,1865732,PKO.WA,-0.004938290442949467,1.1694718603524095,38.795000076293945,35.72299995422363,28.861274995803832,0.25717988383438334,1.1802089161189457,-0.009097589096212277
2021-06-16,40.02000045776367,40.540000915527344,40.02000045776367,40.459999084472656,32.53444290161133,2033201,PKO.WA,0.003970219613924186,1.174114920470313,39.05550003051758,35.88039993286133,28.95337498664856,0.2552340193542425,1.1802089161189457,-0.005163488908957348
2021-06-17,40.08000183105469,40.45000076293945,40.0,40.349998474121094,32.445987701416016,1613727,PKO.WA,-0.002718749699472389,1.1709227958831383,39.30749988555908,36.02359992980957,29.04487498283386,0.2569365191791358,1.1802089161189457,-0.007868200374510304
2021-06-18,40.38999938964844,40.599998474121094,40.150001525878906,40.5,32.56660461425781,5100815,PKO.WA,0.0037175100756228208,1.1752757131746103,39.5519998550415,36.17699989318848,29.139524984359742,0.2570821214252448,1.1802089161189457,-0.004179940413056693
2021-06-21,40.0099983215332,40.4900016784668,39.86000061035156,40.47999954223633,32.55052185058594,869666,PKO.WA,-0.0004938384633005333,1.1746953168224616,39.72599983215332,36.33639991760254,29.236424980163573,0.2274794104070054,1.1802089161189457,-0.00467171466100702
2021-06-22,40.47999954223633,40.58000183105469,39.95000076293945,40.36000061035156,32.45402908325195,1268915,PKO.WA,-0.0029644005247470018,1.1712130494088553,39.89199981689453,36.49919990539551,29.33172498703003,0.22875940779035914,1.1802089161189457,-0.0076222663523615175
2021-06-23,40.5,40.630001068115234,40.09000015258789,40.130001068115234,32.26908874511719,848969,PKO.WA,-0.0056987001674458915,1.1645386574080743,39.992499923706056,36.65179992675781,29.426224994659425,0.21153595808416892,1.1802089161189457,-0.01327752950926886
2021-06-24,40.29999923706055,41.400001525878906,40.189998626708984,41.2599983215332,33.177730560302734,2834575,PKO.WA,0.028158415732408182,1.1973302210598313,40.15049991607666,36.83359992980957,29.52747498512268,0.22955055123712173,1.1973302210598313,0.0
2021-06-25,41.25,41.439998626708984,40.560001373291016,40.779998779296875,32.79175567626953,1363022,PKO.WA,-0.01163353276206558,1.1834010407061206,40.224999809265135,36.99259986877441,29.626074981689452,0.21209055726921236,1.1973302210598313,-0.01163353276206558
2021-06-28,40.77000045776367,41.0,40.209999084472656,40.91999816894531,32.90433120727539,1125911,PKO.WA,0.003433040555153477,1.1874637044718757,40.280999755859376,37.14919982910156,29.726574974060057,0.20817464326666724,1.1973302210598313,-0.00824043059668389
2021-06-29,40.599998474121094,40.689998626708984,39.529998779296875,39.959999084472656,32.13238525390625,2559851,PKO.WA,-0.023460389233380008,1.1596053437644542,40.245499801635745,37.28539978027344,29.82017497062683,0.21143299698803714,1.1973302210598313,-0.03150749612081494
2021-06-30,39.959999084472656,40.0,37.79999923706055,37.83000183105469,30.419620513916016,4729880,PKO.WA,-0.05330323579125473,1.0977946267009786,40.13949985504151,37.38459983825683,29.90247497558594,0.27683655238597327,1.1973302210598313,-0.08313128041714979
2021-07-01,38.02000045776367,38.709999084472656,37.86000061035156,38.59000015258789,31.03074836730957,2712212,PKO.WA,0.020089830418916765,1.1198491345861994,40.064499855041504,37.49579986572266,29.987424974441527,0.2877144817619345,1.1973302210598313,-0.06471154332432083
2021-07-02,38.709999084472656,38.86000061035156,38.0099983215332,38.0099983215332,30.564363479614258,1595905,PKO.WA,-0.015029847855955292,1.1030179724717457,39.94499969482422,37.59019981384277,30.067924966812132,0.2891093957157126,1.1973302210598313,-0.07876878652958741
2021-07-05,38.0,38.560001373291016,37.95000076293945,38.20000076293945,30.717145919799805,914040,PKO.WA,0.004998749008063186,1.1085316824675147,39.869999694824216,37.69599983215332,30.14902497291565,0.2851523964122288,1.1973302210598313,-0.07416378291505543
2021-07-06,38.220001220703125,38.38999938964844,37.290000915527344,37.290000915527344,29.985403060913086,654052,PKO.WA,-0.023821985058570028,1.082124257290822,39.75249977111817,37.78779983520508,30.226874980926514,0.2956879295208577,1.1973302210598313,-0.09621903944513599
2021-07-07,37.290000915527344,38.08000183105469,37.27000045776367,37.970001220703125,30.532196044921875,1308136,PKO.WA,0.01823545959991213,1.1018572904667339,39.6939998626709,37.891999893188476,30.306874990463257,0.30242483274220594,1.1973302210598313,-0.07973817825176788
2021-07-08,37.81999969482422,37.81999969482422,36.869998931884766,36.97999954223633,29.736127853393555,1296774,PKO.WA,-0.02607325906344715,1.0731282798814468,39.53649978637695,37.97459991455078,30.38472498893738,0.2973441508456416,1.1973302210598313,-0.10373240313640941
2021-07-09,37.099998474121094,37.650001525878906,36.529998779296875,37.459999084472656,30.122098922729492,1479341,PKO.WA,0.01297997696533515,1.0870574602351577,39.41649971008301,38.05359992980957,30.470224981307982,0.3030418454179437,1.1973302210598313,-0.09209887037434361
2021-07-12,37.310001373291016,37.369998931884766,36.560001373291016,36.65999984741211,29.478811264038086,1268971,PKO.WA,-0.021356093342568938,1.0638421596456398,39.22449970245361,38.075999908447265,30.551024980545044,0.301053737095731,1.1973302210598313,-0.11148809164445295
2021-07-13,36.709999084472656,37.43000030517578,36.709999084472656,36.95000076293945,29.71200180053711,1023099,PKO.WA,0.007910554193518715,1.0722577407028666,39.05699977874756,38.109599914550785,30.635774984359742,0.30440900018228295,1.1973302210598313,-0.10445947004181966
2021-07-14,37.09000015258789,37.720001220703125,36.90999984741211,37.0,29.752208709716797,1077180,PKO.WA,0.0013531592971087747,1.0737086762335954,38.883999824523926,38.16919990539551,30.720174980163574,0.3036234742600628,1.1973302210598313,-0.10324766104776906
2021-07-15,37.0099983215332,37.68000030517578,37.0,37.290000915527344,29.985403060913086,959623,PKO.WA,0.007837862581820065,1.0821242572908223,38.73099994659424,38.22179992675781,30.807024984359742,0.3066425619110811,1.1973302210598313,-0.09621903944513577
2021-07-16,37.310001373291016,37.599998474121094,37.16999816894531,37.220001220703125,29.929113388061523,830928,PKO.WA,-0.0018771706383914344,1.0800929254079448,38.567000007629396,38.27339996337891,30.888174991607666,0.30547491774084523,1.1973302210598313,-0.09791559052782661
2021-07-19,37.099998474121094,37.13999938964844,36.2599983215332,36.70000076293945,29.510976791381836,1001376,PKO.WA,-0.013970995182945534,1.065002952349937,38.37800006866455,38.29099998474121,30.966875,0.3071437326072255,1.1973302210598313,-0.11051860746717257
2021-07-20,36.70000076293945,37.08000183105469,36.0,36.83000183105469,29.615510940551758,836654,PKO.WA,0.0035422633627439915,1.0687754732892603,38.20150012969971,38.2842000579834,31.04497501373291,0.3084994927946487,1.1973302210598313,-0.10736783011856099
2021-07-21,36.939998626708984,38.25,36.880001068115234,37.9900016784668,30.548280715942383,1400350,PKO.WA,0.03149605728322302,1.1024376868188825,38.09450016021729,38.354000091552734,31.129475021362303,0.3336263810568699,1.1973302210598313,-0.07925343616312763
2021-07-22,38.099998474121094,38.20000076293945,37.25,37.41999816894531,30.089935302734375,811958,PKO.WA,-0.015004040124709128,1.0858966675308606,37.90250015258789,38.42740005493164,31.20997501373291,0.3156741046998674,1.1973302210598313,-0.09306835455162399
2021-07-23,37.56999969482422,37.709999084472656,36.810001373291016,37.16999816894531,29.88890838623047,766893,PKO.WA,-0.006680919621409154,1.0786418791779309,37.72200012207031,38.48860000610352,31.28622500419617,0.3147157964517842,1.1973302210598313,-0.0991274919769769
2021-07-26,37.20000076293945,37.849998474121094,36.54999923706055,37.36000061035156,30.041690826416016,869030,PKO.WA,0.005111715113427007,1.0841555891737,37.544000244140626,38.547000045776365,31.359375009536745,0.3153282373257249,1.1973302210598313,-0.0945224883624447
2021-07-27,37.349998474121094,37.540000915527344,36.70000076293945,36.900001525878906,29.671798706054688,882330,PKO.WA,-0.012312609126275076,1.0708068051721378,37.39100036621094,38.57840003967285,31.4296750164032,0.30878300242136925,1.1973302210598313,-0.10567127903587015
2021-07-28,36.900001525878906,38.04999923706055,36.900001525878906,37.9900016784668,30.548280715942383,819105,PKO.WA,0.02953929830662605,1.1024376868188828,37.399000358581546,38.633200073242186,31.507425022125243,0.2702254521044266,1.1973302210598313,-0.07925343616312741
2021-07-29,38.0,38.02000045776367,37.63999938964844,37.880001068115234,30.459829330444336,1008363,PKO.WA,-0.002895514753659789,1.099245562231708,37.36350040435791,38.684600067138675,31.585575027465822,0.26008080970025554,1.1973302210598313,-0.08191947142309863
2021-07-30,37.68000030517578,38.150001525878906,37.619998931884766,37.84000015258789,30.42766571044922,1173180,PKO.WA,-0.001055990348453606,1.098084769527411,37.355000495910645,38.7292000579834,31.664525032043457,0.2546136018149682,1.1973302210598313,-0.08288895560037901
2021-08-02,38.099998474121094,38.349998474121094,37.630001068115234,37.77000045776367,30.37137794494629,804935,PKO.WA,-0.0018498862193960797,1.0960534376445334,37.33350048065186,38.74460006713867,31.745925035476684,0.253953527755807,1.1973302210598313,-0.08458550668306986
2021-08-03,37.810001373291016,37.91999816894531,37.36000061035156,37.630001068115234,30.25880241394043,777939,PKO.WA,-0.0037066292812198975,1.0919907738787784,37.35050048828125,38.75640007019043,31.82617504119873,0.2389913229285248,1.1973302210598313,-0.08797860884845154
2021-08-04,37.709999084472656,38.439998626708984,37.70000076293945,38.11000061035156,30.644775390625,1070063,PKO.WA,0.012755767435867593,1.1059199542324891,37.35750045776367,38.75620010375977,31.91292504310608,0.23436323722992763,1.1973302210598313,-0.07634507608638597
2021-08-05,37.939998626708984,38.45000076293945,37.900001525878906,38.20000076293945,30.717145919799805,777746,PKO.WA,0.002361588851915286,1.1085316824675153,37.41850051879883,38.75820014953613,31.998875045776366,0.212675352558986,1.1973302210598313,-0.07416378291505488
2021-08-06,38.15999984741211,39.18000030517578,37.95000076293945,38.849998474121094,31.239818572998047,2328543,PKO.WA,0.01701564654973131,1.1273940657655614,37.48800048828125,38.74940010070801,32.09027503967285,0.21596897944736979,1.1973302210598313,-0.05841008108219725
2021-08-09,38.79999923706055,39.77000045776367,38.72999954223633,39.68000030517578,31.90723419189453,2262931,PKO.WA,0.021364269334722685,1.151480016232945,37.639000511169435,38.74700012207031,32.1857750415802,0.2080185441219825,1.1973302210598313,-0.03829370045157754
2021-08-10,39.70000076293945,39.779998779296875,39.040000915527344,39.209999084472656,31.529300689697266,1344943,PKO.WA,-0.011844788737106371,1.137840978705666,37.752000427246095,38.71780014038086,32.280925035476685,0.2148589593900689,1.1973302210598313,-0.049684908396872896
2021-08-11,39.15999984741211,40.18000030517578,38.95000076293945,40.099998474121094,32.24496078491211,1891348,PKO.WA,0.02269827621599929,1.1636680075302102,37.907000350952146,38.72080009460449,32.379425029754636,0.22569730943510935,1.1973302210598313,-0.02811439395543247
2021-08-12,39.849998474121094,39.849998474121094,39.0,39.68000030517578,31.90723419189453,3243033,PKO.WA,-0.010473770197681254,1.151480016232945,38.02650032043457,38.71260009765625,32.47297503471375,0.23100077292631854,1.1973302210598313,-0.03829370045157754
2021-08-13,39.68000030517578,39.70000076293945,39.20000076293945,39.63999938964844,31.87506866455078,1171623,PKO.WA,-0.0010080875811416812,1.1503192235286477,38.14750022888184,38.69740005493164,32.566925029754636,0.23076737637781694,1.1973302210598313,-0.03926318462885814
2021-08-16,39.27000045776367,39.720001220703125,39.099998474121094,39.54999923706055,31.802698135375977,1248557,PKO.WA,-0.0022704377894464667,1.1477074952936215,38.29000015258789,38.694400024414065,32.66082502365112,0.22278322826651537,1.1973302210598313,-0.04144447780018923
2021-08-17,39.5,40.040000915527344,39.2400016784668,40.040000915527344,32.196712493896484,2027676,PKO.WA,0.01238942320908154,1.1619269291730492,38.450500106811525,38.702400054931644,32.76412503242493,0.22483089680488846,1.1973302210598313,-0.029568527766253627
2021-08-18,39.9900016784668,40.150001525878906,39.58000183105469,39.72999954223633,31.947437286376953,1240429,PKO.WA,-0.007742291863205186,1.1529309517636737,38.5375,38.7142000579834,32.86827503204346,0.20401525494929879,1.1973302210598313,-0.03708189145752716
2021-08-19,39.45000076293945,39.529998779296875,38.810001373291016,38.959999084472656,31.328269958496094,1436408,PKO.WA,-0.019380832283803495,1.1305861903527359,38.61450004577637,38.69080001831055,32.96830002784729,0.20946327993366567,1.1973302210598313,-0.05574404582222614
2021-08-20,39.0099983215332,39.20000076293945,38.54999923706055,38.810001373291016,31.20765495300293,967624,PKO.WA,-0.003850044011972864,1.1262333837605492,38.69650020599365,38.66980003356934,33.063950033187865,0.20812593267306287,1.1973302210598313,-0.05937947280437805
2021-08-23,39.119998931884766,39.93000030517578,38.91999816894531,39.88999938964844,32.07609939575195,1231271,PKO.WA,0.027827827316199816,1.1575740118815772,38.8230001449585,38.657600021362306,33.158550033569334,0.2270403975446699,1.1973302210598313,-0.03320404720350534
2021-08-24,39.970001220703125,40.18000030517578,39.650001525878906,40.099998474121094,32.24496078491211,1524841,PKO.WA,0.005264454441860744,1.1636680075302097,38.98299999237061,38.65360000610352,33.256850023269656,0.21937252059741286,1.1973302210598313,-0.028114393955432915
2021-08-25,39.77000045776367,40.97999954223633,39.77000045776367,40.97999954223633,32.95258331298828,2348647,PKO.WA,0.02194516462845142,1.1892048935283221,39.132499885559085,38.664000015258786,33.357050018310545,0.20918403681577324,1.1973302210598313,-0.006786204330762602
2021-08-26,40.880001068115234,40.880001068115234,40.36000061035156,40.36000061035156,32.45402908325195,881604,PKO.WA,-0.015129305485856781,1.1712130494088564,39.2564998626709,38.6642000579834,33.45385002136231,0.21872726025121159,1.1973302210598313,-0.02181283925820987
2021-08-27,40.25,40.779998779296875,39.93000030517578,40.779998779296875,32.79175567626953,1025007,PKO.WA,0.010406297388350083,1.1834010407061213,39.40349979400635,38.66980003356934,33.54380001068115,0.21950646681462374,1.1973302210598313,-0.011633532762065024
2021-08-30,40.75,41.0,40.22999954223633,40.97999954223633,32.95258331298828,1047673,PKO.WA,0.00490438374022184,1.189204893528322,39.56399974822998,38.679800033569336,33.62770000457763,0.2184919095337985,1.1973302210598313,-0.006786204330762824
2021-08-31,40.75,42.04999923706055,40.540000915527344,42.04999923706055,33.81298065185547,3744770,PKO.WA,0.026110290550916515,1.2202553788229182,39.78499965667724,38.71360000610352,33.716949996948244,0.2295774880992408,1.2202553788229182,0.0
2021-09-01,42.04999923706055,42.79999923706055,42.0099983215332,42.66999816894531,34.311527252197266,2188768,PKO.WA,0.014744326828389775,1.238247222942384,40.012999534606934,38.764399948120115,33.80599998474121,0.2304985129379534,1.238247222942384,0.0
2021-09-02,42.47999954223633,42.70000076293945,41.380001068115234,42.70000076293945,34.33565902709961,1829341,PKO.WA,0.0007031308948115544,1.2391178728202494,40.237999534606935,38.79319999694824,33.893749990463256,0.2308982834815655,1.2391178728202494,0.0
2021-09-03,42.5,42.81999969482422,42.290000915527344,42.81999969482422,34.432151794433594,1170377,PKO.WA,0.0028102793850279806,1.242600140233856,40.43649959564209,38.83400001525879,33.97379999160766,0.22712670826314396,1.242600140233856,0.0
2021-09-06,42.70000076293945,43.939998626708984,42.630001068115234,43.900001525878906,35.30059814453125,2140177,PKO.WA,0.025221901885843057,1.273940879054169,40.64749965667725,38.89360008239746,34.05885000228882,0.23119537431498055,1.273940879054169,0.0
2021-09-07,43.5,44.189998626708984,43.2400016784668,43.45000076293945,34.93873977661133,1402916,PKO.WA,-0.010250586498822267,1.2608822378790387,40.85949974060058,38.9634001159668,34.13995000839233,0.22970405550312661,1.273940879054169,-0.010250586498822156
2021-09-08,43.25,43.349998474121094,42.52000045776367,43.0099983215332,34.584930419921875,1525258,PKO.WA,-0.01012663828953364,1.24811373953034,41.00499973297119,39.06700004577637,34.22119999885559,0.22615047894080445,1.273940879054169,-0.02027342080662664
2021-09-09,42.84000015258789,43.0,42.130001068115234,43.0,34.57688903808594,1108901,PKO.WA,-0.00023246505285723362,1.2478235967039084,41.170999717712405,39.15520004272461,34.30204999923706,0.22054692619035046,1.273940879054169,-0.020501172997644423
2021-09-10,42.900001525878906,43.900001525878906,42.900001525878906,43.04999923706055,34.61709976196289,1217471,PKO.WA,0.0011627729548964183,1.2492745322346372,41.341499710083006,39.25600006103516,34.37804999351501,0.2200118344016345,1.273940879054169,-0.01936223825225336
2021-09-13,43.209999084472656,43.779998779296875,43.20000076293945,43.720001220703125,35.155853271484375,1315537,PKO.WA,0.015563344843588123,1.2687174225841171,41.54999980926514,39.36640007019043,34.45614999771118,0.2221252278499965,1.273940879054169,-0.004100234599528685
2021-09-14,43.54999923706055,44.099998474121094,43.18000030517578,43.709999084472656,35.14781188964844,1740090,PKO.WA,-0.00022877712605673395,1.2684271690584001,41.733499717712405,39.494800033569334,34.535399990081785,0.22115970580315672,1.273940879054169,-0.004328073685697653
2021-09-15,43.209999084472656,43.400001525878906,42.400001525878906,42.7599983215332,34.38389587402344,2240188,PKO.WA,-0.02173417485329865,1.2408589511774102,41.884999656677245,39.59059997558594,34.608999977111814,0.23646771693935478,1.273940879054169,-0.025968181428733472
2021-09-16,42.599998474121094,43.459999084472656,42.58000183105469,43.31999969482422,34.834205627441406,1658321,PKO.WA,0.0130963843609182,1.2571097169397154,42.102999687194824,39.717399978637694,34.685699977874755,0.2219196751078876,1.273940879054169,-0.01321188635296
2021-09-17,43.2400016784668,43.310001373291016,42.150001525878906,42.310001373291016,34.02205276489258,3566300,PKO.WA,-0.023314827531124793,1.227800420701565,42.27799968719482,39.81440002441406,34.76524998664856,0.24249464499951937,1.273940879054169,-0.036218681032404665
2021-09-20,41.779998779296875,41.84000015258789,41.099998474121094,41.189998626708984,33.12144088745117,1909423,PKO.WA,-0.026471347441010762,1.1952988891769547,42.342999649047854,39.905,34.838399982452394,0.24952480235141003,1.273940879054169,-0.061731271183951386
2021-09-21,41.2400016784668,42.08000183105469,40.90999984741211,41.290000915527344,33.20185852050781,1729764,PKO.WA,0.002427829379763935,1.1982008709376977,42.402499771118165,39.99180000305176,34.90854998588562,0.24919365313143035,1.273940879054169,-0.059453314798018075
2021-09-22,41.65999984741211,42.91999816894531,41.59000015258789,42.91999816894531,34.51255798339844,1851903,PKO.WA,0.03947680351842764,1.2455020112953141,42.49949970245361,40.11019996643066,34.98564997673034,0.27466492675075654,1.273940879054169,-0.022323538106390983
2021-09-23,43.20000076293945,43.380001068115234,42.5099983215332,42.650001525878906,34.29545211791992,2102735,PKO.WA,-0.006290695586789741,1.237666937289521,42.61399974822998,40.217399978637694,35.05889998435974,0.26889020202367675,1.273940879054169,-0.02847380311053327
2021-09-24,42.65999984741211,43.18000030517578,42.25,42.68000030517578,34.31957244873047,2134673,PKO.WA,0.0007033711189592395,1.2385374764681012,42.70899982452393,40.32659996032715,35.13059998512268,0.2674993785864012,1.273940879054169,-0.027790459642328846
2021-09-27,43.0,44.08000183105469,42.54999923706055,43.150001525878906,34.697509765625,2602439,PKO.WA,0.01101221221514681,1.2521765139953802,42.81749992370605,40.45559997558594,35.204699993133545,0.2691272806399956,1.273940879054169,-0.01708428186631994
2021-09-28,42.900001525878906,43.150001525878906,41.83000183105469,42.11000061035156,33.86123275756836,2174310,PKO.WA,-0.02410199023755799,1.221996567879364,42.82049999237061,40.56119995117187,35.26949999809265,0.27026244394198684,1.273940879054169,-0.04077450690912032
2021-09-29,42.0,42.77000045776367,41.9900016784668,42.560001373291016,34.22308349609375,1296617,PKO.WA,0.010686315754382392,1.2350552090544946,42.81500015258789,40.65259994506836,35.33900000572205,0.2677397754761222,1.273940879054169,-0.030523920410297944
2021-09-30,42.869998931884766,42.869998931884766,41.83000183105469,42.2400016784668,33.965763092041016,2641762,PKO.WA,-0.007518789579387564,1.2257690888186874,42.792000198364256,40.74900001525879,35.40595001220703,0.26904316883616647,1.273940879054169,-0.03781320705498248
2021-10-01,42.02000045776367,44.029998779296875,41.869998931884766,43.900001525878906,35.30059814453125,2660577,PKO.WA,0.039299237250228325,1.273940879054169,42.846000289916994,40.883600082397464,35.48310002326966,0.3037646893965013,1.273940879054169,0.0
2021-10-04,43.61000061035156,45.54999923706055,43.25,44.59000015258789,35.855430603027344,3923369,PKO.WA,0.01571750803476024,1.2939640550565126,42.88050022125244,41.02820007324219,35.56260002136231,0.29565196023208196,1.2939640550565126,0.0
2021-10-05,44.7599983215332,45.209999084472656,44.18000030517578,45.20000076293945,36.34593963623047,2382265,PKO.WA,0.01368021099493455,1.3116657563495469,42.96800022125244,41.1942000579834,35.641050024032594,0.2958373775797328,1.3116657563495469,0.0
2021-10-06,45.220001220703125,47.0,44.779998779296875,46.0,36.989227294921875,3820602,PKO.WA,0.017699097866309854,1.3348810569390648,43.11750030517578,41.35440002441406,35.72870002746582,0.2970204763997846,1.3348810569390648,0.0
2021-10-07,46.27000045776367,46.56999969482422,45.349998474121094,46.060001373291016,37.0374755859375,1973164,PKO.WA,0.001304377680239499,1.3366222459955106,43.270500373840335,41.51800003051758,35.8181000328064,0.29681218694825384,1.3366222459955106,0.0
2021-10-08,46.0,47.099998474121094,45.869998931884766,46.900001525878906,37.71293258666992,2903802,PKO.WA,0.018237084835932782,1.3609983392893257,43.46300048828125,41.6992000579834,35.91430004119873,0.30110312121221455,1.3609983392893257,0.0
2021-10-11,46.869998931884766,47.900001525878906,46.459999084472656,47.880001068115234,38.50096893310547,2350643,PKO.WA,0.020895511947810474,1.389437096348896,43.671000480651855,41.90140007019043,36.010900049209596,0.30428853929827343,1.389437096348896,0.0
2021-10-12,47.43000030517578,48.630001068115234,47.09000015258789,48.310001373291016,38.84673309326172,3163712,PKO.WA,0.008980791469992866,1.4019153411718779,43.901000595092775,42.115000076293946,36.10880005836487,0.3040544208297239,1.4019153411718779,0.0
2021-10-13,48.20000076293945,48.41999816894531,46.97999954223633,47.189998626708984,37.946128845214844,1702248,PKO.WA,-0.023183662072947975,1.3694138096472674,44.122500610351565,42.29660003662109,36.19625004768372,0.3057952863367948,1.4019153411718779,-0.023183662072947975
2021-10-14,47.16999816894531,47.81999969482422,45.83000183105469,47.099998474121094,37.87375259399414,4439988,PKO.WA,-0.0019071870143465564,1.3668020814122412,44.311500549316406,42.47459999084472,36.28260004043579,0.30523975045054297,1.4019153411718779,-0.025046633508044147
2021-10-15,46.79999923706055,46.79999923706055,45.68000030517578,46.09000015258789,37.061607360839844,4263084,PKO.WA,-0.02144370178882582,1.3374927851740908,44.50050048828125,42.61940002441406,36.36945004463196,0.3030535887434673,1.4019153411718779,-0.045953242757109325
2021-10-18,46.25,46.79999923706055,45.88999938964844,46.34000015258789,37.262630462646484,1656572,PKO.WA,0.005424170084016966,1.3447475735270207,44.7580005645752,42.752600021362305,36.45565004348755,0.28015983254634325,1.4019153411718779,-0.04077833087771898
2021-10-19,46.5,46.59000015258789,45.84000015258789,46.11000061035156,37.07768630981445,1515506,PKO.WA,-0.004963304736275043,1.3380731815262397,44.999000549316406,42.890600051879886,36.538300046920774,0.28264639069865993,1.4019153411718779,-0.04553924033121126
2021-10-20,46.06999969482422,46.349998474121094,45.400001525878906,45.79999923706055,36.82841110229492,2340534,PKO.WA,-0.0067230832614958436,1.3290772041168641,45.14300060272217,43.004600067138675,36.60840003967285,0.2556774494880818,1.4019153411718779,-0.05195615948829513
2021-10-21,45.70000076293945,46.459999084472656,45.459999084472656,46.43000030517578,37.33500289916992,1509590,PKO.WA,0.013755482065716862,1.3473593017620469,45.33200054168701,43.13960006713867,36.67730003356934,0.2555275214887731,1.4019153411718779,-0.03891535944262292
2021-10-22,46.5,46.970001220703125,45.900001525878906,45.97999954223633,36.973148345947266,971433,PKO.WA,-0.009692025844964092,1.3343006605869163,45.497000503540036,43.26640007019043,36.74345003128052,0.2601328917227972,1.4019153411718779,-0.04823021661810312
2021-10-25,45.97999954223633,46.810001373291016,45.83000183105469,46.439998626708984,37.343040466308594,1313903,PKO.WA,0.010004329905443088,1.3476494445884786,45.66150035858154,43.404200057983395,36.81565002441406,0.2597896219721262,1.4019153411718779,-0.03870839771111845
2021-10-26,46.41999816894531,47.38999938964844,46.04999923706055,47.38999938964844,38.10694885253906,2276931,PKO.WA,0.020456520048066418,1.3752176624694683,45.925500297546385,43.55120002746582,36.892600021362306,0.24396549976769916,1.4019153411718779,-0.01904371677685801
2021-10-27,47.18000030517578,47.75,47.06999969482422,47.220001220703125,37.970252990722656,1996630,PKO.WA,-0.0035872161032870498,1.3702844595251331,46.158500289916994,43.70100006103516,36.972150030136106,0.2456120462295938,1.4019153411718779,-0.022562618952656655
2021-10-28,47.02000045776367,47.959999084472656,46.86000061035156,47.68000030517578,38.34014129638672,1563852,PKO.WA,0.009741615260081327,1.3836332435266954,46.430500221252444,43.87540008544922,37.05745002746582,0.24124671282302115,1.4019153411718779,-0.013040800045671985
2021-10-29,47.529998779296875,49.59000015258789,47.220001220703125,48.79999923706055,39.240745544433594,4059327,PKO.WA,0.023489910333813313,1.4161346643520207,46.675500106811526,44.07520004272461,37.147400026321414,0.21785815048757354,1.4161346643520207,0.0
2021-11-02,48.9900016784668,50.2599983215332,48.70000076293945,49.52000045776367,39.81970977783203,3643749,PKO.WA,0.01475412360573003,1.4370284902322294,46.922000122070315,44.26780006408691,37.24380002975464,0.21727875752893797,1.4370284902322294,0.0
2021-11-03,49.54999923706055,50.36000061035156,47.349998474121094,47.779998779296875,38.42055130004883,3419168,PKO.WA,-0.03513735182516542,1.3865351145881533,47.05100002288818,44.42140007019043,37.33035002708435,0.25777046830633105,1.4370284902322294,-0.03513735182516542
2021-11-04,48.060001373291016,50.040000915527344,48.060001373291016,49.79999923706055,40.04486083984375,4030763,PKO.WA,0.04227711405130763,1.4451538177637395,47.24099998474121,44.59780006408691,37.42960001945496,0.28931306910289584,1.4451538177637395,0.0
2021-11-05,49.900001525878906,50.279998779296875,48.70000076293945,49.2400016784668,39.59456253051758,2310732,PKO.WA,-0.011244931067729946,1.4289031627007196,47.4,44.77540008544922,37.52745002746582,0.2943269735429916,1.4451538177637395,-0.011244931067729835
2021-11-08,49.290000915527344,49.56999969482422,48.349998474121094,48.849998474121094,39.28095626831055,865660,PKO.WA,-0.00792045473297076,1.4175855998827498,47.49749984741211,44.9368000793457,37.62535001754761,0.29159669972319996,1.4451538177637395,-0.01907632083320332
2021-11-09,48.65999984741211,48.77000045776367,47.439998626708984,47.619998931884766,38.291893005371094,1643702,PKO.WA,-0.02517911117004301,1.38189205447025,47.48449974060058,45.06960006713867,37.71625000953674,0.2982044833450041,1.4451538177637395,-0.04377510720027167
2021-11-10,47.619998931884766,48.470001220703125,46.369998931884766,47.15999984741211,37.92200469970703,2274169,PKO.WA,-0.009659787794843,1.3685432704686877,47.42699966430664,45.1718000793457,37.808300008773806,0.298012561954984,1.4451538177637395,-0.05301203674886357
2021-11-12,47.5,48.099998474121094,46.34000015258789,46.349998474121094,37.270668029785156,2030592,PKO.WA,-0.017175601694482734,1.3450377163534528,47.384999656677245,45.24540008544922,37.89440000534058,0.292808373781353,1.4451538177637395,-0.06927712481513448
2021-11-15,46.130001068115234,47.310001373291016,45.84000015258789,45.84000015258789,36.860572814941406,2683381,PKO.WA,-0.011003200395312884,1.3302379968211617,47.32199974060059,45.30820007324219,37.979200010299685,0.29506219265649075,1.4451538177637395,-0.07951805512329535
2021-11-16,46.13999938964844,46.720001220703125,45.75,46.25,37.19025802612305,2606472,PKO.WA,0.008944150219182712,1.342135845291995,47.32999973297119,45.376800079345706,38.064700012207034,0.2870049107213342,1.4451538177637395,-0.07128512633427264
2021-11-17,46.560001373291016,46.91999816894531,45.81999969482422,45.959999084472656,36.95706558227539,2226780,PKO.WA,-0.006270290065456097,1.333720264234768,47.31099967956543,45.418000030517575,38.14675001144409,0.2872527335991811,1.4451538177637395,-0.07710843798026012
2021-11-18,45.959999084472656,45.970001220703125,44.61000061035156,44.91999816894531,36.12078857421875,2085890,PKO.WA,-0.02262839286867402,1.303540318118752,47.251499557495116,45.4473999786377,38.22680000305176,0.29774404702050367,1.4451538177637395,-0.0979919908208271
2021-11-19,44.68000030517578,45.060001373291016,43.34000015258789,43.75,35.17997741699219,2145247,PKO.WA,-0.026046264840548727,1.2695879617626977,47.14899959564209,45.462200012207035,38.30465000152588,0.3101901928013185,1.4451538177637395,-0.12148593031620403
2021-11-22,44.0,44.689998626708984,43.61000061035156,43.61000061035156,35.06739807128906,2087077,PKO.WA,-0.0031999860491070953,1.2655252979969427,47.00799961090088,45.47440002441406,38.37970000267029,0.30447711766925795,1.4451538177637395,-0.12429716308313643
2021-11-23,43.5,45.0,42.599998474121094,44.099998474121094,35.4614143371582,2381495,PKO.WA,0.011235905914048994,1.279744621177085,46.91399955749512,45.495400009155276,38.459349994659426,0.3073828244970035,1.4451538177637395,-0.11445784839887285
2021-11-24,44.150001525878906,44.38999938964844,43.65999984741211,44.099998474121094,35.4614143371582,1883973,PKO.WA,0.0,1.279744621177085,46.796999549865724,45.50299995422363,38.5394499874115,0.30427646760941557,1.4451538177637395,-0.11445784839887285
2021-11-25,44.310001373291016,44.65999984741211,43.61000061035156,44.470001220703125,35.758941650390625,1233168,PKO.WA,0.008390085246809287,1.2904817876429064,46.65099964141846,45.51819999694824,38.62379999160767,0.29512775378780226,1.4451538177637395,-0.10702807425729655
2021-11-26,42.81999969482422,43.0,41.5,41.900001525878906,33.69236373901367,2915468,PKO.WA,-0.057791761283508825,1.215902572230732,46.384999656677245,45.50100006103516,38.69215000152588,0.3534818192674203,1.4451538177637395,-0.15863449462269397
2021-11-29,42.099998474121094,42.529998779296875,41.27000045776367,41.97999954223633,33.756690979003906,2170944,PKO.WA,0.0019092604640602584,1.2182240469400412,46.099999618530276,45.474200057983396,38.76164999961853,0.35001391707252394,1.4451538177637395,-0.1570281087274531
2021-11-30,41.619998931884766,43.869998931884766,41.529998779296875,43.540000915527344,35.01111602783203,5127720,PKO.WA,0.037160585762310294,1.2634939661140654,45.83699970245361,45.49880004882812,38.83235000610352,0.3682382964207208,1.4451538177637395,-0.12570277946660258
2021-12-01,43.970001220703125,44.970001220703125,43.880001068115234,44.2599983215332,35.59007263183594,3326152,PKO.WA,0.016536458219253092,1.284387681294989,45.57399959564209,45.56020004272461,38.89715000152588,0.36958587205590343,1.4451538177637395,-0.11124500000804294
2021-12-02,43.900001525878906,44.720001220703125,43.540000915527344,44.31999969482422,35.63832092285156,2012184,PKO.WA,0.0013556569264898677,1.2861288703514349,45.40099964141846,45.62080001831055,38.9627499961853,0.3528869877986121,1.4451538177637395,-0.11004015313635129
2021-12-03,44.7400016784668,45.58000183105469,44.15999984741211,44.38999938964844,35.694610595703125,2420162,PKO.WA,0.00157941550781171,1.2881602022343124,45.13049964904785,45.650200042724606,39.0316999912262,0.309778525188872,1.4451538177637395,-0.10863453675288504
2021-12-06,44.52000045776367,45.029998779296875,44.29999923706055,45.029998779296875,36.2092399597168,1953705,PKO.WA,0.014417648083989043,1.3067324427059268,44.919999504089354,45.69779998779297,39.10354998588562,0.31683472184760664,1.4451538177637395,-0.09578314318956638
2021-12-07,45.47999954223633,45.7400016784668,44.470001220703125,44.90999984741211,36.11275100708008,3231196,PKO.WA,-0.002664866425444723,1.3032501752923205,44.722999572753906,45.74239997863769,39.17629998207092,0.3165801235044721,1.4451538177637395,-0.0981927603326016
2021-12-08,45.040000915527344,45.25,43.93000030517578,44.279998779296875,35.60615539550781,1616151,PKO.WA,-0.01402807994334776,1.2849680776471377,44.55599956512451,45.76499992370606,39.24964997291565,0.3090734035028984,1.4451538177637395,-0.11084338438414565
2021-12-09,43.86000061035156,44.470001220703125,43.060001373291016,44.0,35.381004333496094,2283273,PKO.WA,-0.006323369173799276,1.2768427501156276,44.3979995727539,45.80279991149902,39.32084997177124,0.30841007473850457,1.4451538177637395,-0.11646584991801068
2021-12-10,43.91999816894531,43.91999816894531,43.29999923706055,43.5,34.978946685791016,1011085,PKO.WA,-0.011363636363636354,1.2623331734097682,44.25549964904785,45.821599884033205,39.38549997329712,0.30561433860041587,1.4451538177637395,-0.12650601071439693
2021-12-13,43.5,44.290000915527344,42.65999984741211,42.97999954223633,34.56080627441406,1743160,PKO.WA,-0.01195403351180857,1.2472432003517602,44.11249961853027,45.83639984130859,39.44969997406006,0.3059634568075959,1.4451538177637395,-0.13694778713468048
2021-12-14,43.0,43.45000076293945,42.2400016784668,43.40999984741211,34.906578063964844,1989681,PKO.WA,0.01000466053409843,1.259721445174742,43.97049961090088,45.82659980773926,39.51064997673035,0.3065368769546182,1.4451538177637395,-0.12831324272176048
2021-12-15,43.279998779296875,43.279998779296875,41.72999954223633,41.75,33.57175064086914,1811402,PKO.WA,-0.03824003347724203,1.2115496549392601,43.759999656677245,45.7697998046875,39.56559997558594,0.33110380668947653,1.4451538177637395,-0.16164657350174894
2021-12-16,42.06999969482422,43.38999938964844,42.06999969482422,43.09000015258789,34.64925765991211,1653761,PKO.WA,0.032095812038033245,1.2504353249389346,43.66849975585937,45.72759979248047,39.626349973678586,0.3480912296634276,1.4451538177637395,-0.13473893950341997
2021-12-17,42.91999816894531,43.400001525878906,41.650001525878906,41.95000076293945,33.732574462890625,4926364,PKO.WA,-0.02645624009309666,1.2173535077614608,43.57849979400635,45.64659980773926,39.681349973678586,0.3484720928777428,1.4451538177637395,-0.157630493863125
2021-12-20,41.09000015258789,42.4900016784668,40.70000076293945,42.4900016784668,34.16679382324219,1255651,PKO.WA,0.012872488813025385,1.2330238771716173,43.52249984741211,45.57519981384277,39.738349981307984,0.3523056958544933,1.4451538177637395,-0.1467871018189444
2021-12-21,42.7400016784668,42.959999084472656,42.040000915527344,42.040000915527344,33.80493927001953,864319,PKO.WA,-0.010590744767315585,1.2199652359964868,43.41949996948242,45.47799980163574,39.78934998512268,0.3507150293155941,1.4451538177637395,-0.15582326185576156
2021-12-22,42.18000030517578,42.689998626708984,42.09000015258789,42.650001525878906,34.29545211791992,1138296,PKO.WA,0.01451000468761321,1.237666937289521,43.34700012207031,45.373399810791014,39.84089999198913,0.3556446437404931,1.4451538177637395,-0.14357425342811458
2021-12-23,42.689998626708984,43.9900016784668,42.689998626708984,43.79999923706055,35.22018051147461,1607026,PKO.WA,0.026963603048967055,1.2710388972934266,43.313500022888185,45.2831997680664,39.89634999275208,0.3683307716275108,1.4451538177637395,-0.12048192955663495
2021-12-27,43.79999923706055,44.15999984741211,43.34000015258789,44.15999984741211,35.50965881347656,942769,PKO.WA,0.008219192160326738,1.2814858102335311,43.426499938964845,45.222599792480466,39.95844999313354,0.30042063981400796,1.4451538177637395,-0.1132530015271811
2021-12-28,43.70000076293945,45.08000183105469,43.70000076293945,44.91999816894531,36.12078857421875,1413269,PKO.WA,0.01721010697824399,1.303540318118752,43.573499870300296,45.178999786376956,40.022399978637694,0.30469790854251844,1.4451538177637395,-0.0979919908208271
2021-12-29,44.540000915527344,45.09000015258789,44.060001373291016,44.400001525878906,35.70265197753906,1384139,PKO.WA,-0.011576061092226309,1.2884504557600291,43.61649990081787,45.14519981384277,40.083299980163574,0.28166807242684244,1.4451538177637395,-0.10843369064076258
2021-12-30,44.20000076293945,44.97999954223633,44.189998626708984,44.93000030517578,36.12882995605469,1111962,PKO.WA,0.01193690903339184,1.303830571644469,43.65,45.116999816894534,40.150449981689455,0.27878942489509073,1.4451538177637395,-0.09779114470870454
2022-01-03,45.15999984741211,46.20000076293945,45.029998779296875,45.650001525878906,36.707794189453125,3222007,PKO.WA,0.016024954725410545,1.3247243975246776,43.71650009155273,45.10779983520508,40.22429999351502,0.28392399773126537,1.4451538177637395,-0.08333328864979705
2022-01-04,45.869998931884766,46.59000015258789,45.84000015258789,46.5,37.39128875732422,3196518,PKO.WA,0.018619900234597697,1.3493906336449246,43.822000122070314,45.121799850463866,40.297649993896485,0.290254858312443,1.4451538177637395,-0.06626504593607951
2022-01-05,46.5099983215332,46.54999923706055,45.900001525878906,46.13999938964844,37.101802825927734,2385699,PKO.WA,-0.007741948609711002,1.3389437207048203,43.87750015258789,45.11599983215332,40.37309999465943,0.2888256994036288,1.4451538177637395,-0.07349397396553325
2022-01-07,46.900001525878906,46.900001525878906,45.900001525878906,46.540000915527344,37.42345428466797,2982299,PKO.WA,0.008669300632211163,1.3505514263492218,43.959000205993654,45.12719985961914,40.44809999465942,0.28952381957189766,1.4451538177637395,-0.06546181468828516
2022-01-10,46.5,47.869998931884766,46.29999923706055,46.91999816894531,37.7290153503418,2967858,PKO.WA,0.00816496016206969,1.3615786249421895,44.091000175476076,45.136799850463866,40.51869998931885,0.2839506597941466,1.4451538177637395,-0.05783134763528219
2022-01-11,47.380001068115234,48.45000076293945,46.880001068115234,48.349998474121094,38.87889862060547,3343648,PKO.WA,0.03047741604820109,1.4030760231768902,44.308500099182126,45.15599983215332,40.597499980926514,0.297556230692055,1.4451538177637395,-0.029116481629589686
2022-01-12,48.5,49.529998779296875,48.18000030517578,49.529998779296875,39.827754974365234,3387019,PKO.WA,0.024405384538064956,1.4373186330586611,44.61000003814697,45.2021997833252,40.683599967956546,0.2987246998262715,1.4451538177637395,-0.0054216960220904165
2022-01-13,49.5,49.900001525878906,48.9900016784668,49.779998779296875,40.02878189086914,4070855,PKO.WA,0.005047446116725807,1.4445734214115906,44.95,45.24419975280762,40.769899959564206,0.29064484848279803,1.4451538177637395,-0.0004016156238974
2022-01-14,49.779998779296875,50.439998626708984,48.06999969482422,48.4900016784668,38.991477966308594,4686565,PKO.WA,-0.025913964091268227,1.4071387976419303,45.204000091552736,45.237999801635745,40.84909996032715,0.31364514032357055,1.4451538177637395,-0.02630517226230944
2022-01-17,48.29999923706055,48.849998474121094,48.099998474121094,48.66999816894531,39.13621520996094,1131218,PKO.WA,0.0037120330840996196,1.4123621434126974,45.55,45.220999755859374,40.92949995040894,0.2676044699366724,1.4451538177637395,-0.0226907848479303
2022-01-18,48.5,48.599998474121094,47.54999923706055,47.810001373291016,38.444679260253906,1563018,PKO.WA,-0.017669957427757454,1.3874057644660187,45.78600006103515,45.22159980773926,41.004899959564206,0.2660595617708559,1.4451538177637395,-0.039959797073422454
2022-01-19,47.220001220703125,47.9900016784668,46.959999084472656,47.38999938964844,38.10694885253906,2674245,PKO.WA,-0.008784814297813637,1.3752176624694685,46.057999992370604,45.17339981079102,41.07889995574951,0.24457245566835042,1.4451538177637395,-0.04839357197456784
2022-01-20,47.5,47.84000015258789,46.7400016784668,47.36000061035156,38.082828521728516,2178888,PKO.WA,-0.000633019195679263,1.3743471232908882,46.301499938964845,45.13579978942871,41.14974996566772,0.2444042658526452,1.4451538177637395,-0.04899595711023974
2022-01-21,46.91999816894531,47.380001068115234,46.630001068115234,47.279998779296875,38.01850128173828,2250654,PKO.WA,-0.0016892278298915597,1.3720255378822939,46.56349983215332,45.104399795532224,41.221999950408936,0.2385791448276705,1.4451538177637395,-0.05060241960582845
2022-01-24,47.20000076293945,47.88999938964844,44.93000030517578,45.22999954223633,36.37006378173828,3089861,PKO.WA,-0.04335869902683265,1.3125362955281272,46.69249973297119,45.05659980773926,41.28559995651245,0.2933391009443401,1.4451538177637395,-0.09176706355094255
2022-01-25,45.22999954223633,46.790000915527344,45.209999084472656,46.04999923706055,37.02943420410156,2782897,PKO.WA,0.018129553462818304,1.3363319924697938,46.80499973297119,45.034399795532224,41.35474994659424,0.28537702032070406,1.4451538177637395,-0.07530120597289691
2022-01-26,46.33000183105469,47.9900016784668,46.33000183105469,47.70000076293945,38.356224060058594,2265761,PKO.WA,0.03583065262140117,1.3842136398788438,46.98199977874756,45.06139984130859,41.43074995040894,0.3084089845435417,1.4451538177637395,-0.04216864470468329
2022-01-27,47.70000076293945,48.79999923706055,47.25,48.13999938964844,38.71003723144531,3110401,PKO.WA,0.009224289720574541,1.3969820275282574,47.14299983978272,45.10739982604981,41.51059995651245,0.30517275406327143,1.4451538177637395,-0.03333333077998857
2022-01-28,47.709999084472656,47.810001373291016,46.599998474121094,47.27000045776367,38.01045608520508,2527399,PKO.WA,-0.01807226719807231,1.371735395055862,47.28649978637695,45.12779983520508,41.582799949645995,0.3102979594825879,1.4451538177637395,-0.050803189117603176
2022-01-31,47.61000061035156,48.47999954223633,47.18000030517578,47.63999938964844,38.307979583740234,3595198,PKO.WA,0.007827351984381004,1.382472450822398,47.42199974060058,45.161399841308594,41.6555499458313,0.30912483217180875,1.4451538177637395,-0.04337349157637482
2022-02-01,48.20000076293945,48.47999954223633,47.560001373291016,48.0,38.59745788574219,1649205,PKO.WA,0.007556687971532305,1.3929193637625024,47.53949966430664,45.22299987792969,41.72979993820191,0.30587807228092273,1.4451538177637395,-0.03614456354692108
2022-02-02,48.220001220703125,49.209999084472656,48.099998474121094,49.209999084472656,39.5704345703125,2558143,PKO.WA,0.02520831425984693,1.4280325128228535,47.67499961853027,45.33219985961914,41.81149993896484,0.3112753233427416,1.4451538177637395,-0.011847392803750023
2022-02-03,49.209999084472656,49.22999954223633,48.529998779296875,49.150001525878906,39.52219009399414,1889135,PKO.WA,-0.001219214787847478,1.426291434465693,47.8254997253418,45.44299987792969,41.892099952697755,0.3091381918997481,1.4451538177637395,-0.013052163075093715
2022-02-04,49.56999969482422,49.56999969482422,48.0099983215332,48.0099983215332,38.605499267578125,2253017,PKO.WA,-0.023194367628767143,1.393209506588934,47.89899959564209,45.52119987487793,41.965699939727784,0.3222722433171875,1.4451538177637395,-0.03594379403514647
2022-02-07,48.22999954223633,48.810001373291016,46.61000061035156,47.599998474121094,38.275814056396484,1803980,PKO.WA,-0.008539884643741336,1.3813116581181009,47.93299961090088,45.59119987487793,42.03914993286133,0.3233170945216323,1.4451538177637395,-0.04417672282416918
2022-02-08,47.77000045776367,49.0,47.61000061035156,48.970001220703125,39.37744903564453,2382057,PKO.WA,0.028781571228975178,1.4210679779956408,47.96399974822998,45.68119987487793,42.12049993515015,0.3213104840916923,1.4451538177637395,-0.016666627089820585
2022-02-09,49.20000076293945,49.43000030517578,48.369998931884766,49.0,39.401573181152344,1924521,PKO.WA,0.0006125950285700288,1.421938517174221,47.937499809265134,45.82319984436035,42.20169994354248,0.30902347226594756,1.4451538177637395,-0.016064241954148795
2022-02-10,48.9900016784668,49.20000076293945,47.810001373291016,48.150001525878906,38.71807861328125,2020688,PKO.WA,-0.017346907635124365,1.397272281053974,47.85599994659424,45.946599884033205,42.27819995880127,0.3140125696823853,1.4451538177637395,-0.033132484667866335
2022-02-11,47.77000045776367,48.0,46.75,47.650001525878906,38.31602096557617,2239343,PKO.WA,-0.010384215662615714,1.3827627043481145,47.81399993896484,46.02879989624024,42.348899974823,0.30261514427713637,1.4451538177637395,-0.04317264546425259
2022-02-14,45.599998474121094,46.970001220703125,45.13999938964844,46.38999938964844,37.30283737182617,2141818,PKO.WA,-0.026442856157017247,1.3461985090577493,47.7,46.07139991760254,42.403149967193606,0.3154421756182649,1.4451538177637395,-0.06847389356734057
2022-02-15,46.79999923706055,47.709999084472656,46.7400016784668,47.27000045776367,38.01045608520508,1345946,PKO.WA,0.018969628792700588,1.3717353950558617,47.672999954223634,46.13039993286133,42.4631499671936,0.31841998456740844,1.4451538177637395,-0.0508031891176034
2022-02-16,47.66999816894531,48.439998626708984,46.959999084472656,47.209999084472656,37.96220779418945,1989410,PKO.WA,-0.0012693330380783019,1.369994205999416,47.66399993896484,46.186799926757814,42.52909996032715,0.31690163937472365,1.4451538177637395,-0.05200803598929504
2022-02-17,47.29999923706055,47.58000183105469,46.09000015258789,46.5,37.39128875732422,1338556,PKO.WA,-0.015039167511997964,1.349390633644924,47.62099990844727,46.21619995117187,42.58829996109009,0.3213772569024462,1.4451538177637395,-0.06626504593607996
2022-02-18,46.31999969482422,46.65999984741211,45.77000045776367,45.77000045776367,36.80428695678711,1334931,PKO.WA,-0.01569891488680275,1.3282066649382835,47.54549999237061,46.23339996337891,42.64394996643066,0.32575491056530886,1.4451538177637395,-0.08092367150676205
2022-02-21,46.0,46.2400016784668,43.72999954223633,43.86000061035156,35.26842498779297,1753363,PKO.WA,-0.04173038733470513,1.272780086349872,47.477000045776364,46.225,42.6841499710083,0.3230143354785547,1.4451538177637395,-0.11927708268494364
2022-02-22,43.0,44.279998779296875,42.54999923706055,43.79999923706055,35.22018051147461,3130097,PKO.WA,-0.0013680203478350084,1.2710388972934261,47.36450004577637,46.22099998474121,42.717299976348876,0.3147358733705678,1.4451538177637395,-0.12048192955663528
2022-02-23,44.189998626708984,44.83000183105469,43.130001068115234,43.220001220703125,34.7537956237793,2601370,PKO.WA,-0.013241964074434676,1.2542078458782575,47.14050006866455,46.215400009155275,42.76089998245239,0.2823943503755489,1.4451538177637395,-0.1321284762482624
2022-02-24,39.5,41.0,35.54999923706055,35.95000076293945,28.907886505126953,8507815,PKO.WA,-0.16820916826539134,1.0432385872911476,46.5310001373291,46.07480003356934,42.77189998626709,0.6407567222299162,1.4451538177637395,-0.27811242341976006
2022-02-25,37.20000076293945,41.25,37.02000045776367,40.720001220703125,32.743507385253906,8335024,PKO.WA,0.1326842936448842,1.1816599623489603,46.20350017547607,46.02100006103515,42.80494998931885,0.8241429396677438,1.4451538177637395,-0.1823292802301938
2022-02-28,39.459999084472656,40.810001373291016,38.209999084472656,40.33000183105469,32.429908752441406,8476421,PKO.WA,-0.009577587867314441,1.1703425102302756,45.83800029754639,45.99260009765625,42.83440000534058,0.8225554135257964,1.4451538177637395,-0.19016059339531932
2022-03-01,40.349998474121094,41.16999816894531,37.709999084472656,37.709999084472656,30.323129653930664,9477137,PKO.WA,-0.06496411176863848,1.094312248588087,45.32350025177002,45.88500007629395,42.846299991607665,0.8455260681449938,1.4451538177637395,-0.24277109112063378
2022-03-02,37.529998779296875,38.77000045776367,37.0,38.349998474121094,30.837764739990234,9300791,PKO.WA,0.016971609790146225,1.1128844890597014,44.78050022125244,45.81300003051758,42.86179998397827,0.8413951215538309,1.4451538177637395,-0.229919697557315
2022-03-03,38.099998474121094,38.369998931884766,36.93000030517578,36.93000030517578,29.695920944213867,7381136,PKO.WA,-0.03702733312762818,1.0716773443507175,44.16950016021728,45.70180000305176,42.8698999786377,0.8454593928867719,1.4451538177637395,-0.25843371745088506
2022-03-04,36.91999816894531,36.91999816894531,33.560001373291016,35.060001373291016,28.192228317260742,6720461,PKO.WA,-0.05063630967862953,1.0174115584666032,43.522000312805176,45.56220001220703,42.86714998245239,0.8554858411813986,1.4451538177637395,-0.29598389738127207
2022-03-07,33.349998474121094,34.119998931884766,31.049999237060547,33.400001525878906,26.857398986816406,20808923,PKO.WA,-0.047347398242736816,0.9692397682311215,42.81200046539307,45.377200012207034,42.849149990081784,0.863153088422987,1.4451538177637395,-0.3293172281612605
2022-03-08,32.77000045776367,35.20000076293945,32.150001525878906,33.130001068115234,26.640289306640625,11669104,PKO.WA,-0.008083845671517986,0.9614045835260432,42.02000045776367,45.16380004882812,42.82959999084473,0.847499047577648,1.4451538177637395,-0.33473892418335083
2022-03-09,34.09000015258789,36.869998931884766,33.79999923706055,36.709999084472656,29.519014358520508,6949147,PKO.WA,0.108059097523026,1.0652930951763682,41.405500411987305,45.01480003356934,42.822549991607666,0.9574149047365534,1.4451538177637395,-0.2628514127134063
2022-03-10,37.400001525878906,37.400001525878906,35.0,35.970001220703125,28.923973083496094,5315056,PKO.WA,-0.02015793740737326,1.043818983643296,40.79650039672852,44.835800094604494,42.811900005340576,0.9576523403878,1.4451538177637395,-0.277710807795863
2022-03-11,37.0,38.45000076293945,36.20000076293945,37.11000061035156,29.84065818786621,5295367,PKO.WA,0.03169305952072898,1.0769008008207699,40.26950035095215,44.69000007629395,42.8010000038147,0.9705764305072287,1.4451538177637395,-0.25481925343615797
2022-03-14,37.5,38.099998474121094,36.439998626708984,36.9900016784668,29.744171142578125,3315898,PKO.WA,-0.0032336009138004274,1.0734185334071635,39.799500465393066,44.531200103759765,42.78695001602173,0.9690536203272673,1.4451538177637395,-0.2572288705791933
2022-03-15,36.9900016784668,38.2400016784668,36.560001373291016,37.83000183105469,30.419620513916016,2689647,PKO.WA,0.0227088433217586,1.0977946267009786,39.32750053405762,44.37480010986328,42.772750034332276,0.9705982648325879,1.4451538177637395,-0.2403613973772506
2022-03-16,38.41999816894531,39.9900016784668,38.33000183105469,39.7400016784668,31.95548439025879,5733486,PKO.WA,0.05048902339317851,1.15322120528939,38.95400066375733,44.23960014343262,42.77170003890991,0.9933804616724151,1.4451538177637395,-0.20200798619906912
2022-03-17,40.04999923706055,40.84000015258789,39.25,40.369998931884766,32.46207046508789,5808038,PKO.WA,0.015852975007782488,1.1715031922352874,38.647500610351564,44.124200134277345,42.7731000328064,0.9959838202655664,1.4451538177637395,-0.18935743874787303
2022-03-18,40.18000030517578,40.5099983215332,39.439998626708984,39.70000076293945,31.92331314086914,7170725,PKO.WA,-0.01659643761883134,1.1520604125850926,38.34400062561035,43.987400131225584,42.7696000289917,0.9961150964744862,1.4451538177637395,-0.2028112174468636
2022-03-21,39.619998931884766,40.279998779296875,38.20000076293945,38.369998931884766,30.85384178161621,3251578,PKO.WA,-0.0335013049243128,1.1134648854118498,38.06950054168701,43.816400146484376,42.762950019836424,0.9925327721957224,1.4451538177637395,-0.22951808193341794
2022-03-22,39.0,39.29999923706055,38.439998626708984,39.220001220703125,31.53734016418457,2650134,PKO.WA,0.02215278374980678,1.138131232231382,37.84050064086914,43.633800201416015,42.7608500289917,0.9971044228861204,1.4451538177637395,-0.21244976261935256
2022-03-23,39.790000915527344,39.97999954223633,38.540000915527344,39.33000183105469,31.625795364379883,2451848,PKO.WA,0.002804706958894565,1.1413233568185566,37.646000671386716,43.429800262451174,42.76180004119873,0.996672838859712,1.4451538177637395,-0.21024091498809194
2022-03-24,39.380001068115234,39.439998626708984,38.41999816894531,38.599998474121094,31.038787841796875,3785726,PKO.WA,-0.01856097947997526,1.1201392774126309,37.7785005569458,43.20620025634766,42.75415002822876,0.786702980025081,1.4451538177637395,-0.2248996171591221
2022-03-25,38.79999923706055,38.91999816894531,37.880001068115234,38.650001525878906,31.078996658325195,2729576,PKO.WA,0.001295415899856378,1.1215903236426448,37.67500057220459,43.0094002532959,42.7481000328064,0.6247477984868308,1.4451538177637395,-0.2238955397992053
2022-03-28,38.70000076293945,39.290000915527344,38.119998931884766,38.20000076293945,30.717145919799805,4185538,PKO.WA,-0.011642968827262457,1.1085316824675142,37.56850051879883,42.80000030517578,42.73660003662109,0.6251280873457641,1.4451538177637395,-0.23293169983602247
2022-03-29,38.599998474121094,41.75,37.849998474121094,41.560001373291016,33.418968200683594,5905118,PKO.WA,0.08795812940431502,1.206036055642775,37.761000633239746,42.67500030517578,42.74290004730224,0.6557219905123809,1.4451538177637395,-0.1654618070282513
2022-03-30,41.54999923706055,41.599998474121094,40.369998931884766,40.70000076293945,32.7274284362793,3674919,PKO.WA,-0.020692988015737934,1.1810795659968112,37.87850074768066,42.5412003326416,42.74410005569458,0.6607150507035596,1.4451538177637395,-0.1827308958540913
2022-03-31,40.84000015258789,41.38999938964844,39.84000015258789,39.84000015258789,32.035892486572266,3451998,PKO.WA,-0.021130235730478453,1.1561230763508474,38.02400074005127,42.39080032348633,42.741550064086915,0.6500168712856326,1.4451538177637395,-0.1999999846799313
2022-04-01,40.25,41.29999923706055,40.13999938964844,41.25,33.16969299316406,2494773,PKO.WA,0.035391562299492696,1.1970400782333996,38.333500671386716,42.27020034790039,42.74530006408691,0.6243297077910939,1.4451538177637395,-0.17168673429813597
2022-04-04,41.400001525878906,41.88999938964844,40.5,41.529998779296875,33.39484405517578,2402310,PKO.WA,0.00678784919507569,1.2051654057649095,38.740000534057614,42.1962003326416,42.75055006027222,0.5882011821990504,1.4451538177637395,-0.16606426876427105
2022-04-05,41.400001525878906,41.52000045776367,39.90999984741211,40.0,32.16455078125,2485654,PKO.WA,-0.03684080963805847,1.160766136468751,39.08350048065186,42.07520034790039,42.74875005722046,0.6094259635388042,1.4451538177637395,-0.1967871362891016
2022-04-06,39.900001525878906,40.58000183105469,39.25,39.83000183105469,32.027854919433594,2865835,PKO.WA,-0.004249954223632835,1.1558329335244155,39.23950061798096,41.91780036926269,42.74725006103515,0.488485454949016,1.4451538177637395,-0.20020075419170602
2022-04-07,40.189998626708984,40.439998626708984,39.540000915527344,40.18000030517578,32.309288024902344,2556235,PKO.WA,0.008787307507684083,1.165989592938803,39.45000057220459,41.75860038757324,42.74185007095337,0.4798143361958168,1.4451538177637395,-0.19317267227437485
2022-04-08,40.36000061035156,40.47999954223633,38.91999816894531,39.29999923706055,31.601667404174805,2435167,PKO.WA,-0.021901469921140726,1.140452706940691,39.559500503540036,41.59920036315918,42.734450073242186,0.4794259746443835,1.4451538177637395,-0.2108433767241119
2022-04-11,38.70000076293945,39.959999084472656,38.56999969482422,39.95000076293945,32.12434387207031,1608596,PKO.WA,0.01653947935108202,1.159315200938022,39.70750045776367,41.445400390625,42.72960008621216,0.4809904683986227,1.4451538177637395,-0.19779113704867068
2022-04-12,39.0099983215332,39.5,38.20000076293945,38.25,30.757349014282227,3628114,PKO.WA,-0.04255320977406585,1.109982617998243,39.72850036621094,41.250400390625,42.721050090789795,0.5031083750161125,1.4451538177637395,-0.2319276990764535
2022-04-13,38.369998931884766,38.95000076293945,38.08000183105469,38.29999923706055,30.79755401611328,1372594,PKO.WA,0.0013071695963542407,1.111433553528972,39.656500244140624,41.03220039367676,42.723400077819825,0.4680351813671991,1.4451538177637395,-0.2309236983168843
2022-04-14,38.70000076293945,38.91999816894531,37.849998474121094,38.02000045776367,30.572406768798828,1529053,PKO.WA,-0.007310673234320553,1.103308225997462,39.53900032043457,40.809600372314456,42.720550079345706,0.46388805873784283,1.4451538177637395,-0.23654616385074934
2022-04-19,38.18000030517578,38.459999084472656,37.119998931884766,37.630001068115234,30.25880241394043,2539068,PKO.WA,-0.010257742897233468,1.0919907738787773,39.43550033569336,40.6020004272461,42.718650093078615,0.4618924445990023,1.4451538177637395,-0.24437747701587498
2022-04-20,37.77000045776367,38.380001068115234,37.20000076293945,37.56999969482422,30.210554122924805,2843661,PKO.WA,-0.0015945089446690597,1.0902495848223315,39.395500373840335,40.40140045166016,42.715500087738036,0.446931729773612,1.4451538177637395,-0.24558232388756662
2022-04-21,38.06999969482422,39.2599983215332,37.95000076293945,38.880001068115234,31.26394271850586,3002988,PKO.WA,0.03486828277700216,1.1282647156434258,39.378500366210936,40.1996004486084,42.723450088500975,0.45769908709392015,1.4451538177637395,-0.21927707502490934
2022-04-22,38.599998474121094,38.70000076293945,37.310001373291016,37.61000061035156,30.242717742919922,1951710,PKO.WA,-0.03266461992988923,1.0914103775266288,39.29250030517578,39.97180046081543,42.72165008544922,0.471862767637114,1.4451538177637395,-0.24477909263977204
2022-04-25,37.0,37.34000015258789,34.5099983215332,35.2599983215332,28.35304832458496,6862151,PKO.WA,-0.06248344192186894,1.0232153005895186,39.12550029754639,39.714000396728515,42.713050079345706,0.5162008551251391,1.4451538177637395,-0.2919678943429961
2022-04-26,35.849998474121094,36.13999938964844,34.650001525878906,34.75,27.942951202392578,4630777,PKO.WA,-0.014463934935066258,1.0084155810572275,38.930500221252444,39.45600036621094,42.69950008392334,0.5170791451168314,1.4451538177637395,-0.30220882465115695
2022-04-27,34.790000915527344,34.93000030517578,33.75,34.290000915527344,27.573060989379883,3147515,PKO.WA,-0.01323738372583183,0.9950667970556654,38.73500022888184,39.214000396728515,42.68765008926392,0.5173895817740589,1.4451538177637395,-0.31144575419974874
2022-04-28,34.869998931884766,34.900001525878906,33.34000015258789,33.5,26.93781089782715,3411082,PKO.WA,-0.02303881290273202,0.9721416392925791,38.332000160217284,38.938600387573246,42.67040008544922,0.3867301744452914,1.4451538177637395,-0.3273092266421225
2022-04-29,34.0099983215332,34.33000183105469,32.75,32.810001373291016,26.382972717285156,6275259,PKO.WA,-0.02059697393161153,0.9521184632902358,37.937500190734866,38.65060043334961,42.649450092315675,0.38669655127717023,1.4451538177637395,-0.3411646209650103
2022-05-02,32.66999816894531,33.099998474121094,32.040000915527344,32.529998779296875,26.157817840576172,2772262,PKO.WA,-0.008534062245485807,0.9439930250594406,37.572000122070314,38.37120040893555,42.62565008163452,0.38465415255772006,1.4451538177637395,-0.3467871630992231
2022-05-04,32.810001373291016,32.84000015258789,31.549999237060547,31.6200008392334,25.426076889038086,5451216,PKO.WA,-0.027974115407671918,0.9175856552323904,37.09050016403198,38.088200416564945,42.597650079727174,0.35012282463954725,1.4451538177637395,-0.36506021438445824
2022-05-05,32.29999923706055,32.5,30.90999984741211,30.989999771118164,24.919485092163086,4330017,PKO.WA,-0.01992413192265141,0.8993035575872077,36.563500213623044,37.83080039978027,42.569100074768066,0.3428939043316251,1.4451538177637395,-0.3777108384360024
2022-05-06,30.979999542236328,31.09000015258789,29.610000610351562,30.81999969482422,24.782785415649414,3886599,PKO.WA,-0.005485643031607257,0.8943702992932299,36.104500198364256,37.571200408935546,42.539050064086915,0.3334981095122357,1.4451538177637395,-0.3811244946387806
2022-05-09,30.559999465942383,30.8700008392334,30.020000457763672,30.020000457763672,24.139493942260742,1850745,PKO.WA,-0.025957146170734524,0.8711549987037119,35.614000129699704,37.30720039367676,42.4992000579834,0.335067719127116,1.4451538177637395,-0.39718873659292897
2022-05-10,30.200000762939453,30.43000030517578,29.239999771118164,29.850000381469727,24.00279426574707,4701030,PKO.WA,-0.005662893860815421,0.866221740409734,35.0975001335144,37.18520038604736,42.46135006904602,0.3259360228557421,1.4451538177637395,-0.4006023927957073
2022-05-11,30.190000534057617,30.190000534057617,28.920000076293945,29.100000381469727,23.399709701538086,5983138,PKO.WA,-0.025125627819609142,0.8444573753509449,34.587500190734865,36.9528003692627,42.42100008010864,0.32709986592431967,1.4451538177637395,-0.4156626339902866
2022-05-12,28.440000534057617,29.530000686645508,27.950000762939453,28.950000762939453,23.27909278869629,7977415,PKO.WA,-0.00515462599876082,0.8401045134091156,34.03750019073486,36.72520034790039,42.37895008087158,0.308127863544907,1.4451538177637395,-0.4186746745691676
2022-05-13,29.5,30.540000915527344,29.329999923706055,30.450000762939453,24.485265731811523,5881627,PKO.WA,0.05181347013711424,0.8836332435266937,33.64750022888184,36.58000038146972,42.34670007705689,0.37437749501133405,1.4451538177637395,-0.3885541921800091
2022-05-16,30.5,31.600000381469727,30.059999465942383,30.440000534057617,24.477222442626953,5301528,PKO.WA,-0.000328414733375193,0.8833430453506195,33.25450029373169,36.421800422668454,42.30895007133484,0.37370449734936056,1.4451538177637395,-0.3887549999919576
2022-05-17,30.950000762939453,31.700000762939453,30.25,31.25,25.12855339050293,5617592,PKO.WA,0.026609706035849667,0.9068485441162116,32.916000270843504,36.308200416564944,42.27580006599426,0.39700397447916264,1.4451538177637395,-0.37248995022586073
2022-05-18,31.5,32.36000061035156,31.3700008392334,31.690000534057617,25.482364654541016,5364530,PKO.WA,0.014080017089843855,0.919616987115268,32.61900024414062,36.24080039978028,42.24505006790161,0.40566022300209675,1.4451538177637395,-0.363654598000992
2022-05-19,31.059999465942383,31.270000457763672,30.299999237060547,30.6299991607666,24.630002975463867,4177652,PKO.WA,-0.033449080322728975,0.8888566446471033,32.27200021743774,36.18540035247803,42.20935006141663,0.4144007180406086,1.4451538177637395,-0.38493976646545613
2022-05-20,31.010000228881836,31.100000381469727,30.31999969482422,30.329999923706055,24.388771057128906,2382816,PKO.WA,-0.009794294654921543,0.8801509207634447,31.844500160217287,36.12940032958984,42.17285005569458,0.3793411539805653,1.4451538177637395,-0.39096384762321823
2022-05-23,30.780000686645508,32.0,30.780000686645508,32.0,25.731637954711914,2784335,PKO.WA,0.05506099836777989,0.9286129091750007,31.564000129699707,36.03520034790039,42.142300052642824,0.43924808736323695,1.4451538177637395,-0.35742970903128135
2022-05-24,31.700000762939453,32.5,31.479999542236328,31.8799991607666,25.63514518737793,2428763,PKO.WA,-0.003750026226043701,0.9251305864117517,31.395000171661376,35.95340030670166,42.110700044631955,0.3886192295219555,1.4451538177637395,-0.3598393644744906
2022-05-25,32.22999954223633,32.45000076293945,31.510000228881836,31.81999969482422,25.586898803710938,2557757,PKO.WA,-0.0018820410138599142,0.9233894527049485,31.24850015640259,35.847600288391114,42.07555005073547,0.38700910338061617,1.4451538177637395,-0.3610441730460082
2022-05-26,31.809999465942383,32.27000045776367,31.420000076293945,32.150001525878906,25.85225486755371,2193365,PKO.WA,0.010370893595840203,0.9329658264664726,31.141500186920165,35.75080028533935,42.03790005683899,0.38869889589117107,1.4451538177637395,-0.35441763015222627
2022-05-27,32.150001525878906,32.15999984741211,30.979999542236328,31.059999465942383,24.975770950317383,2540470,PKO.WA,-0.03390363944645958,0.9013348894700852,31.019500160217284,35.61540023803711,41.997150058746335,0.3979545939662371,1.4451538177637395,-0.37630522205253614
2022-05-30,31.56999969482422,32.38999938964844,31.43000030517578,32.38999938964844,26.045242309570312,2023983,PKO.WA,0.042820345994030395,0.9399303612936855,30.998500061035156,35.468400192260745,41.95860006332398,0.4245542364313671,1.4451538177637395,-0.3495983958661557
2022-05-31,32.34000015258789,32.34000015258789,31.40999984741211,31.8799991607666,25.63514518737793,5281202,PKO.WA,-0.015745607857122312,0.9251305864117518,30.966000080108643,35.29860019683838,41.919600057601926,0.42717103388699706,1.4451538177637395,-0.3598393644744905
2022-06-01,32.06999969482422,32.2400016784668,31.510000228881836,31.530000686645508,25.35370635986328,1718296,PKO.WA,-0.010978622438353791,0.9149739269973644,30.961500072479247,35.1352001953125,41.87905006408691,0.4168989062402745,1.4451538177637395,-0.36686744639182167
2022-06-02,31.790000915527344,31.959999084472656,31.200000762939453,31.459999084472656,25.29741668701172,1645417,PKO.WA,-0.0022201585996951545,0.9129425397648443,30.98500003814697,34.997000198364255,41.83860006332397,0.410258793938661,1.4451538177637395,-0.36827310107546185
2022-06-03,31.899999618530273,31.899999618530273,30.639999389648438,30.889999389648438,24.839075088500977,1574603,PKO.WA,-0.018118236217799066,0.8964016311761074,30.988500022888182,34.830400161743164,41.79285005569458,0.41535335163412995,1.4451538177637395,-0.37971887825531436
2022-06-06,31.200000762939453,32.33000183105469,31.100000381469727,32.33000183105469,25.996999740600586,1547115,PKO.WA,0.046617108121044915,0.938189282936525,31.104000091552734,34.69040016174316,41.755850067138674,0.43367739439480185,1.4451538177637395,-0.3508031661374993
2022-06-07,32.18000030517578,32.18000030517578,31.360000610351562,31.479999542236328,25.313499450683594,2670529,PKO.WA,-0.026291439550797935,0.913522936116993,31.185500049591063,34.54800018310547,41.71845006942749,0.445824886952833,1.4451538177637395,-0.36787148545156456
2022-06-08,31.510000228881836,31.639999389648438,30.25,30.489999771118164,24.51742935180664,2919358,PKO.WA,-0.031448531941364655,0.8847939808813485,31.255000019073485,34.38480014801026,41.67685006141662,0.4516482930501531,1.4451538177637395,-0.3877509992323884
2022-06-09,30.489999771118164,30.75,29.700000762939453,29.729999542236328,23.906301498413086,2704445,PKO.WA,-0.024926213007116838,0.8627394176464852,31.29399995803833,34.21540012359619,41.626050062179566,0.4615617888140626,1.4451538177637395,-0.40301204823891634
2022-06-10,29.700000762939453,29.700000762939453,28.639999389648438,28.969999313354492,23.295175552368164,2990314,PKO.WA,-0.025563412061346713,0.8406848544116218,31.219999885559083,33.96360008239746,41.57040006637573,0.4308987440925719,1.4451538177637395,-0.41827309724544437
2022-06-13,28.5,28.520000457763672,27.18000030517578,27.389999389648438,22.024675369262695,3238068,PKO.WA,-0.054539177119611204,0.7948345942350917,31.067499828338622,33.69740005493164,41.50245006561279,0.469142504092244,1.4451538177637395,-0.4500000038300179
2022-06-14,27.940000534057617,28.31999969482422,27.479999542236328,28.15999984741211,22.643842697143555,2422086,PKO.WA,0.028112467138450503,0.8171793556460294,30.912999820709228,33.463800048828126,41.44145006179809,0.47050750832979377,1.4451538177637395,-0.43453814701154136
2022-06-15,28.40999984741211,28.940000534057617,27.700000762939453,28.940000534057617,23.27105140686035,2924304,PKO.WA,0.027698888170171188,0.8398143152330413,30.77549982070923,33.21760005950928,41.3822500705719,0.48013195775938744,1.4451538177637395,-0.41887548238111627
2022-06-17,28.0,28.68000030517578,27.860000610351562,28.09000015258789,22.587554931640625,4549851,PKO.WA,-0.029371125286242306,0.8151480237631519,30.64849987030029,32.9488000869751,41.31780007362366,0.4770336149799992,1.4451538177637395,-0.4359437633950076
2022-06-20,28.350000381469727,28.860000610351562,28.350000381469727,28.489999771118164,22.90920066833496,939986,PKO.WA,0.014239929382606986,0.8267556740579108,30.556499862670897,32.71860008239746,41.250000076293944,0.4807044983153272,1.4451538177637395,-0.42791164241793345
2022-06-21,28.799999237060547,29.280000686645508,28.530000686645508,28.68000030517578,23.061983108520508,933138,PKO.WA,0.006669025468025058,0.8322693287040372,30.390499877929688,32.49560005187988,41.1800500869751,0.4317979402933246,1.4451538177637395,-0.42409637059125804
2022-06-22,28.450000762939453,28.6299991607666,28.059999465942383,28.3700008392334,22.812707901000977,1492793,PKO.WA,-0.010808907344622254,0.8232734066443044,30.214999961853028,32.259400062561035,41.108400087356564,0.43222974461748653,1.4451538177637395,-0.4303212595609688
2022-06-23,28.299999237060547,28.850000381469727,27.889999389648438,27.889999389648438,22.426729202270508,2114438,PKO.WA,-0.016919331525755865,0.809344170940951,30.01849994659424,32.03120006561279,41.03375008583069,0.4338699228021585,1.4451538177637395,-0.4399598430336318
2022-06-24,28.0,29.030000686645508,27.790000915527344,28.90999984741211,23.24692726135254,1561478,PKO.WA,0.036572265331144216,0.8389437207048184,29.856499862670898,31.810400047302245,40.958800077438354,0.4565314712189553,1.4451538177637395,-0.4194779058169621
2022-06-27,29.200000762939453,29.299999237060547,28.600000381469727,28.75,23.118270874023438,2362742,PKO.WA,-0.005534411907872516,0.8343006605869148,29.74099988937378,31.620400047302248,40.885300073623654,0.4435531712638062,1.4451538177637395,-0.4226907542077918
2022-06-28,29.0,29.56999969482422,28.770000457763672,29.450000762939453,23.681150436401367,3292334,PKO.WA,0.02434785262398087,0.8546140901149748,29.59399995803833,31.443400077819824,40.81750008583069,0.42231284377650374,1.4451538177637395,-0.4086345137727816
2022-06-29,29.270000457763672,29.270000457763672,28.639999389648438,28.719999313354492,23.094146728515625,3509896,PKO.WA,-0.02478782447108152,0.8334300660586917,29.435999965667726,31.25740005493164,40.74610008239746,0.42672844410908284,1.4451538177637395,-0.4232931776436377
2022-06-30,28.489999771118164,28.489999771118164,27.739999771118164,28.0,22.51518440246582,3559978,PKO.WA,-0.025069614574109722,0.8125362955281256,29.259499931335448,31.064800033569338,40.670850086212155,0.4323020601363173,1.4451538177637395,-0.43775099540237117
2022-07-01,27.989999771118164,28.809999465942383,27.5,27.5,22.113126754760742,3893690,PKO.WA,-0.017857142857142905,0.7980267188222662,29.061499977111815,30.86340003967285,40.589750080108644,0.43425534477940153,1.4451538177637395,-0.4477911561987574
2022-07-04,27.5,27.56999969482422,25.860000610351562,26.899999618530273,21.630657196044922,5578659,PKO.WA,-0.02181819568980825,0.7806152157053063,28.861999988555908,30.62380001068115,40.50570008277893,0.43578126651111593,1.4451538177637395,-0.45983935681445576
2022-07-05,27.239999771118164,27.6200008392334,25.8799991607666,26.170000076293945,21.043657302856445,3962668,PKO.WA,-0.027137529836002705,0.7594312469986659,28.55399990081787,30.395,40.422750091552736,0.3930132880957588,1.4451538177637395,-0.47449798238513785
2022-07-06,26.5,26.649999618530273,25.68000030517578,26.3700008392334,21.20448112487793,2530535,PKO.WA,0.0076423676865260415,0.7652350998208667,28.298499965667723,30.217200050354005,40.33800009727478,0.3930691004074168,1.4451538177637395,-0.4704819027465138
2022-07-07,26.559999465942383,27.270000457763672,26.399999618530273,26.399999618530273,21.228601455688477,4791414,PKO.WA,0.0011376101001954186,0.766105638999447,28.09399995803833,30.050200042724608,40.25845008850098,0.3847957554894946,1.4451538177637395,-0.469879517610842
2022-07-08,26.399999618530273,27.75,26.049999237060547,27.700000762939453,22.273950576782227,5085910,PKO.WA,0.04924246830279122,0.8038305716444668,27.992500019073486,29.91840003967285,40.191000099182126,0.42650499861196206,1.4451538177637395,-0.4437750765601335
2022-07-11,27.299999237060547,27.510000228881836,26.920000076293945,27.149999618530273,21.83168601989746,2695087,PKO.WA,-0.019855636435398227,0.7878700040582359,27.901500034332276,29.791400032043455,40.12030009269714,0.4230001246048967,1.4451538177637395,-0.45481927641626274
2022-07-12,27.0,27.040000915527344,26.229999542236328,26.329999923706055,21.17231559753418,6982771,PKO.WA,-0.030202567452875972,0.7640743071165694,27.848500061035157,29.66180000305176,40.03735010147095,0.39122456406521944,1.4451538177637395,-0.47128513399430827
2022-07-13,26.5,26.799999237060547,25.670000076293945,26.299999237060547,21.148191452026367,5910510,PKO.WA,-0.001139410813993047,0.7632037125883465,27.755500030517577,29.53720001220703,39.955600090026856,0.37512260900774713,1.4451538177637395,-0.4718875574301541
2022-07-14,26.309999465942383,26.5,25.34000015258789,25.399999618530273,20.424489974975586,5317892,PKO.WA,-0.03422051880754595,0.7370864855877282,27.57849998474121,29.41279998779297,39.86920008659363,0.3719683178630191,1.4451538177637395,-0.4899598392036144
2022-07-15,25.68000030517578,25.959999084472656,25.299999237060547,25.65999984741211,20.63355827331543,2039987,PKO.WA,0.010236229637269556,0.7446314721167321,27.45699996948242,29.30619998931885,39.78175007820129,0.3658249293050548,1.4451538177637395,-0.48473895099347275
2022-07-18,26.0,26.3700008392334,25.84000015258789,26.1200008392334,21.003450393676758,4348373,PKO.WA,0.017926772975709104,0.7579803114679368,27.338500022888184,29.21220001220703,39.7018000793457,0.36852234830142117,1.4451538177637395,-0.47550198314470704
2022-07-19,26.1200008392334,26.6200008392334,25.860000610351562,26.5,21.30901527404785,3384926,PKO.WA,0.014548206300048383,0.7690075654105473,27.229500007629394,29.141800003051756,39.62150007247925,0.37260878858217644,1.4451538177637395,-0.46787147779153004
2022-07-20,26.8799991607666,27.100000381469727,26.25,26.440000534057617,21.260766983032227,2994862,PKO.WA,-0.002264130790278651,0.767266431703744,27.132999992370607,29.073600006103515,39.5425000667572,0.3716753021606739,1.4451538177637395,-0.46907628636304766
2022-07-21,26.59000015258789,26.729999542236328,26.010000228881836,26.579999923706055,21.37334442138672,1478686,PKO.WA,0.005294984372942846,0.7713290954694989,27.067500019073485,29.023199996948243,39.45590005874634,0.36920180887978166,1.4451538177637395,-0.46626505359611525
2022-07-22,26.579999923706055,26.860000610351562,26.34000015258789,26.420000076293945,21.244686126708984,1524700,PKO.WA,-0.006019557858215396,0.7666860353515953,26.943000030517577,28.972599983215332,39.365050058364865,0.33973826398682844,1.4451538177637395,-0.46947790198694495
2022-07-25,26.469999313354492,27.049999237060547,26.299999237060547,26.549999237060547,21.349218368530273,1781546,PKO.WA,0.0049204829822557805,0.770458500941276,26.832999992370606,28.894599952697753,39.27180005073547,0.34124840367823395,1.4451538177637395,-0.4668674770319611
2022-07-26,26.549999237060547,26.780000686645508,25.43000030517578,25.75,20.705928802490234,2574437,PKO.WA,-0.03013179887191275,0.7472432003517581,26.647999954223632,28.800799942016603,39.17055005073547,0.33650675423401666,1.4451538177637395,-0.4829317189861094
2022-07-27,25.8700008392334,25.940000534057617,25.1200008392334,25.5,20.504899978637695,3269825,PKO.WA,-0.009708737864077666,0.7399884119988284,26.486999988555908,28.6857999420166,39.06775004386902,0.3298149038157921,1.4451538177637395,-0.48795179938430255
2022-07-28,25.799999237060547,26.0,25.350000381469727,25.6299991607666,20.609434127807617,4551731,PKO.WA,0.005098006304572689,0.7437608775885092,26.368499946594238,28.564599914550783,38.96140003204346,0.32367224289476465,1.4451538177637395,-0.4853413744293186
2022-07-29,25.920000076293945,26.219999313354492,25.600000381469727,26.190000534057617,21.059738159179688,2995741,PKO.WA,0.021849449536785137,0.7600116433508143,26.30299997329712,28.4757999420166,38.85295002937317,0.3320551500791511,1.4451538177637395,-0.4740963667612408
2022-08-01,26.440000534057617,26.950000762939453,26.309999465942383,26.920000076293945,21.646743774414062,2608250,PKO.WA,0.027873216011852886,0.7811956120574548,26.303999996185304,28.40759994506836,38.74600002288818,0.33993133223672,1.4451538177637395,-0.4594377411905587
2022-08-02,26.969999313354492,26.969999313354492,26.239999771118164,26.5,21.30901527404785,4198192,PKO.WA,-0.015601785850803296,0.7690075654105472,26.320499992370607,28.29759994506836,38.64255002975464,0.32992128466910453,1.4451538177637395,-0.46787147779153004
2022-08-03,24.899999618530273,25.18000030517578,24.270000457763672,24.600000381469727,21.248550415039062,4685322,PKO.WA,-0.07169809881246314,0.71387118499821,26.231999969482423,28.15199996948242,38.53005003929138,0.41692833372078464,1.4451538177637395,-0.506024081157763
2022-08-04,24.790000915527344,24.829999923706055,23.770000457763672,23.950000762939453,20.68710708618164,6026965,PKO.WA,-0.026422748311007882,0.6950087463505213,26.109500026702882,27.994599990844726,38.41935004234314,0.4245888843049895,1.4451538177637395,-0.5190762825330302
2022-08-05,24.059999465942383,24.540000915527344,23.899999618530273,24.030000686645508,20.756208419799805,3590549,PKO.WA,0.0033402889836164906,0.6973302764094731,25.926000022888182,27.83219997406006,38.30780004501343,0.3759915175018403,1.4451538177637395,-0.5174698583376154
2022-08-08,24.299999237060547,25.190000534057617,24.100000381469727,25.1299991607666,21.706344604492188,4050346,PKO.WA,0.045776048384901236,0.7292513008826497,25.825,27.713599967956544,38.2029000377655,0.41584896005465977,1.4451538177637395,-0.49538153522570494
2022-08-09,25.100000381469727,25.950000762939453,25.0,25.0,21.594057083129883,3986544,PKO.WA,-0.005173066657700454,0.725478835292969,25.758500003814696,27.565799980163575,38.0989000415802,0.4038726955630004,1.4451538177637395,-0.4979919601806888
2022-08-10,24.989999771118164,25.489999771118164,24.559999465942383,25.040000915527344,21.62860679626465,2942288,PKO.WA,0.0016000366210937589,0.7266396279972661,25.695500087738036,27.42900001525879,37.991950044631956,0.4040919337824583,1.4451538177637395,-0.49718872893289445
2022-08-11,25.299999237060547,25.5,25.010000228881836,25.5,22.025936126708984,2927588,PKO.WA,0.018370569794484704,0.7399884119988283,25.700500106811525,27.30840000152588,37.889550046920775,0.39164291649657795,1.4451538177637395,-0.48795179938430266
2022-08-12,25.469999313354492,25.739999771118164,25.18000030517578,25.350000381469727,21.896373748779297,2120508,PKO.WA,-0.005882337981579333,0.735635550056999,25.685000133514404,27.18620002746582,37.78410005569458,0.3905008402886008,1.4451538177637395,-0.4909638399631837
2022-08-16,25.5,25.739999771118164,24.899999618530273,25.3700008392334,21.91364860534668,2566695,PKO.WA,0.0007889726809744424,0.7362159464091476,25.647500133514406,27.07580005645752,37.674000062942504,0.3845760320085826,1.4451538177637395,-0.49056222433928653
2022-08-17,25.3799991607666,25.530000686645508,24.09000015258789,24.09000015258789,20.808032989501953,4194720,PKO.WA,-0.05045331668519504,0.6990714101162763,25.527000141143798,26.911000022888185,37.55835005760193,0.4171695893748023,1.4451538177637395,-0.5162650497660979
2022-08-18,24.43000030517578,24.770000457763672,23.969999313354492,24.700000762939453,21.33492660522461,3044913,PKO.WA,0.025321735429131298,0.7167731114093103,25.440000152587892,26.775400047302245,37.44345005989075,0.43034633405710054,1.4451538177637395,-0.5040160413384509
2022-08-19,24.260000228881836,25.239999771118164,24.1200008392334,24.729999542236328,21.36083984375,4660524,PKO.WA,0.0012145254400917072,0.7176436505878906,25.347500133514405,26.66020004272461,37.323100061416625,0.42954076887893855,1.4451538177637395,-0.5034136562027791
2022-08-22,24.649999618530273,25.06999969482422,23.950000762939453,24.25,20.94623565673828,3380492,PKO.WA,-0.019409605787357065,0.7037144702341798,25.239000129699708,26.550600051879883,37.19675005912781,0.4333003384052896,1.4451538177637395,-0.5130522013752682
2022-08-23,24.100000381469727,24.450000762939453,23.90999984741211,24.049999237060547,20.773481369018555,2980753,PKO.WA,-0.008247454141833144,0.697910617411979,25.114000129699708,26.452200050354005,37.07810006141663,0.4322583214704296,1.4451538177637395,-0.5170682810138922
2022-08-24,23.940000534057617,24.139999389648438,23.399999618530273,23.479999542236328,20.281137466430664,3504535,PKO.WA,-0.023700611763257773,0.6813697088232422,25.000500106811522,26.374000053405762,36.946500062942505,0.42779490570189127,1.4451538177637395,-0.5285140581937446
2022-08-25,23.709999084472656,24.56999969482422,23.700000762939453,24.479999542236328,21.144899368286133,3074675,PKO.WA,0.042589438649740075,0.7103888622349609,24.94950008392334,26.300400047302247,36.822700052261354,0.45815111938117614,1.4451538177637395,-0.5084337366009724
2022-08-26,24.600000381469727,24.600000381469727,23.3700008392334,23.559999465942383,20.350238800048828,2926897,PKO.WA,-0.03758170316574694,0.6836912388821939,24.846000099182127,26.192800025939942,36.69625005722046,0.4745815219685768,1.4451538177637395,-0.52690763399833
2022-08-29,23.1200008392334,23.350000381469727,22.920000076293945,23.170000076293945,20.013370513916016,2243966,PKO.WA,-0.01655345494435212,0.6723737867635092,24.695000076293944,26.094400024414064,36.5740000629425,0.46659329945461875,1.4451538177637395,-0.5347389471634555
2022-08-30,23.299999237060547,23.68000030517578,22.799999237060547,22.8700008392334,19.754241943359375,2354019,PKO.WA,-0.012947744327695854,0.6636680628798506,24.49250011444092,25.982000045776367,36.45255006790161,0.44984376021367944,1.4451538177637395,-0.5407630283212177
2022-08-31,23.110000610351562,23.760000228881836,22.65999984741211,23.520000457763672,20.31568717956543,5072747,PKO.WA,0.028421495176126133,0.6825305015275392,24.3435001373291,25.878800048828126,36.33840007781983,0.4664659222193853,1.4451538177637395,-0.5277108269459504
2022-09-01,23.399999618530273,23.399999618530273,22.030000686645508,22.09000015258789,19.080509185791016,4739512,PKO.WA,-0.06079933151973027,0.6410331032928386,24.21800012588501,25.753200035095215,36.21965007781982,0.44716700723998326,1.4451538177637395,-0.5564256929516429
2022-09-02,22.559999465942383,23.5,22.239999771118164,23.389999389648438,20.203397750854492,10481737,PKO.WA,0.05885012349844865,0.6787579805882159,24.19000005722046,25.663200035095215,36.10535007476807,0.49304418376187914,1.4451538177637395,-0.5303212902011083
2022-09-05,23.0,23.1200008392334,22.639999389648438,22.84000015258789,19.728330612182617,3533432,PKO.WA,-0.023514290355388212,0.6627974683516277,24.130500030517577,25.54180004119873,35.98975008010864,0.49928373179130336,1.4451538177637395,-0.5413654517570634
2022-09-06,22.899999618530273,23.0,22.350000381469727,22.770000457763672,19.667865753173828,3544982,PKO.WA,-0.0030647852170127,0.6607661364687502,24.012500095367432,25.422200050354004,35.87900009155273,0.4662160254179212,1.4451538177637395,-0.5427710681405298
2022-09-07,22.5,22.639999389648438,22.100000381469727,22.510000228881836,19.443288803100586,4936438,PKO.WA,-0.01141854298001066,0.6532211499397461,23.888000106811525,25.283400039672852,35.772800092697146,0.4668607387385448,1.4451538177637395,-0.5479919563506714
2022-09-08,22.799999237060547,23.34000015258789,22.65999984741211,23.1299991607666,19.97882080078125,3662496,PKO.WA,0.027543266351870876,0.671212994059212,23.792500019073486,25.171600036621093,35.67040008544922,0.4804769341508384,1.4451538177637395,-0.53554217841125
2022-09-09,23.399999618530273,24.43000030517578,23.3700008392334,24.290000915527344,20.98078727722168,4218790,PKO.WA,0.050151396318610875,0.7048752629384769,23.732000064849853,25.09740005493164,35.57135009765625,0.5119001814815083,1.4451538177637395,-0.512248970127474
2022-09-12,24.700000762939453,25.329999923706055,24.200000762939453,25.309999465942383,21.8618221282959,3972851,PKO.WA,0.041992528281997954,0.7344747573527016,23.730000019073486,25.053600044250487,35.477400102615356,0.534703319777412,1.4451538177637395,-0.4917670712109782
2022-09-13,25.350000381469727,25.459999084472656,24.0,24.510000228881836,21.170812606811523,4480701,PKO.WA,-0.03160803057846928,0.7112594567631836,23.686999988555907,25.00580005645752,35.37760009765625,0.5466705711252121,1.4451538177637395,-0.5078313131651266
2022-09-14,24.020000457763672,24.639999389648438,24.0,24.389999389648438,21.067161560058594,2879852,PKO.WA,-0.004895995027041744,0.7077771339999346,23.701999950408936,24.97020004272461,35.2900500869751,0.5152000646633558,1.4451538177637395,-0.5102409686083358
2022-09-15,24.59000015258789,24.8799991607666,24.360000610351562,24.600000381469727,21.248550415039062,2956438,PKO.WA,0.008610126981406063,0.7138711849982097,23.696999931335448,24.934800033569335,35.20315009117127,0.5081536941346286,1.4451538177637395,-0.5060240811577632
2022-09-16,24.290000915527344,24.399999618530273,23.219999313354492,23.65999984741211,20.436614990234375,7121101,PKO.WA,-0.038211403230939966,0.6865931652932942,23.64349994659424,24.880000038146974,35.10375008583069,0.5261463247449448,1.4451538177637395,-0.524899594179018
2022-09-19,23.65999984741211,24.450000762939453,23.5,24.309999465942383,20.998058319091797,2078717,PKO.WA,0.027472511526722254,0.705455603940983,23.646499919891358,24.812200012207033,35.00400009155273,0.5314953400112732,1.4451538177637395,-0.5118473928037506
2022-09-20,24.510000228881836,24.989999771118164,23.56999969482422,23.719999313354492,20.488439559936523,3624743,PKO.WA,-0.02426985460918929,0.6883342990000975,23.629999923706055,24.743600006103517,34.901000089645386,0.5380570124651722,1.4451538177637395,-0.5236947856075003
2022-09-21,23.600000381469727,23.760000228881836,23.219999313354492,23.290000915527344,20.117023468017578,3041792,PKO.WA,-0.01812809486824296,0.6758561095267582,23.620499992370604,24.68280002593994,34.79550009727478,0.5351774676886776,1.4451538177637395,-0.5323292917202462
2022-09-22,22.899999618530273,23.600000381469727,22.719999313354492,23.350000381469727,20.16884994506836,1791290,PKO.WA,0.0025761899348994977,0.6775972432335614,23.564000034332274,24.623800048828127,34.687100105285644,0.5113938366903401,1.4451538177637395,-0.5311244831487286
2022-09-23,23.309999465942383,23.309999465942383,22.600000381469727,22.68000030517578,19.59012794494629,2310297,PKO.WA,-0.02869379294852814,0.6581544082337242,23.520000076293947,24.569400062561034,34.575950107574464,0.5040825212551036,1.4451538177637395,-0.5445783001478931
2022-09-26,22.510000228881836,22.920000076293945,22.110000610351562,22.450000762939453,19.391464233398438,3264348,PKO.WA,-0.010141073154387947,0.651480016232943,23.48400011062622,24.50520008087158,34.466800117492674,0.5020397151575675,1.4451538177637395,-0.549196764922189
2022-09-27,22.799999237060547,23.100000381469727,22.489999771118164,22.709999084472656,19.61604118347168,2816094,PKO.WA,0.011581216601222133,0.6590249474123044,23.476000022888183,24.43700004577637,34.360350112915036,0.5019148114723495,1.4451538177637395,-0.5439759150122212
2022-09-28,22.200000762939453,22.670000076293945,21.600000381469727,22.459999084472656,19.400100708007812,4775724,PKO.WA,-0.011008366802221947,0.6517701590593747,23.422999954223634,24.35620002746582,34.2551501083374,0.49184278697533407,1.4451538177637395,-0.5489959954104144
2022-09-29,22.549999237060547,22.780000686645508,21.649999618530273,21.75,18.786828994750977,6199573,PKO.WA,-0.031611714755745535,0.6311665867048829,23.40599994659424,24.262400016784667,34.14900011062622,0.4549743210451732,1.4451538177637395,-0.5632530053571994
2022-09-30,21.920000076293945,22.079999923706055,21.309999465942383,21.84000015258789,18.86456871032715,4641703,PKO.WA,0.004137938050017942,0.633778314939909,23.32849998474121,24.167600021362304,34.0411501121521,0.39842646727458214,1.4451538177637395,-0.5614457733498359
2022-10-03,21.739999771118164,21.889999389648438,21.139999389648438,21.799999237060547,18.830015182495117,3615583,PKO.WA,-0.001831543738455732,0.6326175222356117,23.276499938964843,24.07520000457764,33.941400108337405,0.3910758003971253,1.4451538177637395,-0.5622490045976303
2022-10-04,22.200000762939453,22.969999313354492,22.110000610351562,22.940000534057617,19.814706802368164,2805729,PKO.WA,0.05229363930706188,0.665699394762728,23.284999942779542,24.00300003051758,33.84065011024475,0.4359474154978003,1.4451538177637395,-0.5393574119377516
2022-10-05,22.899999618530273,22.93000030517578,22.0,22.0,19.002769470214844,2141805,PKO.WA,-0.04097648265796927,0.6384213750578124,23.259499931335448,23.928000030517577,33.740900106430054,0.4588913850202539,1.4451538177637395,-0.5582329249590063
2022-10-06,22.299999237060547,22.6200008392334,22.0,22.110000610351562,19.09778594970703,3385326,PKO.WA,0.005000027743252922,0.6416134996449872,23.2085000038147,23.86020004272461,33.63900010108948,0.4472862671261298,1.4451538177637395,-0.5560240773277456
2022-10-07,22.110000610351562,22.399999618530273,22.0,22.200000762939453,19.175521850585938,3300350,PKO.WA,0.004070563098300228,0.6442252278800134,23.1039999961853,23.791600074768066,33.53980010032654,0.4040073793153896,1.4451538177637395,-0.5542168453203822
2022-10-10,22.010000228881836,22.09000015258789,21.399999618530273,21.469999313354492,18.54497528076172,2965283,PKO.WA,-0.03288294704942629,0.6230412038237303,22.91199998855591,23.697200050354002,33.433900089263915,0.37702938909244793,1.4451538177637395,-0.5688755091912383
2022-10-11,21.399999618530273,22.149999618530273,21.219999313354492,21.700000762939453,18.743640899658203,2726961,PKO.WA,0.01071269012299858,0.629715651174154,22.771500015258788,23.592800064086916,33.32340009689331,0.3716616644668167,1.4451538177637395,-0.5642570061167684
2022-10-12,21.8799991607666,22.229999542236328,21.440000534057617,22.100000381469727,19.08914566040039,4040214,PKO.WA,0.018433161496169914,0.6413233014689129,22.657000064849854,23.504800071716307,33.2131000995636,0.3815172923159617,1.4451538177637395,-0.5562248851396943
2022-10-13,22.059999465942383,22.149999618530273,21.350000381469727,21.8799991607666,18.89911651611328,4207163,PKO.WA,-0.009954806194826582,0.6349390522945636,22.5210000038147,23.450400047302246,33.09790010452271,0.3786440497764164,1.4451538177637395,-0.5606425804022155
2022-10-14,22.479999542236328,22.81999969482422,22.239999771118164,22.540000915527344,19.469202041625977,2772457,PKO.WA,0.030164615177143306,0.6540917444679691,22.465000057220458,23.422200050354004,32.98860010147095,0.3782577964641687,1.4451538177637395,-0.5473895329148256
2022-10-17,22.520000457763672,22.950000762939453,22.270000457763672,22.93000030517578,19.80607032775879,1728996,PKO.WA,0.017302545421804982,0.6654091965866539,22.396000099182128,23.40020004272461,32.878600101470944,0.36931027978504016,1.4451538177637395,-0.5395582197497
2022-10-18,23.18000030517578,23.920000076293945,23.149999618530273,23.729999542236328,20.49707794189453,3808167,PKO.WA,0.03488875823869786,0.6886244971761718,22.39650011062622,23.372200050354003,32.76900009155273,0.3828542685864814,1.4451538177637395,-0.5234939777955516
2022-10-19,23.799999237060547,23.940000534057617,23.18000030517578,23.209999084472656,20.04792022705078,3044626,PKO.WA,-0.02191320976800437,0.6735345241181638,22.392500019073488,23.336400032043457,32.6525500869751,0.3854968862452172,1.4451538177637395,-0.5339357542158351
2022-10-20,23.200000762939453,24.239999771118164,22.899999618530273,24.100000381469727,20.816669464111328,4129377,PKO.WA,0.03834559810872529,0.6993616082923505,22.430000019073486,23.317600021362306,32.5423500919342,0.4087437069008183,1.4451538177637395,-0.5160642419541492
2022-10-21,24.049999237060547,24.610000610351562,23.799999237060547,24.25,20.94623565673828,2951489,PKO.WA,0.006224050462904085,0.7037144702341799,22.508500003814696,23.292600021362304,32.43090008735657,0.3925565503620042,1.4451538177637395,-0.5130522013752681
2022-10-24,24.610000610351562,24.920000076293945,24.1299991607666,24.520000457763672,21.17945098876953,2886597,PKO.WA,0.011134039495409143,0.7115496549392581,22.611999988555908,23.276000022888184,32.31890009880066,0.3899044202650494,1.4451538177637395,-0.5076305053531778
2022-10-25,24.5,24.829999923706055,24.030000686645508,24.489999771118164,21.153539657592773,2158244,PKO.WA,-0.0012235190083779157,0.7106790604110352,22.701000022888184,23.258400001525878,32.19960010528565,0.3895586503458536,1.4451538177637395,-0.5082329287890237
2022-10-26,24.489999771118164,24.979999542236328,24.299999237060547,24.860000610351562,21.47313117980957,2443238,PKO.WA,0.015108241841216952,0.7214161715272139,22.82100009918213,23.273800010681153,32.07625011444092,0.3871788384173305,1.4451538177637395,-0.5008031929476213
2022-10-27,24.850000381469727,25.479999542236328,24.6299991607666,25.309999465942383,21.8618221282959,2368643,PKO.WA,0.01810132118031582,0.7344747573527018,22.999000072479248,23.28599998474121,31.953900117874145,0.3636998279899464,1.4451538177637395,-0.49176707121097807
2022-10-28,25.100000381469727,25.860000610351562,24.90999984741211,25.719999313354492,22.21596336364746,3210608,PKO.WA,0.016199125091401534,0.746372605823535,23.193000030517577,23.305799980163574,31.840050106048583,0.3645829503277397,1.4451538177637395,-0.48353414242195536
2022-10-31,25.889999389648438,26.079999923706055,25.639999389648438,26.06999969482422,22.518281936645508,3553889,PKO.WA,0.013608102286690071,0.7565293205875652,23.40650005340576,23.34219997406006,31.72705011367798,0.36291798094341277,1.4451538177637395,-0.47650602220445015
2022-11-02,26.209999084472656,26.489999771118164,25.75,26.40999984741211,22.811962127685547,4358940,PKO.WA,0.013041816515839466,0.7663958371755208,23.580000019073488,23.38939998626709,31.620050106048584,0.3260154444135462,1.4451538177637395,-0.4696787097988937
2022-11-03,25.799999237060547,26.049999237060547,25.5,25.899999618530273,22.371442794799805,2819039,PKO.WA,-0.019310875873852384,0.7515960622935872,23.775,23.437799987792967,31.512600107192995,0.2906428827565706,1.4451538177637395,-0.4799196784072285
2022-11-04,26.0,26.190000534057617,25.43000030517578,25.649999618530273,22.155500411987305,3604931,PKO.WA,-0.009652509794677244,0.7443412739406575,23.951999950408936,23.461199989318846,31.404050102233885,0.2974583730869764,1.4451538177637395,-0.4849397588054216
2022-11-07,25.649999618530273,26.889999389648438,25.6299991607666,26.6299991607666,23.00198745727539,3400654,PKO.WA,0.03820661040198803,0.7727800310002276,24.173499870300294,23.522599983215333,31.300800104141235,0.31614870097189673,1.4451538177637395,-0.4652610528365464
2022-11-08,26.649999618530273,26.739999771118164,26.25,26.68000030517578,23.045177459716797,2013097,PKO.WA,0.0018776247084095754,0.7742310218805992,24.433999919891356,23.59279998779297,31.208050107955934,0.2761419154903844,1.4451538177637395,-0.4642570137768033
2022-11-09,26.68000030517578,27.270000457763672,26.510000228881836,26.770000457763672,23.122915267944336,2552530,PKO.WA,0.0033733190239293442,0.7768427501156253,24.687499904632567,23.670799980163576,31.111650114059447,0.27749162015322504,1.4451538177637395,-0.46244978176943985
2022-11-10,26.5,27.729999542236328,26.149999618530273,27.600000381469727,23.8398380279541,4410643,PKO.WA,0.031004852802135163,0.8009286452333662,24.96249990463257,23.752399978637694,31.011150112152098,0.2856092144605899,1.4451538177637395,-0.4457831163794457
2022-11-14,27.610000610351562,28.959999084472656,27.610000610351562,28.6200008392334,24.720876693725586,5406956,PKO.WA,0.036956537813980894,0.8305281949972335,25.299499988555908,23.882999992370607,30.913550119400025,0.28778332982193505,1.4451538177637395,-0.4253011791627761
2022-11-15,28.709999084472656,29.5,28.399999618530273,29.450000762939453,25.43779945373535,4060104,PKO.WA,0.029000695295866574,0.8546140901149744,25.644999980926514,24.004200019836425,30.824450120925903,0.28692700874669247,1.4451538177637395,-0.4086345137727819
2022-11-16,29.0,29.239999771118164,28.100000381469727,28.610000610351562,24.712238311767578,4075361,PKO.WA,-0.02852292464606543,0.8302379968211592,25.928999996185304,24.119600028991698,30.72930012702942,0.32295918291088965,1.4451538177637395,-0.42550198697472463
2022-11-17,28.729999542236328,28.780000686645508,27.34000015258789,27.8799991607666,24.08169174194336,4573749,PKO.WA,-0.025515604124833002,0.8090539727648761,26.136499977111818,24.221800003051758,30.62870012283325,0.3354333973909161,1.4451538177637395,-0.44016065084558076
2022-11-18,27.799999237060547,28.360000610351562,27.399999618530273,28.059999465942383,24.237167358398438,3391546,PKO.WA,0.0064562521733888545,0.8142774292349282,26.378999996185303,24.332799987792967,30.5229501247406,0.31609837065557483,1.4451538177637395,-0.436546186830854
2022-11-21,28.059999465942383,28.200000762939453,27.559999465942383,27.860000610351562,24.06441879272461,2943119,PKO.WA,-0.007127543100404088,0.80847363176237,26.567000007629396,24.427400016784667,30.416500120162965,0.30239728232174246,1.4451538177637395,-0.4405622281693041
2022-11-22,27.729999542236328,28.43000030517578,27.530000686645508,28.149999618530273,24.31490707397461,1977572,PKO.WA,0.010409152972917113,0.8168891574699544,26.761999988555907,24.504599990844728,30.31720012664795,0.3025376710104523,1.4451538177637395,-0.43473895482349045
2022-11-23,28.200000762939453,28.479999542236328,28.020000457763672,28.06999969482422,24.245805740356445,1650098,PKO.WA,-0.002841915623096214,0.8145676274110026,26.939499950408937,24.559799995422363,30.219550132751465,0.304468123728125,1.4451538177637395,-0.43634537901890524
2022-11-24,28.110000610351562,28.959999084472656,28.06999969482422,28.8700008392334,24.93681526184082,1833641,PKO.WA,0.02850021920579815,0.8377829833501631,27.158500003814698,24.647000007629394,30.119050130844116,0.3120618181958406,1.4451538177637395,-0.42028109876458297
2022-11-25,28.780000686645508,29.030000686645508,28.530000686645508,28.860000610351562,24.928178787231445,1671831,PKO.WA,-0.0003463882435447152,0.8374927851740888,27.358500003814697,24.736400032043456,30.018350133895876,0.3125057500268023,1.4451538177637395,-0.4204819065765316
2022-11-28,28.65999984741211,29.139999389648438,28.5,28.59000015258789,24.694963455200195,3142064,PKO.WA,-0.009355525019179245,0.8296576004690105,27.522500038146973,24.816200027465822,29.92055012702942,0.3155343545970712,1.4451538177637395,-0.4259036025986219
2022-11-29,28.639999389648438,28.790000915527344,28.020000457763672,28.350000381469727,24.487659454345703,1979819,PKO.WA,-0.008394535496231481,0.8226930102921551,27.654000091552735,24.910000038146972,29.824050121307373,0.31737006901075093,1.4451538177637395,-0.4307228751848664
2022-11-30,28.5,28.760000228881836,28.149999618530273,28.350000381469727,24.487659454345703,4507786,PKO.WA,0.0,0.8226930102921551,27.76800012588501,24.99080005645752,29.73385012626648,0.31618732171715547,1.4451538177637395,-0.4307228751848664
2022-12-01,28.799999237060547,29.729999542236328,28.700000762939453,29.670000076293945,25.627826690673828,4693215,PKO.WA,0.04656083516975906,0.860998283939681,27.9310001373291,25.109800071716307,29.645850124359132,0.3490347918226322,1.4451538177637395,-0.4042168568104346
2022-12-02,29.600000381469727,29.739999771118164,28.639999389648438,28.8700008392334,24.93681526184082,4625127,PKO.WA,-0.026963236771264443,0.837782983350163,28.079500198364258,25.22140007019043,29.554150133132936,0.35737085265191976,1.4451538177637395,-0.4202810987645831
2022-12-05,29.06999969482422,29.739999771118164,28.899999618530273,29.350000381469727,25.351423263549805,1987750,PKO.WA,0.0166262392893326,0.8517121637038737,28.264500236511232,25.34140007019043,29.468400135040284,0.35457901391941976,1.4451538177637395,-0.4106425535920941
2022-12-06,29.219999313354492,29.290000915527344,28.649999618530273,28.850000381469727,24.91954231262207,2506974,PKO.WA,-0.017035774906349888,0.8372025869980143,28.375500297546388,25.464800071716308,29.383800134658813,0.34415335327924845,1.4451538177637395,-0.42068271438848037
2022-12-07,28.75,28.989999771118164,28.520000457763672,28.729999542236328,24.815889358520508,1885853,PKO.WA,-0.004159474441826183,0.8337202642347653,28.478000259399415,25.590400047302246,29.308150129318236,0.3453664287009759,1.4451538177637395,-0.42309236983168963
2022-12-08,28.6299991607666,28.65999984741211,28.059999465942383,28.139999389648438,24.3062686920166,1736511,PKO.WA,-0.020536030699218166,0.8165989592938799,28.546500205993652,25.69900005340576,29.229850130081175,0.3561386091754865,1.4451538177637395,-0.4349397626354392
2022-12-09,28.3799991607666,28.59000015258789,28.139999389648438,28.59000015258789,24.694963455200195,1314654,PKO.WA,0.015991498674480686,0.8296576004690103,28.59600019454956,25.821600074768067,29.1567001247406,0.34411718129764646,1.4451538177637395,-0.42590360259862214
2022-12-12,28.510000228881836,29.049999237060547,28.15999984741211,29.0,25.04910659790039,1898500,PKO.WA,0.014340673145291971,0.8415554489398436,28.61500015258789,25.966600074768067,29.121950120925902,0.32230630341877675,1.4451538177637395,-0.4176706738095993
2022-12-13,29.0,30.079999923706055,28.790000915527344,29.440000534057617,25.429161071777344,3029902,PKO.WA,0.015172432208883313,0.8543238919388997,28.6145001411438,26.11860008239746,29.065550117492677,0.30978425906346296,1.4451538177637395,-0.4088353215847308
2022-12-14,29.600000381469727,29.639999389648438,29.219999313354492,29.489999771118164,25.472349166870117,2149414,PKO.WA,0.0016983436193456214,0.8557748274696286,28.658500099182127,26.272400093078613,29.011350107192992,0.2906508593706751,1.4451538177637395,-0.4078313208251617
2022-12-15,29.18000030517578,29.399999618530273,28.799999237060547,29.229999542236328,25.247770309448242,3094618,PKO.WA,-0.008816555812132476,0.8482298409406246,28.726000118255616,26.398200073242187,28.96895010948181,0.27558577973137727,1.4451538177637395,-0.4130522090353034
2022-12-16,29.0,29.040000915527344,28.65999984741211,28.90999984741211,24.971364974975586,6260545,PKO.WA,-0.010947646248226306,0.8389437207048174,28.768500137329102,26.536400070190428,28.921750116348267,0.27918037750749114,1.4451538177637395,-0.41947790581696276
2022-12-19,28.860000610351562,29.309999465942383,28.799999237060547,29.100000381469727,25.135482788085938,1661354,PKO.WA,0.006572138881371314,0.8444573753509438,28.83050012588501,26.676200065612793,28.882600116729737,0.2777062879598162,1.4451538177637395,-0.41566263399028736
2022-12-20,28.93000030517578,29.510000228881836,28.799999237060547,29.510000228881836,25.489622116088867,1104175,PKO.WA,0.01408934165077147,0.856355223821777,28.898500156402587,26.82240005493164,28.85485011100769,0.27942932696369704,1.4451538177637395,-0.40742970520126465
2022-12-21,29.510000228881836,30.450000762939453,29.260000228881836,30.420000076293945,26.27564811706543,2837308,PKO.WA,0.03083699899539405,0.8827626489984696,29.016000175476073,27.001400070190428,28.839950103759765,0.295961630844314,1.4451538177637395,-0.3891566156158557
2022-12-22,30.450000762939453,30.75,30.079999923706055,30.270000457763672,26.14608383178711,1873663,PKO.WA,-0.004930953916964853,0.8784097870566403,29.086000156402587,27.172800064086914,28.825650100708007,0.28305235556279534,1.4451538177637395,-0.39216865619473673
2022-12-23,30.270000457763672,30.280000686645508,29.709999084472656,29.969999313354492,25.886953353881836,1142303,PKO.WA,-0.009910840431858525,0.8697040078233391,29.141500091552736,27.33020004272461,28.791950101852418,0.28635385246038714,1.4451538177637395,-0.39819277565267286
2022-12-27,30.100000381469727,30.270000457763672,29.690000534057617,29.700000762939453,25.65373992919922,740745,PKO.WA,-0.009008960847547653,0.8618688784679034,29.197000122070314,27.486600074768067,28.7606000995636,0.28617348735210446,1.4451538177637395,-0.40361443337458924
2022-12-28,29.690000534057617,30.079999923706055,29.549999237060547,29.940000534057617,25.86104393005371,1474954,PKO.WA,0.008080800166767821,0.8688334686447589,29.276500129699706,27.63460006713867,28.724750099182128,0.2841597451699295,1.4451538177637395,-0.39879516078834465
2022-12-29,29.979999542236328,30.549999237060547,29.850000381469727,30.549999237060547,26.387935638427734,1389849,PKO.WA,0.020374037813026602,0.8865351145881503,29.386500072479247,27.787000045776367,28.692550086975096,0.2905493610973621,1.4451538177637395,-0.3865461906608718
2022-12-30,30.399999618530273,30.540000915527344,30.190000534057617,30.290000915527344,26.163360595703125,1420447,PKO.WA,-0.008510583568781094,0.8789901834087889,29.41750011444092,27.918200073242186,28.65485008239746,0.24559055834682827,1.4451538177637395,-0.39176704057083955
2023-01-02,30.5,30.889999389648438,30.229999542236328,30.270000457763672,26.14608383178711,566681,PKO.WA,-0.0006602990148283361,0.8784097870566403,29.48750009536743,28.059400100708007,28.607500076293945,0.22230183326995367,1.4451538177637395,-0.39216865619473673
2023-01-03,30.299999237060547,32.18000030517578,30.290000915527344,31.760000228881836,27.433088302612305,3677275,PKO.WA,0.049223645476886846,0.921648318998144,29.608000087738038,28.21260009765625,28.56445008277893,0.2739586026969639,1.4451538177637395,-0.3622489816175267
2023-01-04,31.809999465942383,32.83000183105469,31.719999313354492,32.66999816894531,28.219112396240234,3850196,PKO.WA,0.028652327881154793,0.948055688825194,29.798999977111816,28.381000061035156,28.52930006980896,0.275222957600257,1.4451538177637395,-0.3439759303322918
2023-01-05,32.529998779296875,33.40999984741211,32.189998626708984,33.189998626708984,28.66826820373535,5045444,PKO.WA,0.015916758093300398,0.9631456618832018,30.02199993133545,28.55440002441406,28.50340006828308,0.27425298039078394,1.4451538177637395,-0.33353415391200847
2023-01-09,33.5,34.5,33.5,34.43000030517578,29.739336013793945,3856027,PKO.WA,0.03736070291575522,0.9991294608214185,30.336499977111817,28.753200035095215,28.479450063705443,0.27308448573272115,1.4451538177637395,-0.30863452143281755
2023-01-10,34.18000030517578,35.189998626708984,33.77000045776367,35.0,30.23167610168457,4931941,PKO.WA,0.016555320643971472,1.0156703694101554,30.65699996948242,28.956000022888183,28.45780005455017,0.2732482765235952,1.4451538177637395,-0.29718874425296504
2023-01-11,35.0,35.439998626708984,34.349998474121094,34.45000076293945,29.756610870361328,5663558,PKO.WA,-0.015714263916015603,0.9997098571735672,30.929500007629393,29.138800048828124,28.437050065994264,0.28779901446292855,1.4451538177637395,-0.3082329058089204
2023-01-12,34.66999816894531,36.04999923706055,34.66999816894531,35.58000183105469,30.732662200927734,6115511,PKO.WA,0.03280119138141968,1.032501531524609,31.23650007247925,29.33600009918213,28.421700067520142,0.2995382513090341,1.4451538177637395,-0.2855421209609902
2023-01-13,35.599998474121094,35.7599983215332,34.380001068115234,35.31999969482422,30.50808334350586,3720611,PKO.WA,-0.007307535774310647,1.0249564896459624,31.52800006866455,29.521000099182128,28.407300062179566,0.3043888841056346,1.4451538177637395,-0.2907630474713059
2023-01-16,35.29999923706055,36.130001068115234,34.66999816894531,35.81999969482422,30.939964294433594,5125957,PKO.WA,0.014156285513028166,1.0394660663518218,31.857500076293945,29.70920009613037,28.37860005378723,0.29715865874956315,1.4451538177637395,-0.2807228866749196
2023-01-17,35.599998474121094,35.75,34.47999954223633,34.63999938964844,29.92072296142578,4067224,PKO.WA,-0.032942499029286254,1.0052234564700508,32.14400005340576,29.884000091552736,28.348300046920777,0.32686862640810566,1.4451538177637395,-0.304417672282419
2023-01-18,34.63999938964844,34.77000045776367,33.7400016784668,34.130001068115234,29.480207443237305,5955303,PKO.WA,-0.014722815546169055,0.9904237369377598,32.395500087738036,30.053600120544434,28.319750051498414,0.33776832587033506,1.4451538177637395,-0.3146586025905799
2023-01-19,34.0,34.33000183105469,33.40999984741211,33.900001525878906,29.28154182434082,6672665,PKO.WA,-0.006738925726292977,0.9837493449369786,32.61500015258789,30.19900016784668,28.283000059127808,0.34104111671747533,1.4451538177637395,-0.3192770673648758
2023-01-20,34.0,34.06999969482422,33.5,33.880001068115234,29.264266967773438,2073902,PKO.WA,-0.0005899839782722571,0.98316894858483,32.78800020217896,30.34300018310547,28.2447500705719,0.3301943287566216,1.4451538177637395,-0.319678682988773
2023-01-23,34.099998474121094,34.400001525878906,33.81999969482422,34.04999923706055,29.411104202270508,3949156,PKO.WA,0.005017655359677686,0.9881021515291653,32.9770001411438,30.488600158691405,28.215000066757202,0.32786454331180714,1.4451538177637395,-0.3162650650861687
2023-01-24,34.20000076293945,34.40999984741211,33.279998779296875,33.97999954223633,29.35063934326172,2908403,PKO.WA,-0.0020557913771707126,0.9860708196462877,33.17750015258789,30.616200141906738,28.18575005531311,0.3239385140110021,1.4451538177637395,-0.31767068146963495
2023-01-25,32.709999084472656,32.95000076293945,32.099998474121094,32.619998931884766,28.17592430114746,7822639,PKO.WA,-0.040023561762003945,0.9466047532944647,33.323500061035155,30.696200103759764,28.147950048446656,0.36029265101707186,1.4451538177637395,-0.3449799310918611
2023-01-26,32.97999954223633,33.09000015258789,32.209999084472656,32.630001068115234,28.18456268310547,3146399,PKO.WA,0.0003066258908026587,0.9468950068201817,33.458000087738036,30.75980010986328,28.11460005760193,0.36045160732763554,1.4451538177637395,-0.3447790849797385
2023-01-27,32.88999938964844,32.959999084472656,32.18000030517578,32.220001220703125,27.830421447753906,2602101,PKO.WA,-0.012565119031293759,0.9349971583493484,33.54150018692017,30.832000122070312,28.075950059890747,0.3602418367577524,1.4451538177637395,-0.35301201376876123
2023-01-30,32.20000076293945,32.20000076293945,31.360000610351562,31.530000686645508,27.234424591064453,2894198,PKO.WA,-0.021415285782616755,0.9149739269973625,33.60350017547607,30.905000152587892,28.042350063323976,0.3684850124212764,1.4451538177637395,-0.366867446391823
2023-01-31,31.399999618530273,32.38999938964844,31.229999542236328,32.15999984741211,27.778593063354492,3985848,PKO.WA,0.01998094345216539,0.9332559692929024,33.6980001449585,30.987000160217285,28.011650066375733,0.37356272865495754,1.4451538177637395,-0.354216860640453
2023-02-01,32.20000076293945,32.33000183105469,31.709999084472656,32.15999984741211,27.778593063354492,3319063,PKO.WA,0.0,0.9332559692929024,33.71800012588501,31.073000144958495,27.982350063323974,0.331825520904516,1.4451538177637395,-0.354216860640453
2023-02-02,32.400001525878906,32.68000030517578,32.040000915527344,32.349998474121094,27.942707061767578,4419740,PKO.WA,0.005907917525200812,0.9387695685893862,33.7020001411438,31.15700012207031,27.955950050354005,0.3159786624248009,1.4451538177637395,-0.3504016271139515
2023-02-03,32.459999084472656,33.02000045776367,32.22999954223633,32.720001220703125,28.26230239868164,2771479,PKO.WA,0.011437488841862464,0.9495067350552073,33.67850027084351,31.25000015258789,27.9317000579834,0.3133177917073285,1.4451538177637395,-0.3429718529723753
2023-02-06,32.56999969482422,32.58000183105469,31.739999771118164,31.84000015258789,27.50218963623047,2267171,PKO.WA,-0.026894897166398257,0.923969849057095,33.54900026321411,31.30940013885498,27.896500053405763,0.29259436460166394,1.4451538177637395,-0.3606425574221125
2023-02-07,31.860000610351562,32.18000030517578,31.649999618530273,31.809999465942383,27.476276397705078,2297211,PKO.WA,-0.0009422326162604744,0.9230992545288721,33.38950023651123,31.368400115966796,27.867500047683716,0.28292928576769694,1.4451538177637395,-0.3612449808579583
2023-02-08,32.060001373291016,32.43000030517578,31.959999084472656,32.25,27.856332778930664,2492123,PKO.WA,0.013832145282765884,0.9358676975279283,33.27950019836426,31.44160011291504,27.85245005607605,0.28696640345806307,1.4451538177637395,-0.35240962863308967
2023-02-09,32.41999816894531,33.22999954223633,32.31999969482422,32.79999923706055,28.331401824951172,2446496,PKO.WA,0.01705423990885424,0.9518282097645167,33.14050006866455,31.530600090026855,27.842700052261353,0.2654468276602348,1.4451538177637395,-0.34136546707713433
2023-02-10,32.599998474121094,32.72999954223633,32.099998474121094,32.130001068115234,27.752681732177734,3044669,PKO.WA,-0.020426773918588492,0.9323854301143221,32.981000137329104,31.606200103759765,27.83190005302429,0.27167573759346336,1.4451538177637395,-0.3548192457761249
2023-02-13,32.36000061035156,32.439998626708984,31.940000534057617,32.29999923706055,27.899518966674805,2229733,PKO.WA,0.005290948126174033,0.9373186330586574,32.805000114440915,31.6588000869751,27.825900049209594,0.26531413577890767,1.4451538177637395,-0.3514056278735205
2023-02-14,32.4900016784668,33.099998474121094,32.2400016784668,32.7400016784668,28.279577255249023,2652265,PKO.WA,0.013622366928770724,0.9500871314073562,32.71000022888184,31.736200103759767,27.825550050735472,0.2514514752079717,1.4451538177637395,-0.3425702373484779
2023-02-15,32.599998474121094,33.369998931884766,32.4900016784668,33.040000915527344,28.538705825805664,4025475,PKO.WA,0.009163079464893809,0.9587928552910149,32.65550022125244,31.810000114440918,27.828100061416627,0.25059231814689387,1.4451538177637395,-0.3365461561907157
2023-02-16,33.11000061035156,33.689998626708984,30.65999984741211,32.36000061035156,27.951345443725586,7536227,PKO.WA,-0.020581122467711932,0.9390598221151033,32.57850017547607,31.880200119018554,27.831800060272215,0.25910166631140513,1.4451538177637395,-0.35020078100182883
2023-02-17,32.02000045776367,32.34000015258789,31.799999237060547,31.920000076293945,27.571290969848633,4132126,PKO.WA,-0.013597049621713153,0.9262913791160471,32.48050012588501,31.944000129699706,27.836450061798097,0.2621296101323091,1.4451538177637395,-0.3590361332266975
2023-02-20,31.899999618530273,32.0,31.079999923706055,31.350000381469727,27.078948974609375,2681664,PKO.WA,-0.01785713325381666,0.9097504705273102,32.34550018310547,32.00820014953613,27.839100065231325,0.2655830874674692,1.4451538177637395,-0.37048191040655
2023-02-21,31.200000762939453,31.350000381469727,30.34000015258789,30.729999542236328,26.543413162231445,3470664,PKO.WA,-0.01977674104271676,0.8917585710582019,32.18300018310547,32.051000137329105,27.842650060653686,0.271261550104388,1.4451538177637395,-0.3829317266461454
2023-02-22,30.700000762939453,30.700000762939453,29.860000610351562,30.040000915527344,25.947420120239258,3417577,PKO.WA,-0.02245358402171882,0.8717353950558586,32.054000282287596,32.07180015563965,27.843600063323976,0.2471650347909148,1.4451538177637395,-0.3967871209690331
2023-02-23,30.020000457763672,30.719999313354492,29.989999771118164,30.559999465942383,26.396574020385742,2893901,PKO.WA,0.017310204213284663,0.8868253127642239,31.950500202178954,32.094200134277344,27.850900058746337,0.2582131340391237,1.4451538177637395,-0.3863453828489236
2023-02-24,30.729999542236328,31.06999969482422,30.450000762939453,30.600000381469727,26.431123733520508,1734632,PKO.WA,0.0013089305047901956,0.8879861054685212,31.869500160217285,32.116400146484374,27.85915005683899,0.2561888369942767,1.4451538177637395,-0.38554215160112926
2023-02-27,30.799999237060547,30.799999237060547,30.260000228881836,30.559999465942383,26.396574020385742,1475570,PKO.WA,-0.001307219445381702,0.8868253127642239,31.82100009918213,32.1430001449585,27.859700050354004,0.24619577289469893,1.4451538177637395,-0.3863453828489236
2023-02-28,30.56999969482422,31.350000381469727,30.3799991607666,31.079999923706055,26.84572982788086,3401497,PKO.WA,0.017015722082822204,0.9019152858222319,31.767000102996825,32.186400146484374,27.862900047302247,0.24297684041676354,1.4451538177637395,-0.3759036064286403
2023-03-01,31.360000610351562,31.56999969482422,31.059999465942383,31.350000381469727,27.078948974609375,1240424,PKO.WA,0.008687273437144816,0.9097504705273103,31.72650012969971,32.231400146484376,27.863400049209595,0.24567485086773191,1.4451538177637395,-0.3704819104065499
2023-03-02,31.079999923706055,31.200000762939453,30.399999618530273,30.530000686645508,26.37066078186035,1932705,PKO.WA,-0.02615628978776352,0.8859547735856438,31.63550024032593,32.25180015563965,27.857600049972532,0.2594195508443798,1.4451538177637395,-0.3869477679845954
2023-03-03,30.5,31.100000381469727,30.5,30.969999313354492,26.750715255737305,1682985,PKO.WA,0.014412008411825772,0.8987231612350572,31.548000144958497,32.26280014038086,27.859300050735474,0.2617832863859487,1.4451538177637395,-0.3781124540599008
2023-03-06,31.100000381469727,31.649999618530273,31.030000686645508,31.600000381469727,27.294889450073242,1866027,PKO.WA,0.02034230164944084,0.9170052588802399,31.536000156402586,32.28940013885498,27.865650053024293,0.25733612602542694,1.4451538177637395,-0.36546183000835686
2023-03-07,31.5,31.8799991607666,30.920000076293945,30.989999771118164,26.76799201965332,2011068,PKO.WA,-0.019303816550244934,0.8993035575872058,31.495000171661378,32.309800148010254,27.86060005187988,0.26609335006106577,1.4451538177637395,-0.3777108384360036
2023-03-08,30.979999542236328,31.18000030517578,30.719999313354492,31.100000381469727,26.863006591796875,1436535,PKO.WA,0.0035495518284605065,0.9024956821743805,31.437500190734863,32.33780014038086,27.8567000579834,0.2608555846496461,1.4451538177637395,-0.3755019908047431
2023-03-09,31.1299991607666,31.1299991607666,30.5,30.5,26.344749450683594,1132275,PKO.WA,-0.019292616530873885,0.8850841790574208,31.322500228881836,32.349000129699704,27.850100059509277,0.25811599371958643,1.4451538177637395,-0.3875501914204412
2023-03-10,30.030000686645508,30.239999771118164,29.6200008392334,29.780000686645508,25.722841262817383,3209044,PKO.WA,-0.023606534864081707,0.8641904085268546,31.20500020980835,32.333600158691404,27.83825005531311,0.26111066811457445,1.4451538177637395,-0.4020080091791748
2023-03-13,30.030000686645508,30.09000015258789,28.610000610351562,28.90999984741211,24.971364974975586,4779884,PKO.WA,-0.029214265250958826,0.8389437207048166,31.035500240325927,32.3060001373291,27.82750005722046,0.2738363288497774,1.4451538177637395,-0.4194779058169633
2023-03-14,28.739999771118164,29.15999984741211,28.3799991607666,28.829999923706055,24.902267456054688,3710846,PKO.WA,-0.0027672059539362026,0.8366221906458648,30.84000015258789,32.27720012664795,27.809700059890748,0.26477653996064116,1.4451538177637395,-0.4210843300123781
2023-03-15,29.0,29.190000534057617,27.5,27.969999313354492,24.1594295501709,3716618,PKO.WA,-0.02983005940435013,0.8116657009999012,30.586500072479247,32.2014001083374,27.790150060653687,0.27086402587313635,1.4451538177637395,-0.438353418838218
2023-03-16,28.200000762939453,28.40999984741211,26.600000381469727,27.200000762939453,23.494333267211914,6504885,PKO.WA,-0.02752944473786234,0.7893209949386061,30.328500080108643,32.09200016021728,27.768500061035155,0.27616259043464564,1.4451538177637395,-0.45381523735652063
2023-03-17,27.399999618530273,27.899999618530273,26.06999969482422,26.459999084472656,22.855148315429688,7553224,PKO.WA,-0.027205943298173163,0.7678467727062487,30.055500030517578,31.95740016937256,27.743500061035157,0.28361617382260007,1.4451538177637395,-0.4686747090393254
2023-03-20,26.139999389648438,26.940000534057617,24.829999923706055,26.760000228881836,23.114276885986328,6687615,PKO.WA,0.01133791212355817,0.7765525519395499,29.826000022888184,31.80400016784668,27.722850065231324,0.29062133156879,1.4451538177637395,-0.46265058958138927
2023-03-21,27.200000762939453,28.079999923706055,26.8799991607666,27.979999542236328,24.16806983947754,4979626,PKO.WA,0.04559040743347076,0.8119558991759754,29.688500022888185,31.663600158691406,27.701100053787233,0.34263681112886984,1.4451538177637395,-0.43815261102626946
2023-03-22,28.100000381469727,28.420000076293945,27.479999542236328,27.559999465942383,23.805288314819336,3638720,PKO.WA,-0.015010724916558638,0.7997678525290679,29.564499950408937,31.525800132751463,27.681500053405763,0.33844439884144684,1.4451538177637395,-0.4465863476272408
2023-03-23,27.479999542236328,27.600000381469727,26.84000015258789,27.399999618530273,23.667085647583008,1760311,PKO.WA,-0.0058055098154058404,0.7951247924111643,29.40649995803833,31.362200088500977,27.666050052642824,0.3288756219572657,1.4451538177637395,-0.4497991960180705
2023-03-24,27.100000381469727,27.25,26.200000762939453,26.719999313354492,23.079727172851562,2970485,PKO.WA,-0.024817529731493315,0.7753917592352527,29.21249990463257,31.19020008087158,27.651000051498414,0.33499503296134486,1.4451538177637395,-0.4634538208291836
2023-03-27,27.059999465942383,27.25,26.639999389648438,27.06999969482422,23.382043838500977,2003466,PKO.WA,0.013098817008382113,0.7855484739992827,29.03799991607666,31.015200080871583,27.64150005340576,0.3418163083335338,1.4451538177637395,-0.45642570061167853
2023-03-28,27.200000762939453,27.690000534057617,27.020000457763672,27.200000762939453,23.494333267211914,1807206,PKO.WA,0.00480240375252361,0.7893209949386061,28.84399995803833,30.8664001083374,27.64055006027222,0.3336434703355685,1.4451538177637395,-0.45381523735652063
2023-03-29,27.399999618530273,28.15999984741211,27.139999389648438,28.049999237060547,24.22852897644043,2571898,PKO.WA,0.031249943024973525,0.813987231058853,28.67899990081787,30.74480007171631,27.64000005722046,0.35606688084643806,1.4451538177637395,-0.4367469946428032
2023-03-30,28.209999084472656,28.850000381469727,28.15999984741211,28.809999465942383,24.88498878479004,1883527,PKO.WA,0.02709448305002793,0.8360417942937162,28.592999839782713,30.643000030517577,27.639350051879884,0.36477845660837155,1.4451538177637395,-0.4214859456362754
2023-03-31,28.850000381469727,28.93000030517578,28.3700008392334,28.520000457763672,24.634498596191406,2740049,PKO.WA,-0.01006591508346022,0.8276262685861319,28.470499897003172,30.535800018310546,27.64150005340576,0.3599130286704342,1.4451538177637395,-0.42730921898208896
2023-04-03,28.719999313354492,29.729999542236328,28.600000381469727,29.049999237060547,25.09229278564453,2279900,PKO.WA,0.018583407110451144,0.8430063844705715,28.342999839782713,30.435800018310548,27.644300050735474,0.3583946619389256,1.4451538177637395,-0.4166666730500309
2023-04-04,29.440000534057617,29.540000915527344,28.81999969482422,28.889999389648438,24.954090118408203,1244435,PKO.WA,-0.005507740158835817,0.8383633243526679,28.237999820709227,30.334000015258788,27.645350046157837,0.35387660970594964,1.4451538177637395,-0.4198795214408606
2023-04-05,28.899999618530273,28.950000762939453,28.469999313354492,28.639999389648438,24.738149642944336,1733283,PKO.WA,-0.008653513509231048,0.8311085359997382,28.114999771118164,30.254400024414064,27.646700038909913,0.3534095941406752,1.4451538177637395,-0.42489960183905373
2023-04-06,28.639999389648438,28.860000610351562,28.309999465942383,28.670000076293945,24.764062881469727,924027,PKO.WA,0.0010475100308957597,0.831979130527961,28.023499774932862,30.175200004577636,27.65060004234314,0.348989982401915,1.4451538177637395,-0.424297178403208
2023-04-11,29.0,29.34000015258789,28.649999618530273,29.25,25.265045166015625,3423787,PKO.WA,0.020230203075082498,0.8488102372927723,27.996999740600586,30.115799980163573,27.65230004310608,0.3491172254882894,1.4451538177637395,-0.41265059341140686
2023-04-12,29.229999542236328,30.1299991607666,28.950000762939453,30.0,25.912866592407227,4589572,PKO.WA,0.02564102564102555,0.8705746023515613,28.05149974822998,30.085199966430665,27.65855004310608,0.3438903052090849,1.4451538177637395,-0.3975903522168276
2023-04-13,30.0,31.040000915527344,29.799999237060547,30.829999923706055,26.629791259765625,3950019,PKO.WA,0.027666664123535245,0.8946604974693022,28.15149974822998,30.058599967956543,27.665450038909913,0.354996506543486,1.4451538177637395,-0.3809236868268333
2023-04-14,31.059999465942383,31.579999923706055,30.719999313354492,31.290000915527344,27.02712059020996,2623137,PKO.WA,0.014920564156978289,0.908009336820507,28.317499828338622,30.041199989318848,27.678300046920775,0.3340309560611976,1.4451538177637395,-0.3716867189780676
2023-04-17,31.5,31.790000915527344,31.239999771118164,31.399999618530273,27.122135162353516,1802433,PKO.WA,0.0035154586060859305,0.911201406058039,28.527499771118165,30.02220001220703,27.69530004501343,0.3102352183678183,1.4451538177637395,-0.3694779096469809
2023-04-18,31.399999618530273,32.7400016784668,31.200000762939453,32.349998474121094,27.942707061767578,2574482,PKO.WA,0.030254740991467743,0.9387695685893862,28.821999740600585,30.01479995727539,27.719550037384032,0.29175771902446795,1.4451538177637395,-0.3504016271139515
2023-04-19,32.119998931884766,32.779998779296875,31.200000762939453,32.470001220703125,28.046361923217773,3076276,PKO.WA,0.0037095132068716286,0.9422519467022777,29.10749979019165,30.027399978637696,27.747400045394897,0.29263867735361093,1.4451538177637395,-0.34799193337056844
2023-04-20,32.4900016784668,33.0,32.33000183105469,32.630001068115234,28.18456268310547,2540283,PKO.WA,0.004927620615859274,0.9468950068201815,29.339999866485595,30.043800010681153,27.779700050354005,0.260671351990424,1.4451538177637395,-0.34477908497973864
2023-04-21,32.540000915527344,32.68000030517578,32.09000015258789,32.58000183105469,28.141376495361328,1481183,PKO.WA,-0.0015323087779303135,0.9454440712894525,29.59099998474121,30.050400047302247,27.81075005531311,0.2491329551741038,1.4451538177637395,-0.3457830857393077
2023-04-24,32.58000183105469,32.93000030517578,32.2400016784668,32.72999954223633,28.270936965942383,1272226,PKO.WA,0.0046039810543738735,0.9497968778816392,29.857499980926512,30.049000053405763,27.84240005493164,0.24387999225620255,1.4451538177637395,-0.3427710834606006
2023-04-25,32.63999938964844,32.650001525878906,31.90999984741211,32.11000061035156,27.73540687561035,1731389,PKO.WA,-0.018942833503089118,0.9318050337621735,30.127000045776366,30.048600044250488,27.8644500541687,0.2337442739853048,1.4451538177637395,-0.35522086140002207
2023-04-26,32.0,32.16999816894531,31.0,31.790000915527344,27.459001541137695,2952175,PKO.WA,-0.009965733065761984,0.9225189135263664,30.363000106811523,30.038400077819823,27.887650060653687,0.24297071787288638,1.4451538177637395,-0.36164655818168134
2023-04-27,31.790000915527344,32.70000076293945,31.790000915527344,32.540000915527344,28.10682487487793,2517377,PKO.WA,0.023592323950946348,0.9442832785851555,30.630000114440918,30.034400062561033,27.918700065612793,0.2485967915610085,1.4451538177637395,-0.34658631698710196
2023-04-28,32.54999923706055,32.63999938964844,31.920000076293945,32.06999969482422,27.700857162475586,2882031,PKO.WA,-0.014443798631820326,0.9306442410578764,30.831000137329102,30.015000038146972,27.947550067901613,0.24755377037467005,1.4451538177637395,-0.3560240926478164
2023-05-02,32.099998474121094,32.619998931884766,31.6200008392334,31.6200008392334,27.312162399291992,2362885,PKO.WA,-0.014031769874430222,0.9175856552323884,30.971500205993653,30.00020004272461,27.978650074005127,0.24594948623320684,1.4451538177637395,-0.3650602143844597
2023-05-04,31.780000686645508,32.02000045776367,30.31999969482422,30.3700008392334,26.232460021972656,4125370,PKO.WA,-0.039531940759755746,0.88131171346774,31.06400022506714,29.9692000579834,28.002200078964233,0.2881545074959912,1.4451538177637395,-0.3901606163754252
2023-05-05,30.59000015258789,31.25,30.360000610351562,31.1299991607666,26.888919830322266,1904679,PKO.WA,0.025024639464329645,0.9033662213529607,31.16800022125244,29.964800033569336,28.0272500705719,0.2935411918190511,1.4451538177637395,-0.3748996056690712
2023-05-08,31.139999389648438,31.700000762939453,31.100000381469727,31.270000457763672,27.009845733642578,1044271,PKO.WA,0.004497311300075912,0.9074289404683583,31.287000274658205,29.975600051879884,28.051100072860716,0.29155372542003727,1.4451538177637395,-0.3720883346019648
2023-05-09,31.18000030517578,31.229999542236328,30.81999969482422,31.1200008392334,26.880281448364258,1266344,PKO.WA,-0.004796917695376379,0.903076078526529,31.411000347137453,29.997200050354003,28.074500074386595,0.289626602384571,1.4451538177637395,-0.37510037518084594
2023-05-10,31.260000228881836,31.75,30.8799991607666,31.18000030517578,26.93210792541504,1514286,PKO.WA,0.0019280033523245699,0.9048172122333323,31.53650035858154,30.00960006713867,28.097500076293944,0.2895115199275904,1.4451538177637395,-0.3738955666093282
2023-05-11,31.329999923706055,31.559999465942383,30.899999618530273,31.0,26.776628494262695,1744213,PKO.WA,-0.005772941097306639,0.8995937557632802,31.624000358581544,30.017600059509277,28.120400075912475,0.28529306029906765,1.4451538177637395,-0.3775100306240551
2023-05-12,31.290000915527344,31.959999084472656,31.100000381469727,31.350000381469727,27.078948974609375,2031857,PKO.WA,0.01129033488612019,0.9097504705273102,31.69150037765503,30.033400077819824,28.144400081634522,0.2745765349646417,1.4451538177637395,-0.37048191040655
2023-05-15,31.6299991607666,31.670000076293945,31.059999465942383,31.3700008392334,27.096221923828125,1499950,PKO.WA,0.0006379731266443756,0.9103308668794586,31.718500423431397,30.039200096130372,28.172500085830688,0.2577649206335533,1.4451538177637395,-0.3700802947826528
2023-05-16,31.290000915527344,31.780000686645508,31.1200008392334,31.6299991607666,27.320798873901367,1025150,PKO.WA,0.008288119686883588,0.91787579805882,31.73550033569336,30.04480007171631,28.203150081634522,0.2540608122570278,1.4451538177637395,-0.36485944487268507
2023-05-17,31.329999923706055,31.84000015258789,31.139999389648438,31.670000076293945,27.355350494384766,1377370,PKO.WA,0.0012646511725793452,0.9190365907631173,31.749000358581544,30.067600059509278,28.23335008621216,0.25385113202690757,1.4451538177637395,-0.3640562136248906
2023-05-18,32.0,32.619998931884766,31.84000015258789,32.22999954223633,27.83905601501465,2000237,PKO.WA,0.017682332320597682,0.9352873011757799,31.743000411987303,30.092800064086916,28.26355008125305,0.23775095477400296,1.4451538177637395,-0.35281124425698673
2023-05-19,32.400001525878906,33.25,32.349998474121094,33.25,28.7200927734375,2484175,PKO.WA,0.03164754800653946,0.9648868509396471,31.78200035095215,30.12580005645752,28.29520008087158,0.2629972740161792,1.4451538177637395,-0.33232930704031727
2023-05-22,33.0,33.709999084472656,32.939998626708984,33.52000045776367,28.953311920166016,2483141,PKO.WA,0.008120314519208138,0.9727220356447254,31.82650032043457,30.17640007019043,28.3303000831604,0.26382129170701385,1.4451538177637395,-0.32690761101822696
2023-05-23,33.439998626708984,33.95000076293945,33.380001068115234,33.7400016784668,29.14333724975586,1228129,PKO.WA,0.006563282150915617,0.9791062848190747,31.884500312805176,30.22920009613037,28.376000089645387,0.26416096509042725,1.4451538177637395,-0.32248991575570574
2023-05-24,33.54999923706055,33.630001068115234,32.54999923706055,32.630001068115234,28.18456268310547,1667820,PKO.WA,-0.0328986530863149,0.9468950068201814,31.87950038909912,30.271800117492674,28.419400091171266,0.2911960678787649,1.4451538177637395,-0.34477908497973875
2023-05-25,32.540000915527344,33.33000183105469,32.400001525878906,32.970001220703125,28.478242874145508,1471457,PKO.WA,0.010419863360658255,0.9567615234081372,31.9225004196167,30.335600128173827,28.46410009384155,0.2844262014743848,1.4451538177637395,-0.3379517725741821
2023-05-26,33.150001525878906,34.09000015258789,33.0099983215332,34.06999969482422,29.428377151489258,2745779,PKO.WA,0.03336361642080754,0.9886825478813138,32.03650035858154,30.43880012512207,28.50880009651184,0.3023300226602981,1.4451538177637395,-0.3158634494622715
2023-05-29,34.06999969482422,34.220001220703125,33.75,34.08000183105469,29.4370174407959,1027891,PKO.WA,0.0002935760587043923,0.9889728014070306,32.11350040435791,30.543800163269044,28.554200105667114,0.2931098027786367,1.4451538177637395,-0.31566260335014906
2023-05-30,34.02000045776367,34.02000045776367,33.130001068115234,33.130001068115234,28.616443634033203,1501927,PKO.WA,-0.02787560774347686,0.9614045835260407,32.16650047302246,30.647000198364257,28.594650106430052,0.3069454106532012,1.4451538177637395,-0.3347389241833525
2023-05-31,32.7599983215332,32.91999816894531,31.90999984741211,32.08000183105469,27.709495544433594,4280682,PKO.WA,-0.03169330525832914,0.9309344945835931,32.18950052261353,30.744600219726564,28.627550115585326,0.3249085680980045,1.4451538177637395,-0.35582324653569397
2023-06-01,32.20000076293945,32.90999984741211,32.02000045776367,32.79999923706055,28.331401824951172,1782209,PKO.WA,0.022443808133105314,0.9518282097645167,32.311000442504884,30.87140022277832,28.664800109863283,0.2957284015904158,1.4451538177637395,-0.34136546707713433
2023-06-02,33.09000015258789,34.4900016784668,33.0,34.470001220703125,29.77388572692871,2922195,PKO.WA,0.05091469580754304,1.0002902535257152,32.47800054550171,31.025600242614747,28.71030011177063,0.33215260837941163,1.4451538177637395,-0.30783129018502353
2023-06-05,34.470001220703125,35.18000030517578,34.119998931884766,34.29999923706055,29.627044677734375,2231094,PKO.WA,-0.004931882147438782,0.9953569398820947,32.629500484466554,31.15200023651123,28.761350107192992,0.3341412339897073,1.4451538177637395,-0.3112449846879758
2023-06-06,34.220001220703125,35.79999923706055,34.220001220703125,35.779998779296875,30.905410766601562,3520919,PKO.WA,0.04314867566052927,1.0383052736475242,32.86250038146973,31.31640022277832,28.81675009727478,0.3582637568165179,1.4451538177637395,-0.2815261179227143
2023-06-07,35.70000076293945,35.79999923706055,34.95000076293945,35.31999969482422,30.50808334350586,2163559,PKO.WA,-0.012856319177372955,1.0249564896459622,33.06950035095215,31.4748002243042,28.86970009803772,0.3649532559257231,1.4451538177637395,-0.290763047471306
2023-06-09,35.529998779296875,36.22999954223633,35.38999938964844,35.790000915527344,30.914052963256836,2096508,PKO.WA,0.01330694294349044,1.0385955271732412,33.309000396728514,31.656200256347656,28.927400102615355,0.3627188600945075,1.4451538177637395,-0.28132527181059164
2023-06-12,35.790000915527344,36.0099983215332,35.279998779296875,35.34000015258789,30.52535629272461,1863176,PKO.WA,-0.012573365505118561,1.0255368859981107,33.50850038528442,31.82160026550293,28.983850107192993,0.3692065701845634,1.4451538177637395,-0.2903614318474089
2023-06-13,35.400001525878906,35.650001525878906,34.72999954223633,34.95000076293945,30.188491821289062,1996685,PKO.WA,-0.011035636331763854,1.014219433879426,33.687500381469725,31.97660026550293,29.041200113296508,0.3738615572791413,1.4451538177637395,-0.29819274501253457
2023-06-14,34.91999816894531,35.97999954223633,34.91999816894531,35.599998474121094,30.749935150146484,3663641,PKO.WA,0.018597931244421995,1.033081817177472,33.886000347137454,32.12760025024414,29.096800107955932,0.37659675825468103,1.4451538177637395,-0.2851405819374412
2023-06-15,35.20000076293945,35.66999816894531,34.209999084472656,35.66999816894531,30.81039810180664,3958683,PKO.WA,0.0019662836467564393,1.0351131490603496,34.08600025177002,32.264800224304196,29.157350101470946,0.37648314247348386,1.4451538177637395,-0.2837349655539749
2023-06-16,35.66999816894531,36.29999923706055,35.43000030517578,36.16999816894531,31.242280960083008,6950418,PKO.WA,0.014017382272682788,1.049622725766209,34.28300018310547,32.417800178527834,29.222350091934203,0.3752271970481153,1.4451538177637395,-0.27369480475758867
2023-06-19,36.0,36.599998474121094,35.720001220703125,35.91999816894531,31.026338577270508,1455834,PKO.WA,-0.006911805713461283,1.0423679374132793,34.416500091552734,32.55520015716553,29.287600078582763,0.3651632271163172,1.4451538177637395,-0.2787148851557818
2023-06-20,35.849998474121094,36.150001525878906,35.41999816894531,35.529998779296875,30.689470291137695,1641403,PKO.WA,-0.010857444585997023,1.0310504852945945,34.51700000762939,32.688000144958494,29.34765007019043,0.36860254036145595,1.4451538177637395,-0.28654619832090744
2023-06-21,35.5,36.439998626708984,35.34000015258789,35.970001220703125,31.06953239440918,1923242,PKO.WA,0.012383970068207129,1.0438189836432932,34.62849998474121,32.83460018157959,29.417050075531005,0.36989003460395786,1.4451538177637395,-0.277710807795865
2023-06-22,36.20000076293945,36.52000045776367,35.61000061035156,36.22999954223633,31.29410743713379,1278353,PKO.WA,0.007228198852091028,1.0513639148226543,34.80849990844727,32.985800170898436,29.481250076293946,0.3440998538275404,1.4451538177637395,-0.27248995788589736
2023-06-23,36.0,36.36000061035156,35.099998474121094,35.2599983215332,30.456254959106445,1716715,PKO.WA,-0.026773426247834076,1.023215300589516,34.92299976348877,33.106000137329104,29.54335006713867,0.3618684515006757,1.4451538177637395,-0.29196789434299797
2023-06-26,35.25,36.25,35.060001373291016,36.0,31.095441818237305,2237319,PKO.WA,0.02098700265719744,1.044689522821873,35.01949977874756,33.2260001373291,29.609500064849854,0.35087012420312386,1.4451538177637395,-0.2771084226601934
2023-06-27,36.150001525878906,36.20000076293945,35.11000061035156,35.349998474121094,30.533992767333984,2261167,PKO.WA,-0.018055597941080692,1.025827028824542,35.08299961090088,33.316400108337405,29.67370005607605,0.35869780806951224,1.4451538177637395,-0.29016066233563453
2023-06-28,35.77000045776367,36.2400016784668,35.2400016784668,35.619998931884766,30.7672119140625,2706914,PKO.WA,0.007637919926964942,1.03366221352962,35.207499504089355,33.403000068664554,29.73615005493164,0.34109219190974066,1.4451538177637395,-0.28473896631354434
2023-06-29,35.77000045776367,36.279998779296875,35.52000045776367,36.08000183105469,31.16454315185547,2664065,PKO.WA,0.012914174984945292,1.0470111082304674,35.40749950408936,33.49660011291504,29.795100059509277,0.31521677786626007,1.4451538177637395,-0.2755019601646047
2023-06-30,36.369998931884766,36.400001525878906,35.900001525878906,36.150001525878906,31.225006103515625,2054562,PKO.WA,0.001940124480924288,1.049042440113345,35.57499961853027,33.57260017395019,29.84930006980896,0.30944674165249814,1.4451538177637395,-0.27409634378113845
2023-07-03,36.150001525878906,37.060001373291016,36.0,37.02000045776367,31.976478576660156,2541320,PKO.WA,0.02406635947890501,1.0742890725857404,35.702499580383304,33.66360015869141,29.91185007095337,0.26865819574445804,1.4451538177637395,-0.25662648544352384
2023-07-04,37.0,37.15999984741211,36.4900016784668,36.5099983215332,31.53595733642578,857167,PKO.WA,-0.013776394649490431,1.0594892423541642,35.81299953460693,33.741200103759766,29.972450065612794,0.2742085927158043,1.4451538177637395,-0.26686749235203255
2023-07-05,36.29999923706055,36.470001220703125,35.97999954223633,36.0,31.095441818237305,4328947,PKO.WA,-0.013968730347281633,1.044689522821873,35.82399959564209,33.809600067138675,30.029450063705443,0.23637344068845428,1.4451538177637395,-0.2771084226601934
2023-07-06,35.88999938964844,36.119998931884766,35.33000183105469,35.7599983215332,30.88813591003418,4009090,PKO.WA,-0.006666713290744308,1.037724877295375,35.845999526977536,33.87020004272461,30.08995005607605,0.23275878808882033,1.4451538177637395,-0.2819277335466118
2023-07-07,35.7599983215332,36.83000183105469,35.720001220703125,36.650001525878906,31.656888961791992,2218787,PKO.WA,0.024888233951895433,1.0635520168192043,35.88899955749512,33.96100006103516,30.151650066375733,0.24440345605315406,1.4451538177637395,-0.2640561829847522
2023-07-10,36.5,36.81999969482422,36.20000076293945,36.72999954223633,31.725988388061523,1635592,PKO.WA,0.0021827561535279205,1.0658734915285135,35.95849952697754,34.05980003356934,30.21670006752014,0.23884316483634227,1.4451538177637395,-0.2624497970895113
2023-07-11,36.90999984741211,37.040000915527344,36.54999923706055,36.869998931884766,31.846912384033203,2444969,PKO.WA,0.0038115815789065977,1.0699361552942686,36.0544994354248,34.14639999389649,30.284600057601928,0.2338259236111196,1.4451538177637395,-0.2596385643225788
2023-07-12,37.08000183105469,38.65999984741211,37.060001373291016,38.58000183105469,33.32394790649414,3134190,PKO.WA,0.04637925003277199,1.1195589917597641,36.20349960327148,34.27660003662109,30.360750064849853,0.27578185608269473,1.4451538177637395,-0.22530115618267366
2023-07-13,38.58000183105469,39.150001525878906,38.220001220703125,39.0,33.68672561645508,2460250,PKO.WA,0.010886421695481596,1.131746983057029,36.369999694824216,34.42420001983643,30.442350063323975,0.27665292572982103,1.4451538177637395,-0.21686745788187634
2023-07-14,38.650001525878906,39.439998626708984,38.63999938964844,38.939998626708984,33.63490295410156,1416158,PKO.WA,-0.0015384967510516656,1.1300057940005832,36.508499717712404,34.59559997558594,30.52480005264282,0.27514783323678904,1.4451538177637395,-0.21807230475356787
2023-07-17,38.86000061035156,39.29999923706055,38.720001220703125,39.099998474121094,33.773101806640625,1217932,PKO.WA,0.004108881691186506,1.134648854118487,36.667499732971194,34.75499996185303,30.606750049591064,0.27220236789444296,1.4451538177637395,-0.21485945636273818
2023-07-18,38.95000076293945,40.0,38.41999816894531,39.939998626708984,34.498661041259766,1986671,PKO.WA,0.021483380699972576,1.159024947412302,36.8879997253418,34.928399925231936,30.694150047302244,0.27238438313379393,1.4451538177637395,-0.19799198316079547
2023-07-19,39.939998626708984,40.13999938964844,39.70000076293945,39.88999938964844,34.45547866821289,1309185,PKO.WA,-0.0012518587576292317,1.1575740118815732,37.08399963378906,35.10379989624023,30.78485004425049,0.27245010357311444,1.4451538177637395,-0.19899598392036444
2023-07-20,39.70000076293945,39.900001525878906,39.369998931884766,39.63999938964844,34.23953628540039,1554365,PKO.WA,-0.006267234991857995,1.1503192235286435,37.25449962615967,35.272999877929685,30.87385004043579,0.2753946944361329,1.4451538177637395,-0.20401606431855757
2023-07-21,39.45000076293945,39.79999923706055,39.18000030517578,39.43000030517578,34.058143615722656,1300382,PKO.WA,-0.005297656097529968,1.144225227880011,37.462999725341795,35.4415998840332,30.962000045776367,0.25249304979477044,1.4451538177637395,-0.20823291346895634
2023-07-24,39.0099983215332,39.79999923706055,39.0099983215332,39.79999923706055,34.37773513793945,1135585,PKO.WA,0.009383690819708024,1.154962283646547,37.65299968719482,35.61059986114502,31.04630003929138,0.24647730510806817,1.4451538177637395,-0.20080321592772787
2023-07-25,39.79999923706055,39.79999923706055,39.11000061035156,39.650001525878906,34.24817657470703,1649970,PKO.WA,-0.003768786785351641,1.1506094770543602,37.86799983978271,35.77619987487793,31.134550046920776,0.23351908061608165,1.4451538177637395,-0.2038152182064351
2023-07-26,39.63999938964844,39.779998779296875,39.279998779296875,39.59000015258789,34.19635009765625,1070660,PKO.WA,-0.0015132754346012245,1.1488682879979144,38.066499900817874,35.93539989471436,31.221950044631956,0.23484912197861543,1.4451538177637395,-0.20502006507812665
2023-07-27,39.52000045776367,40.599998474121094,39.52000045776367,40.47999954223633,34.96509552001953,1673724,PKO.WA,0.022480408846127897,1.1746953168224585,38.28649978637695,36.111599884033204,31.31335003852844,0.24127577636244596,1.4451538177637395,-0.18714859111661486
2023-07-28,40.13999938964844,40.63999938964844,40.029998779296875,40.52000045776367,34.9996452331543,1235894,PKO.WA,0.0009881649204468435,1.1758561095267557,38.50499973297119,36.27739990234375,31.408600044250488,0.241505404340095,1.4451538177637395,-0.1863453598688205
2023-07-31,40.47999954223633,40.88999938964844,40.400001525878906,40.65999984741211,35.120574951171875,1569968,PKO.WA,0.003455068807177497,1.1799187732925107,38.68699970245361,36.425599899291996,31.50340003967285,0.23174847483977398,1.4451538177637395,-0.183534127101888
2023-08-01,40.650001525878906,40.650001525878906,39.849998474121094,40.33000183105469,34.83553695678711,1337009,PKO.WA,-0.008116035848397263,1.1703425102302718,38.87799987792969,36.561799926757814,31.594550046920777,0.22654325857357352,1.4451538177637395,-0.190160593395322
2023-08-02,40.0,40.0,39.5099983215332,39.540000915527344,34.153160095214844,1608455,PKO.WA,-0.01958841754673646,1.1474173524671856,39.054999923706056,36.67779991149902,31.68285005569458,0.2335803798325363,1.4451538177637395,-0.20602406583769572
2023-08-03,39.31999969482422,39.900001525878906,39.20000076293945,39.779998779296875,34.36045837402344,1502623,PKO.WA,0.006069748563796384,1.1543818872943983,39.25599994659424,36.820799865722655,31.76905004501343,0.22962801146170198,1.4451538177637395,-0.20120483155162516
2023-08-04,39.9900016784668,40.439998626708984,39.849998474121094,40.34000015258789,34.84416961669922,871458,PKO.WA,0.014077460796264818,1.1706326530567033,39.44049987792969,36.96819984436035,31.85610004425049,0.2205087408558892,1.4451538177637395,-0.18995982388354749
2023-08-07,39.95000076293945,40.25,39.650001525878906,39.88999938964844,34.45547866821289,1075913,PKO.WA,-0.011155199832357576,1.157574011881573,39.598499870300294,37.084599838256835,31.936900043487547,0.22765416639630728,1.4451538177637395,-0.19899598392036455
2023-08-08,39.81999969482422,39.81999969482422,38.869998931884766,39.209999084472656,33.86811828613281,3630341,PKO.WA,-0.017046886828287144,1.1378409787056614,39.71549987792969,37.1871997833252,32.016900043487546,0.23987628724176216,1.4451538177637395,-0.21265060873147767
2023-08-09,39.36000061035156,39.720001220703125,39.02000045776367,39.20000076293945,33.85948181152344,1718718,PKO.WA,-0.0002549941792057142,1.1375508358792297,39.74649982452392,37.30859977722168,32.092400045394896,0.17752176413879772,1.4451538177637395,-0.2128513782432523
2023-08-10,39.119998931884766,39.900001525878906,39.119998931884766,39.54999923706055,34.16179656982422,2666129,PKO.WA,0.008928532329315342,1.147707495293617,39.773999786376955,37.4579997253418,32.1689000415802,0.17618563555905806,1.4451538177637395,-0.20582329632592122
2023-08-11,39.310001373291016,39.459999084472656,38.720001220703125,39.0,33.68672561645508,1867942,PKO.WA,-0.01390642851252366,1.1317469830570288,39.7769998550415,37.58199974060059,32.24130003929138,0.1836367112481804,1.4451538177637395,-0.21686745788187645
2023-08-14,38.720001220703125,39.209999084472656,38.41999816894531,38.599998474121094,33.34122085571289,1009126,PKO.WA,-0.01025644938151038,1.1201392774126273,39.751999855041504,37.66459968566895,32.3118500328064,0.18657544327578718,1.4451538177637395,-0.22489961715912454
2023-08-16,38.08000183105469,38.5,36.95000076293945,37.130001068115234,32.07149124145508,3219860,PKO.WA,-0.038082835857918496,1.0774811971729148,39.61149997711182,37.72119972229004,32.373200035095216,0.2113257338667071,1.4451538177637395,-0.25441763781226334
2023-08-17,37.0,37.150001525878906,36.34000015258789,36.599998474121094,31.613697052001953,1650508,PKO.WA,-0.014274241280571087,1.06210097058919,39.44699993133545,37.73759971618652,32.42965003013611,0.21447452091151492,1.4451538177637395,-0.26506026034466934
2023-08-18,36.29999923706055,36.91999816894531,36.25,36.77000045776367,31.760540008544922,2070881,PKO.WA,0.004644863134701582,1.0670342842328104,39.30349998474121,37.76659973144531,32.48490003585815,0.2165718766447605,1.4451538177637395,-0.2616465658417171
2023-08-21,36.779998779296875,37.27000045776367,36.599998474121094,37.060001373291016,32.01102828979492,1143320,PKO.WA,0.007886889092113547,1.0754498652900373,39.185000038146974,37.79199974060059,32.539850044250485,0.22027595431908142,1.4451538177637395,-0.2558232541957296
2023-08-22,37.220001220703125,37.33000183105469,36.61000061035156,36.709999084472656,31.708707809448242,1480884,PKO.WA,-0.009444206040170378,1.0652930951763646,39.03050003051758,37.819399719238284,32.59135004043579,0.216337708615318,1.4451538177637395,-0.2628514127134087
2023-08-23,36.75,37.290000915527344,36.529998779296875,37.02000045776367,31.976478576660156,1978827,PKO.WA,0.008444603133268336,1.0742890725857401,38.898999977111814,37.86079971313477,32.64695004463196,0.22076733727498443,1.4451538177637395,-0.25662648544352396
2023-08-24,37.41999816894531,37.790000915527344,37.36000061035156,37.400001525878906,32.30470657348633,1546040,PKO.WA,0.010264750497471775,1.0853163818779932,38.789500045776364,37.89679977416992,32.7057000541687,0.22595286189822744,1.4451538177637395,-0.24899594179017304
2023-08-25,37.130001068115234,37.810001373291016,36.900001525878906,37.130001068115234,32.07149124145508,1577612,PKO.WA,-0.007219263282030708,1.077481197172915,38.62200012207031,37.92599983215332,32.758200063705445,0.20566043106042312,1.4451538177637395,-0.25441763781226323
2023-08-28,37.459999084472656,38.0,37.130001068115234,37.93000030517578,32.76250457763672,1264857,PKO.WA,0.02154589857384992,1.100696497762433,38.492500114440915,37.96119987487793,32.81445006370544,0.2246472620440034,1.4451538177637395,-0.23835339585811488
2023-08-29,38.040000915527344,38.380001068115234,37.70000076293945,37.880001068115234,32.71931457519531,1438749,PKO.WA,-0.0013181976445627575,1.099245562231704,38.35350017547607,38.00039993286133,32.8700000667572,0.2234069242795773,1.4451538177637395,-0.23935739661768385
2023-08-30,37.900001525878906,38.25,37.7599983215332,38.060001373291016,32.87479019165039,1240781,PKO.WA,0.004751855863259102,1.1044690187017563,38.24000015258789,38.05099998474121,32.92230007171631,0.2245014352849681,1.4451538177637395,-0.23574293260295698
2023-08-31,38.029998779296875,38.31999969482422,37.25,37.349998474121094,32.26151657104492,3961301,PKO.WA,-0.01865483114953781,1.0838653356479793,38.13050003051758,38.07859992980957,32.965950059890744,0.2235979299267598,1.4451538177637395,-0.25000001915008985
2023-09-01,37.279998779296875,38.040000915527344,37.18000030517578,37.86000061035156,32.7020378112793,1069106,PKO.WA,0.01365467622666272,1.0986651658795556,38.03450012207031,38.111199951171876,33.00800005912781,0.22911885733643209,1.4451538177637395,-0.23975901224158092
2023-09-04,37.70000076293945,38.060001373291016,37.400001525878906,37.5099983215332,32.399723052978516,1839177,PKO.WA,-0.009244645620070657,1.088508395765883,37.89300003051758,38.15619995117188,33.052500047683715,0.22175031765417222,1.4451538177637395,-0.24678717075926004
2023-09-05,37.5099983215332,37.84000015258789,37.029998779296875,37.16999816894531,32.106040954589844,1648007,PKO.WA,-0.009064254006983186,1.0786418791779273,37.75699996948242,38.17959991455078,33.09895004272461,0.22092020357167352,1.4451538177637395,-0.2536144831648165
2023-09-06,37.09000015258789,37.099998474121094,34.0,35.34000015258789,30.52535629272461,4684858,PKO.WA,-0.049233201681627814,1.0255368859981104,37.563500022888185,38.179399948120114,33.13535004615784,0.2710770644492916,1.4451538177637395,-0.29036143184740904
2023-09-07,35.29999923706055,35.58000183105469,34.65999984741211,35.2599983215332,30.456254959106445,3317554,PKO.WA,-0.0022637756284454857,1.023215300589516,37.36649990081787,38.172199935913085,33.172350034713745,0.2707001344448254,1.4451538177637395,-0.29196789434299797
2023-09-08,35.45000076293945,35.599998474121094,34.77000045776367,35.16999816894531,30.37851333618164,1950618,PKO.WA,-0.002552471834149972,1.02060357235449,37.14749984741211,38.1539998626709,33.20745002746582,0.2658086632208057,1.4451538177637395,-0.2937751263503613
2023-09-11,35.380001068115234,35.599998474121094,35.040000915527344,35.13999938964844,30.352603912353516,2081650,PKO.WA,-0.0008529650514274012,1.0197330331759096,36.95449981689453,38.13379981994629,33.24280002593994,0.2645093529764497,1.4451538177637395,-0.2943775114860332
2023-09-12,35.099998474121094,35.279998779296875,34.70000076293945,35.2599983215332,30.456254959106445,3254686,PKO.WA,0.0034148814447649833,1.023215300589516,36.787499809265135,38.09859977722168,33.274750013351444,0.26539958792703694,1.4451538177637395,-0.29196789434299797
2023-09-13,35.25,35.5,35.029998779296875,35.33000183105469,30.5167236328125,2274003,PKO.WA,0.0019853520378285694,1.0252467431716787,36.69749984741211,38.07499984741211,33.30710001945496,0.23418817698437652,1.4451538177637395,-0.29056220135918376
2023-09-14,35.5,35.68000030517578,35.16999816894531,35.5099983215332,30.67219352722168,1995909,PKO.WA,0.005094720666566799,1.0304700889424458,36.64299983978272,38.065199813842774,33.34170001029968,0.23121013212874866,1.4451538177637395,-0.2869478139448046
2023-09-15,35.630001068115234,35.93000030517578,35.380001068115234,35.540000915527344,30.698110580444336,4771090,PKO.WA,0.0008449055311823273,1.0313407388203113,36.581499862670896,38.06079986572266,33.37765001296997,0.2302823196928182,1.4451538177637395,-0.286345352208785
2023-09-18,35.41999816894531,35.7400016784668,34.58000183105469,34.689998626708984,29.963912963867188,2011072,PKO.WA,-0.023916777347267715,1.0066743920007792,36.462999725341795,38.02159980773926,33.40935000419617,0.24035965473263837,1.4451538177637395,-0.30341367152285026
2023-09-19,34.63999938964844,35.279998779296875,34.54999923706055,35.13999938964844,30.352603912353516,2365910,PKO.WA,0.012972060557909115,1.0197330331759098,36.38449974060059,37.9897998046875,33.43670000076294,0.2457318485886509,1.4451538177637395,-0.2943775114860331
2023-09-20,35.06999969482422,35.79999923706055,34.93000030517578,35.630001068115234,30.77585220336914,2584907,PKO.WA,0.013944271114903373,1.0339524670553375,36.31499977111817,37.96499984741211,33.47050000190735,0.24959725380265693,1.4451538177637395,-0.28453812020142144
2023-09-21,35.29999923706055,35.630001068115234,34.9900016784668,35.279998779296875,30.47353172302246,1869218,PKO.WA,-0.009823246655234374,1.0237956969416648,36.20899963378906,37.898999786376955,33.500149993896486,0.2468977190609713,1.4451538177637395,-0.29156627871910057
2023-09-22,34.95000076293945,35.209999084472656,34.45000076293945,34.59000015258789,29.87753677368164,1889014,PKO.WA,-0.019557784880477103,1.0037725209393216,36.08199958801269,37.810799789428714,33.52884999275207,0.25362209128170476,1.4451538177637395,-0.3054216730419883
2023-09-25,34.459999084472656,34.77000045776367,33.88999938964844,33.88999938964844,29.27290153503418,2715333,PKO.WA,-0.020237084702270036,0.9834590914112614,35.87999954223633,37.7097998046875,33.55464999198914,0.24219322412593874,1.4451538177637395,-0.3194779134769985
2023-09-26,33.83000183105469,35.0,33.59000015258789,34.77000045776367,30.03301429748535,1923115,PKO.WA,0.02596639374340115,1.0089959774093737,35.72449951171875,37.62319984436035,33.58779999732971,0.2665825938494176,1.4451538177637395,-0.30180720902726144
2023-09-27,34.93000030517578,34.93000030517578,33.95000076293945,34.0099983215332,29.376554489135742,1363674,PKO.WA,-0.0218579846483945,0.9869413588248679,35.52199935913086,37.50459983825684,33.614899988174436,0.2715008458094211,1.4451538177637395,-0.31706829633396316
2023-09-28,33.90999984741211,34.09000015258789,33.529998779296875,33.959999084472656,29.333364486694336,2370806,PKO.WA,-0.001470133476275115,0.985490423294139,35.352499389648436,37.38599983215332,33.6396999835968,0.26725079213942177,1.4451538177637395,-0.31807229709353224
2023-09-29,34.349998474121094,34.97999954223633,33.970001220703125,34.720001220703125,29.98982810974121,3399302,PKO.WA,0.02237933323673036,1.0075450418786451,35.195499420166016,37.287599868774414,33.66609998703003,0.27678350444269834,1.4451538177637395,-0.3028112097868303
2023-10-02,34.59000015258789,34.66999816894531,33.68000030517578,33.7599983215332,29.160614013671875,1839867,PKO.WA,-0.027649852114563944,0.9796865704719384,35.007999420166016,37.17419982910156,33.6874499797821,0.2887094846657477,1.4451538177637395,-0.3220883767321562
2023-10-03,33.7599983215332,34.27000045776367,33.459999084472656,33.880001068115234,29.264266967773438,2096839,PKO.WA,0.003554583902496411,0.9831689485848298,34.84349956512451,37.055799865722655,33.7106999874115,0.28988018262533877,1.4451538177637395,-0.3196786829887731
2023-10-04,33.68000030517578,35.77000045776367,33.41999816894531,34.56999969482422,29.860258102416992,3523985,PKO.WA,0.020365956462685908,1.003192124587173,34.80499954223633,36.95419982910156,33.73899998664856,0.24982030816181863,1.4451538177637395,-0.3058232886658854
2023-10-05,35.0,35.0,34.36000061035156,34.790000915527344,30.050291061401367,1830926,PKO.WA,0.006363934701916207,1.0095763737615224,34.78149967193603,36.85819984436035,33.76744998931885,0.2511074928972699,1.4451538177637395,-0.30140559340336415
2023-10-06,34.88999938964844,37.09000015258789,34.88999938964844,36.29999923706055,31.354572296142578,3519008,PKO.WA,0.04340322741581959,1.0533952467055323,34.837999725341795,36.77459983825683,33.80139998435974,0.295340659341622,1.4451538177637395,-0.27108434150243077
2023-10-09,36.0,37.209999084472656,35.5099983215332,36.70000076293945,31.700075149536133,2732108,PKO.WA,0.011019326013387953,1.0650029523499338,34.915999794006346,36.69819984436035,33.83279998779297,0.2969571424211427,1.4451538177637395,-0.2630521822251827
2023-10-10,37.04999923706055,38.63999938964844,37.04999923706055,38.400001525878906,33.16847229003906,3415190,PKO.WA,0.04632154571114211,1.1143355352897126,35.07299995422363,36.65299987792969,33.87344999313355,0.3355644811031841,1.4451538177637395,-0.22891562019740008
2023-10-11,38.45000076293945,39.599998474121094,38.29999923706055,39.290000915527344,33.93722152709961,4292809,PKO.WA,0.023177066517787503,1.1401625641142565,35.270999908447266,36.63219985961914,33.92005000114441,0.3418432605556978,1.4451538177637395,-0.2110441462358883
2023-10-12,39.40999984741211,39.86000061035156,38.599998474121094,38.869998931884766,33.574440002441406,5911943,PKO.WA,-0.010689793175255313,1.1279744621177064,35.43899993896484,36.61879981994629,33.96589999198913,0.3466764112302447,1.4451538177637395,-0.21947792113703368
2023-10-13,38.560001373291016,39.06999969482422,37.7599983215332,38.650001525878906,33.38441467285156,2752924,PKO.WA,-0.005659825367923976,1.121590323642642,35.59449996948242,36.59619987487793,34.00944999694824,0.348414147855087,1.4451538177637395,-0.22389553979920707
2023-10-16,40.36000061035156,43.689998626708984,40.2400016784668,43.0,37.14177703857422,13661758,PKO.WA,0.11254846836703125,1.2478235967039044,36.01000003814697,36.64939987182617,34.07170000076294,0.5034135671697976,1.4451538177637395,-0.1365461715107863
2023-10-17,42.900001525878906,44.93000030517578,42.4900016784668,43.099998474121094,37.2281494140625,5679473,PKO.WA,0.0023255459097928366,1.250725467765362,36.407999992370605,36.713599853515625,34.13574998855591,0.5043491557277198,1.4451538177637395,-0.13453816999164825
2023-10-18,42.709999084472656,43.09000015258789,41.61000061035156,41.81999969482422,36.122535705566406,4783981,PKO.WA,-0.02969834859890852,1.2135809868221334,36.71749992370606,36.765799865722656,34.19349998474121,0.5240569965728907,1.4451538177637395,-0.16024095711828557
2023-10-19,41.380001068115234,41.58000183105469,40.439998626708984,40.54999923706055,35.02555847167969,2346545,PKO.WA,-0.030368256026574114,1.1767266487053365,36.98099994659424,36.79279983520508,34.237449979782106,0.5384805650657016,1.4451538177637395,-0.18574297473314827
2023-10-20,40.099998474121094,40.75,39.7599983215332,39.97999954223633,34.5332145690918,2003995,PKO.WA,-0.014056712837204444,1.1601857401165996,37.25049991607666,36.801399841308594,34.27399998664856,0.5351565523056725,1.4451538177637395,-0.19718875191300078
2023-10-23,39.97999954223633,41.0,39.66999816894531,40.279998779296875,34.79233932495117,2205784,PKO.WA,0.007503732878826552,1.1688914640002583,37.569999885559085,36.82699981689453,34.3094499874115,0.5248496437144332,1.4451538177637395,-0.19116467075523846
2023-10-24,40.400001525878906,41.90999984741211,40.400001525878906,41.119998931884766,35.51790237426758,3450320,PKO.WA,0.020854026267240977,1.1932675572940734,37.88749980926514,36.8773998260498,34.34289998054504,0.5229906299854198,1.4451538177637395,-0.17429719755329576
2023-10-25,41.709999084472656,43.09000015258789,41.310001373291016,42.029998779296875,36.30392837524414,5119478,PKO.WA,0.022130347058605837,1.219674982470766,38.28849983215332,36.975399780273435,34.37804997444153,0.5118482337694443,1.4451538177637395,-0.1560241079678868
2023-10-26,41.52000045776367,42.9900016784668,40.970001220703125,42.650001525878906,36.83945846557617,3775738,PKO.WA,0.014751433846993844,1.2376669372895168,38.72299995422363,37.096399841308596,34.419049978256226,0.5097917617768031,1.4451538177637395,-0.14357425342811747
2023-10-27,42.5,42.9900016784668,41.939998626708984,42.02000045776367,36.295291900634766,2268246,PKO.WA,-0.014771419591461554,1.2193848396443343,39.08799991607666,37.20139984130859,34.45124997138977,0.5167002629072353,1.4451538177637395,-0.15622487747966152
2023-10-30,42.04999923706055,43.16999816894531,42.04999923706055,42.72999954223633,36.90856170654297,1831249,PKO.WA,0.016896693877628932,1.2399884119988263,39.536499977111816,37.3147998046875,34.488299970626834,0.49740243197941086,1.4451538177637395,-0.1419678675328765
2023-10-31,42.72999954223633,44.040000915527344,42.58000183105469,43.52000045776367,37.5909309387207,4110416,PKO.WA,0.01848820322936051,1.2629135697619125,40.01849994659424,37.45099983215332,34.52679997444153,0.4967447543670124,1.4451538177637395,-0.12610439509050275
2023-11-02,43.849998474121094,44.16999816894531,42.810001373291016,43.2400016784668,37.349082946777344,2602052,PKO.WA,-0.006433795412493448,1.2547882422304026,40.452000045776366,37.57539985656738,34.56979998588562,0.500600371827672,1.4451538177637395,-0.13172686062436767
2023-11-03,43.529998779296875,44.0,43.11000061035156,43.529998779296875,37.59956741333008,2172653,PKO.WA,0.00670668569780597,1.2632037125883444,40.888999938964844,37.697999801635746,34.61679997444153,0.5005533433113275,1.4451538177637395,-0.12590362557872792
2023-11-06,43.529998779296875,44.18000030517578,43.2599983215332,43.599998474121094,37.660030364990234,2381236,PKO.WA,0.0016080794116060115,1.265235044471222,41.253999900817874,37.82739974975586,34.66529995918274,0.4872783058711479,1.4451538177637395,-0.12449800919526166
2023-11-07,43.29999923706055,43.619998931884766,42.880001068115234,43.18000030517578,37.2972526550293,1976267,PKO.WA,-0.009632985863396337,1.253047053173957,41.577999877929685,37.93239974975586,34.71179995536804,0.4919904589815156,1.4451538177637395,-0.1329317074960591
2023-11-08,42.95000076293945,43.150001525878906,41.68000030517578,42.36000061035156,36.58897018432617,3232735,PKO.WA,-0.018990266072923756,1.2292513562322906,41.77599983215332,38.021999740600585,34.753349962234495,0.48005182544711866,1.4451538177637395,-0.1493975650741045
2023-11-09,43.61000061035156,43.880001068115234,42.540000915527344,43.880001068115234,37.90188980102539,2434324,PKO.WA,0.035882918693637356,1.2733604827020173,42.005499839782715,38.13839973449707,34.80284996986389,0.48836210961218357,1.4451538177637395,-0.11887546706104868
2023-11-10,43.650001525878906,44.650001525878906,43.56999969482422,43.79999923706055,37.832786560058594,2306888,PKO.WA,-0.0018231957408227917,1.271038897293423,42.251999855041504,38.26739974975586,34.85874997138977,0.4853553624138939,1.4451538177637395,-0.12048192955663739
2023-11-13,43.83000183105469,44.7400016784668,43.52000045776367,43.7400016784668,37.78096389770508,2058723,PKO.WA,-0.0013698072976902065,1.2692978189362623,42.5064998626709,38.38499977111817,34.914299974441526,0.4841774942870454,1.4451538177637395,-0.12168669982798119
2023-11-14,43.7599983215332,46.79999923706055,43.72999954223633,46.63999938964844,40.28586959838867,4592761,PKO.WA,0.06630081389798637,1.3534532974106754,42.68849983215332,38.56759979248047,34.98639996528625,0.3625405755204569,1.4451538177637395,-0.06345381316914989
2023-11-15,46.63999938964844,47.18000030517578,45.81999969482422,46.0,39.733062744140625,3446091,PKO.WA,-0.013722114022807652,1.3348810569390612,42.833499908447266,38.74419982910156,35.058749961853025,0.36814056278166096,1.4451538177637395,-0.07630520673246854
2023-11-16,46.0,47.59000015258789,45.84000015258789,46.93000030517578,40.53636169433594,3808435,PKO.WA,0.020217397938603998,1.3618688784679025,43.08899993896485,38.97599983215332,35.132599964141846,0.35063821210016594,1.4451538177637395,-0.05763050152316229
2023-11-17,46.810001373291016,47.70000076293945,46.5099983215332,47.68000030517578,41.184181213378906,1918932,PKO.WA,0.015981248564306716,1.3836332435266916,43.44549999237061,39.22439987182617,35.210199966430665,0.32448540673358744,1.4451538177637395,-0.04257026032858291
2023-11-20,47.68000030517578,48.5,47.279998779296875,48.0,41.46058654785156,2957678,PKO.WA,0.006711402952518153,1.3929193637624988,43.84650001525879,39.48099990844727,35.28844997406006,0.313679192675232,1.4451538177637395,-0.036144563546923636
2023-11-21,47.70000076293945,48.16999816894531,47.13999938964844,47.439998626708984,40.97687911987305,1992463,PKO.WA,-0.011666695276896122,1.3766685980001938,44.20450000762939,39.72699989318848,35.36204996109009,0.3224460055422039,1.4451538177637395,-0.047389571215001314
2023-11-22,47.38999938964844,47.5,46.630001068115234,47.11000061035156,40.69184112548828,2163108,PKO.WA,-0.006956113530990571,1.367092334937955,44.50400009155273,39.96399993896485,35.438399963378906,0.32331619443117615,1.4451538177637395,-0.05401603750843531
2023-11-23,47.11000061035156,47.369998931884766,46.4900016784668,46.7400016784668,40.37224578857422,1068274,PKO.WA,-0.007853936045236765,1.3563552791714188,44.73950023651123,40.19219993591309,35.51304997444153,0.3222413717241861,1.4451538177637395,-0.06144573504966366
2023-11-24,46.599998474121094,46.869998931884766,46.38999938964844,46.52000045776367,40.182220458984375,1133250,PKO.WA,-0.004706915122009492,1.3499710299970695,44.93300018310547,40.412399978637694,35.584399976730346,0.322247385835079,1.4451538177637395,-0.06586343031218489
2023-11-27,46.41999816894531,46.709999084472656,45.45000076293945,45.9900016784668,39.72442626953125,1675360,PKO.WA,-0.011392922916629633,1.3345909141126298,45.131500244140625,40.62139999389648,35.65034998893738,0.31977527890723934,1.4451538177637395,-0.07650597624424305
2023-11-28,45.650001525878906,47.2400016784668,45.650001525878906,46.90999984741211,40.51908493041992,1361617,PKO.WA,0.02000430822719612,1.3612884821157543,45.34050025939941,40.865800018310544,35.72424998283386,0.3215312098275751,1.4451538177637395,-0.05803211714705925
2023-11-29,46.81999969482422,47.869998931884766,46.47999954223633,47.75,41.24464416503906,1735505,PKO.WA,0.017906633027504393,1.3856645754095696,45.55200023651123,41.11800003051758,35.80149998664856,0.3212109227104845,1.4451538177637395,-0.04116464394511643
2023-11-30,47.59000015258789,47.81999969482422,47.04999923706055,47.529998779296875,41.05461883544922,3445627,PKO.WA,-0.004607355407395319,1.3792803262352202,45.766500091552736,41.35599998474121,35.87544997215271,0.32042527813362204,1.4451538177637395,-0.04558233920763766
2023-12-01,47.38999938964844,49.79999923706055,47.38999938964844,49.54999923706055,42.79941940307617,3027998,PKO.WA,0.042499484738963256,1.4378990294108063,46.06750011444092,41.641399993896485,35.95799996376038,0.34713331314646145,1.4451538177637395,-0.00502008039819557
2023-12-04,49.349998474121094,49.939998626708984,49.189998626708984,49.29999923706055,42.58347702026367,1348739,PKO.WA,-0.00504540875578896,1.4306442410578766,46.35250015258789,41.93559997558594,36.04269995689392,0.3492297992208155,1.4451538177637395,-0.010040160796388697
2023-12-05,48.95000076293945,50.040000915527344,48.83000183105469,49.29999923706055,42.58347702026367,2117325,PKO.WA,0.0,1.4306442410578766,46.65850009918213,42.24379997253418,36.12959995269775,0.3450176201194547,1.4451538177637395,-0.010040160796388697
2023-12-06,49.400001525878906,50.02000045776367,48.91999816894531,49.43000030517578,42.69576644897461,3071865,PKO.WA,0.0026369385421309843,1.4344167619972,47.01200008392334,42.53699996948242,36.219999952316286,0.33180676525780056,1.4451538177637395,-0.007429697541230795
2023-12-07,49.0,49.43000030517578,48.2599983215332,49.27000045776367,42.55756759643555,2456321,PKO.WA,-0.0032368975606774653,1.4297737018792964,47.281500053405765,42.84220001220703,36.31269995689392,0.31684692744457965,1.4451538177637395,-0.010642545932060488
2023-12-08,49.0,49.7400016784668,49.0,49.540000915527344,42.7907829284668,1760859,PKO.WA,0.005480017358536982,1.4376088865843746,47.5685001373291,43.153800048828124,36.41019995689392,0.3155148910663827,1.4451538177637395,-0.005220849909970182
2023-12-11,49.54999923706055,49.970001220703125,48.97999954223633,49.5099983215332,42.764869689941406,2460083,PKO.WA,-0.0006056236059683862,1.4367382367065091,47.85699996948242,43.449599990844725,36.504949951171874,0.3152781851456119,1.4451538177637395,-0.005823311645989926
2023-12-12,49.54999923706055,49.93000030517578,48.72999954223633,49.22999954223633,42.523014068603516,2483153,PKO.WA,-0.005655398682877677,1.428612909174999,47.98649997711182,43.75900001525879,36.59809994697571,0.22427509374124024,1.4451538177637395,-0.011445777179854955
2023-12-13,49.20000076293945,49.5099983215332,49.08000183105469,49.400001525878906,42.66985321044922,2672840,PKO.WA,0.0034532192814002993,1.4335462228186195,48.156500053405765,44.069400024414065,36.69229995727539,0.21561317841796498,1.4451538177637395,-0.008032082676902697
2023-12-14,49.880001068115234,49.88999938964844,49.150001525878906,49.5,42.75623321533203,3725102,PKO.WA,0.0020242605472129416,1.4364480938800774,48.285000038146975,44.36800003051758,36.78439995765686,0.20656255044235405,1.4451538177637395,-0.006024081157764538
2023-12-15,49.599998474121094,49.93000030517578,48.72999954223633,49.11000061035156,42.41936492919922,6364738,PKO.WA,-0.007878775548453287,1.4251306417613927,48.35650005340576,44.65440002441406,36.87319995880127,0.2036321012812678,1.4451538177637395,-0.01385539432289018
2023-12-18,48.95000076293945,50.459999084472656,48.77000045776367,50.400001525878906,43.53361511230469,2227220,PKO.WA,0.026267580930459777,1.462565376230338,48.47650012969971,44.93640007019043,36.972549962997434,0.2212678568489187,1.462565376230338,0.0
2023-12-19,50.20000076293945,51.2599983215332,49.95000076293945,50.779998779296875,43.861846923828125,2891937,PKO.WA,0.007539627815742245,1.4735925748233059,48.6435001373291,45.21800003051758,37.07159996032715,0.21534359539050116,1.4735925748233059,0.0
2023-12-20,50.70000076293945,51.2599983215332,50.0,50.459999084472656,43.585445404052734,1436545,PKO.WA,-0.006301687721873006,1.4643064545874986,48.81100006103516,45.45919998168945,37.165899953842164,0.21493454312450522,1.4735925748233059,-0.006301687721873006
2023-12-21,50.060001373291016,50.779998779296875,50.0,50.29999923706055,43.44723892211914,2729777,PKO.WA,-0.0031708254125066837,1.4596633944695951,48.988999938964845,45.679399948120114,37.262449951171874,0.21227216125402415,1.4735925748233059,-0.009452531582809343
2023-12-22,50.18000030517578,50.63999938964844,50.060001373291016,50.29999923706055,43.44723892211914,1044221,PKO.WA,0.0,1.4596633944695951,49.177999877929686,45.907999954223634,37.35844994544983,0.21043147438449164,1.4735925748233059,-0.009452531582809343
2023-12-27,50.29999923706055,51.5,50.2599983215332,51.29999923706055,44.31100082397461,1542098,PKO.WA,0.019880716007311783,1.488682547881314,49.44349975585938,46.160999908447266,37.46244994163513,0.20937663660237468,1.488682547881314,0.0
2023-12-28,51.400001525878906,51.459999084472656,50.459999084472656,50.58000183105469,43.68909454345703,1208271,PKO.WA,-0.014035037362840952,1.4677888327003905,49.626999855041504,46.31259994506836,37.56644994735718,0.21306142549507967,1.488682547881314,-0.014035037362840841
2023-12-29,50.400001525878906,50.81999969482422,49.869998931884766,50.31999969482422,43.464515686035156,615213,PKO.WA,-0.005140413737012461,1.460243790821744,49.755499839782715,46.456999969482425,37.67349994659424,0.2085639688542648,1.488682547881314,-0.019103305200993903
2024-01-02,50.20000076293945,50.47999954223633,48.88999938964844,49.630001068115234,42.8685188293457,1565924,PKO.WA,-0.0137122144454217,1.4402206148194008,49.860499954223634,46.61319999694824,37.77749995231628,0.21519658733160596,1.488682547881314,-0.03255357102888323
2024-01-03,49.52000045776367,50.040000915527344,49.040000915527344,50.040000915527344,43.22266387939453,2916849,PKO.WA,0.008261129127307587,1.4521184632902342,49.88500003814697,46.80300003051758,37.887849960327145,0.15660397999995154,1.488682547881314,-0.024561371155400136
2024-01-04,49.900001525878906,49.9900016784668,48.86000061035156,49.7400016784668,42.96353530883789,2707829,PKO.WA,-0.005995188480651281,1.4434127394065754,49.90700016021729,46.99820007324219,38.000549964904785,0.15708864878002418,1.488682547881314,-0.030409309586631683
2024-01-05,49.209999084472656,49.88999938964844,48.02000045776367,49.7400016784668,42.96353530883789,3504411,PKO.WA,0.0,1.4434127394065754,49.929000282287596,47.18740013122559,38.116949977874754,0.15708864878002418,1.488682547881314,-0.030409309586631683
2024-01-08,49.5099983215332,50.36000061035156,49.0,50.220001220703125,43.378143310546875,2660283,PKO.WA,0.009650171412119768,1.4573419197602862,49.96850032806397,47.36940017700195,38.23424998283386,0.16029934489430564,1.488682547881314,-0.021052593224547222
2024-01-09,50.380001068115234,50.619998931884766,49.06999969482422,50.599998474121094,43.70636749267578,4793299,PKO.WA,0.007566651616514042,1.468369118353254,50.035000228881835,47.540800170898436,38.34734997749329,0.16123835189321806,1.488682547881314,-0.01364523924658756
2024-01-10,50.439998626708984,50.5,49.349998474121094,49.52000045776367,42.77350997924805,1951791,PKO.WA,-0.021343834959002606,1.437028490232226,50.03400020599365,47.67820014953613,38.45714998245239,0.1792970488468438,1.488682547881314,-0.03469783247113489
2024-01-11,49.900001525878906,49.97999954223633,48.36000061035156,48.45000076293945,41.84927749633789,2265597,PKO.WA,-0.02160742497845569,1.4059780049376296,49.98100032806396,47.80680015563965,38.56239998817444,0.1951019825365178,1.488682547881314,-0.055555526637555475
2024-01-12,48.459999084472656,49.560001373291016,48.459999084472656,49.400001525878906,42.66985321044922,1705773,PKO.WA,0.019607858575435344,1.4335462228186193,49.98950042724609,47.9402001953125,38.67579999923706,0.20734837955664456,1.488682547881314,-0.037036992971513194
2024-01-15,49.5,49.599998474121094,48.40999984741211,48.900001525878906,42.23797607421875,1978939,PKO.WA,-0.010121457177244553,1.41903664611276,49.964500427246094,48.0478002166748,38.784950008392336,0.21014976968660995,1.488682547881314,-0.04678358181042275
2024-01-16,48.540000915527344,48.810001373291016,47.91999816894531,48.70000076293945,42.06521987915039,2052419,PKO.WA,-0.004089995024511572,1.413232793290559,49.924500465393066,48.15700019836426,38.89245000839233,0.21032510887996936,1.488682547881314,-0.050682232218100864
2024-01-17,48.400001525878906,48.93000030517578,47.77000045776367,48.599998474121094,41.978843688964844,2751434,PKO.WA,-0.00205343505650335,1.410330811529816,49.899000358581546,48.258400192260744,38.99520000457764,0.2087097090292138,1.488682547881314,-0.05263159460222577
2024-01-18,48.650001525878906,49.5099983215332,48.650001525878906,49.5,42.75623321533203,2119613,PKO.WA,0.018518550496624986,1.436448093880077,49.8540002822876,48.37640022277832,39.098650007247926,0.1970444978804622,1.488682547881314,-0.0350877049479601
2024-01-19,49.4900016784668,50.220001220703125,49.310001373291016,49.779998779296875,42.998085021972656,4388583,PKO.WA,0.005656540995896409,1.4445734214115868,49.804000282287596,48.508400192260744,39.20494999885559,0.1960950599529423,1.488682547881314,-0.029629638993553753
2024-01-22,49.97999954223633,50.439998626708984,49.599998474121094,49.95000076293945,43.144927978515625,4631355,PKO.WA,0.0034150660468332816,1.4495067350552073,49.778500366210935,48.6602001953125,39.30945000648499,0.19559182592667798,1.488682547881314,-0.02631576012082726
2024-01-23,50.0,50.099998474121094,49.2599983215332,49.619998931884766,42.85988235473633,3041197,PKO.WA,-0.006606643163447834,1.4399303612936833,49.74450035095215,48.77500015258789,39.41310000419617,0.19660667716720573,1.488682547881314,-0.032748544447581796
2024-01-24,48.779998779296875,48.939998626708984,48.380001068115234,48.720001220703125,43.19680404663086,3538040,PKO.WA,-0.018137801905580453,1.4138131896427075,49.665500450134275,48.87340019226074,39.51350001335144,0.20617242984607745,1.488682547881314,-0.050292359741275994
2024-01-25,48.689998626708984,48.880001068115234,48.13999938964844,48.75,43.22340393066406,3124437,PKO.WA,0.0006157384758875839,1.414683728821288,49.53800048828125,48.973600158691404,39.61390001296997,0.19039416027559855,1.488682547881314,-0.04970758820632426
2024-01-26,48.59000015258789,49.34000015258789,48.27000045776367,49.2599983215332,43.67558670043945,4339511,PKO.WA,0.010461504031450408,1.429483448353579,49.47200031280518,49.0260001373291,39.71395000457764,0.19052791193200902,1.488682547881314,-0.039766100309288066
2024-01-29,49.2599983215332,49.34000015258789,48.619998931884766,48.70000076293945,43.17906951904297,2481309,PKO.WA,-0.011368200927220795,1.413232793290559,49.39100036621094,49.08000015258789,39.80745000839234,0.1934730518906371,1.488682547881314,-0.050682232218100864
2024-01-30,48.9900016784668,49.91999816894531,48.75,49.91999816894531,44.260765075683594,2828944,PKO.WA,0.025051281045035845,1.4486360851773419,49.40550022125244,49.13980010986328,39.90289999961853,0.20945980248367896,1.488682547881314,-0.02690060601635047
2024-01-31,49.91999816894531,51.0,49.79999923706055,51.0,45.218326568603516,4052460,PKO.WA,0.021634652857951187,1.4799768239976552,49.45350017547607,49.20620010375976,40.00144999504089,0.22118970515296302,1.488682547881314,-0.0058479384312315474
2024-02-01,50.79999923706055,51.70000076293945,50.2400016784668,51.20000076293945,45.39565658569336,3364620,PKO.WA,0.003921583587048083,1.485780676819856,49.526500129699706,49.270200119018554,40.10045000076294,0.21980137464776586,1.488682547881314,-0.0019492880235533194
2024-02-02,51.900001525878906,53.560001373291016,51.84000015258789,53.540000915527344,47.47037887573242,4779663,PKO.WA,0.04570312729920256,1.5536855002312493,49.71650009155273,49.39220016479492,40.20640001296997,0.2697517243467366,1.5536855002312493,0.0
2024-02-05,53.540000915527344,54.15999984741211,53.060001373291016,53.20000076293945,47.168922424316406,4654242,PKO.WA,-0.006350394971496698,1.5438189836432934,49.86550006866455,49.51400016784668,40.31005001068115,0.27114360599906984,1.5536855002312493,-0.006350394971496698
2024-02-06,53.34000015258789,54.099998474121094,52.68000030517578,52.939998626708984,46.93839645385742,4273440,PKO.WA,-0.0048872581297327855,1.536273941764647,49.982500076293945,49.638000106811525,40.411599998474124,0.2719785103115054,1.5536855002312493,-0.011206617081778059
2024-02-07,53.2599983215332,53.400001525878906,52.29999923706055,53.0,46.99159622192383,2966527,PKO.WA,0.0011333844889966915,1.5380151308210928,50.156500053405765,49.76760009765625,40.513699989318845,0.25725589898383444,1.5536855002312493,-0.010085933998756014
2024-02-08,53.0,53.2400016784668,51.900001525878906,52.400001525878906,46.459617614746094,1974649,PKO.WA,-0.011320725926813102,1.5206036830537755,50.354000091552734,49.89580009460449,40.61204999923706,0.24628456403905738,1.5536855002312493,-0.021292479831053313
2024-02-09,52.279998779296875,52.560001373291016,51.939998626708984,52.15999984741211,46.246826171875,1045256,PKO.WA,-0.004580184570190604,1.5136390375272775,50.49200000762939,50.00080009460449,40.71229999542236,0.24091218918163934,1.5536855002312493,-0.025775140913660732
2024-02-12,52.20000076293945,52.63999938964844,51.41999816894531,52.29999923706055,46.37095260620117,1781957,PKO.WA,0.0026840373860810285,1.5177017012930323,50.66199989318848,50.0918000793457,40.81484998703003,0.236020198975987,1.5536855002312493,-0.02316028496942346
2024-02-13,52.0,52.79999923706055,51.58000183105469,52.02000045776367,46.12269592285156,1708445,PKO.WA,-0.005353705227178374,1.5095763737615222,50.827999877929685,50.18160011291504,40.91224998474121,0.2365989864679859,1.5536855002312493,-0.028389996857898114
2024-02-14,52.02000045776367,53.65999984741211,51.779998779296875,53.47999954223633,47.417179107666016,1627473,PKO.WA,0.028066110565648117,1.5519443111748032,51.07199993133545,50.260200119018556,41.01929998397827,0.2510917756144823,1.5536855002312493,-0.001120683083022156
2024-02-15,53.900001525878906,54.2400016784668,52.540000915527344,52.900001525878906,46.90293502807617,1609280,PKO.WA,-0.010845138768173723,1.5351132597596346,51.24200000762939,50.33220016479492,41.1256999874115,0.25162172889690404,1.5536855002312493,-0.011953667887645403
2024-02-16,53.0,54.459999084472656,53.0,53.84000015258789,47.73637008666992,1844377,PKO.WA,0.017769349708792292,1.5623912241149076,51.445000076293944,50.42300018310547,41.243049983978274,0.2566571005717567,1.5623912241149076,0.0
2024-02-19,53.02000045776367,54.08000183105469,53.02000045776367,53.939998626708984,47.82503128051758,1213390,PKO.WA,0.0018573267800461313,1.5652930951763653,51.644499969482425,50.51320014953613,41.35709998130798,0.25676777431972947,1.5652930951763653,0.0
2024-02-20,54.20000076293945,55.439998626708984,53.65999984741211,55.279998779296875,49.01312255859375,4492971,PKO.WA,0.024842420962249978,1.6041787651760397,51.92749996185303,50.63340011596679,41.47714997291565,0.26375425299528765,1.6041787651760397,0.0
2024-02-21,55.279998779296875,56.08000183105469,55.08000183105469,55.41999816894531,49.13724899291992,3193670,PKO.WA,0.002532550519897425,1.6082414289417948,52.26249980926514,50.75100006103516,41.598649959564206,0.24892655192118135,1.6082414289417948,0.0
2024-02-22,55.70000076293945,56.65999984741211,55.65999984741211,56.099998474121094,49.74016189575195,3513935,PKO.WA,0.012269944562300905,1.6279744621177061,52.62999973297119,50.882800064086915,41.723249950408935,0.2486613343185758,1.6279744621177061,0.0
2024-02-23,56.2599983215332,56.880001068115234,55.939998626708984,56.5,50.09481430053711,4408878,PKO.WA,0.007130152170385928,1.6395821677621076,52.991999816894534,51.02820007324219,41.85074995040893,0.24835587286477354,1.6395821677621076,0.0
2024-02-26,56.5,56.7599983215332,55.7599983215332,55.81999969482422,49.491905212402344,2991815,PKO.WA,-0.012035403631429742,1.619849134586196,53.34799976348877,51.15660003662109,41.97309994697571,0.2490205610847236,1.6395821677621076,-0.012035403631429742
2024-02-27,55.779998779296875,55.959999084472656,54.86000061035156,55.29999923706055,49.030853271484375,3056011,PKO.WA,-0.009315665722081423,1.6047591615281882,53.616999816894534,51.27260002136231,42.09274993896484,0.24576709045883344,1.6395821677621076,-0.021238951556450503
2024-02-28,55.31999969482422,55.5,54.439998626708984,54.459999084472656,48.28608322143555,1763180,PKO.WA,-0.01518987638656144,1.5803830682343731,53.78999977111816,51.379599990844724,42.206899938583376,0.24794308815477883,1.6395821677621076,-0.036106210894289226
2024-02-29,54.41999816894531,56.099998474121094,54.41999816894531,55.560001373291016,49.261383056640625,4304469,PKO.WA,0.020198353053810125,1.6123042034068347,54.00799980163574,51.482799987792966,42.32634994506836,0.2550263731602766,1.6395821677621076,-0.016637143835557255
2024-03-01,56.0,56.29999923706055,55.560001373291016,56.2400016784668,49.86429214477539,3295474,PKO.WA,0.012239026068539216,1.6320372365827462,54.14299983978272,51.592000045776366,42.44639995574951,0.20572003309267303,1.6395821677621076,-0.0046017402041275135
2024-03-04,56.439998626708984,56.86000061035156,56.13999938964844,56.41999816894531,50.02388381958008,2351096,PKO.WA,0.0032005064919375936,1.6372605823535131,54.303999710083005,51.71120002746582,42.562249946594235,0.20302008685970888,1.6395821677621076,-0.001415961611587413
2024-03-05,56.0,56.29999923706055,55.099998474121094,55.20000076293945,48.94219207763672,2091812,PKO.WA,-0.02162349247783868,1.60185729046673,54.41699981689453,51.8092000579834,42.670649948120115,0.21967421539872453,1.6395821677621076,-0.023008836054169146
2024-03-06,55.560001373291016,55.7599983215332,54.599998474121094,55.2599983215332,48.99538803100586,2357174,PKO.WA,0.0010869122783423446,1.6035983688238906,54.52999973297119,51.90840003967285,42.77824993133545,0.21967722221192354,1.6395821677621076,-0.02194693236224443
2024-03-07,54.599998474121094,54.86000061035156,52.099998474121094,53.47999954223633,47.417179107666016,3694684,PKO.WA,-0.032211343347132604,1.5519443111748026,54.58399963378906,51.952000045776366,42.88249992370606,0.24746461576843173,1.6395821677621076,-0.05345133553564041
2024-03-08,53.2599983215332,53.68000030517578,51.65999984741211,53.36000061035156,47.310787200927734,4274467,PKO.WA,-0.002243809515929285,1.5484620437611962,54.64399967193604,52.00760002136231,42.9844499206543,0.2468871123538471,1.6395821677621076,-0.055575210436255684
2024-03-11,53.0,55.060001373291016,52.81999969482422,55.0,48.764862060546875,2140957,PKO.WA,0.03073462089373158,1.5960534376445294,54.778999710083006,52.10120002746582,43.089099922180175,0.2682018632650253,1.6395821677621076,-0.026548672566371723
2024-03-12,55.0,56.880001068115234,54.08000183105469,56.86000061035156,50.414005279541016,3257963,PKO.WA,0.03381819291548305,1.650029080702212,55.0209997177124,52.24580001831055,43.202999916076664,0.2879999295917988,1.650029080702212,0.0
2024-03-13,56.41999816894531,57.65999984741211,56.060001373291016,56.29999923706055,49.91748809814453,3348723,PKO.WA,-0.009848775365455475,1.633778314939907,55.16199970245361,52.37099998474121,43.318849906921386,0.2783346985363657,1.650029080702212,-0.009848775365455364
2024-03-14,56.02000045776367,56.619998931884766,55.58000183105469,56.29999923706055,49.91748809814453,2577417,PKO.WA,0.0,1.633778314939907,55.33199958801269,52.50219993591308,43.439949893951415,0.2739529699642091,1.650029080702212,-0.009848775365455364
2024-03-15,55.939998626708984,57.040000915527344,54.02000045776367,55.31999969482422,49.048587799072266,10830905,PKO.WA,-0.01740674166104117,1.6053395578803369,55.40599956512451,52.61379989624024,43.55254989624024,0.27767406445560566,1.650029080702212,-0.027084081938032467
2024-03-18,55.0,55.65999984741211,54.400001525878906,55.52000045776367,49.225914001464844,2219828,PKO.WA,0.0036153428062684068,1.6111434107025377,55.484999656677246,52.71979988098145,43.65779989242554,0.27777402682911617,1.650029080702212,-0.023566657372563027
2024-03-19,55.5,56.040000915527344,54.220001220703125,55.279998779296875,49.01312255859375,2337054,PKO.WA,-0.004322796766714321,1.6041787651760397,55.484999656677246,52.81339988708496,43.762699890136716,0.26436089671228313,1.650029080702212,-0.02778758026898498
2024-03-20,55.939998626708984,56.31999969482422,54.900001525878906,56.20000076293945,49.82882308959961,2218554,PKO.WA,0.01664258328433843,1.630876443878449,55.523999786376955,52.946999893188476,43.86479990005493,0.2707286120118533,1.650029080702212,-0.011607454103543469
2024-03-21,57.0,58.099998474121094,56.79999923706055,58.099998474121094,51.513427734375,3009235,PKO.WA,0.03380778799623396,1.6860127689411437,55.623999786376956,53.139999847412106,43.978699893951415,0.2926957183897216,1.6860127689411437,0.0
2024-03-22,58.099998474121094,58.52000045776367,57.400001525878906,57.619998931884766,51.08784484863281,2060512,PKO.WA,-0.00826161023825378,1.672083588587433,55.67999973297119,53.30439979553223,44.087849884033204,0.29415306794839413,1.6860127689411437,-0.00826161023825378
2024-03-25,57.63999938964844,58.08000183105469,57.099998474121094,57.099998474121094,50.62679672241211,1832379,PKO.WA,-0.00902465233257621,1.656993615529425,55.74399967193604,53.46839973449707,44.19664987564087,0.2925536953932724,1.6860127689411437,-0.017211704410722506
2024-03-26,57.08000183105469,58.400001525878906,56.619998931884766,58.20000076293945,51.60209274291992,2748627,PKO.WA,0.019264488935440305,1.6889147507018867,55.88899974822998,53.65839973449707,44.312899875640866,0.29637078986495813,1.6889147507018867,0.0
2024-03-27,57.7400016784668,58.58000183105469,57.7400016784668,58.400001525878906,51.7794189453125,2393602,PKO.WA,0.003436439180715789,1.6947186035240875,56.08599987030029,53.854399795532224,44.426899890899655,0.2887147243421055,1.6947186035240875,0.0
2024-03-28,58.29999923706055,59.65999984741211,58.29999923706055,59.34000015258789,52.61285400390625,2048382,PKO.WA,0.016095866475148046,1.7219965678793605,56.27499980926514,54.05119979858399,44.54524990081787,0.2859509559588039,1.7219965678793605,0.0
2024-04-02,59.34000015258789,60.13999938964844,58.939998626708984,59.0,52.3114013671875,3094111,PKO.WA,-0.0057296958495720585,1.7121300512914048,56.4129997253418,54.23559982299805,44.659399909973146,0.285739221443371,1.7219965678793605,-0.0057296958495720585
2024-04-03,59.15999984741211,59.91999816894531,58.7400016784668,59.20000076293945,52.48872756958008,2871463,PKO.WA,0.003389843439651763,1.7179339041136057,56.5519998550415,54.42059982299805,44.775799922943115,0.2857457156003514,1.7219965678793605,-0.002359275181807119
2024-04-04,59.47999954223633,60.099998474121094,58.91999816894531,60.0,53.198036193847656,2301922,PKO.WA,0.01351350045186761,1.7411492047031236,56.79199981689453,54.62819984436035,44.89814992904663,0.27324977751073176,1.7411492047031236,0.0
2024-04-05,59.29999923706055,60.34000015258789,59.20000076293945,60.2400016784668,53.41082763671875,3149976,PKO.WA,0.004000027974446541,1.7481138502296214,57.04099998474121,54.85859985351563,45.019499931335446,0.27298846610794475,1.7481138502296214,0.0
2024-04-08,60.02000045776367,61.52000045776367,59.79999923706055,61.040000915527344,54.12013244628906,3023460,PKO.WA,0.013280199448375996,1.7713291508191393,57.41900005340576,55.104399871826175,45.14354993820191,0.23736432440652408,1.7713291508191393,0.0
2024-04-09,61.060001373291016,61.119998931884766,59.02000045776367,59.20000076293945,52.48872756958008,2698271,PKO.WA,-0.03014416980652157,1.7179339041136055,57.71100006103516,55.30319992065429,45.263249950408934,0.26981003152527666,1.7713291508191393,-0.03014416980652157
2024-04-10,60.0,60.63999938964844,59.29999923706055,59.939998626708984,53.144832611083984,2031072,PKO.WA,0.012499963753932697,1.7394080156466776,57.9579999923706,55.52799987792969,45.38294994354248,0.2543720014710007,1.7713291508191393,-0.018021007082562823
2024-04-11,59.5,60.20000076293945,58.060001373291016,58.20000076293945,51.60209274291992,1702088,PKO.WA,-0.02902899405463444,1.6889147507018867,58.025,55.69359992980957,45.49719995498657,0.2558928875800829,1.7713291508191393,-0.04652686942973905
2024-04-12,58.900001525878906,59.099998474121094,57.79999923706055,57.79999923706055,51.247440338134766,1758423,PKO.WA,-0.006872878361431578,1.6773070450574852,58.1,55.82959991455078,45.608099956512454,0.2543885791315326,1.7713291508191393,-0.05307997427704181
2024-04-15,57.79999923706055,58.7400016784668,57.79999923706055,58.18000030517578,51.5843620300293,1249947,PKO.WA,0.006574413029950099,1.6883343543497382,58.19400005340576,55.969199905395506,45.71859994888305,0.25496553843159586,1.7713291508191393,-0.04685453092160807
2024-04-16,57.400001525878906,57.720001220703125,55.619998931884766,55.86000061035156,49.52737045288086,4475632,PKO.WA,-0.03987624067815321,1.6210099272904936,58.22100009918213,56.01559989929199,45.81714994430542,0.2877442379168399,1.7713291508191393,-0.08486238904786925
2024-04-17,56.29999923706055,58.279998779296875,56.119998931884766,57.939998626708984,51.37156677246094,2986324,PKO.WA,0.037235911092560414,1.6813697088232402,58.342000007629395,56.11039985656738,45.921749935150146,0.31573709508074194,1.7713291508191393,-0.05078640632899767
2024-04-18,58.119998931884766,58.900001525878906,57.52000045776367,58.84000015258789,52.16953659057617,2954915,PKO.WA,0.01553333702469284,1.7074869911735013,58.52000007629395,56.22839988708496,46.03339994430542,0.31805145958898534,1.7713291508191393,-0.03604195167008606
2024-04-19,58.439998626708984,59.15999984741211,57.939998626708984,59.119998931884766,52.41779708862305,3359654,PKO.WA,0.0047586468145948135,1.7156123187050112,58.66599998474121,56.35079986572266,46.14899993896484,0.3142219348437259,1.7713291508191393,-0.03145481577399789
2024-04-22,59.31999969482422,60.439998626708984,59.31999969482422,60.119998931884766,53.30442810058594,2341489,PKO.WA,0.016914749967302134,1.74463147211673,58.76700000762939,56.50519981384277,46.2707999420166,0.2973240061129749,1.7713291508191393,-0.015072116150780412
2024-04-23,60.20000076293945,63.08000183105469,60.20000076293945,62.58000183105469,55.48554992675781,3779796,PKO.WA,0.04091821262267614,1.8160186736410149,59.01500015258789,56.713599853515625,46.40044994354248,0.32503684102397007,1.8160186736410149,0.0
2024-04-24,62.5,62.91999816894531,61.97999954223633,62.619998931884766,55.52101516723633,3198157,PKO.WA,0.0006391355011150512,1.8171793556460267,59.29100017547607,56.91999984741211,46.52989994049072,0.32155943690211153,1.8171793556460267,0.0
2024-04-25,62.36000061035156,62.779998779296875,61.63999938964844,62.0,54.9713020324707,4119725,PKO.WA,-0.009900973210797637,1.799187511526561,59.481000137329104,57.11959983825684,46.6555499458313,0.3208479878502121,1.8171793556460267,-0.009900973210797637
2024-04-26,62.29999923706055,62.720001220703125,61.41999816894531,61.70000076293945,54.70531463623047,2998376,PKO.WA,-0.004838697371944312,1.7904817876429024,59.64600009918213,57.283999862670896,46.77114994049072,0.32216437249625407,1.8171793556460267,-0.014691762769687089
2024-04-29,61.619998931884766,62.20000076293945,60.31999969482422,61.52000045776367,54.545719146728516,2164247,PKO.WA,-0.002917346887358563,1.7852583311728503,59.75500011444092,57.456399841308595,46.88374994277954,0.31892590524307324,1.8171793556460267,-0.017566248688659636
2024-04-30,61.900001525878906,61.900001525878906,60.41999816894531,60.70000076293945,53.81867980957031,2723091,PKO.WA,-0.01332899363983564,1.7614626342311837,59.84000015258789,57.59359985351563,46.992549953460696,0.32248879463976626,1.8171793556460267,-0.03066110191144844
2024-05-02,61.02000045776367,61.540000915527344,59.619998931884766,60.060001373291016,53.25123596191406,2243237,PKO.WA,-0.010543647143398283,1.7428903937595692,59.883000183105466,57.715999908447266,47.097349967956546,0.3252539651293691,1.8171793556460267,-0.0408814692152647
2024-05-06,60.119998931884766,61.540000915527344,59.380001068115234,61.20000076293945,54.26199722290039,3891740,PKO.WA,0.018981008384648446,1.7759722109370428,59.94300022125244,57.834399948120115,47.20364997863769,0.328623121119167,1.8171793556460267,-0.02267643234056793
2024-05-07,61.52000045776367,61.70000076293945,60.15999984741211,60.619998931884766,53.747745513916016,2833469,PKO.WA,-0.009477153984055464,1.7591410488225891,59.96200008392334,57.938399963378906,47.30729997634888,0.3305732296199398,1.8171793556460267,-0.0319386782835227
2024-05-08,60.400001525878906,60.91999816894531,60.0,60.779998779296875,53.88960647583008,2463429,PKO.WA,0.002639390469008296,1.7637841089404926,59.94899997711182,58.03199996948242,47.41299997329712,0.3272670117673386,1.8171793556460267,-0.029383586457568778
2024-05-09,61.20000076293945,61.7599983215332,60.540000915527344,60.619998931884766,53.747745513916016,1916908,PKO.WA,-0.0026324424255600443,1.7591410488225891,60.01999988555908,58.114399948120116,47.51894996643066,0.30765300293062786,1.8171793556460267,-0.0319386782835227
2024-05-10,61.20000076293945,61.2599983215332,57.560001373291016,57.560001373291016,51.03464889526367,3682111,PKO.WA,-0.050478350585787646,1.6703425102302722,59.901000022888184,58.149199981689456,47.607749977111816,0.3549951872905443,1.8171793556460267,-0.08080481706966802
2024-05-13,57.720001220703125,58.459999084472656,57.279998779296875,58.060001373291016,51.47796630859375,1832523,PKO.WA,0.008686587701021375,1.6848520869361316,59.89400005340576,58.20440002441406,47.69979997634888,0.34159667329405,1.8171793556460267,-0.0728201474987874
2024-05-14,57.959999084472656,58.20000076293945,56.63999938964844,57.68000030517578,51.14104461669922,3092146,PKO.WA,-0.0065449717383239125,1.6738247776438786,59.888000106811525,58.268800048828126,47.79024997711181,0.3415098599435431,1.8171793556460267,-0.07888851342975112
2024-05-15,57.560001373291016,57.880001068115234,56.84000015258789,57.599998474121094,51.07011413574219,3436021,PKO.WA,-0.0013869942897262177,1.6715031922352843,59.859000015258786,58.309599990844724,47.87584997177124,0.3406815664018428,1.8171793556460267,-0.08016608980182527
2024-05-16,57.65999984741211,58.18000030517578,57.119998931884766,57.47999954223633,50.963714599609375,2334830,PKO.WA,-0.002083314844855022,1.668020924821678,59.939999961853026,58.334399948120115,47.9606499671936,0.3071905075003457,1.8171793556460267,-0.08208239344174217
2024-05-17,57.13999938964844,57.459999084472656,56.220001220703125,57.060001373291016,50.591331481933594,2012403,PKO.WA,-0.007306857555499757,1.655832933524413,59.89600009918213,58.34720001220703,48.042649974823,0.27797413247946334,1.8171793556460267,-0.08878948664054864
2024-05-20,57.15999984741211,57.63999938964844,56.939998626708984,57.20000076293945,50.715457916259766,3010326,PKO.WA,0.002453546902891679,1.659895597290168,59.81400012969971,58.38720001220703,48.12699996948242,0.2717006465063271,1.8171793556460267,-0.08655378890761323
2024-05-21,57.18000030517578,57.18000030517578,56.599998474121094,57.13999938964844,50.66225814819336,2179519,PKO.WA,-0.0010489750435439538,1.658154408233722,59.71500015258789,58.42480003356933,48.214999961853025,0.2707713143798323,1.8171793556460267,-0.08751197118666887
2024-05-22,57.13999938964844,57.13999938964844,56.439998626708984,57.0,50.53813171386719,2136725,PKO.WA,-0.0024501118506101704,1.654091744467967,59.559000205993655,58.49520004272461,48.301099967956546,0.2618216122022079,1.8171793556460267,-0.0897476689196044
2024-05-23,57.18000030517578,59.040000915527344,57.040000915527344,58.34000015258789,51.726219177246094,2259832,PKO.WA,0.023508774606805005,1.6929774144676413,59.34700012207031,58.594800033569335,48.39109996795654,0.22870121411818303,1.8171793556460267,-0.06834875203291657
2024-05-24,57.880001068115234,58.13999938964844,57.279998779296875,58.02000045776367,51.442501068115234,1828765,PKO.WA,-0.005485082173247502,1.683691294231834,59.11700019836426,58.65520004272461,48.48174997329712,0.2282989383288837,1.8171793556460267,-0.07345893568482476
2024-05-27,58.02000045776367,58.58000183105469,57.97999954223633,58.29999923706055,51.690757751464844,1343515,PKO.WA,0.004825901018403078,1.691816621763344,58.932000160217285,58.68400001525879,48.57719997406006,0.228984093375792,1.8171793556460267,-0.06898754021895381
2024-05-28,58.5,58.65999984741211,57.540000915527344,57.939998626708984,51.37156677246094,1959828,PKO.WA,-0.006174967668313713,1.6813697088232396,58.74400005340576,58.71680000305176,48.67089996337891,0.22917766715446578,1.8171793556460267,-0.07473651205689902
2024-05-29,57.86000061035156,58.20000076293945,57.34000015258789,57.459999084472656,50.94598388671875,2556501,PKO.WA,-0.00828442446691846,1.6674405284695288,58.54099998474121,58.74,48.760449962615965,0.22993074387528697,1.8171793556460267,-0.08240178753476102
2024-05-31,58.02000045776367,60.15999984741211,57.7599983215332,59.36000061035156,52.63058853149414,6116412,PKO.WA,0.03306650811263823,1.7225769642315083,58.473999977111816,58.82080001831055,48.86224996566772,0.26010680423552623,1.8171793556460267,-0.05206001879813693
2024-06-03,59.97999954223633,60.279998779296875,58.91999816894531,59.0,52.3114013671875,1541923,PKO.WA,-0.0060647002467986155,1.712130051291404,58.420999908447264,58.89040000915527,48.96424997329712,0.2584044632592629,1.8171793556460267,-0.057808990636082025
2024-06-04,59.20000076293945,59.20000076293945,55.880001068115234,56.18000030517578,49.811092376708984,2958529,PKO.WA,-0.04779660499702065,1.6302960475263,58.16999988555908,58.90840003967285,49.059499969482424,0.2966241457721211,1.8171793556460267,-0.10284252214239342
2024-06-05,56.400001525878906,57.29999923706055,56.220001220703125,57.02000045776367,50.55586624145508,1698236,PKO.WA,0.014951942827072351,1.6546721408201153,57.98999996185303,58.92480003356933,49.161599979400634,0.3033512161646047,1.8171793556460267,-0.08942827482658611
2024-06-06,57.41999816894531,57.91999816894531,57.0,57.720001220703125,51.176509857177734,1494197,PKO.WA,0.012276407529283828,1.6749855703481755,57.83700008392334,58.91720008850098,49.266349983215335,0.3075762694047542,1.8171793556460267,-0.07824972524371421
2024-06-07,57.900001525878906,57.91999816894531,56.36000061035156,56.939998626708984,50.48493194580078,1629990,PKO.WA,-0.013513558168712692,1.652350555411521,57.653000068664554,58.90360008239746,49.36574996948242,0.3101008481949684,1.8171793556460267,-0.09070585119866026
2024-06-10,56.939998626708984,56.939998626708984,55.97999954223633,56.540000915527344,50.130279541015625,1348709,PKO.WA,-0.007024898504195076,1.6407429604664048,57.602000045776364,58.892400131225585,49.464899978637696,0.25526686202481713,1.8171793556460267,-0.097093550304448
2024-06-11,56.70000076293945,57.18000030517578,55.779998779296875,56.18000030517578,49.811092376708984,1751441,PKO.WA,-0.006367184374287738,1.6302960475263004,57.50799999237061,58.852000122070315,49.560699977874755,0.2534569036528229,1.8171793556460267,-0.1028425221423932
2024-06-12,56.36000061035156,57.939998626708984,56.29999923706055,57.34000015258789,50.8395881652832,2150347,PKO.WA,0.020647914580115057,1.6639582610559227,57.49099998474121,58.83080009460449,49.6603999710083,0.26445160243658195,1.8171793556460267,-0.08431809117467781
2024-06-13,57.099998474121094,57.5,56.58000183105469,56.68000030517578,50.25440979003906,1916075,PKO.WA,-0.011510286809483405,1.6448056242321598,57.445000076293944,58.77760009765625,49.7581499671936,0.26749698976637826,1.8171793556460267,-0.09485785257151247
2024-06-14,56.70000076293945,57.400001525878906,56.68000030517578,57.29999923706055,50.80412292480469,5376086,PKO.WA,0.010938583778168143,1.6627974683516253,57.43600006103516,58.743600082397464,49.854999961853025,0.27055994196658617,1.8171793556460267,-0.08495687936071505
2024-06-17,57.380001068115234,58.68000030517578,56.959999084472656,58.58000183105469,51.93901443481445,2408816,PKO.WA,0.02233861450326624,1.6999420599941393,57.51200008392334,58.73120010375977,49.95849996566773,0.28025759153387475,1.8171793556460267,-0.06451608383488838
2024-06-18,58.939998626708984,60.459999084472656,58.900001525878906,59.2400016784668,52.524192810058594,3568765,PKO.WA,0.0112666409488269,1.7190946968179024,57.614000129699704,58.716000137329104,50.0643999671936,0.28240788979302456,1.8171793556460267,-0.0539763224380535
2024-06-19,59.20000076293945,60.91999816894531,58.400001525878906,60.5,53.641353607177734,2604392,PKO.WA,0.02126938362311348,1.7556587814089823,57.78200016021729,58.72120010375976,50.180149974822996,0.29031285378104327,1.8171793556460267,-0.03385498192343994
2024-06-20,61.0,62.29999923706055,60.68000030517578,61.29999923706055,54.35065841674805,2163407,PKO.WA,0.013223127885298336,1.7788740819985003,57.99700012207031,58.72640007019043,50.29734996795654,0.29172271025441554,1.8171793556460267,-0.021079522793669758
2024-06-21,61.36000061035156,61.79999923706055,60.31999969482422,60.599998474121094,53.73001480102539,4112205,PKO.WA,-0.011419262180288103,1.75856065247044,58.11000003814697,58.75440002441406,50.41279996871948,0.28673608210347756,1.8171793556460267,-0.03225807237654155
2024-06-24,60.599998474121094,61.779998779296875,60.060001373291016,61.47999954223633,54.510250091552734,1317761,PKO.WA,0.014521470136522163,1.7840975384685525,58.282999992370605,58.78520004272461,50.53434997558594,0.28854403724910505,1.8171793556460267,-0.0182050368746971
2024-06-25,61.459999084472656,62.86000061035156,61.099998474121094,62.52000045776367,55.43235397338867,3330419,PKO.WA,0.016916085284172322,1.8142774845845684,58.49400005340576,58.871600036621096,50.670249977111816,0.29268796630050026,1.8171793556460267,-0.0015969095468987282
2024-06-26,62.599998474121094,62.880001068115234,61.97999954223633,62.2599983215332,55.20182800292969,1802404,PKO.WA,-0.004158703364151695,1.806732442705922,58.71000003814697,58.96080001831055,50.805249977111814,0.291875473558082,1.8171793556460267,-0.005748971837945427
2024-06-27,62.47999954223633,62.79999923706055,62.119998931884766,62.63999938964844,55.53874588012695,1918231,PKO.WA,0.00610345451910832,1.817759751998175,58.969000053405765,59.05,50.94259998321533,0.2884463849748166,1.817759751998175,0.0
2024-06-28,62.560001373291016,63.439998626708984,62.380001068115234,62.91999816894531,55.78700256347656,4460498,PKO.WA,0.004469967784564544,1.8258850795296848,59.14699993133545,59.191199951171875,51.08149997711182,0.26799809030183486,1.8258850795296848,0.0
2024-07-01,62.91999816894531,63.540000915527344,62.439998626708984,62.58000183105469,55.48554992675781,1166648,PKO.WA,-0.005403629176493396,1.8160186736410142,59.32600002288818,59.28400001525879,51.218099994659426,0.2677098979270954,1.8258850795296848,-0.005403629176493396
2024-07-02,62.400001525878906,62.5,61.41999816894531,61.84000015258789,54.82944107055664,1142292,PKO.WA,-0.011824890649005715,1.7945444514086568,59.609000015258786,59.344000015258786,51.350649986267086,0.19854484473303619,1.8258850795296848,-0.01716462250137929
2024-07-03,62.279998779296875,62.79999923706055,61.52000045776367,61.70000076293945,54.70531463623047,1706864,PKO.WA,-0.002263896980966962,1.7904817876429018,59.84300003051758,59.39560005187988,51.481599998474124,0.1963599655827195,1.8258850795296848,-0.019389660545285903
2024-07-04,62.29999923706055,62.29999923706055,61.439998626708984,61.86000061035156,54.84717559814453,1210773,PKO.WA,0.0025931903635925124,1.7951248477608053,60.05,59.43040008544922,51.61319999694824,0.1939562471138763,1.8258850795296848,-0.016846751262572845
2024-07-05,62.0,62.040000915527344,60.91999816894531,61.040000915527344,54.12013244628906,1001280,PKO.WA,-0.01325573370083355,1.7713291508191387,60.25500011444092,59.39960006713867,51.74495000839234,0.19365750973625645,1.8258850795296848,-0.029879168914945464
2024-07-08,60.91999816894531,61.79999923706055,60.720001220703125,61.459999084472656,54.49251937866211,907247,PKO.WA,0.006880703844132308,1.7835171421164036,60.501000022888185,59.37640007019043,51.87655000686645,0.18983632595638697,1.8258850795296848,-0.023204054783225736
2024-07-09,61.70000076293945,62.08000183105469,61.20000076293945,61.70000076293945,54.70531463623047,2424591,PKO.WA,0.00390500621610701,1.7904817876429016,60.77700004577637,59.37040008544922,52.006900005340576,0.1856739597935594,1.8258850795296848,-0.019389660545286125
2024-07-10,61.70000076293945,62.119998931884766,61.2400016784668,61.41999816894531,54.457054138183594,2639397,PKO.WA,-0.004538129506188371,1.7823563494121064,60.98099994659424,59.36480003356934,52.13760000228882,0.17847722567541968,1.8258850795296848,-0.023839797260838957
2024-07-11,61.540000915527344,61.91999816894531,61.060001373291016,61.36000061035156,54.40385818481445,2184421,PKO.WA,-0.0009768407747052787,1.7806152710549459,61.214999961853025,59.36160003662109,52.27145000457764,0.1704621211690732,1.8258850795296848,-0.024793350349519017
2024-07-12,61.47999954223633,61.47999954223633,60.91999816894531,61.279998779296875,54.332923889160156,1746733,PKO.WA,-0.0013038107930068987,1.7782936856463516,61.41399993896484,59.373199996948244,52.40840000152588,0.16941665086116142,1.8258850795296848,-0.02606483530474546
2024-07-15,61.02000045776367,61.5,60.58000183105469,61.18000030517578,54.2442626953125,1671889,PKO.WA,-0.0016318289182942758,1.7753918145848937,61.5439998626709,59.39559997558594,52.54045000076294,0.15463040413925003,1.8258850795296848,-0.02765413087103885
2024-07-16,60.81999969482422,61.2400016784668,59.63999938964844,59.68000030517578,52.914310455322266,2840944,PKO.WA,-0.024517816157531125,1.7318630844673157,61.565999794006345,59.365199966430666,52.66880001068115,0.17735994761918766,1.8258850795296848,-0.051493928131877476
2024-07-17,59.619998931884766,60.279998779296875,58.15999984741211,58.880001068115234,52.20500564575195,2073575,PKO.WA,-0.013404812884881379,1.7086477838777978,61.48499984741211,59.33040000915528,52.793400020599364,0.16564223503729078,1.8258850795296848,-0.06420847454544354
2024-07-18,59.7400016784668,61.060001373291016,59.119998931884766,61.0,54.08466720581055,3315933,PKO.WA,0.03600541598890672,1.7701683581148415,61.46999988555908,59.33480003356934,52.92480001449585,0.2067765337864801,1.8258850795296848,-0.030514911392558686
2024-07-19,61.0,61.099998474121094,59.02000045776367,60.15999984741211,53.33989715576172,2684152,PKO.WA,-0.01377049430471955,1.7457922648210265,61.44799995422363,59.32560005187988,53.056800022125245,0.20863389403937285,1.8258850795296848,-0.04386520028373797
2024-07-22,60.5,61.040000915527344,60.13999938964844,60.79999923706055,53.90734100341797,1916264,PKO.WA,0.01063828775385156,1.7643645052926407,61.41399993896484,59.39040000915527,53.19140001296997,0.2054097508188059,1.8258850795296848,-0.033693563152885186
2024-07-23,60.52000045776367,60.68000030517578,58.939998626708984,59.400001525878906,52.666053771972656,1232835,PKO.WA,-0.023026278433376568,1.7237377569358057,61.25799999237061,59.41720001220703,53.315550022125244,0.2094440354297142,1.8258850795296848,-0.05594400421969081
2024-07-24,58.79999923706055,60.02000045776367,58.68000030517578,59.279998779296875,52.55965805053711,1439217,PKO.WA,-0.00202024820706026,1.720255378822914,61.109000015258786,59.44919998168945,53.43800001144409,0.20935343482075758,1.8258850795296848,-0.05785123165253048
2024-07-25,58.439998626708984,59.279998779296875,58.2400016784668,59.20000076293945,52.48872756958008,1573532,PKO.WA,-0.0013494942308494018,1.7179339041136048,60.93700008392334,59.48120002746582,53.552500019073484,0.20701236586345897,1.8258850795296848,-0.059122655980017313
2024-07-26,59.02000045776367,59.880001068115234,58.79999923706055,59.13999938964844,52.43552780151367,903316,PKO.WA,-0.0010135366979349136,1.716192715057159,60.748000144958496,59.514400024414066,53.66470001220703,0.20538811843304847,1.8258850795296848,-0.06007626969643709
2024-07-29,59.36000061035156,60.15999984741211,58.959999084472656,59.36000061035156,52.63058853149414,1349284,PKO.WA,0.0037200071520737676,1.7225769642315085,60.58700008392334,59.56040000915527,53.7695000076294,0.20653030977371853,1.8258850795296848,-0.05657974669730392
2024-07-30,59.52000045776367,59.779998779296875,58.2599983215332,58.400001525878906,51.7794189453125,1469504,PKO.WA,-0.016172491148951362,1.6947186035240869,60.41500015258789,59.584400024414066,53.86505001068115,0.2096703814693837,1.8258850795296848,-0.07183720239358327
2024-07-31,58.97999954223633,59.540000915527344,58.58000183105469,58.959999084472656,52.275936126708984,2114549,PKO.WA,0.009588999040446966,1.710969258587107,60.278000068664554,59.62080001831055,53.96550001144409,0.2142255799237763,1.8258850795296848,-0.06293705021795681
2024-08-01,59.439998626708984,59.540000915527344,57.619998931884766,57.959999084472656,51.38930130004883,2220682,PKO.WA,-0.016960651552373474,1.6819501051753882,60.0829999923706,59.64,54.06204999923706,0.21962043743629472,1.8258850795296848,-0.07883024839184927
2024-08-02,57.34000015258789,57.380001068115234,55.279998779296875,55.880001068115234,49.54510498046875,3231661,PKO.WA,-0.0358867848380392,1.6215903236426417,59.825,59.590800018310546,54.126450004577634,0.24646896609300106,1.8258850795296848,-0.11188806906712101
2024-08-05,54.2599983215332,54.439998626708984,52.959999084472656,54.060001373291016,47.93143081665039,3491020,PKO.WA,-0.03256978632848839,1.5687754732892565,59.45500011444092,59.5116000366211,54.18125001907349,0.2620403671101577,1.8258850795296848,-0.1408136848933862
2024-08-06,54.459999084472656,54.63999938964844,51.81999969482422,52.68000030517578,46.7078742980957,3029870,PKO.WA,-0.02552721111836742,1.5287290105852849,59.00400009155273,59.3992000579834,54.235550022125246,0.26765749560765684,1.8258850795296848,-0.16274631534912487
2024-08-07,50.84000015258789,50.97999954223633,49.7400016784668,49.84000015258789,46.474754333496094,3168511,PKO.WA,-0.05391040501396627,1.4463146104680322,58.42500019073486,59.23720008850098,54.28200002670288,0.3133154841406857,1.8258850795296848,-0.20788300058808906
2024-08-08,49.63999938964844,50.79999923706055,48.5,50.720001220703125,47.29533767700195,4395798,PKO.WA,0.017656522179395395,1.4718514964661447,57.89300022125244,59.102400131225586,54.335700035095215,0.3272649255307786,1.8258850795296848,-0.19389696921929656
2024-08-09,51.220001220703125,52.65999984741211,51.060001373291016,51.91999816894531,48.414310455322266,2574476,PKO.WA,0.023659245255545525,1.5066743920007788,57.42500019073486,58.95360008239746,54.393900032043454,0.3467433870276744,1.8258850795296848,-0.17482517991281743
2024-08-12,52.29999923706055,54.040000915527344,51.58000183105469,54.040000915527344,50.39116668701172,2102908,PKO.WA,0.040832103646915474,1.568195076937108,57.06800022125244,58.854400100708006,54.45850004196167,0.3874946236990208,1.8258850795296848,-0.14113155613219264
2024-08-13,54.34000015258789,55.099998474121094,53.47999954223633,53.720001220703125,50.0927734375,2986502,PKO.WA,-0.005921533852755179,1.558908956701301,56.770000267028806,58.80520011901856,54.5169500541687,0.3812166895615286,1.8258850795296848,-0.14621737469761897
2024-08-14,54.68000030517578,54.79999923706055,53.900001525878906,54.70000076293945,51.0066032409668,2321070,PKO.WA,0.01824273119820119,1.5873477137608711,56.56100025177002,58.75880012512207,54.577200050354,0.3884151597119974,1.8258850795296848,-0.13064204776253308
2024-08-16,55.0,57.0,55.0,56.720001220703125,52.89021301269531,2711686,PKO.WA,0.036928709864521014,1.6459664169364572,56.34700031280518,58.73880012512207,54.6507000541687,0.3896689825764563,1.8258850795296848,-0.0985377801759415
2024-08-19,56.5,57.2599983215332,56.040000915527344,57.13999938964844,53.28185272216797,1652692,PKO.WA,0.0074047630448923485,1.658154408233722,56.196000289916995,58.74280014038086,54.72275005340576,0.38940284307584183,1.8258850795296848,-0.09186266604422177
2024-08-20,57.13999938964844,57.20000076293945,55.63999938964844,56.0,52.21882629394531,1752421,PKO.WA,-0.019950987081301275,1.6250725910562482,55.956000328063965,58.73200012207031,54.78515005111694,0.39107383258758155,1.8258850795296848,-0.10998090226202095
2024-08-21,55.79999923706055,56.63999938964844,55.79999923706055,55.91999816894531,52.14422607421875,2674616,PKO.WA,-0.0014286041259765625,1.622751005647654,55.78200016021729,58.7268000793457,54.84855003356934,0.3844595997984992,1.8258850795296848,-0.11125238721724728
2024-08-22,57.5,57.7400016784668,56.459999084472656,56.58000183105469,52.759666442871094,2834003,PKO.WA,0.01180264098212902,1.6419037531707021,55.647000312805176,58.711600112915036,54.91380004882812,0.3879154306357593,1.8258850795296848,-0.10076281821984823
2024-08-23,57.400001525878906,58.29999923706055,57.0,57.65999984741211,53.76673889160156,1807301,PKO.WA,0.019087981290319522,1.67324438129173,55.57000026702881,58.73120010375977,54.98410005569458,0.3951166113069628,1.8258850795296848,-0.08359819571846894
2024-08-26,57.63999938964844,57.939998626708984,56.279998779296875,56.81999969482422,52.98345947265625,1308298,PKO.WA,-0.014568160853465462,1.6488682879979146,55.454000282287595,58.72160011291504,55.05230005264282,0.39803197682892183,1.8258850795296848,-0.09694848460964833
2024-08-27,56.84000015258789,57.02000045776367,55.5,56.47999954223633,52.66641616821289,1623223,PKO.WA,-0.005983811235726888,1.639001771409959,55.31000022888183,58.67960006713867,55.122900047302245,0.39777019170607736,1.8258850795296848,-0.10235217441388134
2024-08-28,56.5,56.79999923706055,55.79999923706055,56.560001373291016,52.74101638793945,1314756,PKO.WA,0.0014164630259045907,1.6413233568185532,55.21800022125244,58.62600006103516,55.18630004882812,0.39445217096656343,1.8258850795296848,-0.101080689458655
2024-08-29,56.560001373291016,58.15999984741211,56.560001373291016,57.70000076293945,53.804039001464844,2508254,PKO.WA,0.02015557570666493,1.674405173996027,55.15500030517578,58.570000076293944,55.25580005645752,0.4000658326988602,1.8258850795296848,-0.08296245324085583
2024-08-30,58.0,58.060001373291016,57.13999938964844,57.880001068115234,53.971885681152344,2800725,PKO.WA,0.0031195893032187616,1.6796286304660792,55.15100040435791,58.50160011291504,55.32650005340576,0.39561647142919126,1.8258850795296848,-0.08010167271933599
2024-09-02,57.560001373291016,59.08000183105469,57.060001373291016,58.720001220703125,54.75516891479492,1147939,PKO.WA,0.014512787441025576,1.7040047237598943,55.29300041198731,58.46400016784668,55.38690006256103,0.3744803504118803,1.8258850795296848,-0.06675138382815671
2024-09-03,58.65999984741211,59.0,58.040000915527344,58.040000915527344,54.1210823059082,1279049,PKO.WA,-0.011580386427785583,1.6842716905839827,55.49200038909912,58.3952001953125,55.44710006713867,0.35513747786730626,1.8258850795296848,-0.07755876343662282
2024-09-04,57.220001220703125,58.31999969482422,57.040000915527344,58.279998779296875,54.34487533569336,1240999,PKO.WA,0.004135042384282972,1.6912362254111954,55.772000312805176,58.31040016174316,55.503850059509276,0.3378390681448474,1.8258850795296848,-0.07374442982642282
2024-09-05,58.29999923706055,58.939998626708984,57.47999954223633,57.959999084472656,54.04648208618164,1474164,PKO.WA,-0.005490729264357785,1.6819501051753882,56.17800025939941,58.224400177001954,55.555250053405764,0.26009794177929213,1.8258850795296848,-0.07883024839184927
2024-09-06,57.47999954223633,57.880001068115234,56.29999923706055,56.29999923706055,52.49856948852539,2902515,PKO.WA,-0.028640439503678672,1.6337783149399066,56.457000160217284,58.0976001739502,55.596750049591066,0.28711015895041136,1.8258850795296848,-0.10521295493540128
2024-09-09,56.31999969482422,57.040000915527344,56.02000045776367,56.86000061035156,53.02075958251953,1582276,PKO.WA,0.009946738559143409,1.6500290807022118,56.704000282287595,57.976400222778324,55.643850059509276,0.2795620526705778,1.8258850795296848,-0.09631274213203511
2024-09-10,56.86000061035156,57.279998779296875,55.7400016784668,56.58000183105469,52.759666442871094,3084626,PKO.WA,-0.004924354138081011,1.641903753170702,56.831000328063965,57.85640022277832,55.69120006561279,0.24633486809049054,1.8258850795296848,-0.10076281821984834
2024-09-11,55.58000183105469,56.380001068115234,53.91999816894531,54.02000045776367,50.37251663208008,5370122,PKO.WA,-0.04524569265542022,1.5676146805849593,56.846000289916994,57.700000228881834,55.72760005950928,0.29809318183887884,1.8258850795296848,-0.1414494273709993
2024-09-12,55.31999969482422,55.5,54.63999938964844,55.15999984741211,51.435543060302734,2317218,PKO.WA,0.021103283598447264,1.6006964977624332,56.86900024414062,57.56920021057129,55.77080005645752,0.30052119221394513,1.8258850795296848,-0.12333119115320013
2024-09-13,55.400001525878906,57.18000030517578,55.29999923706055,57.18000030517578,53.319149017333984,2693382,PKO.WA,0.0366207480665619,1.6593152009380192,56.89200019836426,57.475600204467774,55.82675004959106,0.30002887838753906,1.8258850795296848,-0.09122692356660855
2024-09-16,56.79999923706055,57.279998779296875,52.5,55.81999969482422,52.05097961425781,1518884,PKO.WA,-0.023784550596241627,1.619849134586196,56.82600021362305,57.37120018005371,55.871300048828125,0.31084311029102113,1.8258850795296848,-0.11284168278354079
2024-09-17,56.599998474121094,56.84000015258789,55.68000030517578,56.34000015258789,52.53586959838867,2415521,PKO.WA,0.009315665722081423,1.634939107644204,56.84300022125244,57.26880020141601,55.91425004959106,0.30445310932398173,1.8258850795296848,-0.10457721245778795
2024-09-18,56.47999954223633,57.0,56.08000183105469,56.540000915527344,52.72236633300781,1592966,PKO.WA,0.0035498892864356257,1.6407429604664048,56.87400035858154,57.16560020446777,55.95930006027222,0.3045523582784047,1.8258850795296848,-0.10139856069746145
2024-09-19,57.0,57.099998474121094,55.79999923706055,57.0,53.15130615234375,2623253,PKO.WA,0.008135816714257116,1.654091744467967,56.895000267028806,57.07720024108887,55.99655006408691,0.30305823804578713,1.8258850795296848,-0.09408770408812839
2024-09-20,57.040000915527344,57.119998931884766,55.02000045776367,55.7400016784668,51.976383209228516,7338703,PKO.WA,-0.02210523371110884,1.6175276598768868,56.799000358581544,56.96480026245117,56.028750076293946,0.30489668505028245,1.8258850795296848,-0.11411310711102751
2024-09-23,55.959999084472656,56.5,55.15999984741211,55.7400016784668,51.976383209228516,1538691,PKO.WA,0.0,1.6175276598768868,56.74500045776367,56.85400032043457,56.060950088500974,0.3009851683198913,1.8258850795296848,-0.11411310711102751
2024-09-24,56.29999923706055,57.939998626708984,56.13999938964844,57.36000061035156,53.486995697021484,2849595,PKO.WA,0.029063489111996077,1.6645386574080712,56.789000511169434,56.777600326538085,56.10060009002686,0.31817862351818776,1.8258850795296848,-0.08836614304508894
2024-09-25,56.939998626708984,57.720001220703125,56.560001373291016,57.2599983215332,53.39374923706055,1353307,PKO.WA,-0.0017434150584774155,1.6616366756473282,56.82400035858154,56.729200286865236,56.1405500793457,0.31831685352322553,1.8258850795296848,-0.08995549923912194
2024-09-26,57.58000183105469,58.91999816894531,57.58000183105469,58.18000030517578,54.25162887573242,2032516,PKO.WA,0.016067097635533933,1.6883343543497378,56.84800033569336,56.71520027160645,56.18375007629395,0.315337692691151,1.8258850795296848,-0.07533372539271621
2024-09-27,57.5,58.560001373291016,57.5,58.2599983215332,54.32622528076172,1035115,PKO.WA,0.0013750088679580497,1.690655829059047,56.86700019836426,56.66040023803711,56.22750007629394,0.3152137966436867,1.8258850795296848,-0.07406230106522937
2024-09-30,58.08000183105469,58.18000030517578,55.97999954223633,55.97999954223633,52.20017623901367,2698601,PKO.WA,-0.03913489263617398,1.6244921947040996,56.73000011444092,56.576800231933596,56.26125007629395,0.3401533846832831,1.8258850795296848,-0.11029877350082762
2024-10-01,56.15999984741211,56.34000015258789,54.459999084472656,54.86000061035156,51.155799865722656,2287962,PKO.WA,-0.02000712649237768,1.5919907738787744,56.57100009918213,56.45800025939941,56.28855007171631,0.3445333984980244,1.8258850795296848,-0.12809913847982013
2024-10-02,54.880001068115234,55.58000183105469,54.400001525878906,54.79999923706055,51.099849700927734,1094303,PKO.WA,-0.0010937180572997418,1.5902495848223286,56.39700012207031,56.366000213623046,56.31505006790161,0.34367897262930197,1.8258850795296848,-0.1290527521962399
2024-10-03,54.0,54.63999938964844,53.70000076293945,53.91999816894531,50.279266357421875,1911542,PKO.WA,-0.016058413875307154,1.5647126988242164,56.195000076293944,56.258800201416015,56.33910005569458,0.3467891483843266,1.8258850795296848,-0.1430387835650323
2024-10-04,54.0,54.41999816894531,53.439998626708984,54.08000183105469,50.428466796875,1561644,PKO.WA,0.0029674270686739224,1.5693558696414052,56.084000205993654,56.15640022277832,56.357500057220456,0.3341703047645843,1.8258850795296848,-0.14049581365457953
2024-10-07,54.5,54.65999984741211,53.29999923706055,54.13999938964844,50.484413146972656,1541133,PKO.WA,0.001109422273711802,1.5710969479985657,55.9480001449585,56.05640022277832,56.37430006027222,0.3315127476867467,1.8258850795296848,-0.13954226056589936
2024-10-08,53.91999816894531,55.599998474121094,53.439998626708984,55.02000045776367,51.304996490478516,2281676,PKO.WA,0.01625417580413724,1.596633833996678,55.87000007629395,55.969600219726566,56.39710006713867,0.33770378886373087,1.8258850795296848,-0.12555622919710696
2024-10-09,54.560001373291016,57.060001373291016,54.560001373291016,56.81999969482422,52.98345947265625,2070666,PKO.WA,0.03271536208805248,1.6488682879979146,56.01000003814697,55.938000183105466,56.42970006942749,0.31543326152118145,1.8258850795296848,-0.09694848460964833
2024-10-10,56.81999969482422,57.279998779296875,56.47999954223633,56.91999816894531,53.07670593261719,2272616,PKO.WA,0.0017599168366451146,1.6517701590593723,56.09799995422363,55.897200164794924,56.46280006408691,0.30786155265891946,1.8258850795296848,-0.09535918904335505
2024-10-11,57.220001220703125,58.459999084472656,57.0,58.15999984741211,54.23297882080078,1854607,PKO.WA,0.021784991538234433,1.6877539579975889,56.14699993133545,55.90120018005371,56.497100067138675,0.2895326571320958,1.8258850795296848,-0.07565159663152299
2024-10-14,58.119998931884766,58.7599983215332,57.84000015258789,58.220001220703125,54.2889289855957,1570251,PKO.WA,0.0010316604788245254,1.6894951470540347,56.26700000762939,55.94800018310547,56.53530006408691,0.2743500191475597,1.8258850795296848,-0.0746979829151031
2024-10-15,58.29999923706055,58.720001220703125,57.939998626708984,58.2400016784668,54.307579040527344,1702816,PKO.WA,0.00034353241745654906,1.6900755434061834,56.36200008392334,56.03160018920899,56.57490007400513,0.27313084340705523,1.8258850795296848,-0.07438011167629643
2024-10-16,58.2400016784668,59.380001068115234,58.0,58.619998931884766,54.66191864013672,4831591,PKO.WA,0.006524677926966316,1.7011027419991513,56.46599998474121,56.150400161743164,56.61985006332397,0.27358725224228586,1.8258850795296848,-0.06834074002218982
2024-10-17,59.0,59.2599983215332,57.15999984741211,57.380001068115234,53.505645751953125,1794569,PKO.WA,-0.021153153980954187,1.6651190537602198,56.48500003814697,56.30120018005371,56.656550064086915,0.28434570905760803,1.8258850795296848,-0.08804827180628227
2024-10-18,57.08000183105469,58.439998626708984,57.08000183105469,57.720001220703125,53.822689056396484,953936,PKO.WA,0.0059254120993179615,1.6749855703481755,56.58400001525879,56.44120018005371,56.696450061798096,0.2719476508755797,1.8258850795296848,-0.08264458200204927
2024-10-21,57.79999923706055,57.79999923706055,56.220001220703125,56.220001220703125,52.423973083496094,1979615,PKO.WA,-0.025987525437923487,1.6314568402305976,56.60799999237061,56.52720024108887,56.72885005950928,0.2894226469619421,1.8258850795296848,-0.1064843792628879
2024-10-22,56.47999954223633,56.47999954223633,55.20000076293945,55.52000045776367,51.771236419677734,2365948,PKO.WA,-0.012451098323378873,1.6111434107025373,56.515999984741214,56.55680023193359,56.75535005569458,0.272253844568537,1.8258850795296848,-0.11760963011016068
2024-10-23,55.279998779296875,56.400001525878906,55.279998779296875,56.099998474121094,52.31207275390625,1593420,PKO.WA,0.010446650064397156,1.627974462117706,56.4579999923706,56.604400177001956,56.78285005569458,0.275521448709262,1.8258850795296848,-0.10839160669572756
2024-10-24,56.13999938964844,57.20000076293945,55.540000915527344,56.18000030517578,52.38667297363281,2173639,PKO.WA,0.0014260576333453567,1.6302960475263002,56.35799999237061,56.63400016784668,56.81615005493164,0.26838701456012476,1.8258850795296848,-0.10712012174050123
2024-10-25,56.20000076293945,56.31999969482422,55.5,55.939998626708984,52.16287612915039,1320769,PKO.WA,-0.004272012765451749,1.6233314019998024,56.24200000762939,56.6184001159668,56.85360004425049,0.2683022337965008,1.8258850795296848,-0.11093451597844073
2024-10-28,56.29999923706055,56.63999938964844,55.099998474121094,55.439998626708984,51.69663619995117,1412364,PKO.WA,-0.008938148235156929,1.608821825293943,56.214999961853025,56.58440010070801,56.88380002975464,0.23161302596381153,1.8258850795296848,-0.11888111506538701
2024-10-29,55.5,57.5,55.5,57.5,53.6175422668457,2694807,PKO.WA,0.037157312848463464,1.6686013211738262,56.346999931335446,56.61440010070801,56.92680002212524,0.2550728506377976,1.8258850795296848,-0.08614110500118222
2024-10-30,57.2400016784668,57.5,55.84000015258789,56.0,52.21882629394531,2495585,PKO.WA,-0.02608695652173909,1.6250725910562482,56.40699996948242,56.6160001373291,56.96330001831055,0.2744059688474828,1.8258850795296848,-0.10998090226202095
2024-10-31,55.599998474121094,56.279998779296875,55.20000076293945,55.79999923706055,52.03232955932617,4491728,PKO.WA,-0.0035714421953473297,1.6192687382340476,56.501000022888185,56.600400085449216,56.99930002212525,0.26746673170635976,1.8258850795296848,-0.11315955402234723
2024-11-04,56.20000076293945,58.29999923706055,56.060001373291016,57.959999084472656,54.04648208618164,3232738,PKO.WA,0.038709675214072536,1.6819501051753887,56.694999885559085,56.60640007019043,57.04160001754761,0.29781731382567816,1.8258850795296848,-0.07883024839184904
2024-11-05,57.959999084472656,58.13999938964844,57.5,58.0,54.08378219604492,2796388,PKO.WA,0.0006901469316631381,1.683110897879686,56.88799991607666,56.630000076293946,57.08270002365112,0.29786821295945354,1.8258850795296848,-0.07819450591423571
2024-11-06,58.380001068115234,60.119998931884766,58.31999969482422,59.13999938964844,55.14680862426758,3853921,PKO.WA,0.019655161890490325,1.7161927150571599,57.0939998626709,56.68320007324219,57.12865001678467,0.30001903665740476,1.8258850795296848,-0.060076269696436646
2024-11-07,59.13999938964844,60.900001525878906,58.959999084472656,60.0,55.9487419128418,5389922,PKO.WA,0.014541775773201815,1.7411492047031236,57.25299987792969,56.75200004577637,57.180550022125246,0.2832428068918658,1.8258850795296848,-0.046408109566450695
2024-11-08,60.099998474121094,60.380001068115234,58.68000030517578,59.58000183105469,55.55710220336914,3892729,PKO.WA,-0.006999969482421875,1.7289612134058587,57.386000061035155,56.78960006713867,57.234850025177,0.2853995288181928,1.8258850795296848,-0.053083223698170534
2024-11-12,59.58000183105469,60.2599983215332,58.5,58.63999938964844,54.68056869506836,4011001,PKO.WA,-0.01577714690361587,1.7016831383513005,57.410000038146975,56.804800033569336,57.284300022125244,0.282761719307256,1.8258850795296848,-0.06802286878338282
2024-11-13,58.70000076293945,58.70000076293945,57.040000915527344,57.29999923706055,53.43104553222656,2300215,PKO.WA,-0.02285129888361559,1.662797468351626,57.363999938964845,56.77639999389648,57.32450002670288,0.2946910746718866,1.8258850795296848,-0.08931975676150838
2024-11-14,57.52000045776367,59.34000015258789,57.31999969482422,59.119998931884766,55.12815856933594,7618326,PKO.WA,0.03176264780204541,1.7156123187050114,57.40799980163574,56.797999954223634,57.37660001754761,0.3163783785000008,1.8258850795296848,-0.06039414093524309
2024-11-15,59.040000915527344,59.040000915527344,56.29999923706055,56.380001068115234,52.57316970825195,2983800,PKO.WA,-0.046346378776603636,1.6360999003485017,57.295999908447264,56.76,57.408900032043455,0.357044606700523,1.8258850795296848,-0.1039414699801744
2024-11-18,56.380001068115234,57.29999923706055,55.2400016784668,55.900001525878906,52.125579833984375,2436992,PKO.WA,-0.00851364904474583,1.622170719994791,57.221999931335446,56.71880004882812,57.433400039672854,0.3506758664024572,1.8258850795296848,-0.11157019782831401
2024-11-19,55.900001525878906,56.18000030517578,52.31999969482422,53.900001525878906,50.2606201171875,6239806,PKO.WA,-0.03577817433643715,1.5641324131713537,57.030999946594235,56.670800094604495,57.446900043487545,0.3703299279750024,1.8258850795296848,-0.14335659417609892
2024-11-20,54.18000030517578,54.86000061035156,53.47999954223633,53.939998626708984,50.297916412353516,1783211,PKO.WA,0.0007420612188828724,1.5652930951763657,56.91699981689453,56.61240005493164,57.448900032043454,0.3605002955310087,1.8258850795296848,-0.1427209123262253
2024-11-21,54.29999923706055,54.68000030517578,53.0,54.220001220703125,50.55901336669922,2250567,PKO.WA,0.005191001133164619,1.573418533407161,56.851999855041505,56.56520004272461,57.454000034332275,0.3590379853933676,1.8258850795296848,-0.13827077561067236
2024-11-22,54.0,54.619998931884766,52.81999969482422,54.36000061035156,50.68955993652344,1819341,PKO.WA,0.002582061720702855,1.5774811971729161,56.76499996185303,56.57200004577637,57.461100044250486,0.35680808314660956,1.8258850795296848,-0.13604573756676575
2024-11-25,54.779998779296875,55.08000183105469,53.91999816894531,54.380001068115234,50.70820999145508,2893853,PKO.WA,0.0003679260032949383,1.5780615935250648,56.675,56.55640007019043,57.46800004959106,0.3567192864148487,1.8258850795296848,-0.13572786632795908
2024-11-26,54.119998931884766,54.91999816894531,53.81999969482422,54.279998779296875,50.614959716796875,2040096,PKO.WA,-0.0018389534176930233,1.5751596117643218,56.592000007629395,56.49840003967285,57.47740003585815,0.35656279203455743,1.8258850795296848,-0.13731722252199208
2024-11-27,54.08000183105469,54.63999938964844,53.65999984741211,54.400001525878906,50.72686004638672,2403475,PKO.WA,0.0022108096772435193,1.5786419898772135,56.54000015258789,56.47000007629394,57.48860004425049,0.3555755436602702,1.8258850795296848,-0.1354099950891524
2024-11-28,54.400001525878906,56.02000045776367,54.400001525878906,55.439998626708984,51.69663619995117,5429229,PKO.WA,0.019117593229024843,1.6088218252939444,56.43700008392334,56.452000045776366,57.50430004119873,0.335283426698042,1.8258850795296848,-0.11888111506538634
2024-11-29,55.5,56.040000915527344,55.2400016784668,55.900001525878906,52.125579833984375,6234013,PKO.WA,0.008297310796618662,1.6221707199947915,56.432000160217285,56.4392000579834,57.523700046539304,0.32401578055209773,1.8258850795296848,-0.11157019782831379
2024-12-02,56.08000183105469,57.900001525878906,55.81999969482422,57.84000015258789,53.93458557128906,3551872,PKO.WA,0.034704804539421374,1.6784678377617832,56.53400020599365,56.456000061035155,57.54550004959106,0.34598945024116706,1.8258850795296848,-0.08073741519694855
2024-12-03,58.0,58.400001525878906,57.34000015258789,57.79999923706055,53.89728546142578,2188481,PKO.WA,-0.0006915787590217048,1.677307045057486,56.52600021362305,56.49720001220703,57.57000003814697,0.3176889225665624,1.8258850795296848,-0.08137315767456177
2024-12-04,57.599998474121094,59.68000030517578,57.599998474121094,59.099998474121094,55.1095085144043,2832915,PKO.WA,0.022491336578202015,1.7150319223528634,56.5810001373291,56.56439994812012,57.59630002975464,0.32754116784385734,1.8258850795296848,-0.06071201217404942
2024-12-05,59.099998474121094,60.400001525878906,59.08000183105469,60.400001525878906,56.32173538208008,2978499,PKO.WA,0.0219966681103565,1.752756910347526,56.64400024414063,56.625199966430664,57.62860004425049,0.3293965604015377,1.8258850795296848,-0.04005080604579747
2024-12-06,60.5,61.08000183105469,60.18000030517578,60.97999954223633,56.862571716308594,2476921,PKO.WA,0.009602615922268187,1.7695879617626948,56.69300022125244,56.699599990844725,57.65710004806519,0.3272145853128285,1.8258850795296848,-0.03083278263136424
2024-12-09,60.7599983215332,61.86000061035156,60.560001373291016,61.279998779296875,57.14231491088867,2772778,PKO.WA,0.00491963331112788,1.7782936856463534,56.778000068664554,56.761599960327146,57.68640005111694,0.3260764252588398,1.8258850795296848,-0.02606483530474446
2024-12-10,60.959999084472656,61.65999984741211,60.599998474121094,61.34000015258789,57.198265075683594,2949054,PKO.WA,0.0009791347011463003,1.780034874702799,56.91300010681152,56.82319999694824,57.71260005950928,0.31958650082328144,1.8258850795296848,-0.025111221588324684
2024-12-11,60.959999084472656,61.560001373291016,60.70000076293945,60.7400016784668,56.63877868652344,2279683,PKO.WA,-0.009781520584097647,1.762623426935482,57.08500022888184,56.91840003967285,57.73380006790161,0.3090582644615716,1.8258850795296848,-0.03464711624156436
2024-12-12,60.70000076293945,61.58000183105469,60.70000076293945,61.34000015258789,57.198265075683594,2792218,PKO.WA,0.009878143851513865,1.780034874702799,57.196000289916995,57.04800003051758,57.76140007019043,0.2913981621769003,1.8258850795296848,-0.025111221588324684
2024-12-13,61.220001220703125,61.779998779296875,61.08000183105469,61.119998931884766,56.99311828613281,3069978,PKO.WA,-0.0035865865692183974,1.7736506255284497,57.43300018310547,57.17440002441406,57.79050006866455,0.2304472923489486,1.8258850795296848,-0.02860774458745774
2024-12-16,61.15999984741211,61.560001373291016,60.31999969482422,60.79999923706055,56.694725036621094,1972586,PKO.WA,-0.005235597192677299,1.7643645052926427,57.67800006866455,57.312000045776365,57.82220006942749,0.22834329826578953,1.8258850795296848,-0.033693563152884076
2024-12-17,60.52000045776367,60.91999816894531,59.31999969482422,59.47999954223633,55.46385192871094,4204387,PKO.WA,-0.02171052156888209,1.7260592316451167,57.956999969482425,57.42,57.84180006027222,0.19918671699455284,1.8258850795296848,-0.05467257989220298
2024-12-18,59.540000915527344,60.599998474121094,59.400001525878906,60.29999923706055,56.228485107421875,2007510,PKO.WA,0.013786141579270605,1.7498549285867833,58.275,57.54319999694824,57.86210004806519,0.2008527551113082,1.8258850795296848,-0.04164016223983036
2024-12-19,59.15999984741211,60.599998474121094,59.0,60.47999954223633,56.396331787109375,2977346,PKO.WA,0.0029850797255923656,1.7550783850568354,58.58799991607666,57.652399978637696,57.882400054931644,0.2010741671913587,1.8258850795296848,-0.038779381718310524
2024-12-20,60.47999954223633,60.47999954223633,59.279998779296875,59.63999938964844,55.6130485534668,3703876,PKO.WA,-0.013888891516959712,1.7307022917630202,58.851999855041505,57.70879997253418,57.904600048065184,0.21247932641548922,1.8258850795296848,-0.05212967060948981
2024-12-23,59.939998626708984,60.439998626708984,59.84000015258789,59.84000015258789,55.79954528808594,1575700,PKO.WA,0.0033534668844106275,1.736506144585221,59.124999809265134,57.767200012207034,57.927500057220456,0.21192994935113868,1.8258850795296848,-0.04895101884916342
2024-12-27,59.119998931884766,60.02000045776367,59.060001373291016,59.79999923706055,55.762245178222656,1201535,PKO.WA,-0.0006684644957444252,1.7353453518809236,59.40099983215332,57.8,57.95910005569458,0.21147805504280345,1.8258850795296848,-0.04958676132677675
2024-12-30,60.0,60.099998474121094,59.36000061035156,59.7599983215332,55.724945068359375,1344943,PKO.WA,-0.0006689116394261729,1.7341845591766263,59.668999671936035,57.830799942016604,57.99110004425049,0.21221635437954203,1.8258850795296848,-0.05022250380438997
2025-01-02,59.97999954223633,60.41999816894531,58.63999938964844,59.2599983215332,55.258705139160156,1826055,PKO.WA,-0.008366800770471805,1.7196749824707669,59.859999656677246,57.85119987487793,58.01240003585816,0.21002609164059033,1.8258850795296848,-0.058169102891336255
2025-01-03,59.47999954223633,60.41999816894531,59.36000061035156,60.29999923706055,56.228485107421875,2090028,PKO.WA,0.017549796574149346,1.7498549285867826,60.07999954223633,57.88479988098145,58.0296000289917,0.21537581459438235,1.8258850795296848,-0.04164016223983069
2025-01-07,60.47999954223633,61.560001373291016,60.279998779296875,60.68000030517578,56.582828521728516,2275520,PKO.WA,0.006301842005359104,1.7608822378790354,60.22199954986572,57.95079986572266,58.05150003433228,0.1825626368826407,1.8258850795296848,-0.03560072995798447
2025-01-08,60.68000030517578,61.18000030517578,59.779998779296875,60.36000061035156,56.2844352722168,2737483,PKO.WA,-0.005273561193389176,1.7515961176432282,60.349999618530276,58.003599853515624,58.07180004119873,0.18432844045547164,1.8258850795296848,-0.040686548523410915
2025-01-09,60.0,60.540000915527344,59.52000045776367,60.540000915527344,56.4522819519043,1424837,PKO.WA,0.0029821123816375916,1.7568195741132804,60.42199974060058,58.08999984741211,58.09790004730225,0.16819300664204012,1.8258850795296848,-0.03782576800189119
2025-01-10,60.31999969482422,60.939998626708984,60.220001220703125,60.7400016784668,56.63877868652344,1946008,PKO.WA,0.003303613477286138,1.762623426935481,60.43899974822998,58.19439987182617,58.12400005340576,0.14969343048781406,1.8258850795296848,-0.0346471162415648
2025-01-13,60.599998474121094,60.70000076293945,59.560001373291016,60.08000183105469,56.02334213256836,1605199,PKO.WA,-0.010865983358148146,1.7434707901117181,60.393999862670896,58.27399993896484,58.14800006866455,0.15049470282106994,1.8258850795296848,-0.04513662461122425
2025-01-14,60.099998474121094,60.34000015258789,59.70000076293945,60.08000183105469,56.02334213256836,1499547,PKO.WA,0.0,1.7434707901117181,60.33400001525879,58.35199996948242,58.16740007400513,0.149064411080928,1.8258850795296848,-0.04513662461122425
2025-01-15,60.15999984741211,61.099998474121094,59.52000045776367,60.81999969482422,56.713375091552734,1966125,PKO.WA,0.012316874853805837,1.7649449016447902,60.307999992370604,58.449599990844725,58.181000080108646,0.15626564467771512,1.8258850795296848,-0.033375691914077965
2025-01-16,60.91999816894531,61.41999816894531,60.18000030517578,60.5,56.414981842041016,1401191,PKO.WA,-0.005261422170829921,1.755658781408983,60.295999908447264,58.55080001831055,58.19540008544922,0.15345705473283125,1.8258850795296848,-0.03846151047950441
2025-01-17,60.779998779296875,61.380001068115234,60.68000030517578,60.81999969482422,56.713375091552734,1011035,PKO.WA,0.005289251154119379,1.7649449016447902,60.26999988555908,58.61720001220703,58.214000091552734,0.15031062369686338,1.8258850795296848,-0.033375691914077965
2025-01-20,61.15999984741211,61.70000076293945,60.439998626708984,61.400001525878906,57.254215240478516,1295589,PKO.WA,0.00953636688531656,1.781776063759244,60.28400001525879,58.72520004272461,58.23000009536743,0.15377889502829548,1.8258850795296848,-0.02415760787190535
2025-01-21,61.400001525878906,62.18000030517578,61.220001220703125,62.18000030517578,57.981544494628906,2197433,PKO.WA,0.012703562865028939,1.8044109679966134,60.35300006866455,58.852800064086914,58.24890008926391,0.15837099991207385,1.8258850795296848,-0.011760932697145843
2025-01-22,62.20000076293945,65.36000061035156,62.20000076293945,64.9800033569336,60.592491149902344,4430345,PKO.WA,0.04503060530742298,1.885664686108854,60.628000259399414,58.993200149536136,58.27710010528565,0.20173902353162515,1.885664686108854,0.0
2025-01-23,64.72000122070312,65.23999786376953,64.54000091552734,64.87999725341797,60.499237060546875,3525269,PKO.WA,-0.0015390289065744245,1.882762593648826,60.85700016021728,59.130800094604496,58.306500091552735,0.1997143357364964,1.885664686108854,-0.0015390289065744245
2025-01-24,64.9000015258789,65.55999755859375,64.73999786376953,65.31999969482422,60.90953063964844,2324020,PKO.WA,0.006781788841445646,1.8955310919975248,61.09900016784668,59.25440010070801,58.33710008621216,0.1999782903259822,1.8955310919975248,0.0
2025-01-27,65.27999877929688,65.27999877929688,64.12000274658203,65.27999877929688,60.872230529785156,2454315,PKO.WA,-0.0006123838902973855,1.8943702992932276,61.3810001373291,59.36000007629394,58.36350008010864,0.18956945294049035,1.8955310919975248,-0.0006123838902973855
2025-01-28,65.0,66.45999908447266,64.94000244140625,66.45999908447266,61.97255325317383,2532231,PKO.WA,0.018075985405042738,1.9286129091749984,61.71200008392334,59.4976000213623,58.39460006713867,0.19540455620880834,1.9286129091749984,0.0
2025-01-29,66.4800033569336,66.80000305175781,65.94000244140625,66.19999694824219,61.73011016845703,1770952,PKO.WA,-0.003912159792539227,1.921067867296352,62.03199996948242,59.64879997253418,58.420400047302245,0.19705761950981643,1.9286129091749984,-0.003912159792539227
2025-01-30,66.16000366210938,67.5999984741211,66.16000366210938,67.54000091552734,62.97963333129883,2375835,PKO.WA,0.020241752704804883,1.9599536479953117,62.42100009918213,59.85360000610351,58.46210004806519,0.20273917793527482,1.9599536479953117,0.0
2025-01-31,67.37999725341797,67.87999725341797,66.91999816894531,66.91999816894531,62.401493072509766,3028772,PKO.WA,-0.009179785877667879,1.9419616931765606,62.80400009155274,60.00959999084473,58.49700004577637,0.2035336503238086,1.9599536479953117,-0.009179785877667879
2025-02-03,65.31999969482422,66.08000183105469,64.62000274658203,65.76000213623047,61.31982421875,1608418,PKO.WA,-0.01733407149513566,1.9082995903462234,63.07700023651123,60.197200012207034,58.53480005264282,0.2150155916821001,1.9599536479953117,-0.02635473430808999
2025-02-04,65.76000213623047,65.87999725341797,64.76000213623047,65.23999786376953,60.834930419921875,1311311,PKO.WA,-0.007907607292707786,1.8932095065889303,63.305000114440915,60.38399993896484,58.57200004577637,0.21924856303614673,1.9599536479953117,-0.034053938711585796
2025-02-05,64.87999725341797,64.9800033569336,63.29999923706055,63.81999969482422,59.51081085205078,2171120,PKO.WA,-0.02176576050646828,1.8520023618799466,63.47800006866455,60.58239990234375,58.60020004272461,0.23543787172549352,1.9599536479953117,-0.05507848934375581
2025-02-06,64.36000061035156,66.33999633789062,64.30000305175781,66.22000122070312,61.74876022338867,3755019,PKO.WA,0.03760579030641309,1.9216483743477857,63.76200008392334,60.827999954223635,58.65200004577637,0.26573786929861715,1.9599536479953117,-0.019543969157997942
2025-02-07,66.30000305175781,67.69999694824219,66.22000122070312,67.4800033569336,62.92368698120117,4210373,PKO.WA,0.01902751605260522,1.958212569638151,64.09900016784668,61.09319999694824,58.69970006942749,0.27051904273296656,1.9599536479953117,-0.0008883262922781965
2025-02-10,67.37999725341797,67.62000274658203,66.9800033569336,67.37999725341797,62.8304328918457,3009810,PKO.WA,-0.0014820109445852214,1.955310477178123,64.46399993896485,61.35359992980957,58.74240005493164,0.2650250022399585,1.9599536479953117,-0.0023690207275758324
2025-02-11,67.12000274658203,68.81999969482422,66.80000305175781,68.54000091552734,63.912113189697266,2489038,PKO.WA,0.01721584608777249,1.9889728014070305,64.88699989318847,61.63679992675781,58.789500064849854,0.26699648259852626,1.9889728014070305,0.0
2025-02-12,68.9800033569336,70.37999725341797,68.9000015258789,70.22000122070312,65.47867584228516,5579982,PKO.WA,0.02451123844083858,2.037724987994661,65.35699996948242,61.95559997558594,58.84000007629395,0.2737959649117574,2.037724987994661,0.0
2025-02-13,70.4000015258789,72.33999633789062,70.4000015258789,71.5199966430664,66.6908950805664,6685001,PKO.WA,0.018513178578242417,2.0754497545907533,65.90799980163574,62.29799987792969,58.884700050354006,0.2722717761191349,2.0754497545907533,0.0
2025-02-14,71.54000091552734,71.58000183105469,69.91999816894531,70.26000213623047,65.51597595214844,4211292,PKO.WA,-0.01761737368535088,2.0388857806989584,66.37999992370605,62.59439994812012,58.92290006637573,0.28760834330011936,2.0754497545907533,-0.017617373685350768
2025-02-17,70.19999694824219,70.83999633789062,69.44000244140625,70.22000122070312,65.47867584228516,2296816,PKO.WA,-0.0005693269899107456,2.037724987994661,66.82099990844726,62.8807999420166,58.96400007247925,0.28884462522069837,2.0754497545907533,-0.018176670628931246
2025-02-18,70.62000274658203,73.5,70.5,73.13999938964844,68.2015151977539,4566587,PKO.WA,0.04158356761868576,2.1224608628212227,67.3689998626709,63.186799926757814,59.021200065612796,0.3136788651085263,2.1224608628212227,0.0
2025-02-19,73.16000366210938,73.80000305175781,71.72000122070312,72.19999694824219,67.32498168945312,6086810,PKO.WA,-0.01285209802092624,2.0951827877666647,67.72999954223633,63.47479988098144,59.074600048065186,0.29028281022956587,2.1224608628212227,-0.01285209802092624
2025-02-20,71.5199966430664,72.0199966430664,70.87999725341797,71.45999908447266,66.63494873046875,3289466,PKO.WA,-0.010249278324762412,2.0737086762335926,68.05899963378906,63.721999893188475,59.128400039672854,0.29467336168243863,2.1224608628212227,-0.022969651616015052
2025-02-21,71.33999633789062,71.95999908447266,70.77999877929688,70.94000244140625,66.15006256103516,2371550,PKO.WA,-0.007276751325615338,2.05861881387487,68.33999977111816,63.932799911499025,59.18280004501343,0.29775764327307,2.1224608628212227,-0.030079258498784567
2025-02-24,70.9000015258789,70.9000015258789,68.27999877929688,68.55999755859375,63.93075942993164,3799867,PKO.WA,-0.03354954610804095,1.9895530870598943,68.50399971008301,64.08439987182618,59.2196000289917,0.3265294414076648,2.1224608628212227,-0.06261965913692491
2025-02-25,67.91999816894531,69.44000244140625,67.62000274658203,68.94000244140625,64.28510284423828,5970678,PKO.WA,0.00554266184866381,2.0005805070514326,68.62799987792968,64.23759994506835,59.26120004653931,0.32167294596902696,2.1224608628212227,-0.05742407688393558
2025-02-26,69.44000244140625,70.30000305175781,68.87999725341797,70.22000122070312,65.47867584228516,3503595,PKO.WA,0.01856685137754055,2.0377249879946615,68.82900009155273,64.41519996643066,59.30840005874634,0.3260348642688363,2.1224608628212227,-0.0399234098073914
2025-02-27,70.23999786376953,71.08000183105469,69.12000274658203,69.9000015258789,65.18028259277344,4321272,PKO.WA,-0.004557101812323383,2.0284388677588545,68.9470001220703,64.59839996337891,59.35480007171631,0.32063218982302644,2.1224608628212227,-0.04429857657652736
2025-02-28,69.0,69.69999694824219,68.4000015258789,69.0999984741211,64.43429565429688,4861740,PKO.WA,-0.011444964725238704,2.005223456470051,69.05600013732911,64.75359992980957,59.412500057220456,0.3217702292242652,2.1224608628212227,-0.05523654565546954
2025-03-03,68.5999984741211,70.0,67.95999908447266,69.91999816894531,65.19892883300781,2943818,PKO.WA,0.011866855469343074,2.029019153411718,69.26399993896484,64.92959991455078,59.47180004119873,0.3153734742768695,2.1224608628212227,-0.0440251742900456
2025-03-04,69.0,69.31999969482422,65.83999633789062,65.95999908447266,61.506317138671875,3178066,PKO.WA,-0.05663614399565975,1.91410333246914,69.3,65.03279991149903,59.51320003509522,0.37922473423857606,2.1224608628212227,-0.09816790217518034
2025-03-05,67.62000274658203,70.05999755859375,67.31999969482422,70.0,65.27352905273438,4354521,PKO.WA,0.0612492566950078,2.031340738820312,69.60900001525879,65.24319992065429,59.57520004272461,0.4253291109815669,2.1224608628212227,-0.042931356519710584
2025-03-06,70.37999725341797,72.0999984741211,70.05999755859375,72.0,67.13848876953125,3666692,PKO.WA,0.02857142857142847,2.0893790456437493,69.89799995422364,65.47719993591309,59.647800045013426,0.41726816940325945,2.1224608628212227,-0.01558653813455968
2025-03-07,71.0199966430664,73.23999786376953,70.63999938964844,73.0,68.07096862792969,4715725,PKO.WA,0.01388888888888884,2.118398199055468,70.17399978637695,65.72759994506836,59.72750003814697,0.4152926987823906,2.1224608628212227,-0.0019141289419840612
2025-03-10,72.9800033569336,73.12000274658203,70.0199966430664,70.80000305175781,66.01951599121094,3767898,PKO.WA,-0.03013694449646831,2.054556150109115,70.34500007629394,65.95080001831055,59.79550004959106,0.43264462026252987,2.1224608628212227,-0.03199338744076863
2025-03-11,71.0,71.66000366210938,69.95999908447266,70.31999969482422,65.5719223022461,2462246,PKO.WA,-0.006779708139033391,2.040626859056119,70.43400001525879,66.16040000915527,59.861400051116945,0.43044179139903177,2.1224608628212227,-0.03855618975057473
2025-03-12,71.08000183105469,71.72000122070312,70.81999969482422,71.63999938964844,66.80279541015625,5439779,PKO.WA,0.01877132679966964,2.078932132703645,70.50499992370605,66.39720001220704,59.934600048065185,0.4268624871122345,2.1224608628212227,-0.02050861378886315
2025-03-13,72.4800033569336,74.69999694824219,71.80000305175781,74.0199966430664,69.0220947265625,5387535,PKO.WA,0.03322162581930255,2.1479976381200503,70.62999992370605,66.68239997863769,60.01300003051758,0.4377626025951842,2.1479976381200503,0.0
2025-03-14,74.0199966430664,78.62000274658203,73.68000030517578,78.12000274658203,72.84526062011719,6363078,PKO.WA,0.055390519987272624,2.2669763442269533,71.02299995422364,67.05960006713867,60.11350004196167,0.46973411701164614,2.2669763442269533,0.0
2025-03-17,78.0999984741211,79.23999786376953,77.72000122070312,79.12000274658203,73.77774047851562,4412831,PKO.WA,0.012800818802374492,2.295995497638672,71.46800003051757,67.4360001373291,60.21760005950928,0.46975353444223017,2.295995497638672,0.0
2025-03-18,79.5199966430664,81.08000183105469,79.08000183105469,80.04000091552734,74.6356201171875,4406368,PKO.WA,0.011627883430338493,2.3226930656417966,71.81300010681153,67.82320014953613,60.32810007095337,0.45168175767140506,2.3226930656417966,0.0
2025-03-19,79.80000305175781,80.9000015258789,78.83999633789062,79.30000305175781,73.94558715820312,6440671,PKO.WA,-0.00924535051605646,2.3012189541087245,72.16800041198731,68.20200019836426,60.4373000907898,0.4499798162953944,2.3226930656417966,-0.00924535051605646
2025-03-20,79.30000305175781,79.4800033569336,77.45999908447266,78.30000305175781,73.01310729980469,4585376,PKO.WA,-0.012610339993900377,2.2721998006970057,72.51000061035157,68.55720024108886,60.532000102996825,0.4511232890344706,2.3226930656417966,-0.021739103496586587
2025-03-21,76.68000030517578,78.0199966430664,75.23999786376953,76.12000274658203,70.98030853271484,6682486,PKO.WA,-0.027841637550572784,2.208938037403516,72.76900062561035,68.86480026245117,60.61760011672973,0.46423904901241875,2.3226930656417966,-0.04897548880693292
2025-03-24,76.69999694824219,77.30000305175781,76.26000213623047,76.77999877929688,71.59574127197266,2675069,PKO.WA,0.008670467799536175,2.228090563527994,73.18000068664551,69.19880020141602,60.72060010910034,0.4427160197013007,2.3226930656417966,-0.04072966140606371
2025-03-25,78.0,79.0999984741211,76.81999969482422,78.69999694824219,73.38609313964844,3303180,PKO.WA,0.025006488662032034,2.2838072849428372,73.66800041198731,69.57120010375976,60.829000091552736,0.4477846389262396,2.3226930656417966,-0.01674167856019093
2025-03-26,78.63999938964844,79.66000366210938,77.95999908447266,78.5,73.19960021972656,2592886,PKO.WA,-0.0025412573824331597,2.2780035428199215,74.08200035095214,69.92480010986328,60.93290008544922,0.4468323739171631,2.3226930656417966,-0.019240391028388704
2025-03-27,77.80000305175781,78.22000122070312,76.62000274658203,77.9000015258789,72.6401138305664,2339346,PKO.WA,-0.007643292663963019,2.2605920950526044,74.48200035095215,70.27280014038087,61.03770009994507,0.4479290798770304,2.3226930656417966,-0.026736623752752542
2025-03-28,77.4800033569336,77.5,76.31999969482422,76.69999694824219,71.5211410522461,2421729,PKO.WA,-0.015404423031212255,2.2257689781193997,74.8620002746582,70.59040008544922,61.13850008010864,0.45016686570783904,2.3226930656417966,-0.04172918452125107
2025-03-31,76.26000213623047,76.30000305175781,74.4000015258789,75.19999694824219,70.12242126464844,3417549,PKO.WA,-0.019556715250095946,2.1822402480018215,75.12600021362304,70.86639999389648,61.233600063323976,0.458124057764503,2.3226930656417966,-0.060469813992046206
2025-04-01,75.4000015258789,76.72000122070312,75.30000305175781,75.72000122070312,70.60731506347656,2510329,PKO.WA,0.006914950712283208,2.197330331759115,75.61400032043457,71.13720001220703,61.32550006866455,0.398094387216963,2.3226930656417966,-0.053973009063098876
2025-04-02,75.5,76.16000366210938,74.22000122070312,75.58000183105469,70.47676849365234,1834015,PKO.WA,-0.0018489089724177399,2.19326766799336,75.8930004119873,71.34919998168945,61.420000076293945,0.34381470302188133,2.3226930656417966,-0.0557221268547915
2025-04-03,74.4000015258789,74.80000305175781,71.5,71.91999816894531,67.06388854980469,3100454,PKO.WA,-0.048425556674246306,2.0870574602351555,75.88900032043458,71.49,61.49310007095337,0.37795571593774163,2.3226930656417966,-0.1014493085170215
2025-04-04,71.5,71.9000015258789,63.15999984741211,64.04000091552734,59.71595764160156,8254510,PKO.WA,-0.10956614924971608,1.858386611054297,75.44100036621094,71.46440002441406,61.520400066375736,0.5386119908411682,2.3226930656417966,-0.19990004768848113
2025-04-07,60.099998474121094,66.0999984741211,59.41999816894531,64.91999816894531,60.536537170410156,6066366,PKO.WA,0.013741368532750986,1.8839233863531244,75.14700012207031,71.45720001220702,61.54880004882813,0.5349964906383057,2.3226930656417966,-0.18890557938073205
2025-04-08,66.0199966430664,67.80000305175781,64.30000305175781,67.4800033569336,62.92368698120117,4624151,PKO.WA,0.039433229516214974,1.958212569638152,75.00500030517578,71.47760009765625,61.583700065612796,0.5562694878064733,2.3226930656417966,-0.156921506933131
2025-04-09,65.05999755859375,66.5,63.619998931884766,64.54000091552734,60.18219757080078,4310203,PKO.WA,-0.04356849874258584,1.8728961877601564,74.65000038146972,71.44440017700195,61.59990007400513,0.5700481995611876,2.3226930656417966,-0.193653171198216
2025-04-10,69.9000015258789,70.69999694824219,67.91999816894531,68.54000091552734,63.912113189697266,5457193,PKO.WA,0.0619770676054896,1.9889728014070314,74.37600059509278,71.46440017700195,61.639600086212155,0.6034913673891394,2.3226930656417966,-0.14367815927609573
2025-04-11,68.44000244140625,70.08000183105469,66.16000366210938,66.55999755859375,62.065799713134766,3958191,PKO.WA,-0.028888289035389203,1.9315147802364572,73.79800033569336,71.45720016479493,61.66500007629394,0.5682075005715286,2.3226930656417966,-0.1684158321182445
2025-04-14,68.12000274658203,68.95999908447266,67.77999877929688,68.58000183105469,63.94941329956055,2306820,PKO.WA,0.03034862299510599,1.9901335941113285,73.271000289917,71.5136001586914,61.6953000831604,0.5797574126885838,2.3226930656417966,-0.14317839771850205
2025-04-15,68.76000213623047,71.16000366210938,68.58000183105469,70.12000274658203,65.38542938232422,4582158,PKO.WA,0.022455539142753222,2.0348231169332034,72.77500038146972,71.61120025634766,61.734600105285644,0.5854862804627569,2.3226930656417966,-0.12393800669011346
2025-04-16,69.4800033569336,70.87999725341797,69.23999786376953,69.91999816894531,65.19892883300781,2031294,PKO.WA,-0.002852318451263436,2.0290191534117175,72.30600013732911,71.73320022583007,61.77100009918213,0.5854458697150495,2.3226930656417966,-0.12643681447808186
2025-04-17,70.0,72.0,69.87999725341797,70.68000030517578,65.9076156616211,2178485,PKO.WA,0.010869596054537967,2.0510737719962235,71.925,71.82240020751954,61.80980010986328,0.5876506305461972,2.3226930656417966,-0.11694153552334319
2025-04-22,70.69999694824219,72.30000305175781,70.5,72.13999938964844,67.26903533935547,3336460,PKO.WA,0.02065646686713074,2.0934417094095044,71.72599983215332,71.91560012817382,61.85760009765625,0.5872465298591264,2.3226930656417966,-0.09870066761014173
2025-04-23,73.0,76.19999694824219,72.94000244140625,76.04000091552734,70.90570831298828,3059899,PKO.WA,0.05406156860099065,2.2066164519949214,71.68899993896484,72.08880020141602,61.92860010147095,0.6194191903785928,2.3226930656417966,-0.049975011922120394
2025-04-24,76.04000091552734,76.9000015258789,74.54000091552734,76.62000274658203,71.44654846191406,2029623,PKO.WA,0.0076275884280829764,2.2234476141093755,71.58500022888184,72.25040023803712,62.00320011138916,0.6132510687315734,2.3226930656417966,-0.0427286123166678
2025-04-25,77.0,77.66000366210938,75.95999908447266,76.19999694824219,71.05490112304688,1558746,PKO.WA,-0.0054816729742100945,2.2112594014135403,71.47000007629394,72.37000015258789,62.07490009307861,0.613462640852914,2.3226930656417966,-0.04797606101151619
2025-04-28,76.30000305175781,77.08000183105469,75.5199966430664,75.81999969482422,70.7005615234375,1969729,PKO.WA,-0.0049868407957558425,2.2002322028205725,71.36599998474121,72.45600021362304,62.1488000869751,0.6131395538897543,2.3226930656417966,-0.052723652829000156
2025-04-29,76.0,76.9000015258789,75.0999984741211,75.83999633789062,70.71920776367188,2415097,PKO.WA,0.00026373836912285675,2.200812488473436,71.32299995422363,72.56760009765625,62.220700073242185,0.6106476577756015,2.3226930656417966,-0.052473819710088576
2025-04-30,76.0199966430664,76.4000015258789,72.19999694824219,72.37999725341797,67.49282836914062,5160112,PKO.WA,-0.04562235300035211,2.1004062442367175,71.18199996948242,72.61080001831054,62.27410005569458,0.6285562718957073,2.3226930656417966,-0.09570219358435017
2025-05-02,73.5199966430664,75.04000091552734,73.36000061035156,75.0,69.93592834472656,2490841,PKO.WA,0.036197884028771554,2.1764365058789057,71.14599990844727,72.64800003051758,62.342000064849856,0.6419873226391035,2.3226930656417966,-0.06296852646024409
2025-05-05,74.95999908447266,74.9800033569336,73.5999984741211,74.72000122070312,69.67483520507812,966932,PKO.WA,-0.0037333170572916297,2.1683111783473956,71.10299987792969,72.69840011596679,62.40880006790161,0.6421065808123886,2.3226930656417966,-0.06646676204362922
2025-05-06,74.5999984741211,74.5999984741211,71.55999755859375,73.0999984741211,68.16421508789062,2075865,PKO.WA,-0.021680978588276112,2.121300070116926,71.16199989318848,72.73120010375976,62.467900066375734,0.6219313532534365,2.3226930656417966,-0.0867066761872054
2025-05-07,73.08000183105469,74.80000305175781,72.63999938964844,73.95999908447266,68.96614837646484,2461064,PKO.WA,0.011764714477470406,2.1462565597628895,71.65799980163574,72.79160003662109,62.53180006027222,0.4632730217379243,2.3226930656417966,-0.0759620409983679
2025-05-08,74.19999694824219,75.5199966430664,73.94000244140625,74.55999755859375,69.525634765625,1927371,PKO.WA,0.008112472708873497,2.1636680075302066,72.13999977111817,72.9116000366211,62.60620004653931,0.46271857412800277,2.3226930656417966,-0.06846580827400406
2025-05-09,75.19999694824219,78.33999633789062,75.05999755859375,78.27999877929688,72.99445343017578,3037915,PKO.WA,0.04989272186844862,2.2716192936455717,72.67999954223633,73.09839996337891,62.703200035095215,0.47369728304751985,2.3226930656417966,-0.0219890319352688
2025-05-12,78.5199966430664,80.5,77.86000061035156,78.0199966430664,72.75200653076172,2189610,PKO.WA,-0.003321437663323379,2.2640742517669254,73.35399932861328,73.25439987182617,62.788300018310544,0.4357546647029647,2.3226930656417966,-0.025237434399742242
2025-05-13,78.05999755859375,78.4000015258789,76.41999816894531,78.19999694824219,72.91985321044922,2400782,PKO.WA,0.0023071047541729506,2.2692977082369774,73.83699913024903,73.42039978027344,62.8785000038147,0.3902419638896551,2.3226930656417966,-0.02298855505045616
2025-05-14,78.54000091552734,79.19999694824219,77.5,78.95999908447266,73.6285400390625,2160231,PKO.WA,0.009718697773523965,2.291352326821483,74.45699920654297,73.61759979248046,62.96930000305176,0.3666315953683459,2.3226930656417966,-0.013493276095717599
2025-05-15,78.63999938964844,78.68000030517578,77.31999969482422,77.62000274658203,72.37902069091797,1645222,PKO.WA,-0.016970571851920524,2.252466767521094,74.90899925231933,73.77159988403321,63.06040000915527,0.3682676567457829,2.3226930656417966,-0.030234859336137898
2025-05-16,77.68000030517578,78.37999725341797,76.16000366210938,77.16000366210938,71.95008850097656,1840412,PKO.WA,-0.005926295647972202,2.2391179835195314,75.2609992980957,73.99559997558593,63.149800033569335,0.36569276144955365,2.3226930656417966,-0.03598197426880945
2025-05-19,75.0999984741211,76.05999755859375,73.19999694824219,75.5999984741211,70.49541473388672,4803647,PKO.WA,-0.02021779567066484,2.1938479536462223,75.5449993133545,74.10759994506836,63.23180002212524,0.3757241174259921,2.3226930656417966,-0.05547229373588036
2025-05-20,76.18000030517578,76.80000305175781,75.62000274658203,76.0,70.868408203125,2766085,PKO.WA,0.005291025581380504,2.2054556592906236,75.81099929809571,74.18759994506836,63.316100025177,0.3749270628768557,2.3226930656417966,-0.0504747734797143
2025-05-21,75.80000305175781,76.23999786376953,74.37999725341797,75.18000030517578,70.10377502441406,2653945,PKO.WA,-0.010789469668739726,2.181659962348957,75.96299934387207,74.23119995117187,63.39520002365112,0.37289473232587544,2.3226930656417966,-0.06071964711095812
2025-05-22,75.0,75.16000366210938,74.26000213623047,74.9000015258789,69.84268188476562,2079976,PKO.WA,-0.0037243785336563695,2.173534634817447,75.90599937438965,74.3131999206543,63.477700023651124,0.3190937302257059,2.3226930656417966,-0.06421788269434325
2025-05-23,74.9000015258789,75.37999725341797,71.37999725341797,74.12000274658203,69.11534881591797,2734452,PKO.WA,-0.010413868670314685,2.1508997305800777,75.78099937438965,74.38919998168946,63.55350004196167,0.3193771736558341,2.3226930656417966,-0.0739629947679935
2025-05-26,75.73999786376953,76.58000183105469,75.08000183105469,75.81999969482422,70.7005615234375,2033240,PKO.WA,0.02293573779340674,2.2002322028205716,75.76199951171876,74.47279998779297,63.64280004501343,0.33037837628872246,2.3226930656417966,-0.05272365282900049
2025-05-27,75.69999694824219,77.37999725341797,75.12000274658203,77.08000183105469,71.87548828125,2492651,PKO.WA,0.016618334757346087,2.2367963981109367,75.82499961853027,74.53400009155274,63.74880004882812,0.3349615497579485,2.3226930656417966,-0.03698149738399692
2025-05-28,77.0,77.87999725341797,76.5,77.80000305175781,72.54686737060547,2939690,PKO.WA,0.009340960088211059,2.2576902239911454,75.92299995422363,74.52760009765625,63.86750005722046,0.33623161176132355,2.3226930656417966,-0.027985979986851928
2025-05-29,78.0,78.19999694824219,76.0199966430664,76.0199966430664,70.88705444335938,3565038,PKO.WA,-0.02287925885436315,2.206035944943487,76.10499992370606,74.46559997558593,63.98420003890991,0.3019059765050833,2.3226930656417966,-0.05022494036080283
2025-05-30,75.27999877929688,75.5199966430664,73.66000366210938,75.27999877929688,70.197021484375,7712966,PKO.WA,-0.009734252781462449,2.184561833410415,76.1189998626709,74.37039993286133,64.11140003204346,0.2771750659095942,2.3226930656417966,-0.05947029087685929
2025-06-02,71.5,73.13999938964844,67.0,72.94000244140625,68.01502227783203,9009889,PKO.WA,-0.031083905098762576,2.116657120698307,76.02999992370606,74.24319992065429,64.22250003814698,0.2986622289066528,2.3226930656417966,-0.08870562709780971
2025-06-03,72.80000305175781,73.4000015258789,71.0199966430664,71.81999969482422,66.97064208984375,4944570,PKO.WA,-0.01535512351376389,2.0841555891736965,75.96599998474122,74.11359985351562,64.32200004577636,0.2936654770773892,2.3226930656417966,-0.10269866475112088
2025-06-04,72.04000091552734,72.54000091552734,70.86000061035156,71.80000305175781,66.95199584960938,4086953,PKO.WA,-0.0002784272229375828,2.083575303520833,75.85800018310547,74.02719985961915,64.41080005645752,0.28996199806073747,2.3226930656417966,-0.10294849787003235
2025-06-05,71.81999969482422,71.91999816894531,69.81999969482422,70.44000244140625,65.68382263183594,5972162,PKO.WA,-0.0189415118739088,2.04410923716901,75.6520004272461,73.90039993286133,64.49440006256104,0.29415675307469064,2.3226930656417966,-0.11994000954913497
2025-06-06,70.16000366210938,70.22000122070312,66.69999694824219,69.04000091552734,64.37834930419922,10059104,PKO.WA,-0.019875091955646407,2.0034823781128894,75.19000053405762,73.70720001220702,64.56610006332397,0.2248781250536624,2.3226930656417966,-0.13743128278583128
2025-06-09,69.05999755859375,70.44000244140625,68.76000213623047,70.44000244140625,65.68382263183594,6329798,PKO.WA,0.020278121484845535,2.04410923716901,74.81100082397461,73.54600006103516,64.6347000694275,0.24365485181935395,2.3226930656417966,-0.11994000954913497
2025-06-10,70.44000244140625,73.54000091552734,69.86000061035156,72.87999725341797,67.95906829833984,5696715,PKO.WA,0.03463933457471646,2.1149158209425756,74.5450008392334,73.44559997558594,64.71340005874634,0.28070179197391515,2.3226930656417966,-0.08945531709408572
2025-06-11,72.9000015258789,72.9000015258789,71.73999786376953,72.68000030517578,67.77257537841797,2991663,PKO.WA,-0.0027441953317692835,2.10911207881966,74.23100090026855,73.36520004272461,64.79680006027222,0.276449009134018,2.3226930656417966,-0.0919540295622836
2025-06-12,72.04000091552734,73.80000305175781,70.83999633789062,71.55999755859375,66.72819519042969,5582233,PKO.WA,-0.015410054236093207,2.0766105472950493,73.92800064086914,73.29240005493165,64.87500005722046,0.2755312574067996,2.3226930656417966,-0.10594706721559477
2025-06-13,70.0,71.19999694824219,69.69999694824219,70.36000061035156,65.60922241210938,2530735,PKO.WA,-0.01676910269958609,2.0417876517604148,73.58800048828125,73.1852000427246,64.94390005111694,0.27924492715536575,2.3226930656417966,-0.12093953266432267
2025-06-16,70.73999786376953,71.69999694824219,69.86000061035156,70.37999725341797,65.62786865234375,2613246,PKO.WA,0.00028420470285595023,2.042367937413278,73.32700042724609,73.08119995117187,65.00750003814697,0.27331627354030585,2.3226930656417966,-0.1206896995454112
2025-06-17,70.0999984741211,70.77999877929688,69.4800033569336,70.44000244140625,65.68382263183594,4116568,PKO.WA,0.0008525886662402726,2.044109237169009,73.0490005493164,73.0516000366211,65.07560005187989,0.2718881467371637,2.3226930656417966,-0.1199400095491353
2025-06-18,70.44000244140625,70.63999938964844,69.45999908447266,70.04000091552734,65.31082916259766,1898570,PKO.WA,-0.005678613174547209,2.0325015315246073,72.79200057983398,73.1716000366211,65.14340005874634,0.27071148501107156,2.3226930656417966,-0.1249375298053016
2025-06-20,69.68000030517578,70.77999877929688,69.63999938964844,70.5199966430664,65.75841522216797,5192356,PKO.WA,0.006853165637704217,2.0464306011790327,72.57300033569337,73.28360000610351,65.21320003509521,0.27313471787841026,2.3226930656417966,-0.1189405817537188
2025-06-23,70.27999877929688,70.5,68.33999633789062,68.54000091552734,63.912113189697266,2042062,PKO.WA,-0.02807708198797454,1.988972801407029,72.29400024414062,73.30479995727539,65.26740003585816,0.28647714656950063,2.3226930656417966,-0.14367815927609684
2025-06-24,69.63999938964844,72.69999694824219,69.5999984741211,72.69999694824219,67.79122161865234,3981623,PKO.WA,0.06069442627877786,2.1096923644725223,72.13800010681152,73.46799987792969,65.34150001525879,0.3560376739502499,2.3226930656417966,-0.09170419644337247
2025-06-25,72.45999908447266,72.5,70.73999786376953,71.0999984741211,66.29925537109375,2660352,PKO.WA,-0.022008233030053503,2.0632617632934864,71.83899993896485,73.51919982910157,65.40340000152588,0.35584482179897053,2.3226930656417966,-0.11169418214826643
2025-06-26,71.72000122070312,73.87999725341797,71.69999694824219,73.69999694824219,68.72370147705078,3620879,PKO.WA,0.03656819310716908,2.1387115178842406,71.63399963378906,73.66199981689454,65.48169998168946,0.38138327439729275,2.3226930656417966,-0.07921044346284256
2025-06-27,73.80000305175781,74.08000183105469,72.81999969482422,73.73999786376953,68.76100158691406,1667724,PKO.WA,0.0005427532860746709,2.139872310588538,71.51999969482422,73.76519973754883,65.55899997711181,0.3737142485461289,2.3226930656417966,-0.07871068190524877
2025-06-30,74.05999755859375,75.5999984741211,73.80000305175781,75.23999786376953,70.15972137451172,3578187,PKO.WA,0.020341741842346828,2.183401040706116,71.51799964904785,73.86759963989257,65.6453999710083,0.37986940878800846,2.3226930656417966,-0.059970052434453636
2025-07-01,75.23999786376953,75.5999984741211,74.23999786376953,74.23999786376953,69.22724151611328,4045669,PKO.WA,-0.013290803141842389,2.1543818872943974,71.58299942016602,73.95399963378907,65.73509996414185,0.36538287825978094,2.3226930656417966,-0.07246380541498376
2025-07-02,74.69999694824219,75.81999969482422,74.4000015258789,75.44000244140625,70.34622192382812,3748693,PKO.WA,0.01616385522853503,2.189205004227602,71.76399955749511,74.04919967651367,65.82799997329712,0.36364549652205463,2.3226930656417966,-0.05747124464648523
2025-07-03,75.44000244140625,77.69999694824219,75.4000015258789,77.4800033569336,72.24847412109375,2804827,PKO.WA,0.027041368630810858,2.2484041037553366,72.04799957275391,74.15599975585937,65.93249998092651,0.37346835752512403,2.3226930656417966,-0.03198397712783141
2025-07-04,76.95999908447266,78.0199966430664,75.83999633789062,76.91999816894531,71.72628784179688,1841945,PKO.WA,-0.007227738303113629,2.2321532272937463,72.37199935913085,74.17359970092774,66.04699996948243,0.366136953437437,2.3226930656417966,-0.03898054361437231
2025-07-07,76.91999816894531,77.5999984741211,76.54000091552734,76.94000244140625,71.74494171142578,961092,PKO.WA,0.0002600659508207315,2.23273373434518,72.76699943542481,74.17999969482422,66.1558999824524,0.3550502884988381,2.3226930656417966,-0.03873061517569021
2025-07-08,77.0,78.5,77.0,78.5,73.19960021972656,3667669,PKO.WA,0.02027550700666758,2.278003542819919,73.1699993133545,74.22599975585938,66.26249998092652,0.35504886148479464,2.3226930656417966,-0.019240391028389814
2025-07-09,78.69999694824219,79.45999908447266,78.23999786376953,79.37999725341797,74.02017974853516,3453830,PKO.WA,0.011210156094496382,2.303540318118746,73.4949993133545,74.29719970703125,66.38029996871948,0.3390711834284553,2.3226930656417966,-0.008245922720640841
2025-07-10,79.37999725341797,79.55999755859375,77.5199966430664,77.5999984741211,72.3603744506836,2444087,PKO.WA,-0.022423769726449994,2.2518862604696577,73.74099922180176,74.33239974975587,66.48659996032715,0.3516072449158241,2.3226930656417966,-0.03048478777482111
2025-07-11,77.5999984741211,78.18000030517578,76.87999725341797,77.87999725341797,72.62146759033203,1624568,PKO.WA,0.0036082317629200222,2.2600115880011673,74.05699920654297,74.44239974975586,66.5932999420166,0.3444416687679654,2.3226930656417966,-0.026986552191436197
2025-07-14,77.80000305175781,78.5,77.33999633789062,78.18000030517578,72.90120697021484,1475215,PKO.WA,0.003852119444504032,2.268717422584111,74.44799919128418,74.50599975585938,66.69919994354248,0.33523875557710126,2.3226930656417966,-0.023238388169368962
2025-07-15,78.68000030517578,79.73999786376953,78.0999984741211,78.5199966430664,73.21824645996094,2539660,PKO.WA,0.004348891488404227,2.2785838284727813,74.8549991607666,74.58199966430664,66.81309991836548,0.3347113298158881,2.3226930656417966,-0.01899055790947879
2025-07-16,78.5199966430664,79.36000061035156,77.63999938964844,78.91999816894531,73.59123992919922,7090717,PKO.WA,0.0050942631556292195,2.2901915341171826,75.27899894714355,74.69839965820313,66.92899990081787,0.3342356711705806,2.3226930656417966,-0.013993037653312723
2025-07-17,79.05999755859375,80.91999816894531,78.69999694824219,80.63999938964844,75.19510650634766,2454702,PKO.WA,0.021794237970217623,2.34010451340911,75.8089988708496,74.83199966430664,67.04539989471435,0.335827430189694,2.34010451340911,0.0
2025-07-18,81.0,83.18000030517578,81.0,82.22000122070312,76.66842651367188,3680868,PKO.WA,0.01959327682308376,2.3859548289352825,76.39399909973145,74.98519973754883,67.17019990921021,0.3386451913767151,2.3859548289352825,0.0
2025-07-21,82.5999984741211,82.62000274658203,79.95999908447266,80.54000091552734,75.10186004638672,2488387,PKO.WA,-0.02043298808359484,2.3372026423476524,76.99399909973144,75.03039978027344,67.28199991226197,0.3288131476223792,2.3859548289352825,-0.02043298808359484
2025-07-22,81.0,81.0999984741211,79.19999694824219,79.80000305175781,74.41182708740234,2845667,PKO.WA,-0.009187954499102369,2.3157285308145803,77.34899940490723,75.06599990844727,67.38969993591309,0.26930761046533314,2.3859548289352825,-0.02943320521790449
2025-07-23,81.16000366210938,81.27999877929688,79.26000213623047,79.87999725341797,74.48641967773438,5285231,PKO.WA,0.0010024335664282624,2.3180498948246044,77.78799934387207,75.09959991455078,67.50919992446899,0.25066109447252316,2.3859548289352825,-0.02846027648435412
2025-07-24,80.5,82.36000061035156,80.18000030517578,82.27999877929688,76.72437286376953,1995485,PKO.WA,0.030045087736607412,2.3876959072924433,78.21699943542481,75.16599990844726,67.64629991531372,0.24097779283347995,2.3876959072924433,0.0
2025-07-25,82.33999633789062,82.37999725341797,81.4800033569336,82.37999725341797,76.81761932373047,2281943,PKO.WA,0.00121534365100473,2.390597778353901,78.64899940490723,75.26119979858399,67.78419990539551,0.24080121200061086,2.390597778353901,0.0
2025-07-28,83.0,83.16000366210938,80.0999984741211,80.36000061035156,74.93401336669922,1349536,PKO.WA,-0.02452047475617747,2.3319791858776,78.90499954223633,75.32519973754883,67.91639991760253,0.2566660695397124,2.390597778353901,-0.02452047475617758
2025-07-29,79.83999633789062,82.16000366210938,79.81999969482422,82.05999755859375,76.51922607421875,2813741,PKO.WA,0.021154765248013296,2.381311658118094,79.29599952697754,75.45439971923828,68.05629989624023,0.25604194211740733,2.390597778353901,-0.003884434395400982
2025-07-30,82.4000015258789,82.77999877929688,81.5999984741211,82.77999877929688,77.19061279296875,11768254,PKO.WA,0.008774082892081703,2.4022054839983027,79.66299934387207,75.58999969482421,68.19949989318847,0.2531506779536594,2.4022054839983027,0.0
2025-07-31,82.77999877929688,83.54000091552734,82.05999755859375,82.37999725341797,76.81761932373047,2392957,PKO.WA,-0.004832103548894295,2.390597778353901,79.90799903869629,75.73399963378907,68.33629987716675,0.24095427142000944,2.4022054839983027,-0.004832103548894406
2025-08-01,82.26000213623047,82.26000213623047,80.4000015258789,81.16000366210938,75.68000030517578,3007222,PKO.WA,-0.01480934246156429,2.3551945971664034,80.1199993133545,75.85919967651367,68.45799989700318,0.24673137999614228,2.4022054839983027,-0.01956988573419327
2025-08-04,75.68000030517578,76.95999908447266,75.36000061035156,76.72000122070312,76.72000122070312,2764341,PKO.WA,-0.05470677970754112,2.22634948517083,80.10899925231934,75.91119964599609,68.55699991226196,0.3203910479209156,2.4022054839983027,-0.07320606001397212
2025-08-05,77.69999694824219,77.83999633789062,76.12000274658203,76.4800033569336,76.4800033569336,2886475,PKO.WA,-0.003128230708431823,2.2193849503436174,80.00799942016602,75.92439971923828,68.64859992980956,0.3114438853180793,2.4022054839983027,-0.07610528527742488
2025-08-06,76.94000244140625,79.54000091552734,76.86000061035156,79.4000015258789,79.4000015258789,3395674,PKO.WA,0.03817989070054861,2.304120825170179,80.00899963378906,75.97079971313477,68.75449993133545,0.3390890268680932,2.4022054839983027,-0.04083108605050245
2025-08-07,79.4000015258789,82.12000274658203,79.30000305175781,81.5,81.5,4770231,PKO.WA,0.026448342994510377,2.3650610030550743,80.20399971008301,76.04479965209961,68.87079992294312,0.3401567546755778,2.4022054839983027,-0.01546265762469412
2025-08-08,81.5,83.94000244140625,80.81999969482422,83.5199966430664,83.5199966430664,3402977,PKO.WA,0.02478523488425033,2.423679595531375,80.48599967956542,76.1947996520996,68.99529991149902,0.3491156219657822,2.423679595531375,0.0
2025-08-11,83.5199966430664,83.94000244140625,82.45999908447266,82.87999725341797,82.87999725341797,1585779,PKO.WA,-0.007662828249186293,2.4051073550597604,80.72099952697754,76.34679962158204,69.12279989242553,0.3514486753830473,2.423679595531375,-0.007662828249186404
2025-08-12,83.26000213623047,83.87999725341797,82.0999984741211,83.37999725341797,83.37999725341797,2010072,PKO.WA,0.0060328187327416405,2.4196169317656198,80.96399955749511,76.55559951782226,69.25109987258911,0.35157517853406395,2.423679595531375,-0.0016762379702521812
2025-08-13,84.4800033569336,86.45999908447266,84.0199966430664,85.13999938964844,85.13999938964844,3801558,PKO.WA,0.021108205735258956,2.4706907037618446,81.27499961853027,76.82199951171874,69.39569986343383,0.3572438584578945,2.4706907037618446,0.0
2025-08-14,84.13999938964844,84.55999755859375,82.30000305175781,83.27999877929688,83.27999877929688,3540964,PKO.WA,-0.021846378008991474,2.416715060704162,81.4069995880127,77.05159942626953,69.5344998550415,0.3620362414166589,2.4706907037618446,-0.021846378008991474
2025-08-18,83.62000274658203,83.62000274658203,80.69999694824219,82.5,82.5,2431207,PKO.WA,-0.009365979715777573,2.3940801564667926,81.42099952697754,77.29279937744141,69.6664998626709,0.3577920781884548,2.4706907037618446,-0.03100774499147374
2025-08-19,82.22000122070312,83.5,81.63999938964844,82.94000244140625,82.94000244140625,1992528,PKO.WA,0.005333362926136287,2.4068486548154913,81.54099960327149,77.57079940795899,69.80029987335205,0.34947483153852615,2.4706907037618446,-0.02583975762289803
2025-08-20,81.87999725341797,83.5,81.5,82.58000183105469,82.58000183105469,1592681,PKO.WA,-0.00434049433029482,2.396401741875387,81.67999954223633,77.81359939575195,69.93349988937378,0.3478916142082462,2.4706907037618446,-0.030068094631734432
2025-08-21,82.62000274658203,83.76000213623047,82.23999786376953,83.73999786376953,83.73999786376953,984314,PKO.WA,0.0140469363888851,2.430063844705724,81.87299957275391,78.03079940795898,70.07499988555908,0.35049536615685856,2.4706907037618446,-0.016443522855476234
2025-08-22,77.9000015258789,78.0199966430664,73.5,73.5,73.5,14583891,PKO.WA,-0.12228323531161578,2.1329077757613244,81.43399963378906,78.04719940185547,70.15499988555908,0.5516347177774463,2.4706907037618446,-0.13671599099240384
2025-08-25,74.0,74.91999816894531,73.68000030517578,74.45999908447266,74.45999908447266,3859634,PKO.WA,0.013061212033641523,2.160766136468746,81.03799972534179,78.10519943237304,70.24729988098144,0.5550031815984049,2.4706907037618446,-0.12544045550550353
2025-08-26,74.80000305175781,74.81999969482422,73.05999755859375,74.30000305175781,74.30000305175781,5887943,PKO.WA,-0.0021487514730336166,2.1561231870501274,80.73499984741211,78.18399948120117,70.33979990005493,0.549919463325757,2.4706907037618446,-0.12731966661499172
2025-08-27,74.30000305175781,74.83999633789062,73.13999938964844,73.77999877929688,73.77999877929688,3763543,PKO.WA,-0.006998711320357565,2.141033103292834,80.32099990844726,78.25199951171875,70.41889989852905,0.5423356438370976,2.4706907037618446,-0.13342730434330685
2025-08-28,73.73999786376953,74.5999984741211,73.0999984741211,73.19999694824219,73.19999694824219,2282410,PKO.WA,-0.00786123394755922,2.1242019411783803,79.84199981689453,78.30719940185547,70.49489988327026,0.5400567147483332,2.4706907037618446,-0.1402396350364311
2025-08-29,73.04000091552734,73.63999938964844,70.55999755859375,71.0,71.0,2930715,PKO.WA,-0.030054604371059557,2.0603598922320274,79.27299995422364,78.32639938354492,70.55419988632202,0.5469891570341395,2.4706907037618446,-0.16607939265932892
2025-09-01,71.0,71.80000305175781,69.31999969482422,70.12000274658203,70.12000274658203,2562502,PKO.WA,-0.012394327512929126,2.0348231169332003,78.72099990844727,78.31839950561523,70.60479990005493,0.5465877873025993,2.4706907037618446,-0.17641527778649002
2025-09-02,70.0999984741211,71.58000183105469,68.83999633789062,71.13999938964844,71.13999938964844,3073982,PKO.WA,0.014546443284560784,2.0644225559977825,78.44199981689454,78.37039947509766,70.6625998878479,0.5205565390151276,2.4706907037618446,-0.16443504933478037
2025-09-03,71.5,72.5199966430664,71.04000091552734,71.62000274658203,71.62000274658203,4061316,PKO.WA,0.006747306171658973,2.0783518470507785,78.19899978637696,78.34879959106445,70.72749990463257,0.5217603329480197,2.4706907037618446,-0.15879723678633495
2025-09-04,71.4000015258789,74.05999755859375,70.16000366210938,73.5999984741211,73.5999984741211,3060972,PKO.WA,0.027645848249196803,2.135809646822782,77.90899963378907,78.39879959106446,70.80899990081787,0.5120543530661018,2.4706907037618446,-0.135541472847725
2025-09-05,74.0,74.55999755859375,71.26000213623047,71.26000213623047,71.26000213623047,3953561,PKO.WA,-0.03179342916309169,2.067904934110674,77.39699974060059,78.34999969482422,70.8696999168396,0.5089621892833949,2.4706907037618446,-0.16302557379517135
2025-09-08,71.87999725341797,73.5,71.72000122070312,72.86000061035156,72.86000061035156,2193660,PKO.WA,0.02245296696823429,2.11433553528971,76.86399993896484,78.33239974975587,70.95209991455079,0.5071447765916175,2.4706907037618446,-0.14423301465033744
2025-09-09,73.0999984741211,73.13999938964844,71.68000030517578,72.18000030517578,72.18000030517578,2127097,PKO.WA,-0.009332971444954485,2.0946025021137986,76.32900009155273,78.27119979858398,71.03349990844727,0.5072394368654722,2.4706907037618446,-0.15221986348814065
2025-09-10,71.55999755859375,71.94000244140625,69.91999816894531,71.16000366210938,71.16000366210938,3463523,PKO.WA,-0.014131291753309516,2.0650030630492164,75.7180004119873,78.20959991455078,71.11979991912841,0.505746655132008,2.4706907037618446,-0.1642000919398502
2025-09-11,70.12000274658203,73.0999984741211,70.12000274658203,72.5999984741211,72.5999984741211,2896934,PKO.WA,0.020236013742344294,2.1067904934110633,75.09100036621093,78.15279983520507,71.21309991836547,0.5051040975910649,2.4706907037618446,-0.147286833514495
2025-09-12,72.87999725341797,73.41999816894531,71.80000305175781,71.87999725341797,71.87999725341797,2725164,PKO.WA,-0.009917372394433022,2.0858966675308546,74.521000289917,78.04079971313476,71.30139989852906,0.502353914019985,2.4706907037618446,-0.15574350753216792
2025-09-15,72.45999908447266,72.9000015258789,71.22000122070312,71.81999969482422,71.81999969482422,3288554,PKO.WA,-0.0008346906077670857,2.084155589173694,73.9870002746582,77.93879974365234,71.38869989395141,0.5026948162574124,2.4706907037618446,-0.15644820049697727
2025-09-16,72.0,72.30000305175781,70.30000305175781,70.54000091552734,70.54000091552734,1943555,PKO.WA,-0.01782231669083567,2.047011108230465,73.36700019836425,77.81079971313477,71.46949989318847,0.5022452879263131,2.4706907037618446,-0.1714822478128445
2025-09-17,70.54000091552734,70.95999908447266,69.72000122070312,69.9800033569336,69.9800033569336,2128829,PKO.WA,-0.00793872343812918,2.030760453167445,72.7370002746582,77.64039978027344,71.54799991607666,0.5021018633691378,2.4706907037618446,-0.1780596211110388
2025-09-18,69.9800033569336,70.73999786376953,69.63999938964844,69.91999816894531,69.91999816894531,3751573,PKO.WA,-0.0008574619192603938,2.029019153411714,72.04600028991699,77.45119979858399,71.625599899292,0.4962782464938169,2.4706907037618446,-0.17876440368583846
2025-09-19,70.16000366210938,70.45999908447266,69.5999984741211,70.22000122070312,70.22000122070312,5444927,PKO.WA,0.004290661607755375,2.037724987994658,71.88200035095215,77.30359985351562,71.69949991226196,0.257041988866531,2.4706907037618446,-0.17524075964181118
2025-09-22,69.5199966430664,69.87999725341797,68.69999694824219,69.04000091552734,69.04000091552734,3087153,PKO.WA,-0.016804333304794583,2.003482378112887,71.61100044250489,77.12679992675781,71.76519990921021,0.2554492462880539,2.4706907037618446,-0.18910028881299934
2025-09-23,69.30000305175781,70.18000030517578,69.27999877929688,69.33999633789062,69.33999633789062,2749454,PKO.WA,0.004345240706620679,2.0121879912972607,71.36300010681153,76.94999984741212,71.82269989013672,0.25699035283383825,2.4706907037618446,-0.1855767343789626
2025-09-24,69.37999725341797,69.80000305175781,67.91999816894531,69.45999908447266,69.45999908447266,2973772,PKO.WA,0.001730642528408266,2.0156703694101523,71.14700012207031,76.76879989624024,71.88099988937378,0.2572027209018092,2.4706907037618446,-0.1841672588393536
2025-09-25,69.9000015258789,69.9000015258789,67.77999877929688,68.45999908447266,68.45999908447266,4861487,PKO.WA,-0.014396775312131349,1.9866512159984335,70.91000022888184,76.55959991455079,71.92779989242554,0.2599109719365273,2.4706907037618446,-0.1959126195061236
2025-09-26,68.18000030517578,70.81999969482422,68.12000274658203,70.5199966430664,70.5199966430664,3364859,PKO.WA,0.030090528573509356,2.0464306011790314,70.88600006103516,76.35719985961914,71.97839986801148,0.26516296884499635,2.4706907037618446,-0.17171720520777445
2025-09-29,71.30000305175781,71.31999969482422,69.94000244140625,70.18000030517578,70.18000030517578,2142209,PKO.WA,-0.00482127558246348,2.036564195290361,70.88899993896484,76.11639984130859,72.02439987182618,0.26188881440460404,2.4706907037618446,-0.17571058482168067
2025-09-30,69.77999877929688,70.5,69.54000091552734,70.4800033569336,70.4800033569336,2538421,PKO.WA,0.004274765609194375,2.045270029873305,70.8560001373291,75.91519989013672,72.07039989471436,0.2569016829503811,2.4706907037618446,-0.1721869407776534
2025-10-01,70.5,71.62000274658203,69.63999938964844,71.18000030517578,71.18000030517578,3302489,PKO.WA,0.009931851800533797,2.0655833487020803,70.8340000152588,75.74279983520508,72.1195998954773,0.2583120309042952,2.4706907037618446,-0.16396522415491044
2025-10-02,71.63999938964844,75.05999755859375,71.37999725341797,73.80000305175781,73.80000305175781,3549082,PKO.WA,0.03680813058933796,2.1416136103442684,70.84400024414063,75.62119995117187,72.18489990234374,0.27303171005180027,2.4706907037618446,-0.13319234694837656
2025-10-03,74.55999755859375,74.80000305175781,73.31999969482422,73.68000030517578,73.68000030517578,2239714,PKO.WA,-0.0016260534094811874,2.138131232231377,70.96500015258789,75.44919998168945,72.24659990310668,0.24566379351107653,2.4706907037618446,-0.13460182248798547
2025-10-06,73.68000030517578,74.5999984741211,73.19999694824219,73.27999877929688,73.27999877929688,2025009,PKO.WA,-0.005428902337433983,2.126523526586975,70.98600006103516,75.26720001220703,72.30739990234375,0.2342199726519756,2.4706907037618446,-0.1392999846766917
2025-10-07,74.0,74.95999908447266,72.4000015258789,73.55999755859375,73.55999755859375,3062452,PKO.WA,0.0038209441042729164,2.134648854118485,71.05499992370605,75.13119995117188,72.37119989395141,0.23161736852126377,2.4706907037618446,-0.13601129802759448
2025-10-08,73.68000030517578,74.83999633789062,73.0999984741211,73.62000274658203,73.62000274658203,2610577,PKO.WA,0.0008157312395298266,2.136390153874216,71.1779998779297,74.96240005493163,72.44189990997315,0.22459606609774374,2.4706907037618446,-0.13530651545279482
2025-10-09,74.0,74.5,73.18000030517578,73.18000030517578,73.18000030517578,1413100,PKO.WA,-0.005976669722776884,2.1236216555255174,71.20699996948242,74.77040008544923,72.50629991531372,0.2151238717985174,2.4706907037618446,-0.14047450282137053
2025-10-10,73.26000213623047,74.4000015258789,72.76000213623047,74.0,74.0,1548022,PKO.WA,0.011205243118401986,2.1474173524671842,71.31300010681153,74.60280014038086,72.57389991760255,0.214643670263405,2.4706907037618446,-0.13084331065901866
2025-10-13,73.22000122070312,74.69999694824219,73.16000366210938,74.44000244140625,74.44000244140625,1834394,PKO.WA,0.005945978937922369,2.1601858508158833,71.44400024414062,74.4684001159668,72.64789993286132,0.21499775835873977,2.4706907037618446,-0.12567532329044273
2025-10-14,74.27999877929688,74.4000015258789,73.30000305175781,73.81999969482422,73.81999969482422,1984855,PKO.WA,-0.008328892077482886,2.1421938959971323,71.60800018310547,74.41040008544923,72.71779993057251,0.20590829576025263,2.4706907037618446,-0.1329574791634368
2025-10-15,74.33999633789062,76.26000213623047,74.30000305175781,76.0,76.0,3858576,PKO.WA,0.029531296588837908,2.205455659290622,71.90900001525878,74.40080001831055,72.7987999343872,0.2232896309338141,2.4706907037618446,-0.10735258932547853
2025-10-16,76.4800033569336,76.5,74.9800033569336,75.4000015258789,75.4000015258789,2830575,PKO.WA,-0.007894716764751286,2.1880442115233047,72.18300018310546,74.32080001831055,72.87699995040893,0.22678508963107746,2.4706907037618446,-0.11439978780354243
2025-10-17,74.4000015258789,74.94000244140625,73.4000015258789,74.45999908447266,74.45999908447266,2652678,PKO.WA,-0.012466875628425855,2.1607661364687467,72.39500007629394,74.18,72.95299995422363,0.23406254761901016,2.4706907037618446,-0.1254404555055031
2025-10-20,75.26000213623047,75.95999908447266,74.9800033569336,75.62000274658203,75.62000274658203,2184386,PKO.WA,0.015578883647223707,2.1944284606976545,72.72400016784668,74.02200012207031,73.02959997177123,0.2257299684010461,2.4706907037618446,-0.11181579411925435
2025-10-21,75.86000061035156,76.04000091552734,75.05999755859375,75.5199966430664,75.5199966430664,1364006,PKO.WA,-0.0013224821460370295,2.1915263682376263,73.03300018310547,73.87480010986329,73.1037999534607,0.22672810502720941,2.4706907037618446,-0.11299040187392373
2025-10-22,75.5999984741211,77.05999755859375,75.4000015258789,76.54000091552734,76.54000091552734,1752192,PKO.WA,0.013506413106475934,2.2211260287007786,73.3870002746582,73.73800018310547,73.18469995498657,0.22875160197012792,2.4706907037618446,-0.10101008381222376
2025-10-23,76.5999984741211,77.5999984741211,75.62000274658203,77.36000061035156,77.36000061035156,3138119,PKO.WA,0.010713348380139154,2.244921725642445,73.83200035095214,73.58240020751953,73.2687999534607,0.21766284431948268,2.4706907037618446,-0.09137889164987201
2025-10-24,77.5999984741211,78.26000213623047,76.83999633789062,77.05999755859375,77.05999755859375,3601359,PKO.WA,-0.0038780125309056945,2.236215891059501,74.15900039672852,73.45800018310547,73.35039993286132,0.20101010367121594,2.4706907037618446,-0.09490253569389928
2025-10-27,77.86000061035156,78.0199966430664,76.36000061035156,76.63999938964844,76.63999938964844,3713834,PKO.WA,-0.005450274879985062,2.224027899762236,74.48200035095215,73.34080017089843,73.4331999206543,0.20140977365257462,2.4706907037618446,-0.09983556566754503
2025-10-28,76.9800033569336,78.36000061035156,76.58000183105469,78.26000213623047,78.26000213623047,5766512,PKO.WA,0.021137823062154615,2.271039007992705,74.87100028991699,73.24720016479492,73.52409992218017,0.20988923428744857,2.4706907037618446,-0.08080804912778117
2025-10-29,78.5999984741211,78.80000305175781,76.83999633789062,77.80000305175781,77.80000305175781,3125890,PKO.WA,-0.005877831228165764,2.257690223991143,75.20200042724609,73.15160018920898,73.60899993896484,0.2127754634326662,2.4706907037618446,-0.08621090428129652
2025-10-30,78.16000366210938,78.16000366210938,76.5199966430664,77.05999755859375,77.05999755859375,2282540,PKO.WA,-0.009511638356514696,2.236215891059501,75.3650001525879,73.01800018310547,73.69179992675781,0.18072118235736212,2.4706907037618446,-0.09490253569389928
2025-10-31,77.31999969482422,77.36000061035156,75.5199966430664,75.69999694824219,75.69999694824219,3119903,PKO.WA,-0.01764859399739105,2.1967498247076778,75.46599998474122,73.06200012207032,73.7661999130249,0.19373040333260214,2.4706907037618446,-0.1108762333695058
2025-11-03,76.0999984741211,77.16000366210938,76.0199966430664,76.77999877929688,76.77999877929688,1734587,PKO.WA,0.014266867563985652,2.228090563527991,75.64099998474121,73.1084001159668,73.84309989929199,0.19707664260718055,2.4706907037618446,-0.09819122234299649
2025-11-04,76.04000091552734,76.5999984741211,75.5199966430664,76.41999816894531,76.41999816894531,1289461,PKO.WA,-0.004688729045000062,2.2176436505878865,75.78400001525878,73.15080001831055,73.91429988861084,0.1985768259530529,2.4706907037618446,-0.10241955935183289
2025-11-05,76.22000122070312,76.54000091552734,75.08000183105469,75.4800033569336,75.4800033569336,1904126,PKO.WA,-0.0123003773165975,2.1903657969318986,75.87700004577637,73.18480010986327,73.96679988861084,0.20495469473654385,2.4706907037618446,-0.11346013744380334
2025-11-06,76.0,77.83999633789062,75.72000122070312,76.81999969482422,76.81999969482422,2350160,PKO.WA,0.01775299785764428,2.2292513562322878,76.05900001525879,73.25720016479492,74.02649990081787,0.21095983972051327,2.4706907037618446,-0.097721397163127
2025-11-07,76.86000061035156,77.30000305175781,75.18000030517578,75.30000305175781,75.30000305175781,1807135,PKO.WA,-0.019786470308575388,2.185142340461846,76.12400016784667,73.34320022583007,74.07639991760254,0.22239773362475823,2.4706907037618446,-0.1155743059482216
2025-11-10,77.0,77.36000061035156,76.19999694824219,76.94000244140625,76.94000244140625,2751145,PKO.WA,0.02177953948449618,2.2327337343451794,76.24900016784667,73.47960021972656,74.13469993591309,0.23390613662184453,2.4706907037618446,-0.09631192162351798
2025-11-12,77.30000305175781,78.76000213623047,76.5999984741211,77.5,77.5,3998327,PKO.WA,0.007278366790022028,2.248984389408199,76.43300018310546,73.60680023193359,74.18989994049072,0.231530245464483,2.4706907037618446,-0.08973454832532379
2025-11-13,77.0999984741211,78.4800033569336,76.33999633789062,76.5,76.5,2637601,PKO.WA,-0.012903225806451646,2.2199652359964803,76.45800018310547,73.70440017700196,74.24139995574951,0.2142618690950941,2.4706907037618446,-0.1014799089920938
2025-11-14,76.0,76.31999969482422,74.55999755859375,75.4000015258789,75.4000015258789,1776089,PKO.WA,-0.014379065021190796,2.188044211523304,76.45800018310547,73.74040023803711,74.28069995880126,0.21878557775772853,2.4706907037618446,-0.11439978780354276
2025-11-17,75.5199966430664,75.95999908447266,74.5,74.77999877929688,74.77999877929688,1634488,PKO.WA,-0.00822284793149819,2.170052256704553,76.47400016784668,73.81080017089843,74.31999996185303,0.2160565676168403,2.4706907037618446,-0.12168194367653684
2025-11-18,74.0,74.37999725341797,72.87999725341797,73.55999755859375,73.55999755859375,2490563,PKO.WA,-0.016314539189868027,2.1346488541184847,76.37099990844726,73.82480010986328,74.35899993896484,0.21580724117848235,2.4706907037618446,-0.1360112980275947
2025-11-19,73.5,75.58000183105469,73.19999694824219,75.4000015258789,75.4000015258789,1549135,PKO.WA,0.02501364910758075,2.188044211523304,76.3650001525879,73.88920013427735,74.4097999572754,0.235140452266489,2.4706907037618446,-0.11439978780354276
2025-11-20,76.0999984741211,76.63999938964844,75.0199966430664,75.31999969482422,75.31999969482422,1749574,PKO.WA,-0.001061032220632363,2.1857226261147096,76.30400009155274,73.97240005493164,74.46729995727539,0.2296848802110005,2.4706907037618446,-0.11533943816328207
2025-11-21,73.9000015258789,74.55999755859375,73.19999694824219,73.76000213623047,73.76000213623047,1584034,PKO.WA,-0.020711598047191027,2.140452817639971,76.12400016784667,73.99560012817383,74.50499996185303,0.23596741416088707,2.4706907037618446,-0.13366217212824627
2025-11-24,74.80000305175781,75.05999755859375,73.55999755859375,74.27999877929688,74.27999877929688,3559300,PKO.WA,0.007049845824380618,2.155542679998694,75.98500022888183,74.0436001586914,74.53899993896485,0.2381610510478901,2.4706907037618446,-0.12755462400992168
2025-11-25,74.72000122070312,76.95999908447266,74.13999938964844,76.86000061035156,76.86000061035156,2131195,PKO.WA,0.03473346625543794,2.2304121489365847,75.99600028991699,74.14440017700196,74.58639995574951,0.2703693104163729,2.4706907037618446,-0.0972515719832574
2025-11-26,77.5,77.80000305175781,76.36000061035156,77.80000305175781,77.80000305175781,1773711,PKO.WA,0.012230060290679301,2.2576902239911427,75.97300033569336,74.28960021972657,74.63269996643066,0.2630036733323647,2.4706907037618446,-0.08621090428129663
2025-11-27,77.80000305175781,77.94000244140625,77.27999877929688,77.87999725341797,77.87999725341797,1078214,PKO.WA,0.0010282030658397279,2.260011588001167,75.97700004577636,74.44760009765625,74.67099994659424,0.2621551744885247,2.4706907037618446,-0.08527134353154775
2025-11-28,77.5,77.86000061035156,76.5999984741211,77.4000015258789,77.4000015258789,1662056,PKO.WA,-0.0061632735550462,2.2460825183467414,75.99400024414062,74.59720016479493,74.7003999710083,0.2607791596863511,2.4706907037618446,-0.09090906647000263
2025-12-01,77.4000015258789,78.13999938964844,77.13999938964844,78.04000091552734,78.04000091552734,1615487,PKO.WA,0.008268725801438892,2.264654758818356,76.11100044250489,74.75360015869141,74.73929996490479,0.253173892534338,2.4706907037618446,-0.08339204281206902
2025-12-02,78.0,78.0,76.41999816894531,76.9000015258789,76.9000015258789,4543619,PKO.WA,-0.014607885395624298,2.231572941640882,76.11700057983398,74.91080017089844,74.77269996643066,0.25482063518795217,2.4706907037618446,-0.09678174680338769
2025-12-03,76.9000015258789,78.04000091552734,76.55999755859375,77.5,77.5,2481088,PKO.WA,0.00780232070501552,2.248984389408199,76.17100067138672,75.07400024414062,74.79449996948242,0.25549895937378575,2.4706907037618446,-0.08973454832532379
2025-12-04,78.0199966430664,78.41999816894531,77.33999633789062,77.66000366210938,77.66000366210938,2154079,PKO.WA,0.0020645633820564058,2.2536275602253877,76.28000068664551,75.23800033569336,74.82180000305176,0.25075602976427125,2.4706907037618446,-0.08785524760584529
2025-12-05,77.76000213623047,77.9000015258789,76.69999694824219,77.31999969482422,77.31999969482422,2095026,PKO.WA,-0.004378109081277892,2.2437609329381467,76.30500068664551,75.4152003479004,74.85110000610352,0.24399479443566954,2.4706907037618446,-0.09184871682974216
2025-12-08,77.73999786376953,78.86000061035156,77.55999755859375,77.86000061035156,77.86000061035156,1459494,PKO.WA,0.006983974620520916,2.259431302348303,76.4330005645752,75.56200042724609,74.88569999694825,0.23281516990726386,2.4706907037618446,-0.0855062113164875
2025-12-09,78.0,80.19999694824219,77.87999725341797,80.0,80.0,3187480,PKO.WA,0.027485221845270802,2.321532272937495,76.58600044250488,75.75840042114258,74.94290000915527,0.24008511555627304,2.4706907037618446,-0.060371146658399044
2025-12-10,79.9800033569336,80.5,79.18000030517578,80.5,80.5,2206283,PKO.WA,0.006250000000000089,2.3360418496433546,76.73600044250489,75.95880035400391,75.00069999694824,0.23981624771293134,2.4706907037618446,-0.05449846632501398
2025-12-11,80.5,82.0,79.62000274658203,81.37999725341797,81.37999725341797,2629045,PKO.WA,0.010931642899602023,2.3615786249421817,76.98000030517578,76.16280029296875,75.05649997711181,0.23503615966968622,2.4706907037618446,-0.04416258119785299
2025-12-12,82.0,82.77999877929688,81.0999984741211,81.19999694824219,81.19999694824219,2444084,PKO.WA,-0.0022118494869846073,2.35635516847213,77.27000007629394,76.31080017089843,75.11299995422364,0.22678975535645773,2.4706907037618446,-0.046276749702271025
2025-12-15,81.18000030517578,84.16000366210938,80.5999984741211,83.5,83.5,3353897,PKO.WA,0.0283251618004845,2.423099309878511,77.7060001373291,76.50720016479492,75.18499996185302,0.23790734649229026,2.4706907037618446,-0.01926238432470384
2025-12-16,83.0,84.0,82.58000183105469,82.81999969482422,82.81999969482422,2449717,PKO.WA,-0.008143716229650044,2.4033662767025996,78.16900024414062,76.69800018310546,75.24949996948243,0.22952892364764393,2.4706907037618446,-0.027249233162507047
2025-12-17,83.19999694824219,83.26000213623047,82.16000366210938,82.54000091552734,82.54000091552734,2897855,PKO.WA,-0.00338081116069322,2.3952409491710895,78.52600021362305,76.87760025024414,75.3323999786377,0.22035113742840512,2.4706907037618446,-0.03053791981160414
2025-12-18,82.5199966430664,83.80000305175781,82.22000122070312,83.73999786376953,83.73999786376953,2360360,PKO.WA,0.01453836848718093,2.4300638447057237,78.9470001220703,77.08000015258789,75.40109996795654,0.22196391568313878,2.4706907037618446,-0.016443522855476345
2025-12-19,83.5199966430664,84.86000061035156,83.22000122070312,84.13999938964844,84.13999938964844,4656500,PKO.WA,0.004776708097480986,2.4416715503501254,79.46599998474122,77.29920013427734,75.46179996490478,0.1994895834258679,2.4706907037618446,-0.011745360666770233
2025-12-22,84.13999938964844,85.5,83.73999786376953,84.81999969482422,84.81999969482422,1274574,PKO.WA,0.008081772166728118,2.4614045835260367,79.99300003051758,77.51560012817383,75.52089996337891,0.19954863802431339,2.4706907037618446,-0.003758511828967026
2025-12-23,84.86000061035156,85.41999816894531,83.81999969482422,84.44000244140625,84.44000244140625,1550374,PKO.WA,-0.004480043088719299,2.450377384933069,80.37200012207032,77.71560012817383,75.58909996032715,0.17339695238910902,2.4706907037618446,-0.00822171662274307
2025-12-29,84.45999908447266,85.27999877929688,84.0,84.62000274658203,84.62000274658203,1175655,PKO.WA,0.002131694694119446,2.455600841403121,80.71300010681152,77.93160018920898,75.66059997558594,0.17132741314254135,2.4706907037618446,-0.006107548118324924
2025-12-30,84.9000015258789,86.22000122070312,84.58000183105469,85.16000366210938,85.16000366210938,2245375,PKO.WA,0.006381480713780308,2.4712712108132777,81.07700042724609,78.11480026245117,75.72819999694825,0.17103951314117755,2.4712712108132777,0.0
2026-01-02,85.16000366210938,88.76000213623047,85.16000366210938,87.95999908447266,87.95999908447266,2312679,PKO.WA,0.03287923088252631,2.5525247075269477,81.60500030517578,78.36600021362305,75.79790000915527,0.1933480919758525,2.5525247075269477,0.0
2026-01-05,88.0,88.55999755859375,87.0,87.45999908447266,87.45999908447266,4950744,PKO.WA,-0.005684402060075366,2.5380151308210883,82.07600021362305,78.62600021362304,75.84459999084473,0.19793015323760527,2.5525247075269477,-0.005684402060075366
2026-01-07,87.54000091552734,88.37999725341797,85.22000122070312,86.66000366210938,86.66000366210938,4939312,PKO.WA,-0.009146986402213564,2.5147999409308555,82.56400032043457,78.8468002319336,75.88229999542236,0.19130526421976174,2.5525247075269477,-0.014779393313940736
2026-01-08,85.80000305175781,86.4000015258789,85.22000122070312,86.4000015258789,86.4000015258789,2703407,PKO.WA,-0.003000255310907085,2.5072548990522088,83.00900039672851,79.06440032958984,75.91409999847411,0.19382696411943318,2.5525247075269477,-0.017735306671565643
2026-01-09,86.19999694824219,87.44000244140625,85.04000091552734,87.37999725341797,87.37999725341797,3556901,PKO.WA,0.011342542942496703,2.5356935454124936,83.49500007629395,79.28120025634766,75.95449996948243,0.19443005660201534,2.5525247075269477,-0.006593927206589578
2026-01-12,87.66000366210938,89.08000183105469,87.0999984741211,88.73999786376953,88.73999786376953,2322581,PKO.WA,0.01556420980888018,2.5751596117643167,84.06599998474121,79.50880020141602,76.00669994354249,0.19321609070236545,2.5751596117643167,0.0
2026-01-13,89.0999984741211,89.18000030517578,86.69999694824219,87.0,87.0,5867228,PKO.WA,-0.019607819536357374,2.524666346819526,84.52299995422364,79.70760025024414,76.06109992980957,0.2150354736168924,2.5751596117643167,-0.019607819536357374
2026-01-14,87.08000183105469,87.5,85.76000213623047,86.86000061035156,86.86000061035156,3541779,PKO.WA,-0.0016091883867636048,2.520603683053771,84.86599998474121,79.9120002746582,76.11149993896484,0.20013867193830442,2.5751596117643167,-0.021185455247633378
2026-01-15,86.86000061035156,88.19999694824219,86.5,87.27999877929688,87.27999877929688,2541070,PKO.WA,0.00483534614315051,2.532791674351036,85.20499992370605,80.09240020751953,76.15439994812012,0.20000914853037546,2.5751596117643167,-0.016452548113805365
2026-01-16,87.5,87.5,86.27999877929688,86.69999694824219,86.69999694824219,2559531,PKO.WA,-0.006645300632064921,2.5159605122365822,85.47099990844727,80.27040008544923,76.19539993286133,0.2018002640523394,2.5751596117643167,-0.022988516617490573
2026-01-19,85.9800033569336,87.18000030517578,85.4000015258789,87.0,87.0,2552261,PKO.WA,0.003460242933306157,2.5246663468195263,85.76100006103516,80.46920013427734,76.24089992523193,0.20076687621855743,2.5751596117643167,-0.019607819536357263
2026-01-20,86.91999816894531,87.33999633789062,85.80000305175781,87.33999633789062,87.33999633789062,3058554,PKO.WA,0.003908003883800193,2.5345327527081967,85.95299987792968,80.70200012207032,76.29409992218018,0.17821408759955856,2.5751596117643167,-0.01577644308745796
2026-01-21,87.30000305175781,87.41999816894531,85.72000122070312,87.33999633789062,87.33999633789062,2620766,PKO.WA,0.0,2.5345327527081967,86.178999710083,80.9132000732422,76.35479991912842,0.17417704178080967,2.5751596117643167,-0.01577644308745796
2026-01-22,87.55999755859375,90.5,87.54000091552734,90.16000366210938,90.16000366210938,3641241,PKO.WA,0.03228769684520061,2.616366977871871,86.55999984741212,81.18800018310547,76.42699993133544,0.20148995271836734,2.616366977871871,0.0
2026-01-23,90.0,90.0,88.12000274658203,88.30000305175781,88.30000305175781,1630692,PKO.WA,-0.02062999705858759,2.5623913348141882,86.78800010681152,81.44440017700195,76.49059993743896,0.21637470260892447,2.616366977871871,-0.0206299970585877
2026-01-26,88.30000305175781,90.91999816894531,88.0,90.5999984741211,90.5999984741211,2349972,PKO.WA,0.02604751237681291,2.629135254821999,87.11100006103516,81.72000015258789,76.58399993896484,0.23166087715921993,2.629135254821999,0.0
2026-01-27,90.5999984741211,93.5,89.87999725341797,92.76000213623047,92.76000213623047,3826653,PKO.WA,0.023841100424812467,2.691816732462625,87.50800018310547,82.06920013427734,76.72759994506836,0.24204043593916585,2.691816732462625,0.0
2026-01-28,93.0,93.41999816894531,92.12000274658203,92.4000015258789,92.4000015258789,2972772,PKO.WA,-0.003880989672928825,2.6813698195225206,87.9060001373291,82.3784001159668,76.86499996185303,0.24175174359349372,2.691816732462625,-0.003880989672928825
2026-01-29,92.4000015258789,93.30000305175781,90.81999969482422,90.81999969482422,90.81999969482422,2307735,PKO.WA,-0.017099586633796404,2.635519503996348,88.21599998474122,82.64480010986328,76.98169994354248,0.25372264261323857,2.691816732462625,-0.02091421298758811
2026-01-30,90.86000061035156,93.33999633789062,90.62000274658203,92.58000183105469,92.58000183105469,3530896,PKO.WA,0.019379014998287536,2.6865932759925726,88.58699989318848,82.96640014648438,77.12189994812012,0.2596946982248292,2.691816732462625,-0.0019404948364645236
2026-02-02,91.18000030517578,93.63999938964844,90.0,93.5,93.5,10776976,PKO.WA,0.009937331505179392,2.7132908439956966,88.86399993896484,83.3284001159668,77.24669994354248,0.23809268131832856,2.7132908439956966,0.0
2026-02-03,95.0,97.0999984741211,94.27999877929688,96.5,96.5,6174262,PKO.WA,0.03208556149732611,2.8003483042308526,89.31599998474121,83.76280014038086,77.39639995574952,0.2565088439667055,2.8003483042308526,0.0
2026-02-04,96.80000305175781,96.94000244140625,95.31999969482422,96.0999984741211,96.0999984741211,2133426,PKO.WA,-0.004145093532423871,2.7887405985864513,89.78799972534179,84.2136001586914,77.53399993896484,0.25343221969368435,2.8003483042308526,-0.00414509353242376
2026-02-05,95.68000030517578,96.80000305175781,92.5199966430664,92.94000244140625,92.94000244140625,2454549,PKO.WA,-0.03288237339114841,2.697040188932677,90.11499977111816,84.56440017700196,77.64809993743897,0.2864629731227894,2.8003483042308526,-0.03689116641029777
2026-02-06,92.94000244140625,93.68000030517578,92.27999877929688,93.16000366210938,93.16000366210938,2525350,PKO.WA,0.0023671316432536393,2.7034244381070263,90.40400009155273,84.92120025634766,77.76429996490478,0.2851009350075208,2.8003483042308526,-0.034611361014410535
2026-02-09,94.54000091552734,95.0,92.54000091552734,93.81999969482422,93.81999969482422,1756213,PKO.WA,0.007084542794874027,2.7225769642315036,90.65800018310547,85.32240020751954,77.87999996185303,0.2818573066719482,2.8003483042308526,-0.027772023887831954
2026-02-10,94.33999633789062,94.33999633789062,92.55999755859375,92.55999755859375,92.55999755859375,2384140,PKO.WA,-0.013429995100500691,2.6860127689411386,90.93600006103516,85.68800018310547,77.98209995269775,0.27609772275464467,2.8003483042308526,-0.04082904084358807
2026-02-11,92.69999694824219,92.9800033569336,91.19999694824219,91.94000244140625,91.94000244140625,2488425,PKO.WA,-0.006698305245686931,2.668021035520958,91.19000015258788,85.98960021972657,78.06159996032714,0.2778698417838912,2.8003483042308526,-0.04725386071081594
2026-02-12,92.0,92.94000244140625,91.66000366210938,92.0,92.0,2646515,PKO.WA,0.0006525729497559585,2.669762113878119,91.42600021362304,86.27360015869141,78.13849994659424,0.27789830312623426,2.8003483042308526,-0.04663212435233144
2026-02-13,91.95999908447266,91.95999908447266,88.54000091552734,89.33999633789062,89.33999633789062,3722272,PKO.WA,-0.028913083283797603,2.5925710595316334,91.55800018310546,86.50280014038086,78.20419994354248,0.2984019782966841,2.8003483042308526,-0.07419692914102971
2026-02-16,89.80000305175781,90.13999938964844,88.81999969482422,89.4000015258789,89.4000015258789,1569994,PKO.WA,0.0006716497699568169,2.5943123592873647,91.67800025939941,86.74280014038087,78.27209995269776,0.2983440781834258,2.8003483042308526,-0.07357511372146186
2026-02-17,89.0,89.19999694824219,87.81999969482422,89.19999694824219,89.19999694824219,2332573,PKO.WA,-0.002237187631130233,2.5885083957658788,91.771000289917,86.96600006103516,78.33889995574951,0.2984915908151598,2.8003483042308526,-0.07564770001821541
2026-02-18,90.4000015258789,90.5,89.30000305175781,89.54000091552734,89.54000091552734,1866558,PKO.WA,0.0038117037995242242,2.5983750230531197,91.88100051879883,87.21880004882813,78.42469997406006,0.2985912790270027,2.8003483042308526,-0.07212434284427593
2026-02-19,90.0,90.9800033569336,89.58000183105469,90.68000030517578,90.68000030517578,2607106,PKO.WA,0.012731733057764094,2.6314568402305936,91.90700035095215,87.48240005493165,78.50309997558594,0.27921136251381706,2.8003483042308526,-0.06031087766657195
2026-02-20,90.5,91.4000015258789,89.76000213623047,91.4000015258789,91.4000015258789,1466051,PKO.WA,0.007940022257168389,2.6523506661108023,92.0620002746582,87.75720001220704,78.58649997711181,0.2688488008016242,2.8003483042308526,-0.05284972512042552
2026-02-23,91.4000015258789,93.62000274658203,91.30000305175781,92.9000015258789,92.9000015258789,2561809,PKO.WA,0.01641137828181871,2.6958793962283805,92.1770004272461,88.06880004882812,78.68549999237061,0.2593604879694562,2.8003483042308526,-0.03730568366964826
2026-02-24,93.05999755859375,93.08000183105469,90.44000244140625,91.58000183105469,91.58000183105469,2355890,PKO.WA,-0.014208823176999785,2.6575741225808547,92.11800041198731,88.34320007324219,78.77360000610352,0.25068094426030885,2.8003483042308526,-0.05098443698388888
2026-02-25,92.86000061035156,93.9800033569336,91.77999877929688,93.58000183105469,93.58000183105469,2179446,PKO.WA,0.02183882900209544,2.715612429404292,92.1770004272461,88.61480010986328,78.86870002746582,0.26245701685600464,2.8003483042308526,-0.03025904838285265
2026-02-26,93.58000183105469,94.23999786376953,92.83999633789062,93.5999984741211,93.5999984741211,2600424,PKO.WA,0.00021368500400864576,2.716192715057155,92.31600036621094,88.8768000793457,78.94530002593994,0.25388216587782586,2.8003483042308526,-0.030051829283718967
2026-02-27,93.80000305175781,93.80000305175781,91.94000244140625,92.45999908447266,92.45999908447266,4545335,PKO.WA,-0.012179480857188563,2.6831108978796814,92.31000022888183,89.0984001159668,79.01750003814698,0.24929333754442076,2.8003483042308526,-0.04186529446142295
2026-03-02,88.69999694824219,90.9000015258789,87.9800033569336,89.05999755859375,89.05999755859375,3065995,PKO.WA,-0.03677267531413908,2.5844457320001237,92.08800010681152,89.25560012817382,79.07180004119873,0.27819152803014313,2.8003483042308526,-0.07709847089540134
2026-03-03,88.80000305175781,88.91999816894531,85.05999755859375,85.19999694824219,85.19999694824219,3130995,PKO.WA,-0.04334157552398332,2.472431782119004,91.52299995422364,89.28960006713868,79.10300003051758,0.28339113632814666,2.8003483042308526,-0.11709847722028799
2026-03-04,85.0,88.62000274658203,85.0,88.23999786376953,88.23999786376953,4440834,PKO.WA,0.035680763197375454,2.5606500350584573,91.12999992370605,89.39800003051758,79.15610000610351,0.319862933788772,2.8003483042308526,-0.08559587705938287
2026-03-05,88.80000305175781,90.19999694824219,87.18000030517578,88.69999694824219,88.69999694824219,3487637,PKO.WA,0.0052130450544982665,2.57399881906002,90.91799964904786,89.52119995117188,79.21379997253418,0.3024488136263508,2.8003483042308526,-0.08082904716847439
2026-03-06,88.9000015258789,89.0,84.19999694824219,84.5999984741211,84.5999984741211,3780435,PKO.WA,-0.04622320873938146,2.455020334351687,90.48999938964843,89.53839996337891,79.25879997253418,0.3396930150965122,2.8003483042308526,-0.12331607798838218
2026-03-09,83.0,85.08000183105469,80.80000305175781,85.08000183105469,85.08000183105469,3438778,PKO.WA,0.005673798647649164,2.468949625404683,90.05299949645996,89.55720001220703,79.30419998168945,0.33908645415153,2.8003483042308526,-0.11834194993725677
2026-03-10,87.5,89.0999984741211,87.4000015258789,87.80000305175781,87.80000305175781,3223132,PKO.WA,0.0319699243319751,2.547881758108329,89.81499977111817,89.61680007934571,79.36729999542236,0.3610905824951748,2.8003483042308526,-0.09015540879007422
2026-03-11,88.0,88.33999633789062,86.68000030517578,87.5999984741211,87.5999984741211,2853922,PKO.WA,-0.0022779563859333107,2.542077794586843,89.5979995727539,89.68,79.43079998016357,0.36073152018707205,2.8003483042308526,-0.09222799508682777
2026-03-12,88.0199966430664,88.30000305175781,84.54000091552734,86.0199966430664,86.0199966430664,2338430,PKO.WA,-0.018036550896989523,2.4962274790606704,89.29899940490722,89.7079998779297,79.490299949646,0.3648702033925472,2.8003483042308526,-0.10860107105630645
2026-03-13,86.05999755859375,87.68000030517578,85.0199966430664,86.5199966430664,86.5199966430664,2702057,PKO.WA,0.005812601947367213,2.51073705576653,89.15799942016602,89.73519973754883,79.54379993438721,0.35291394802238035,2.8003483042308526,-0.10341972390604737
2026-03-16,86.5199966430664,87.33999633789062,85.58000183105469,86.68000030517578,86.68000030517578,1959207,PKO.WA,0.0018493258011724745,2.515380226583719,89.02199935913086,89.70959976196289,79.59179992675782,0.3530288467576405,2.8003483042308526,-0.10176165486864441
2026-03-17,86.0,88.77999877929688,86.0,87.80000305175781,87.80000305175781,2284735,PKO.WA,0.012921120704185718,2.5478817581083293,88.95199966430664,89.7163998413086,79.64179992675781,0.3565814241078702,2.8003483042308526,-0.09015540879007411
2026-03-18,88.95999908447266,91.31999969482422,88.41999816894531,88.45999908447266,88.45999908447266,3566583,PKO.WA,0.0075170388357022055,2.5670342842328067,88.8979995727539,89.75239974975585,79.70399993896484,0.3574239428113408,2.8003483042308526,-0.08331607166349553
2026-03-19,88.19999694824219,88.27999877929688,86.41999816894531,86.94000244140625,86.94000244140625,3900312,PKO.WA,-0.017182869758057828,2.522925268462365,88.71099967956543,89.7631997680664,79.76229995727539,0.3586588086209971,2.8003483042308526,-0.09906733221340658
2026-03-20,87.0,87.86000061035156,85.19999694824219,85.19999694824219,85.19999694824219,5839767,PKO.WA,-0.020013865243870388,2.4724317821190036,88.4009994506836,89.7195997619629,79.82359992980957,0.36223730133311455,2.8003483042308526,-0.1170984772202881
2026-03-23,84.19999694824219,89.5,82.87999725341797,87.45999908447266,87.45999908447266,3682348,PKO.WA,0.026525847619494503,2.5380151308210874,88.12899932861328,89.69399978637695,79.90179992675782,0.3711897514675961,2.8003483042308526,-0.09367876596401392
2026-03-24,87.87999725341797,87.87999725341797,85.58000183105469,85.68000030517578,85.68000030517578,2173177,PKO.WA,-0.020352147243652197,2.4863610731719996,87.83399925231933,89.66759979248047,79.9711999130249,0.3743320941498908,2.8003483042308526,-0.1121243491691628
2026-03-25,87.4800033569336,88.08000183105469,86.66000366210938,86.66000366210938,86.66000366210938,2232131,PKO.WA,0.011437947635889456,2.514799940930855,87.48799934387208,89.66359985351562,80.05229991912842,0.36690399519348416,2.8003483042308526,-0.10196887396777832
2026-03-26,86.69999694824219,87.13999938964844,85.66000366210938,86.54000091552734,86.54000091552734,1669513,PKO.WA,-0.001384753536936456,2.5113175628179634,87.13499946594239,89.64879989624023,80.13979991912842,0.36672871939343055,2.8003483042308526,-0.10321242574583045
2026-03-27,86.9800033569336,87.0,85.22000122070312,86.19999694824219,86.19999694824219,1703536,PKO.WA,-0.00392886484502164,2.5014509355307224,86.82199935913086,89.63879989624023,80.21859989166259,0.36535285862147243,2.8003483042308526,-0.10673578291976993
2026-03-30,86.19999694824219,86.5,84.9800033569336,85.5,85.5,2234829,PKO.WA,-0.008120614536245241,2.481137616701947,86.64399948120118,89.60879989624023,80.28169990539551,0.3440129337418933,2.8003483042308526,-0.11398963730569944
2026-03-31,86.08000183105469,87.81999969482422,85.81999969482422,86.86000061035156,86.86000061035156,2070988,PKO.WA,0.01590643988715268,2.52060368305377,86.72699966430665,89.59919998168945,80.35259990692138,0.31194147007843065,2.8003483042308526,-0.09989636673210822
2026-04-01,89.0,89.9000015258789,88.54000091552734,89.41999816894531,89.41999816894531,2719405,PKO.WA,0.029472686398860803,2.594892644940227,86.78599967956544,89.64080001831054,80.44189990997315,0.303490599761472,2.8003483042308526,-0.0733678946223284
2026-04-02,88.9000015258789,90.12000274658203,87.72000122070312,90.0,90.0,1962857,PKO.WA,0.006486265297823701,2.611723807054681,86.85099983215332,89.63759994506836,80.54009990692138,0.3037675097224377,2.8003483042308526,-0.067357512953368
2026-04-07,90.0,92.37999725341797,89.37999725341797,90.94000244140625,90.94000244140625,2597204,PKO.WA,0.010444471571180447,2.6390018821092385,87.16800003051758,89.69039993286133,80.64289993286133,0.24879175309174906,2.8003483042308526,-0.05761655501133445
2026-04-08,92.86000061035156,97.4800033569336,92.77999877929688,96.0,96.0,4653759,PKO.WA,0.055641053692009335,2.7858387275249923,87.71399993896485,89.79839996337891,80.7706999206543,0.30971688883314524,2.8003483042308526,-0.005181347150259419
2026-04-09,95.0,96.16000366210938,94.5999984741211,95.61000061035156,95.61000061035156,2557546,PKO.WA,-0.004062493642171261,2.7745212754063076,88.10449981689453,89.85539993286133,80.89854991912841,0.29611708686883864,2.8003483042308526,-0.009222791602574887
2026-04-10,96.19999694824219,99.25,95.13999938964844,99.25,99.25,2948050,PKO.WA,0.03807132482388398,2.880150976113078,88.68699989318847,89.99239990234375,81.04219993591309,0.31783072598632334,2.880150976113078,0.0
2026-04-13,98.80000305175781,99.6500015258789,97.80000305175781,99.30000305175781,99.30000305175781,4699360,PKO.WA,0.0005038090857210076,2.881602022343092,89.35100021362305,90.16199996948242,81.19599994659424,0.305458329789284,2.881602022343092,0.0
2026-04-14,100.0,102.0,99.98999786376953,101.22000122070312,101.22000122070312,3377162,PKO.WA,0.01933532839817298,2.9373187437579347,90.08600044250488,90.3347999572754,81.33859996795654,0.3082979718556607,2.9373187437579347,0.0
2026-04-15,100.5,101.58000183105469,99.44999694824219,100.58000183105469,100.58000183105469,2884696,PKO.WA,-0.006322854988442095,2.9187465032863202,90.78100051879883,90.47639999389648,81.48599998474121,0.3118237005245539,2.9373187437579347,-0.006322854988442095
2026-04-16,101.22000122070312,101.22000122070312,98.6500015258789,99.83999633789062,99.83999633789062,2873909,PKO.WA,-0.007357381981430655,2.8972721703546775,91.38300018310547,90.5431999206543,81.61669998168945,0.3155584349718321,2.9373187437579347,-0.013633717310509663
2026-04-17,99.81999969482422,102.54000091552734,99.1500015258789,102.0,102.0,3205076,PKO.WA,0.021634652857951187,2.9599536479953037,92.06000022888183,90.66119995117188,81.7579999923706,0.3200316759149184,2.9599536479953037,0.0
2026-04-20,100.54000091552734,101.13999938964844,99.79000091552734,100.62000274658203,100.62000274658203,1781649,PKO.WA,-0.013529384837431047,2.919907295990617,92.74400024414062,90.8147999572754,81.88490001678467,0.31656307535769834,2.9599536479953037,-0.013529384837431047
2026-04-21,100.4800033569336,101.22000122070312,100.0999984741211,100.0999984741211,100.0999984741211,1058928,PKO.WA,-0.005168000976610965,2.9048172122333242,93.48900032043457,90.95359985351563,82.01420001983642,0.30355635369776635,2.9599536479953037,-0.018627465939989207
2026-04-22,100.80000305175781,100.80000305175781,97.83999633789062,98.41000366210938,98.41000366210938,1925732,PKO.WA,-0.016883065312419898,2.8557749935185477,94.0365005493164,91.04539993286133,82.12905002593995,0.3079906692300958,2.9599536479953037,-0.03519604252833941
2026-04-23,99.02999877929688,99.12999725341797,95.80000305175781,96.70999908447266,96.70999908447266,2233582,PKO.WA,-0.017274713081748105,2.8064422998794836,94.58800048828125,91.12839996337891,82.22520000457763,0.30466199416546613,2.9599536479953037,-0.05186275407379748
2026-04-24,97.58000183105469,97.76000213623047,95.29000091552734,96.58000183105469,96.58000183105469,2038341,PKO.WA,-0.0013441966151237494,2.8026698896394455,95.08400039672851,91.22119995117187,82.32350002288818,0.3051505417580518,2.9599536479953037,-0.053137236950444255
2026-04-27,96.88999938964844,96.93000030517578,96.08999633789062,96.86000061035156,96.86000061035156,1969260,PKO.WA,0.0028991382686724965,2.810795217170955,95.60000038146973,91.31839996337891,82.4231000137329,0.30422637335316727,2.9599536479953037,-0.05039215087890636
2026-04-28,96.75,98.5199966430664,96.45999908447266,96.45999908447266,96.45999908447266,2022677,PKO.WA,-0.004129687418525152,2.7991875115265534,96.11300048828124,91.46080001831055,82.51290000915527,0.3043125504622801,2.9599536479953037,-0.054313734465954444
2026-04-29,97.41999816894531,98.41999816894531,95.75,96.23999786376953,96.23999786376953,2656862,PKO.WA,-0.0022807508064608406,2.792803262352204,96.65000038146972,91.59759994506835,82.59720001220703,0.30145949130948435,2.9599536479953037,-0.05647060917873026
2026-04-30,96.30000305175781,96.51000213623047,94.2300033569336,94.63999938964844,94.63999938964844,2724662,PKO.WA,-0.01662508842099042,2.7463726611731683,97.03900032043457,91.70639999389648,82.68240001678467,0.3094379809752054,2.9599536479953037,-0.07215686872893701
2026-05-04,95.02999877929688,96.41999816894531,93.56999969482422,94.7699966430664,94.7699966430664,1774878,PKO.WA,0.0013735973611195273,2.7501450714132067,97.30650024414062,91.81099990844727,82.7668500137329,0.2950733991640687,2.9599536479953037,-0.07088238585229012
2026-05-05,95.0,95.47000122070312,93.19999694824219,95.05000305175781,95.05000305175781,2384863,PKO.WA,0.0029545892013269626,2.758270620343287,97.55900039672852,91.8983999633789,82.85120002746582,0.2947973539690177,2.9599536479953037,-0.06813722498276664
2026-05-06,96.16000366210938,98.76000213623047,95.55000305175781,97.08999633789062,97.08999633789062,2720109,PKO.WA,0.02146231689253053,2.8174694984724513,97.86650009155274,92.01219985961914,82.94405002593994,0.3010676798772716,2.9599536479953037,-0.04813729080499385
2026-05-07,97.80000305175781,97.80000305175781,95.6500015258789,96.54000091552734,96.54000091552734,2083208,PKO.WA,-0.005664800114413393,2.801509096935148,97.8935001373291,92.0849998474121,83.03215003967286,0.23046768354798366,2.9599536479953037,-0.05352940278894769
2026-05-08,96.23999786376953,96.41999816894531,94.30999755859375,94.6500015258789,94.6500015258789,1696157,PKO.WA,-0.01957737074502608,2.7466629146988857,97.84550018310547,92.1463998413086,83.102200050354,0.24078305336786332,2.9599536479953037,-0.07205880856981461
2026-05-11,95.20999908447266,96.73999786376953,94.23999786376953,96.13999938964844,96.13999938964844,1531044,PKO.WA,0.015742185311662604,2.789901391290747,97.69000015258788,92.19759979248047,83.17180004119874,0.20365183487488858,2.9599536479953037,-0.05745098637599566
2026-05-12,95.80000305175781,96.08000183105469,94.0,95.0199966430664,95.0199966430664,2450933,PKO.WA,-0.011649706196093734,2.7573998597661364,97.47599983215332,92.22599975585938,83.24420001983643,0.20660379702126214,2.9599536479953037,-0.06843140546013327
2026-05-13,95.98999786376953,96.87000274658203,95.19000244140625,96.83000183105469,96.83000183105469,1641615,PKO.WA,0.019048676614748628,2.8099246779923748,97.25649986267089,92.31339981079101,83.3293500137329,0.206211105273557,2.9599536479953037,-0.05068625655828751
2026-05-14,97.5,100.19999694824219,96.94999694824219,100.0,100.0,2368387,PKO.WA,0.0327377683465937,2.901915341171866,97.22749977111816,92.53219985961914,83.42995002746582,0.23959892244192985,2.9599536479953037,-0.019607843137254943
2026-05-15,98.72000122070312,98.95999908447266,97.16000366210938,97.5,97.5,1731047,PKO.WA,-0.025000000000000022,2.8293674576425696,97.11049995422363,92.7781999206543,83.50605003356934,0.25433793096599244,2.9599536479953037,-0.044117647058823595
2026-05-18,97.33999633789062,98.72000122070312,96.12000274658203,98.41000366210938,98.41000366210938,1650232,PKO.WA,0.00933337089342956,2.8557749935185477,96.93100013732911,92.98160003662109,83.58620006561279,0.24328540859309472,2.9599536479953037,-0.03519604252833941
2026-05-19,98.55000305175781,99.25,96.7300033569336,96.83999633789062,96.83999633789062,1986884,PKO.WA,-0.01595373707747605,2.810214710119522,96.74199981689453,93.14440002441407,83.66860004425048,0.24499785711716987,2.9599536479953037,-0.05058827119715059
2026-05-20,97.38999938964844,100.5999984741211,96.4800033569336,100.04000091552734,100.04000091552734,2626127,PKO.WA,0.03304424513267623,2.9030761338761644,96.73899993896484,93.45320007324219,83.75850006103515,0.2738763053278669,2.9599536479953037,-0.019215677298751288
2026-05-21,99.4000015258789,100.77999877929688,98.6500015258789,99.98999786376953,99.98999786376953,1125968,PKO.WA,-0.0004998305807697445,2.9016250876461505,96.81799964904785,93.75139999389648,83.84455005645752,0.2664675609053331,2.9599536479953037,-0.01970590329637678
2026-05-22,100.5,102.4000015258789,100.41999816894531,101.83999633789062,101.83999633789062,1574899,PKO.WA,0.01850183531998484,2.955310477178116,97.07449951171876,94.03219985961914,83.94185005187988,0.26430290792443534,2.9599536479953037,-0.0015686633540130668
2026-05-25,103.0,104.9800033569336,102.86000061035156,104.9800033569336,104.9800033569336,709957,PKO.WA,0.03083274874269315,3.0464308225775976,97.4944995880127,94.3797999572754,84.06095005035401,0.2818399266595381,3.0464308225775976,0.0
2026-05-26,104.86000061035156,105.12000274658203,104.05999755859375,104.19999694824219,104.19999694824219,1069936,PKO.WA,-0.007430047473320878,3.023795696941658,97.86149940490722,94.7433999633789,84.1983500289917,0.28490247791642664,3.0464308225775976,-0.007430047473320878
2026-05-27,104.95999908447266,105.9000015258789,104.23999786376953,104.5,104.5,1355177,PKO.WA,0.0028791080666425994,3.032501531524602,98.2634994506836,95.10300003051758,84.33845001220703,0.28339382237910843,3.0464308225775976,-0.004572331316294198
2026-05-28,104.4000015258789,104.69999694824219,103.04000091552734,103.19999694824219,103.19999694824219,2398287,PKO.WA,-0.01244022059098382,2.9947765435299396,98.61149940490722,95.4333999633789,84.45744998931885,0.2887017437449772,3.0464308225775976,-0.016955671097088287
2026-05-29,103.69999694824219,105.19999694824219,103.0,103.0,103.0,5240136,PKO.WA,-0.001937954982135226,2.9889728014070243,99.02949943542481,95.73739990234375,84.56494998931885,0.2795822348410948,3.0464308225775976,-0.01886076675194548
2026-06-01,103.87999725341797,103.95999908447266,100.0,100.0,100.0,2061549,PKO.WA,-0.029126213592232997,2.9019153411718683,99.29099960327149,95.9681999206543,84.64735000610352,0.3038517656930881,3.0464308225775976,-0.04743763762324793
2026-06-02,100.45999908447266,101.5,98.30999755859375,99.5,99.5,2636309,PKO.WA,-0.0050000000000000044,2.887405764466009,99.5134994506836,96.21939987182617,84.73045001983643,0.3051291673624732,3.0464308225775976,-0.05220044943513169
2026-06-03,99.5,100.4000015258789,99.30000305175781,100.37999725341797,100.37999725341797,2054833,PKO.WA,0.00884419350168808,2.912942539764836,99.67799949645996,96.52299987792969,84.81545001983642,0.2979116430469296,3.0464308225775976,-0.043817926809123
2026-06-05,100.0,100.68000030517578,98.29000091552734,98.29000091552734,98.29000091552734,3086308,PKO.WA,-0.020820844740752964,2.852292615405658,99.76549949645997,96.73959991455078,84.88120002746582,0.3076694605966436,3.0464308225775976,-0.06372644529892146
